<nex:nexml xmlns="http://www.nexml.org/2009" xsi:schemaLocation="http://www.nexml.org/2009 http://www.nexml.org/2009/nexml.xsd" xmlns:nex="http://www.nexml.org/2009" xmlns:xml="http://www.w3.org/XML/1998/namespace" xmlns:dc="http://purl.org/dc/elements/1.1/" xmlns:xsi="http://www.w3.org/2001/XMLSchema-instance" xmlns:xsd="http://www.w3.org/2001/XMLSchema#">
	<otus id="otus1" label="TaxaBlock">
		<otu id="otu1" label="GV"/>
		<otu id="otu2" label="CT"/>
		<otu id="otu3" label="T"/>
		<otu id="otu4" label="H"/>
		<otu id="otu5" label="P"/>
		<otu id="otu6" label="M"/>
		<otu id="otu7" label="G2"/>
		<otu id="otu8" label="G1"/>
		<otu id="otu9" label="L"/>
		<otu id="otu10" label="O"/>
		<otu id="otu11" label="A"/>
		<otu id="otu12" label="V"/>
		<otu id="otu13" label="K"/>
		<otu id="otu14" label="D"/>
	</otus>
	
	<trees otus="otus1" id="trees1" label="TreesBlock">
		<tree id="tree2" label="tree2" xsi:type="nex:FloatTree">
			<node id="n1" label="GV" otu="GV"/>
			<node id="n2" label="CT" otu="CT"/>
			<node id="n3" label="T" otu="T"/>
			<node id="n4" label="H" otu="H"/>
			<node id="n5" label="P" otu="P"/>
			<node id="n6" label="M" otu="M"/>
			<node id="n7" label="G2" otu="G2"/>
			<node id="n8" label="G1" otu="G1"/>
			<node id="n9" label="L" otu="L"/>
			<node id="n10" label="O" otu="O"/>
			<node id="n11" label="A" otu="A"/>
			<node id="n12" label="V" otu="V"/>
			<node id="n13" label="K" otu="K"/>
			<node id="n14" label="D" otu="D"/>
			<node id="n15" label="n15"/>
			<node id="n16" label="n16"/>
			<node id="n17" label="n17"/>
			<node id="n18" label="n18"/>
			<node id="n19" label="n19"/>
			<node id="n20" label="n20"/>
			<node id="n21" label="n21"/>
			<node id="n22" label="n22"/>
			<node id="n23" label="n23"/>
			<node id="n24" label="n24"/>
			<node id="n25" label="n25"/>
			<node id="n26" label="n26"/>
			<node id="n27" label="n27" root="true"/>
			<edge source="n15" target="n7" id="e1" length="0.0"/>
			<edge source="n15" target="n8" id="e2" length="0.013975512460786182"/>
			<edge source="n16" target="n1" id="e3" length="0.0"/>
			<edge source="n16" target="n5" id="e4" length="0.019413412311087633"/>
			<edge source="n17" target="n16" id="e5" length="0.03337323178598971"/>
			<edge source="n17" target="n6" id="e6" length="0.014995470844464676"/>
			<edge source="n18" target="n12" id="e7" length="0.009121352625321287"/>
			<edge source="n18" target="n13" id="e8" length="0.003353894899431213"/>
			<edge source="n19" target="n2" id="e9" length="0.027796699034850103"/>
			<edge source="n19" target="n3" id="e10" length="0.03082399062032229"/>
			<edge source="n20" target="n19" id="e11" length="0.012640998443867277"/>
			<edge source="n20" target="n4" id="e12" length="0.03956800257449951"/>
			<edge source="n21" target="n17" id="e13" length="0.04932337355491396"/>
			<edge source="n21" target="n20" id="e14" length="0.010662034800321088"/>
			<edge source="n22" target="n15" id="e15" length="0.14924890383861236"/>
			<edge source="n22" target="n9" id="e16" length="0.02617196717415264"/>
			<edge source="n23" target="n22" id="e17" length="0.005104515462003224"/>
			<edge source="n23" target="n10" id="e18" length="0.02468299462237259"/>
			<edge source="n24" target="n23" id="e20" length="0.011795431829686277"/>
			<edge source="n24" target="n25" id="e21" length="0.008073107114443649"/>
			<edge source="n25" target="n14" id="e22" length="0.006196776757114435"/>
			<edge source="n25" target="n26" id="e23" length="0.001188972591434058"/>
			<edge source="n26" target="n18" id="e24" length="0.03773309097693306"/>
			<edge source="n26" target="n11" id="e25" length="0.029944956460453004"/>
			<edge source="n27" target="n24" id="e26" length="0.00899927424997501"/>
			<edge source="n27" target="n21" id="e27" length="0.006749455687481263"/>
		</tree>
	</trees>
</nex:nexml>
