<?xml version="1.0" ?>
<nex:nexml generator="SplitsTree5" version="0.9" xmlns:nex="http://www.nexml.org/2009" xmlns="http://www.nexml.org/2009" xmlns:xsi="http://www.w3.org/2001/XMLSchema-instance" xmlns:sp5="https://github.com/danielhuson/splitstree5">

	<otus id="otus1" label="TaxaBlock">
		<otu id="otu1" label="GV"/>
		<otu id="otu2" label="CT"/>
		<otu id="otu3" label="T"/>
		<otu id="otu4" label="H"/>
		<otu id="otu5" label="P"/>
		<otu id="otu6" label="M"/>
		<otu id="otu7" label="G2"/>
		<otu id="otu8" label="G1"/>
		<otu id="otu9" label="L"/>
		<otu id="otu10" label="O"/>
		<otu id="otu11" label="A"/>
		<otu id="otu12" label="V"/>
		<otu id="otu13" label="K"/>
		<otu id="otu14" label="D"/>
	</otus>
	
	<trees otus="otus1" id="trees1" label="TreesBlock">
		<tree id="tree1" label="tree1" xsi:type="nex:FloatTree">
			<node id="n1" label="GV" otu="otu1"/>
			<node id="n2" label="CT" otu="otu2"/>
			<node id="n3" label="T" otu="otu3"/>
			<node id="n4" label="H" otu="otu4"/>
			<node id="n5" label="P" otu="otu5"/>
			<node id="n6" label="M" otu="otu6"/>
			<node id="n7" label="G2" otu="otu7"/>
			<node id="n8" label="G1" otu="otu8"/>
			<node id="n9" label="L" otu="otu9"/>
			<node id="n10" label="O" otu="otu10"/>
			<node id="n11" label="A" otu="otu11"/>
			<node id="n12" label="V" otu="otu12"/>
			<node id="n13" label="K" otu="otu13"/>
			<node id="n14" label="D" otu="otu14"/>
			<node id="n15"/>
			<node id="n16"/>
			<node id="n17"/>
			<node id="n18"/>
			<node id="n19"/>
			<node id="n20"/>
			<node id="n21"/>
			<node id="n22"/>
			<node id="n23"/>
			<node id="n24"/>
			<node id="n25"/>
			<node id="n26"/>
			<node id="n27" root="true"/>
			<edge source="n15" target="n7" id="e1" length="-0.005418052896857262"/>
			<edge source="n15" target="n8" id="e2" length="0.013975510373711586"/>
			<edge source="n16" target="n1" id="e3" length="-0.001854141242802143"/>
			<edge source="n16" target="n5" id="e4" length="0.019413404166698456"/>
			<edge source="n17" target="n16" id="e5" length="0.03337322548031807"/>
			<edge source="n17" target="n6" id="e6" length="0.014995478093624115"/>
			<edge source="n18" target="n12" id="e7" length="0.009121359325945377"/>
			<edge source="n18" target="n13" id="e8" length="0.0033538881689310074"/>
			<edge source="n19" target="n2" id="e9" length="0.027796711772680283"/>
			<edge source="n19" target="n3" id="e10" length="0.030823979526758194"/>
			<edge source="n20" target="n19" id="e11" length="0.01264100056141615"/>
			<edge source="n20" target="n4" id="e12" length="0.03956800326704979"/>
			<edge source="n21" target="n17" id="e13" length="0.04932337999343872"/>
			<edge source="n22" target="n15" id="e14" length="0.1492488980293274"/>
			<edge source="n22" target="n9" id="e15" length="0.026171967387199402"/>
			<edge source="n23" target="n22" id="e16" length="0.005104511976242065"/>
			<edge source="n23" target="n10" id="e17" length="0.024682998657226562"/>
			<edge source="n21" target="n24" id="e18" length="0.015748729929327965"/>
			<edge source="n24" target="n23" id="e19" length="0.01179543323814869"/>
			<edge source="n24" target="n25" id="e20" length="0.008073142729699612"/>
			<edge source="n25" target="n14" id="e21" length="0.006196736358106136"/>
			<edge source="n25" target="n26" id="e22" length="0.0011890009045600891"/>
			<edge source="n26" target="n18" id="e23" length="0.037733063101768494"/>
			<edge source="n26" target="n11" id="e24" length="0.02994496002793312"/>
			<edge source="n27" target="n21" id="e25" length="0.008377306695495329"/>
			<edge source="n27" target="n20" id="e26" length="0.0022847200078623675"/>
		</tree>
	</trees>
</nex:nexml>