<?xml version="1.0" encoding="UTF-8"?>
<teiCorpus xmlns="http://www.tei-c.org/ns/1.0">

<TEI n="GV">
<text>
<w n="0"></w><w n="1"></w><w n="2"></w><w n="3"></w><w n="4"></w><w n="5"></w><w n="6"></w><w n="7"></w><w n="8"></w><w n="9"></w><w n="10"></w><w n="11"></w><w n="12"></w><w n="13"></w><w n="14"></w><w n="15"></w><w n="16"></w><w n="17"></w><w n="18"></w><w n="19"></w><w n="20"></w><w n="21"></w><w n="22"></w><w n="23"></w><w n="24"></w><w n="25"></w><w n="26"></w><w n="27"></w><w n="28"></w><w n="29"></w><w n="30"></w><w n="31"></w><w n="32"></w><w n="33"></w><w n="34"></w><w n="35"></w><w n="36"></w><w n="37"></w><w n="38"></w><w n="39"></w><w n="40"></w><w n="41"></w><w n="42"></w><w n="43"></w><w n="44"></w><w n="45"></w><w n="46"></w><w n="47"></w><w n="48"></w><w n="49"></w><w n="50"></w><w n="51"></w><w n="52"></w><w n="53"></w><w n="54"></w><w n="55"></w><w n="56"></w><w n="57"></w><w n="58"></w><w n="59"></w><w n="60"></w><w n="61"></w><w n="62"></w><w n="63"></w><w n="64"></w><w n="65"></w><w n="66"></w><w n="67"></w><w n="68"></w><w n="69"></w><w n="70"></w><w n="71"></w><w n="72"></w><w n="73"></w><w n="74"></w><w n="75"></w><w n="76"></w><w n="77"></w><w n="78"></w><w n="79"></w><w n="80"></w><w n="81"></w><w n="82"></w><w n="83"></w><w n="84"></w><w n="85"></w><w n="86"></w><w n="87"></w><w n="88"></w><w n="89"></w><w n="90"></w><w n="91"></w><w n="92"></w><w n="93"></w><w n="94"></w><w n="95"></w><w n="96"></w><w n="97"></w><w n="98"></w><w n="99"></w><w n="100"></w><w n="101"></w><w n="102"></w><w n="103"></w><w n="104"></w><w n="105"></w><w n="106"></w><w n="107"></w><w n="108"></w><w n="109"></w><w n="110"></w><w n="111"></w><w n="112"></w><w n="113"></w><w n="114"></w><w n="115"></w><w n="116"></w><w n="117"></w><w n="118"></w><w n="119"></w><w n="120"></w><w n="121"></w><w n="122"></w><w n="123"></w><w n="124"></w><w n="125"></w><w n="126"></w><w n="127"></w><w n="128"></w><w n="129"></w><w n="130"></w><w n="131"></w><w n="132"></w><w n="133"></w><w n="134"></w><w n="135"></w><w n="136"></w><w n="137"></w><w n="138"></w><w n="139"></w><w n="140"></w><w n="141"></w><w n="142"></w><w n="143"></w><w n="144"></w><w n="145"></w><w n="146"></w><w n="147"></w><w n="148"></w><w n="149"></w><w n="150"></w><w n="151"></w><w n="152"></w><w n="153"></w><w n="154"></w><w n="155"></w><w n="156"></w><w n="157"></w><w n="158"></w><w n="159"></w><w n="160"></w><w n="161"></w><w n="162"></w><w n="163"></w><w n="164"></w><w n="165"></w><w n="166"></w><w n="167"></w><w n="168"></w><w n="169"></w><w n="170"></w><w n="171"></w><w n="172"></w><w n="173"></w><w n="174"></w><w n="175"></w><w n="176"></w><w n="177"></w><w n="178"></w><w n="179"></w><w n="180"></w><w n="181"></w><w n="182"></w><w n="183"></w><w n="184"></w><w n="185"></w><w n="186"></w><w n="187"></w><w n="188"></w><w n="189"></w><w n="190"></w><w n="191"></w><w n="192"></w><w n="193"></w><w n="194"></w><w n="195"></w><w n="196"></w><w n="197"></w><w n="198"></w><w n="199"></w><w n="200"></w><w n="201"></w><w n="202"></w><w n="203"></w><w n="204"></w><w n="205"></w><w n="206"></w><w n="207"></w><w n="208"></w><w n="209"></w><w n="210"></w><w n="211"></w><w n="212"></w><w n="213"></w><w n="214"></w><w n="215"></w><w n="216"></w><w n="217"></w><w n="218"></w><w n="219"></w><w n="220"></w><w n="221"></w><w n="222"></w><w n="223"></w><w n="224"></w><w n="225"></w><w n="226"></w><w n="227"></w><w n="228"></w><w n="229"></w><w n="230"></w><w n="231"></w><w n="232"></w><w n="233"></w><w n="234"></w><w n="235"></w><w n="236"></w><w n="237"></w><w n="238"></w><w n="239"></w><w n="240"></w><w n="241"></w><w n="242"></w><w n="243"></w><w n="244"></w><w n="245"></w><w n="246"></w><w n="247"></w><w n="248"></w><w n="249"></w><w n="250"></w><w n="251"></w><w n="252"></w><w n="253"></w><w n="254"></w><w n="255"></w><w n="256"></w><w n="257"></w><w n="258"></w><w n="259"></w><w n="260"></w><w n="261"></w><w n="262"></w>
</text></TEI>
<TEI n="CT">
<text>
<w n="0">na</w><w n="1" lemma="nu">nu </w><w n="2">kā</w><w n="3" lemma="ko">ko </w><w n="4">ti</w><w n="5">vi</w><w n="6" lemma="la">la </w><w n="7"></w><w n="8"></w><w n="9"></w><w n="10"></w><w n="11"></w><w n="12"></w><w n="13"></w><w n="14"></w><w n="15"></w><w n="16"></w><w n="17"></w><w n="18"></w><w n="19"></w><w n="20"></w><w n="21">bhū</w><w n="22" lemma="tgṛ">t | gṛ</w><w n="23">ha</w><w n="24">śa</w><w n="25">bdā</w><w n="26">bhi</w><w n="27">dhe</w><w n="28" lemma="yaḥ">yo </w><w n="29">gha</w><w n="30">ṭā</w><w n="31">da</w><w n="32" lemma="yaḥ">yas </w><w n="33">tā</w><w n="34">kā</w><w n="35" lemma="rāḥ">rāḥ </w><w n="36" lemma="pṛ">pṛ-</w><w n="37">tha</w><w n="38">ga</w><w n="39">nu</w><w n="40">pa</w><w n="41">la</w><w n="42"></w><w n="43">bhya</w><w n="44">mā</w><w n="45">na</w><w n="46">ta</w><w n="47" lemma="tvāḥ">tvāḥ </w><w n="48">ka</w><w n="49" lemma="thaṃ">tham </w><w n="50">i</w><w n="51" lemma="va">va </w><w n="52">ta</w><w n="53" lemma="cha">ccha-</w><w n="54" lemma="bdaiḥ">bdair </w><w n="55">nā</w><w n="56">bhi</w><w n="57">dhī</w><w n="58">ye</w><w n="59">ra</w><w n="60" lemma="na">n&#183; a</w><w n="61" lemma="nyo">nyo '</w><w n="62" lemma="pyu">py u</w><w n="63">pā</w><w n="64" lemma="dhiḥ">dhir </w><w n="65">u</w><w n="66">pa</w><w n="67" lemma="la">la-</w><w n="68">kṣa</w><w n="69">ṇa</w><w n="70">bhū</w><w n="71" lemma="taḥ">taḥ </w><w n="72">sā</w><w n="73">mā</w><w n="74"></w><w n="75">nā</w><w n="76"></w><w n="77"></w><w n="78"></w><w n="79"></w><w n="80"></w><w n="81"></w><w n="82"></w><w n="83"></w><w n="84"></w><w n="85"></w><w n="86">dhi</w><w n="87"></w><w n="88">ka</w><w n="89">ra</w><w n="90">ṇye</w><w n="91">nā</w><w n="92">va</w><w n="93" lemma="che">cche</w><w n="94">da</w><w n="95" lemma="kaḥ">kaḥ | </w><w n="96">ta</w><w n="97" lemma="tya">d ya</w><w n="98" lemma="thā">thā </w><w n="99">dṛ</w><w n="100">ti</w><w n="101">ha</w><w n="102" lemma="riḥ">riḥ </w><w n="103">pa</w><w n="104" lemma="śuḥ">śur </w><w n="105">i</w><w n="106" lemma="tya">ty a</w><w n="107" lemma="tra">tra </w><w n="108">pa</w><w n="109" lemma="śuḥ">śuḥ </w><w n="110">a</w><w n="111" lemma="nya">nya- </w><w n="112"></w><w n="113"></w><w n="114"></w><w n="115"></w><w n="116"></w><w n="117"></w><w n="118"></w><w n="119"></w><w n="120"></w><w n="121"></w><w n="122"></w><w n="123"></w><w n="124"></w><w n="125"></w><w n="126"></w><w n="127"></w><w n="128">ja</w><w n="129"></w><w n="130" lemma="kaṃ">kam&#183; </w><w n="131">ta</w><w n="132" lemma="tya">d ya</w><w n="133" lemma="thā">thā </w><w n="134">vā</w><w n="135">ne</w><w n="136" lemma="yaṃ">yam </w><w n="137">u</w><w n="138">da</w><w n="139" lemma="kaṃ">kam </w><w n="140">i</w><w n="141" lemma="ti">ti </w><w n="142">va</w><w n="143">na</w><w n="144" lemma="saṃ">sam</w><w n="145" lemma="baṃ">ban</w><w n="146">dho</w><w n="147">pa</w><w n="148"></w><w n="149">dhī</w><w n="150">ya</w><w n="151">mā</w><w n="152">na</w><w n="153">rū</w><w n="154">pa</w><w n="155">vi</w><w n="156" lemma="śe">śe-</w><w n="157" lemma="ṣaṃ">ṣam </w><w n="158">u</w><w n="159">da</w><w n="160" lemma="kaṃ">kam </w><w n="161">a</w><w n="162">bhi</w><w n="163">dhī</w><w n="164">ya</w><w n="165" lemma="ta">ta </w><w n="166">i</w><w n="167" lemma="ti">ti </w><w n="168">va</w><w n="169"></w><w n="170">na</w><w n="171"></w><w n="172"></w><w n="173"></w><w n="174" lemma="saṃ">sam</w><w n="175" lemma="baṃ">ban</w><w n="176" lemma="dho">dho '</w><w n="177" lemma="pi">pi </w><w n="178">vi</w><w n="179">śe</w><w n="180">ṣa</w><w n="181" lemma="ṇaṃ">ṇam </w><w n="182">u</w><w n="183">pa</w><w n="184" lemma="raṃ">rañ</w><w n="185">ja</w><w n="186">ka</w><w n="187">ta</w><w n="188" lemma="yā">yā'</w><w n="189">bhi</w><w n="190">dhe</w><w n="191">ya</w><w n="192" lemma="kaṃ">kam </w><w n="193"></w><w n="194">ā</w><w n="195"></w><w n="196" lemma="pa">pa-</w><w n="197">dya</w><w n="198" lemma="ta">ta </w><w n="199">e</w><w n="200" lemma="va">va | </w><w n="201">ta</w><w n="202" lemma="thā">thā </w><w n="203">co</w><w n="204" lemma="ktaṃ">ktam&#8212; </w><w n="205">a</w><w n="206">rtha</w><w n="207"></w><w n="208"></w><w n="209">vi</w><w n="210">śe</w><w n="211" lemma="ṣa">ṣa </w><w n="212">u</w><w n="213" lemma="pā">pā-</w><w n="214" lemma="dhiḥ">dhis </w><w n="215">ta</w><w n="216" lemma="daṃ">dan</w><w n="217">ta</w><w n="218">vā</w><w n="219" lemma="cyaḥ">cyaḥ </w><w n="220">sa</w><w n="221">mā</w><w n="222">na</w><w n="223">śa</w><w n="224" lemma="bdaḥ">bdo </w><w n="225" lemma="yaḥ">yaḥ </w><w n="226">a</w><w n="227" lemma="nu">nu </w><w n="228"></w><w n="229"></w><w n="230"></w><w n="231"></w><w n="232"></w><w n="233"></w><w n="234"></w><w n="235"></w><w n="236"></w><w n="237"></w><w n="238"></w><w n="239"></w><w n="240"></w><w n="241"></w><w n="242"></w><w n="243"></w><w n="244" lemma="ti">d i</w><w n="245" lemma="tyā">ty ā</w><w n="246"></w><w n="247" lemma="śaṃ">śaṅ</w><w n="248" lemma="kya">kya </w><w n="249">sa</w><w n="250">dṛ</w><w n="251">śa</w><w n="252">ta</w><w n="253" lemma="raṃ">ram </w><w n="254"></w><w n="255">a</w><w n="256" lemma="tra">tra </w><w n="257">ni</w><w n="258">da</w><w n="259">rśa</w><w n="260" lemma="naṃ">nam </w><w n="261">ā</w><w n="262" lemma="ha">ha&#8212; </w>
</text></TEI>
<TEI n="T">
<text>
<w n="0">na</w><w n="1" lemma="nu">nu </w><w n="2">kā</w><w n="3" lemma="ko">ko </w><w n="4">ti</w><w n="5">vi</w><w n="6">la</w><w n="7">kṣa</w><w n="8">ṇā</w><w n="9" lemma="tgṛ">t_ gṛ</w><w n="10">hā</w><w n="11"></w><w n="12" lemma="tbhe">t_ bhe</w><w n="13">de</w><w n="14">nā</w><w n="15">va</w><w n="16">dhā</w><w n="17" lemma="rya">ryya</w><w n="18">mā</w><w n="19" lemma="ṇaḥ">ṇo </w><w n="20" lemma="mā">mā </w><w n="21">bhū</w><w n="22" lemma="tgṛ">t_ gṛ</w><w n="23">ha</w><w n="24">śa</w><w n="25">bdā</w><w n="26">bhi</w><w n="27">dhe</w><w n="28" lemma="yaḥ">yo </w><w n="29">gha</w><w n="30">ṭā</w><w n="31">da</w><w n="32" lemma="yaḥ">yas </w><w n="33" lemma="tvā">tv ā</w><w n="34">kā</w><w n="35" lemma="rāḥ">rāḥ </w><w n="36">pṛ</w><w n="37">tha</w><w n="38">ga</w><w n="39">nu</w><w n="40">pa</w><w n="41">la</w><w n="42"></w><w n="43">bhya</w><w n="44">mā</w><w n="45">na</w><w n="46">ta</w><w n="47" lemma="tvāḥ">tvāḥ </w><w n="48">ka</w><w n="49" lemma="thaṃ">tham </w><w n="50">i</w><w n="51" lemma="va">va </w><w n="52">ta</w><w n="53" lemma="cha">cśa</w><w n="54" lemma="bdaiḥ">bdair </w><w n="55" lemma="nā">nnā</w><w n="56">bhi</w><w n="57">dhī</w><w n="58">ye</w><w n="59">ra</w><w n="60" lemma="na">n_ a</w><w n="61" lemma="nyaḥ">nyo </w><w n="62" lemma="hyu">hy u</w><w n="63">pā</w><w n="64" lemma="dhiḥ">dhir </w><w n="65">u</w><w n="66">pa</w><w n="67">la</w><w n="68">kṣa</w><w n="69">ṇa</w><w n="70">bhū</w><w n="71" lemma="taḥ">taḥ </w><w n="72">sā</w><w n="73">mā</w><w n="74"></w><w n="75">nā</w><w n="76"></w><w n="77"></w><w n="78"></w><w n="79"></w><w n="80"></w><w n="81"></w><w n="82"></w><w n="83"></w><w n="84"></w><w n="85"></w><w n="86">dhi</w><w n="87"></w><w n="88">ka</w><w n="89">ra</w><w n="90">ṇye</w><w n="91">nā</w><w n="92">va</w><w n="93" lemma="che">cśe</w><w n="94">da</w><w n="95" lemma="kaḥ">kaḥ </w><w n="96">ta</w><w n="97" lemma="tya">d ya</w><w n="98" lemma="thā">thā </w><w n="99">dṛ</w><w n="100">ti</w><w n="101">ha</w><w n="102" lemma="riḥ">riḥ </w><w n="103">pa</w><w n="104" lemma="śuḥ">śur </w><w n="105">i</w><w n="106" lemma="tya">ty a</w><w n="107" lemma="tra">tra </w><w n="108">pa</w><w n="109" lemma="śuḥ">śuḥ </w><w n="110">a</w><w n="111">nya</w><w n="112" lemma="ttu">t tu </w><w n="113">vi</w><w n="114">śe</w><w n="115">ṣa</w><w n="116" lemma="ṇaṃ">ṇam </w><w n="117">a</w><w n="118">pṛ</w><w n="119">tha</w><w n="120"></w><w n="121" lemma="khśa">k_cha</w><w n="122">bda</w><w n="123">vā</w><w n="124" lemma="cyaṃ">cyam </w><w n="125">u</w><w n="126">pa</w><w n="127" lemma="raṃ">rañ</w><w n="128">ja</w><w n="129"></w><w n="130" lemma="kaṃ">kaṃ </w><w n="131">ta</w><w n="132"></w><w n="133" lemma="thā">thā </w><w n="134">vā</w><w n="135">ne</w><w n="136" lemma="yaṃ">yam </w><w n="137">u</w><w n="138">da</w><w n="139" lemma="kaṃ">kam </w><w n="140">i</w><w n="141" lemma="ti">ti </w><w n="142">va</w><w n="143">na</w><w n="144">saṃ</w><w n="145" lemma="baṃ">ban</w><w n="146">dho</w><w n="147">pa</w><w n="148"></w><w n="149">dhī</w><w n="150">ya</w><w n="151">mā</w><w n="152">na</w><w n="153">rū</w><w n="154">pa</w><w n="155">vi</w><w n="156">śe</w><w n="157" lemma="ṣaṃ">ṣam </w><w n="158">u</w><w n="159">da</w><w n="160" lemma="kaṃ">kam </w><w n="161">a</w><w n="162">bhi</w><w n="163">dhī</w><w n="164">ya</w><w n="165" lemma="ta">ta </w><w n="166">i</w><w n="167" lemma="ti">ti </w><w n="168">va</w><w n="169"></w><w n="170">na</w><w n="171"></w><w n="172"></w><w n="173"></w><w n="174">saṃ</w><w n="175" lemma="baṃ">ban</w><w n="176" lemma="dho">dho </w><w n="177" lemma="pi">pi </w><w n="178">vi</w><w n="179">śe</w><w n="180">ṣa</w><w n="181" lemma="ṇaṃ">ṇam </w><w n="182">u</w><w n="183">pa</w><w n="184" lemma="raṃ">rañ</w><w n="185">ja</w><w n="186">ka</w><w n="187">ta</w><w n="188">yā</w><w n="189">bhi</w><w n="190">dhe</w><w n="191">ya</w><w n="192" lemma="kaṃ">kam </w><w n="193"></w><w n="194">ā</w><w n="195"></w><w n="196">pa</w><w n="197">dya</w><w n="198" lemma="ta">ta </w><w n="199">e</w><w n="200" lemma="va">va </w><w n="201">ta</w><w n="202" lemma="thā">thā </w><w n="203">co</w><w n="204" lemma="ktaṃ">ktaṃ </w><w n="205">a</w><w n="206" lemma="rtha">rttha</w><w n="207"></w><w n="208"></w><w n="209">vi</w><w n="210">śe</w><w n="211" lemma="ṣa">ṣa </w><w n="212">u</w><w n="213">pā</w><w n="214" lemma="dhiḥ">dhis </w><w n="215">ta</w><w n="216" lemma="daṃ">dan</w><w n="217">ta</w><w n="218">vā</w><w n="219" lemma="cyaḥ">cyas </w><w n="220">sa</w><w n="221">mā</w><w n="222">na</w><w n="223">śa</w><w n="224" lemma="bdaḥ">bdo </w><w n="225" lemma="yaḥ">yaḥ </w><w n="226">a</w><w n="227">nu</w><w n="228">pā</w><w n="229" lemma="dhiḥ">dhir </w><w n="230">a</w><w n="231"></w><w n="232" lemma="taḥ">to </w><w n="233">nya</w><w n="234" lemma="tsyā">t syā</w><w n="235" lemma="chā">c śā</w><w n="236">ghā</w><w n="237">di</w><w n="238">vi</w><w n="239">śe</w><w n="240">ṣa</w><w n="241" lemma="ṇaṃ">ṇaṃ </w><w n="242">ya</w><w n="243">dva</w><w n="244" lemma="ti">d i</w><w n="245" lemma="tyā">ty ā</w><w n="246"></w><w n="247">śaṃ</w><w n="248" lemma="kya">kya </w><w n="249">sa</w><w n="250">dṛ</w><w n="251">śa</w><w n="252">ta</w><w n="253" lemma="raṃ">ram </w><w n="254"></w><w n="255">a</w><w n="256" lemma="tra">tra </w><w n="257">ni</w><w n="258">da</w><w n="259">rśa</w><w n="260" lemma="naṃ">nam </w><w n="261">ā</w><w n="262" lemma="ha">ha | </w>
</text></TEI>
<TEI n="H">
<text>
<w n="0">na</w><w n="1" lemma="nu">nu </w><w n="2">kā</w><w n="3" lemma="ko">ko </w><w n="4">ti</w><w n="5">vi</w><w n="6">la</w><w n="7">kṣa</w><w n="8" lemma="ṇaḥ">ṇo </w><w n="9">gṛ</w><w n="10">hā</w><w n="11"></w><w n="12" lemma="tbhe">d bhe</w><w n="13">de</w><w n="14">nā</w><w n="15">va</w><w n="16">dhā</w><w n="17">rya</w><w n="18">mā</w><w n="19" lemma="ṇaḥ">ṇo </w><w n="20" lemma="mā">mā </w><w n="21">bhū</w><w n="22"></w><w n="23"></w><w n="24"></w><w n="25"></w><w n="26"></w><w n="27"></w><w n="28"></w><w n="29"></w><w n="30"></w><w n="31"></w><w n="32"></w><w n="33"></w><w n="34"></w><w n="35"></w><w n="36"></w><w n="37"></w><w n="38"></w><w n="39"></w><w n="40"></w><w n="41"></w><w n="42"></w><w n="43"></w><w n="44"></w><w n="45"></w><w n="46" lemma="ta">ta </w><w n="47"></w><w n="48"></w><w n="49"></w><w n="50"></w><w n="51"></w><w n="52"></w><w n="53"></w><w n="54"></w><w n="55"></w><w n="56"></w><w n="57"></w><w n="58"></w><w n="59"></w><w n="60"></w><w n="61"></w><w n="62"></w><w n="63"></w><w n="64"></w><w n="65"></w><w n="66"></w><w n="67"></w><w n="68"></w><w n="69"></w><w n="70"></w><w n="71"></w><w n="72">sā</w><w n="73">mā</w><w n="74"></w><w n="75">nā</w><w n="76"></w><w n="77"></w><w n="78"></w><w n="79"></w><w n="80"></w><w n="81"></w><w n="82"></w><w n="83"></w><w n="84"></w><w n="85"></w><w n="86">dhi</w><w n="87"></w><w n="88">ka</w><w n="89">ra</w><w n="90">ṇye</w><w n="91">nā</w><w n="92">va</w><w n="93">che</w><w n="94">da</w><w n="95" lemma="kaḥ">ka|s </w><w n="96">ta</w><w n="97" lemma="tya">d ya</w><w n="98" lemma="thā">thā </w><w n="99">i</w><w n="100" lemma="ti">ti </w><w n="101">ha</w><w n="102" lemma="riḥ">riḥ </w><w n="103">pa</w><w n="104" lemma="śuḥ">śur </w><w n="105">i</w><w n="106" lemma="tya">ty a</w><w n="107" lemma="tra">tra </w><w n="108">pa</w><w n="109" lemma="śuḥ">śur </w><w n="110">a</w><w n="111">nya</w><w n="112" lemma="traṃ">traṃ </w><w n="113">vi</w><w n="114">śe</w><w n="115">ṣa</w><w n="116" lemma="ṇaṃ">ṇam </w><w n="117">a</w><w n="118">pṛ</w><w n="119">tha</w><w n="120"></w><w n="121" lemma="khśa">k_ccha</w><w n="122">bda</w><w n="123">vā</w><w n="124" lemma="cyaṃ">cyam </w><w n="125">u</w><w n="126">pa</w><w n="127">raṃ</w><w n="128">ja</w><w n="129"></w><w n="130" lemma="kaṃ">kaṃ </w><w n="131">ta</w><w n="132" lemma="tya">d ya</w><w n="133" lemma="thā">thā </w><w n="134">vā</w><w n="135">ne</w><w n="136" lemma="yaṃ">yam </w><w n="137">u</w><w n="138">da</w><w n="139" lemma="kaṃ">kam </w><w n="140">i</w><w n="141" lemma="ti">ti </w><w n="142">va</w><w n="143">na</w><w n="144">saṃ</w><w n="145">baṃ</w><w n="146">dho</w><w n="147">pā</w><w n="148"></w><w n="149">dhī</w><w n="150">ya</w><w n="151">mā</w><w n="152">na</w><w n="153">rū</w><w n="154">pa</w><w n="155">vi</w><w n="156">śe</w><w n="157" lemma="ṣaṃ">ṣam </w><w n="158">u</w><w n="159">da</w><w n="160" lemma="kaṃ">kaṃm </w><w n="161">a</w><w n="162">bhi</w><w n="163">dhī</w><w n="164">ya</w><w n="165" lemma="ta">ta </w><w n="166">i</w><w n="167" lemma="ti">ti </w><w n="168">va</w><w n="169"></w><w n="170">na</w><w n="171"></w><w n="172"></w><w n="173"></w><w n="174">saṃ</w><w n="175">baṃ</w><w n="176" lemma="dhaḥ">dho </w><w n="177"></w><w n="178">vi</w><w n="179">śe</w><w n="180">ṣa</w><w n="181" lemma="ṇaṃ">ṇam </w><w n="182">u</w><w n="183">pa</w><w n="184">raṃ</w><w n="185">ja</w><w n="186">ka</w><w n="187">ta</w><w n="188">yā</w><w n="189">bhi</w><w n="190">dhe</w><w n="191">ya</w><w n="192" lemma="kaṃ">kam </w><w n="193"></w><w n="194">ā</w><w n="195"></w><w n="196">pa</w><w n="197">dya</w><w n="198" lemma="ta">ta </w><w n="199">e</w><w n="200" lemma="va">va | </w><w n="201">ta</w><w n="202" lemma="thā">thā </w><w n="203">co</w><w n="204" lemma="ktaṃ">ktaṃ | </w><w n="205">a</w><w n="206">rtha</w><w n="207"></w><w n="208"></w><w n="209">vi</w><w n="210">śe</w><w n="211" lemma="ṣa">ṣa </w><w n="212">u</w><w n="213">pā</w><w n="214" lemma="dhiḥ">dhis </w><w n="215">ta</w><w n="216">daṃ</w><w n="217">ta</w><w n="218">vā</w><w n="219" lemma="cyaḥ">cyaḥ </w><w n="220">sa</w><w n="221">mā</w><w n="222">na</w><w n="223">śa</w><w n="224" lemma="bdaḥ">bdo </w><w n="225" lemma="yaṃ">yam </w><w n="226">a</w><w n="227">nu</w><w n="228">pā</w><w n="229" lemma="dhiḥ">dhir </w><w n="230">a</w><w n="231">hi</w><w n="232" lemma="taḥ">to </w><w n="233">nya</w><w n="234">syā</w><w n="235">chlā</w><w n="236">ghā</w><w n="237">di</w><w n="238">vi</w><w n="239">śe</w><w n="240">ṣa</w><w n="241" lemma="ṇaṃ">ṇaṃ </w><w n="242">ya</w><w n="243">dva</w><w n="244" lemma="ti">d i</w><w n="245" lemma="tyā">ty ā</w><w n="246"></w><w n="247">śaṃ</w><w n="248" lemma="kya">kya </w><w n="249">sa</w><w n="250">dṛ</w><w n="251">śa</w><w n="252">ta</w><w n="253" lemma="raṃ">ram </w><w n="254"></w><w n="255">a</w><w n="256" lemma="tra">tra </w><w n="257">ni</w><w n="258">da</w><w n="259">rśa</w><w n="260" lemma="naṃ">nam </w><w n="261">ā</w><w n="262" lemma="ha">ha || &#43256; || </w>
</text></TEI>
<TEI n="P">
<text>
<w n="0">na</w><w n="1" lemma="nu">nu </w><w n="2">kā</w><w n="3" lemma="ko">ko </w><w n="4" lemma="sti">sti </w><w n="5">vi</w><w n="6">la</w><w n="7">kṣa</w><w n="8" lemma="ṇaḥ">ṇo </w><w n="9">gra</w><w n="10">hā</w><w n="11"></w><w n="12" lemma="tbhe">d bhe</w><w n="13">de</w><w n="14">nā</w><w n="15">va</w><w n="16">dhā</w><w n="17">rya</w><w n="18">mā</w><w n="19" lemma="ṇaḥ">ṇo </w><w n="20" lemma="mā">mā </w><w n="21">bhū</w><w n="22" lemma="tgṛ">d gṛ</w><w n="23">ha</w><w n="24">śa</w><w n="25">bdā</w><w n="26">bhi</w><w n="27">dhe</w><w n="28" lemma="yaḥ">yaḥ </w><w n="29">gha</w><w n="30">ṭā</w><w n="31">da</w><w n="32" lemma="yaḥ">yaḥ </w><w n="33">svā</w><w n="34">kā</w><w n="35" lemma="rā">rā </w><w n="36">pṛ</w><w n="37">tha</w><w n="38">ga</w><w n="39">nu</w><w n="40">pa</w><w n="41">la</w><w n="42">da</w><w n="43">bhya</w><w n="44">mā</w><w n="45">na</w><w n="46">ta</w><w n="47">tvā</w><w n="48" lemma="tka">t ka</w><w n="49" lemma="thaṃ">tham </w><w n="50">i</w><w n="51" lemma="va">va </w><w n="52">ta</w><w n="53" lemma="cha">c cha</w><w n="54" lemma="bdaiḥ">bdair </w><w n="55">nā</w><w n="56">bhi</w><w n="57">dhī</w><w n="58">ye</w><w n="59">ra</w><w n="60" lemma="na">n a</w><w n="61" lemma="nyaḥ">nyo </w><w n="62" lemma="hyu">hy u</w><w n="63">pā</w><w n="64" lemma="dhiḥ">dhir </w><w n="65">u</w><w n="66">pa</w><w n="67">la</w><w n="68">kṣa</w><w n="69">ṇa</w><w n="70">bhū</w><w n="71" lemma="taḥ">taḥ </w><w n="72">sā</w><w n="73">mā</w><w n="74">nye</w><w n="75">nā</w><w n="76" lemma="dhiḥ">dhir </w><w n="77" lemma="u">u&#166;</w><w n="78">pa</w><w n="79">la</w><w n="80">kṣa</w><w n="81">ṇa</w><w n="82">bhū</w><w n="83" lemma="taḥ">taḥ </w><w n="84">sa</w><w n="85">mā</w><w n="86">dhi</w><w n="87"></w><w n="88">ka</w><w n="89">ra</w><w n="90">ṇye</w><w n="91">nā</w><w n="92">va</w><w n="93">che</w><w n="94">da</w><w n="95" lemma="kaḥ">kaḥ </w><w n="96">ta</w><w n="97" lemma="tya">d ya</w><w n="98" lemma="thā">thā </w><w n="99">i</w><w n="100" lemma="ti">ti </w><w n="101">ha</w><w n="102" lemma="riḥ">riḥ </w><w n="103">pa</w><w n="104" lemma="śuḥ">śur </w><w n="105">i</w><w n="106" lemma="tya">ty a</w><w n="107" lemma="tra">tra </w><w n="108">pa</w><w n="109" lemma="śu">śu </w><w n="110">a</w><w n="111">nya</w><w n="112" lemma="tra">tra </w><w n="113">vi</w><w n="114">śe</w><w n="115">ṣa</w><w n="116" lemma="ṇaṃ">ṇam </w><w n="117">a</w><w n="118">pra</w><w n="119">tha</w><w n="120">ma</w><w n="121">śa</w><w n="122">bda</w><w n="123">vā</w><w n="124" lemma="cyaṃ">cyam </w><w n="125">u</w><w n="126">pa</w><w n="127">raṃ</w><w n="128">ja</w><w n="129"></w><w n="130" lemma="kaṃ">kaṃ </w><w n="131">ta</w><w n="132" lemma="tya">d ya</w><w n="133" lemma="thā">thā </w><w n="134">vā</w><w n="135">ne</w><w n="136" lemma="yaṃ">yam </w><w n="137">u</w><w n="138">da</w><w n="139" lemma="kaṃ">kam </w><w n="140">i</w><w n="141" lemma="ti">ti </w><w n="142">va</w><w n="143">na</w><w n="144">saṃ</w><w n="145">baṃ</w><w n="146">dho</w><w n="147">pā</w><w n="148"></w><w n="149">dhi</w><w n="150">ya</w><w n="151">mā</w><w n="152">na</w><w n="153">rū</w><w n="154">pa</w><w n="155">vi</w><w n="156">śe</w><w n="157" lemma="ṣaṃ">ṣam </w><w n="158">u</w><w n="159">da</w><w n="160" lemma="kaṃ">kam </w><w n="161">a</w><w n="162">bhi</w><w n="163">dhī</w><w n="164">ya</w><w n="165" lemma="ta">ta </w><w n="166">i</w><w n="167" lemma="ti">ti </w><w n="168">va</w><w n="169"></w><w n="170">na</w><w n="171"></w><w n="172"></w><w n="173"></w><w n="174">saṃ</w><w n="175">baṃ</w><w n="176" lemma="dhaḥ">dho </w><w n="177"></w><w n="178">vi</w><w n="179">śe</w><w n="180">ṣa</w><w n="181" lemma="ṇaṃ">ṇam </w><w n="182">u</w><w n="183">pa</w><w n="184">raṃ</w><w n="185">ja</w><w n="186">ka</w><w n="187">ta</w><w n="188">yā</w><w n="189">bhi</w><w n="190">dhe</w><w n="191">ya</w><w n="192" lemma="kaṃ">kam </w><w n="193"></w><w n="194">ā</w><w n="195"></w><w n="196">pa</w><w n="197">dya</w><w n="198" lemma="ta">ta </w><w n="199">i</w><w n="200" lemma="ti">ti </w><w n="201">ta</w><w n="202" lemma="thā">thā </w><w n="203">co</w><w n="204" lemma="ktaṃ">ktaṃ </w><w n="205">a</w><w n="206">rtha</w><w n="207"></w><w n="208"></w><w n="209">vi</w><w n="210">śe</w><w n="211" lemma="ṣa">ṣa </w><w n="212">u</w><w n="213">pā</w><w n="214" lemma="dhiḥ">dhis </w><w n="215">ta</w><w n="216">daṃ</w><w n="217">ta</w><w n="218">vā</w><w n="219">cya</w><w n="220">sa</w><w n="221">mā</w><w n="222">na</w><w n="223">śa</w><w n="224" lemma="bde">bde </w><w n="225" lemma="yaḥ">yaḥ </w><w n="226">a</w><w n="227">nu</w><w n="228">pā</w><w n="229" lemma="dhiḥ">dhir </w><w n="230">a</w><w n="231"></w><w n="232" lemma="taḥ">to </w><w n="233" lemma="nyaḥ">nyaḥ </w><w n="234" lemma="syā">syā&#175;</w><w n="235"></w><w n="236">ghā</w><w n="237">di</w><w n="238">vi</w><w n="239">śe</w><w n="240">ṣa</w><w n="241" lemma="ṇaṃ">ṇaṃ </w><w n="242" lemma="ya">ya|</w><w n="243">dva</w><w n="244" lemma="ti">d i</w><w n="245" lemma="tiḥ">tir </w><w n="246">ā</w><w n="247">śaṃ</w><w n="248" lemma="kya">kya </w><w n="249">sa</w><w n="250">dṛ</w><w n="251">śa</w><w n="252">ta</w><w n="253" lemma="raṃ">ram </w><w n="254">i</w><w n="255" lemma="tya">ty a</w><w n="256" lemma="tra">tra </w><w n="257">ni</w><w n="258">da</w><w n="259">rśa</w><w n="260" lemma="naṃ">nam </w><w n="261">ā</w><w n="262" lemma="ha">ha </w>
</text></TEI>
<TEI n="M">
<text>
<w n="0">na</w><w n="1" lemma="nu">nu </w><w n="2">kā</w><w n="3" lemma="ko">ko </w><w n="4" lemma="sti">sti </w><w n="5">vi</w><w n="6">la</w><w n="7">kṣa</w><w n="8" lemma="ṇaḥ">ṇo </w><w n="9">gṛ</w><w n="10">hā</w><w n="11"></w><w n="12" lemma="tbhe">d bhe</w><w n="13">de</w><w n="14">nā</w><w n="15">va</w><w n="16">dhā</w><w n="17">rya</w><w n="18">mā</w><w n="19" lemma="ṇaḥ">ṇo </w><w n="20" lemma="mā">mā </w><w n="21">bhū</w><w n="22" lemma="tgṛ">d gṛ</w><w n="23">ha</w><w n="24">śa</w><w n="25">bdā</w><w n="26">bhi</w><w n="27">dhe</w><w n="28" lemma="yaḥ">yaḥ | </w><w n="29">gha</w><w n="30">ṭā</w><w n="31">da</w><w n="32" lemma="yaḥ">yas </w><w n="33" lemma="tvā">tv ā</w><w n="34">kā</w><w n="35" lemma="rāḥ">rāḥ </w><w n="36">pṛ</w><w n="37">tha</w><w n="38">ga</w><w n="39">nu</w><w n="40">pa</w><w n="41">la</w><w n="42"></w><w n="43">bhya</w><w n="44">mā</w><w n="45">na</w><w n="46"></w><w n="47">tvā</w><w n="48" lemma="tka">t ka</w><w n="49" lemma="thaṃ">tham </w><w n="50">i</w><w n="51" lemma="va">va </w><w n="52">ta</w><w n="53" lemma="cha">ccha</w><w n="54" lemma="bdaiḥ">bdair </w><w n="55">nā</w><w n="56">bhi</w><w n="57">dhī</w><w n="58">ye</w><w n="59">ra</w><w n="60" lemma="na">n | a</w><w n="61" lemma="nyaḥ">nyo </w><w n="62" lemma="hyu">hy u</w><w n="63">pā</w><w n="64" lemma="dhiḥ">dhir </w><w n="65">u</w><w n="66">pa</w><w n="67">la</w><w n="68">kṣa</w><w n="69">ṇa</w><w n="70">bhū</w><w n="71" lemma="taḥ">taḥ </w><w n="72">sā</w><w n="73">mā</w><w n="74"></w><w n="75"></w><w n="76"></w><w n="77"></w><w n="78"></w><w n="79"></w><w n="80"></w><w n="81"></w><w n="82"></w><w n="83"></w><w n="84"></w><w n="85"></w><w n="86">dhi</w><w n="87"></w><w n="88">ka</w><w n="89">ra</w><w n="90">ṇye</w><w n="91">nā</w><w n="92">va</w><w n="93">che</w><w n="94">da</w><w n="95" lemma="kaḥ">kaḥ | </w><w n="96">ta</w><w n="97" lemma="tya">d ya</w><w n="98" lemma="thā">thā | </w><w n="99">i</w><w n="100" lemma="ti">ti </w><w n="101">ha</w><w n="102" lemma="riḥ">riḥ | </w><w n="103">pa</w><w n="104" lemma="śuḥ">śur </w><w n="105">i</w><w n="106" lemma="tya">ty a</w><w n="107" lemma="tra">tra </w><w n="108">pa</w><w n="109" lemma="śuḥ">śuḥ | </w><w n="110">a</w><w n="111">nya</w><w n="112" lemma="tra">tra </w><w n="113">vi</w><w n="114">śe</w><w n="115">ṣa</w><w n="116" lemma="ṇaṃ">ṇam </w><w n="117">a</w><w n="118">pṛ</w><w n="119">tha</w><w n="120"></w><w n="121" lemma="khśa">k_śa</w><w n="122">bda</w><w n="123">vā</w><w n="124" lemma="cyaṃ">cyam </w><w n="125">u</w><w n="126">pa</w><w n="127">raṃ</w><w n="128">ja</w><w n="129"></w><w n="130" lemma="kaṃ">kaṃ | </w><w n="131">ta</w><w n="132" lemma="tya">d ya</w><w n="133" lemma="thā">thā | </w><w n="134">vā</w><w n="135">ne</w><w n="136" lemma="yaṃ">yam </w><w n="137">u</w><w n="138">da</w><w n="139" lemma="kaṃ">kam </w><w n="140">i</w><w n="141" lemma="ti">ti | </w><w n="142">va</w><w n="143">na</w><w n="144">saṃ</w><w n="145">baṃ</w><w n="146">dho</w><w n="147">pā</w><w n="148"></w><w n="149">dhī</w><w n="150">ya</w><w n="151">mā</w><w n="152">na</w><w n="153">rū</w><w n="154">pa</w><w n="155">vi</w><w n="156">śe</w><w n="157" lemma="ṣaṃ">ṣam </w><w n="158">u</w><w n="159">da</w><w n="160" lemma="kaṃ">kam </w><w n="161">a</w><w n="162">bhi</w><w n="163">dhī</w><w n="164">ya</w><w n="165" lemma="ta">ta </w><w n="166">i</w><w n="167" lemma="ti">ti | </w><w n="168">va</w><w n="169"></w><w n="170">na</w><w n="171"></w><w n="172"></w><w n="173"></w><w n="174">saṃ</w><w n="175">baṃ</w><w n="176" lemma="dhaḥ">dho </w><w n="177"></w><w n="178">vi</w><w n="179">śe</w><w n="180">ṣa</w><w n="181" lemma="ṇaṃ">ṇam </w><w n="182">u</w><w n="183">pa</w><w n="184">raṃ</w><w n="185">ja</w><w n="186">ka</w><w n="187">ta</w><w n="188">yā</w><w n="189">bhi</w><w n="190">dhe</w><w n="191">ya</w><w n="192" lemma="kaṃ">kam </w><w n="193"></w><w n="194">ā</w><w n="195"></w><w n="196">pa</w><w n="197">dya</w><w n="198" lemma="ta">ta </w><w n="199">i</w><w n="200" lemma="ti">ti | </w><w n="201">ta</w><w n="202" lemma="thā">thā </w><w n="203">co</w><w n="204" lemma="ktaṃ">ktaṃ | </w><w n="205">a</w><w n="206">rtha</w><w n="207"></w><w n="208"></w><w n="209">vi</w><w n="210">śe</w><w n="211" lemma="ṣa">ṣa </w><w n="212">u</w><w n="213">pā</w><w n="214" lemma="dhiḥ">dhis </w><w n="215">ta</w><w n="216">daṃ</w><w n="217">ta</w><w n="218">vā</w><w n="219">cya</w><w n="220">sa</w><w n="221">mā</w><w n="222">na</w><w n="223">śa</w><w n="224" lemma="bde">bde </w><w n="225" lemma="yaḥ">yaḥ | </w><w n="226">a</w><w n="227">nu</w><w n="228">pā</w><w n="229" lemma="dhiḥ">dhir </w><w n="230" lemma="aṃ">an</w><w n="231"></w><w n="232" lemma="taḥ">to </w><w n="233" lemma="nyaḥ">nyaḥ </w><w n="234">syā</w><w n="235" lemma="chlā">c chlā</w><w n="236">ghā</w><w n="237">di</w><w n="238">vi</w><w n="239">śe</w><w n="240">ṣa</w><w n="241" lemma="ṇaṃ">ṇaṃ </w><w n="242">ya</w><w n="243">dva</w><w n="244" lemma="ti">d i</w><w n="245" lemma="tyā">ty ā</w><w n="246"></w><w n="247">śaṃ</w><w n="248" lemma="kya">kya </w><w n="249">sa</w><w n="250">dṛ</w><w n="251">śa</w><w n="252">ta</w><w n="253" lemma="raṃ">ram </w><w n="254">i</w><w n="255" lemma="tya">ty a</w><w n="256" lemma="tra">tra </w><w n="257">ni</w><w n="258">da</w><w n="259">rśa</w><w n="260" lemma="naṃ">nam </w><w n="261">ā</w><w n="262" lemma="ha">ha || </w>
</text></TEI>
<TEI n="G2">
<text>
<w n="0">na</w><w n="1" lemma="nu">nu </w><w n="2">kā</w><w n="3" lemma="ko">ko </w><w n="4">ti</w><w n="5">vi</w><w n="6">la</w><w n="7">kṣa</w><w n="8" lemma="ṇā">ṇā </w><w n="9">gṛ</w><w n="10">hā</w><w n="11"></w><w n="12" lemma="tbhe">t_ bhe</w><w n="13">de</w><w n="14">nā</w><w n="15">va</w><w n="16">dhā</w><w n="17">rya</w><w n="18">mā</w><w n="19" lemma="ṇaḥ">ṇo </w><w n="20" lemma="mā">mā </w><w n="21">bhū</w><w n="22" lemma="tra">d ra</w><w n="23">ha</w><w n="24">śa</w><w n="25">bdā</w><w n="26">bhi</w><w n="27">dhe</w><w n="28" lemma="yaḥ">yaḥ || </w><w n="29">ghū</w><w n="30"></w><w n="31">da</w><w n="32" lemma="yaḥ">yas </w><w n="33" lemma="tvā">tv ā</w><w n="34">kā</w><w n="35" lemma="rāḥ">rāḥ || </w><w n="36">pṛ</w><w n="37">tha</w><w n="38">ka</w><w n="39">nu</w><w n="40">pa</w><w n="41">la</w><w n="42"></w><w n="43">bhya</w><w n="44">mā</w><w n="45">na</w><w n="46">ta</w><w n="47" lemma="tvāḥ">tvāḥ || </w><w n="48">ka</w><w n="49" lemma="thaṃ">tham </w><w n="50">i</w><w n="51" lemma="va">va </w><w n="52">ta</w><w n="53">cha</w><w n="54" lemma="bdaiḥ">bdair </w><w n="55">nā</w><w n="56">ti</w><w n="57">dhī</w><w n="58">ye</w><w n="59">ra</w><w n="60" lemma="na">n_ a</w><w n="61" lemma="nyo">nyo </w><w n="62" lemma="pyu">py u</w><w n="63">pā</w><w n="64" lemma="dhiḥ">dhir </w><w n="65">u</w><w n="66">pa</w><w n="67">la</w><w n="68">kṣa</w><w n="69" lemma="ṇaḥ">ṇaḥ </w><w n="70">bhū</w><w n="71" lemma="taḥ">taḥ </w><w n="72">sā</w><w n="73">mā</w><w n="74"></w><w n="75">nā</w><w n="76"></w><w n="77"></w><w n="78"></w><w n="79"></w><w n="80"></w><w n="81"></w><w n="82"></w><w n="83"></w><w n="84"></w><w n="85"></w><w n="86" lemma="dhiḥ">dhir </w><w n="87">a</w><w n="88">ka</w><w n="89">ra</w><w n="90">ṇye</w><w n="91">nā</w><w n="92">va</w><w n="93">che</w><w n="94">da</w><w n="95" lemma="kaḥ">kaḥ || </w><w n="96">ta</w><w n="97" lemma="tya">d ya</w><w n="98" lemma="thā">thā | </w><w n="99">i</w><w n="100" lemma="ti">ti </w><w n="101">ha</w><w n="102">ri</w><w n="103" lemma="sya">sya </w><w n="104"></w><w n="105" lemma="i">i </w><w n="106"></w><w n="107"></w><w n="108">pa</w><w n="109" lemma="śuḥ">śuḥ || </w><w n="110">a</w><w n="111">nya</w><w n="112" lemma="ttu">t tu </w><w n="113">vi</w><w n="114">śe</w><w n="115">ṣa</w><w n="116" lemma="ṇaṃ">ṇam </w><w n="117">a</w><w n="118">pṛ</w><w n="119">tha</w><w n="120"></w><w n="121" lemma="khśa">k_śa</w><w n="122">bda</w><w n="123">vā</w><w n="124" lemma="cyaṃ">cyam </w><w n="125">uṃ</w><w n="126">pa</w><w n="127">raṃ</w><w n="128">ja</w><w n="129"></w><w n="130" lemma="kaṃ">kaṃ </w><w n="131">ta</w><w n="132" lemma="tya">d ya</w><w n="133" lemma="thā">thā </w><w n="134">vā</w><w n="135">ne</w><w n="136" lemma="yaṃ">yam </w><w n="137">u</w><w n="138">da</w><w n="139" lemma="kaṃ">kam </w><w n="140">i</w><w n="141" lemma="ti">ti </w><w n="142">va</w><w n="143">na</w><w n="144">saṃ</w><w n="145">baṃ</w><w n="146">dho</w><w n="147">pa</w><w n="148"></w><w n="149">dhī</w><w n="150">ya</w><w n="151">mā</w><w n="152">na</w><w n="153">rū</w><w n="154">pa</w><w n="155">vi</w><w n="156">śe</w><w n="157">ṣa</w><w n="158"></w><w n="159"></w><w n="160" lemma="ṇaṃ">ṇam </w><w n="161">a</w><w n="162">si</w><w n="163">dhī</w><w n="164">ya</w><w n="165" lemma="ta">ta </w><w n="166">i</w><w n="167" lemma="ti">ti </w><w n="168">va</w><w n="169"></w><w n="170">na</w><w n="171">śa</w><w n="172">rī</w><w n="173">ra</w><w n="174">saṃ</w><w n="175">baṃ</w><w n="176" lemma="dhaḥ">dho </w><w n="177"></w><w n="178">vi</w><w n="179">śe</w><w n="180">ṣa</w><w n="181" lemma="ṇaṃ">ṇam </w><w n="182">u</w><w n="183">pa</w><w n="184">raṃ</w><w n="185">ja</w><w n="186" lemma="kaṃ">kaṃ </w><w n="187">ta</w><w n="188">dā</w><w n="189">bhi</w><w n="190">dhe</w><w n="191">ya</w><w n="192" lemma="kaṃ">kam </w><w n="193"></w><w n="194">ā</w><w n="195">pā</w><w n="196">pa</w><w n="197">dya</w><w n="198" lemma="ta">ta </w><w n="199">i</w><w n="200" lemma="ti">ti </w><w n="201">ta</w><w n="202" lemma="thā">thā </w><w n="203">vo</w><w n="204" lemma="ktaṃ">ktam | </w><w n="205">a</w><w n="206">rtha</w><w n="207"></w><w n="208"></w><w n="209">vi</w><w n="210">śe</w><w n="211" lemma="ṣa">ṣa </w><w n="212">u</w><w n="213">pā</w><w n="214">dhi</w><w n="215">tā</w><w n="216">daṃ</w><w n="217">ta</w><w n="218">vā</w><w n="219" lemma="cyaḥ">cyaḥ </w><w n="220">sa</w><w n="221">mā</w><w n="222">na</w><w n="223">śa</w><w n="224" lemma="bdaḥ">bdo </w><w n="225" lemma="yaḥ">yaḥ </w><w n="226">a</w><w n="227">nu</w><w n="228">pā</w><w n="229" lemma="dhiḥ">dhir </w><w n="230">a</w><w n="231"></w><w n="232" lemma="taḥ">to </w><w n="233" lemma="nya">nya </w><w n="234">syā</w><w n="235" lemma="chlā">t_ ślā</w><w n="236">ghā</w><w n="237">di</w><w n="238">vi</w><w n="239">śe</w><w n="240">ṣa</w><w n="241" lemma="ṇaṃ">ṇaṃ </w><w n="242">ya</w><w n="243">dva</w><w n="244" lemma="ti">d i</w><w n="245" lemma="tyā">ty ā</w><w n="246"></w><w n="247">śaṃ</w><w n="248" lemma="kya">kya </w><w n="249">sa</w><w n="250">dṛ</w><w n="251">śa</w><w n="252">ta</w><w n="253" lemma="raṃ">ram </w><w n="254"></w><w n="255">a</w><w n="256" lemma="tra">tra </w><w n="257">mi</w><w n="258">da</w><w n="259">ra</w><w n="260" lemma="naṃ">nam </w><w n="261">ā</w><w n="262" lemma="ha">ha | </w>
</text></TEI>
<TEI n="G1">
<text>
<w n="0"></w><w n="1"></w><w n="2"></w><w n="3"></w><w n="4"></w><w n="5"></w><w n="6"></w><w n="7"></w><w n="8"></w><w n="9"></w><w n="10"></w><w n="11"></w><w n="12"></w><w n="13"></w><w n="14"></w><w n="15"></w><w n="16"></w><w n="17"></w><w n="18"></w><w n="19"></w><w n="20"></w><w n="21"></w><w n="22"></w><w n="23"></w><w n="24"></w><w n="25"></w><w n="26"></w><w n="27"></w><w n="28"></w><w n="29"></w><w n="30"></w><w n="31"></w><w n="32"></w><w n="33"></w><w n="34"></w><w n="35"></w><w n="36"></w><w n="37"></w><w n="38"></w><w n="39"></w><w n="40"></w><w n="41"></w><w n="42"></w><w n="43"></w><w n="44"></w><w n="45"></w><w n="46"></w><w n="47"></w><w n="48"></w><w n="49"></w><w n="50"></w><w n="51"></w><w n="52"></w><w n="53"></w><w n="54"></w><w n="55"></w><w n="56"></w><w n="57"></w><w n="58"></w><w n="59"></w><w n="60"></w><w n="61"></w><w n="62"></w><w n="63"></w><w n="64"></w><w n="65"></w><w n="66"></w><w n="67"></w><w n="68"></w><w n="69"></w><w n="70"></w><w n="71"></w><w n="72"></w><w n="73"></w><w n="74"></w><w n="75"></w><w n="76"></w><w n="77"></w><w n="78"></w><w n="79"></w><w n="80"></w><w n="81"></w><w n="82"></w><w n="83"></w><w n="84"></w><w n="85"></w><w n="86"></w><w n="87"></w><w n="88"></w><w n="89"></w><w n="90"></w><w n="91"></w><w n="92"></w><w n="93"></w><w n="94"></w><w n="95"></w><w n="96"></w><w n="97"></w><w n="98"></w><w n="99"></w><w n="100"></w><w n="101"></w><w n="102"></w><w n="103"></w><w n="104"></w><w n="105"></w><w n="106"></w><w n="107"></w><w n="108"></w><w n="109"></w><w n="110"></w><w n="111"></w><w n="112"></w><w n="113"></w><w n="114"></w><w n="115"></w><w n="116"></w><w n="117"></w><w n="118"></w><w n="119"></w><w n="120"></w><w n="121"></w><w n="122"></w><w n="123"></w><w n="124"></w><w n="125"></w><w n="126"></w><w n="127"></w><w n="128"></w><w n="129"></w><w n="130"></w><w n="131"></w><w n="132"></w><w n="133"></w><w n="134"></w><w n="135"></w><w n="136"></w><w n="137"></w><w n="138"></w><w n="139"></w><w n="140"></w><w n="141"></w><w n="142"></w><w n="143"></w><w n="144"></w><w n="145"></w><w n="146"></w><w n="147"></w><w n="148"></w><w n="149"></w><w n="150"></w><w n="151"></w><w n="152"></w><w n="153"></w><w n="154"></w><w n="155"></w><w n="156"></w><w n="157"></w><w n="158"></w><w n="159"></w><w n="160"></w><w n="161"></w><w n="162"></w><w n="163"></w><w n="164"></w><w n="165"></w><w n="166"></w><w n="167"></w><w n="168"></w><w n="169"></w><w n="170"></w><w n="171"></w><w n="172"></w><w n="173"></w><w n="174"></w><w n="175"></w><w n="176"></w><w n="177"></w><w n="178"></w><w n="179"></w><w n="180"></w><w n="181"></w><w n="182"></w><w n="183"></w><w n="184"></w><w n="185"></w><w n="186"></w><w n="187"></w><w n="188"></w><w n="189"></w><w n="190"></w><w n="191"></w><w n="192"></w><w n="193"></w><w n="194"></w><w n="195"></w><w n="196"></w><w n="197"></w><w n="198"></w><w n="199"></w><w n="200"></w><w n="201"></w><w n="202"></w><w n="203"></w><w n="204"></w><w n="205"></w><w n="206"></w><w n="207"></w><w n="208"></w><w n="209"></w><w n="210"></w><w n="211"></w><w n="212"></w><w n="213"></w><w n="214"></w><w n="215"></w><w n="216"></w><w n="217"></w><w n="218"></w><w n="219"></w><w n="220"></w><w n="221"></w><w n="222"></w><w n="223"></w><w n="224"></w><w n="225"></w><w n="226"></w><w n="227"></w><w n="228"></w><w n="229"></w><w n="230"></w><w n="231"></w><w n="232"></w><w n="233"></w><w n="234"></w><w n="235"></w><w n="236"></w><w n="237"></w><w n="238"></w><w n="239"></w><w n="240"></w><w n="241"></w><w n="242"></w><w n="243"></w><w n="244"></w><w n="245"></w><w n="246"></w><w n="247"></w><w n="248"></w><w n="249"></w><w n="250"></w><w n="251"></w><w n="252"></w><w n="253"></w><w n="254"></w><w n="255"></w><w n="256"></w><w n="257"></w><w n="258"></w><w n="259"></w><w n="260"></w><w n="261"></w><w n="262"></w>
</text></TEI>
<TEI n="L">
<text>
<w n="0">na</w><w n="1" lemma="nu">nu </w><w n="2">kā</w><w n="3" lemma="ko">ko </w><w n="4">ti</w><w n="5">vi</w><w n="6">la</w><w n="7">kṣa</w><w n="8">ṇā</w><w n="9" lemma="tgṛ">d gṛ</w><w n="10">hā</w><w n="11"></w><w n="12" lemma="tbhe">d bhe</w><w n="13">de</w><w n="14">nā</w><w n="15">va</w><w n="16">dhā</w><w n="17">rya</w><w n="18">mā</w><w n="19" lemma="ṇaḥ">ṇo </w><w n="20" lemma="mā">mā </w><w n="21">bhū</w><w n="22" lemma="tgṛ">d gṛ</w><w n="23">ha</w><w n="24">śa</w><w n="25">bdā</w><w n="26">bhi</w><w n="27">dhe</w><w n="28" lemma="yaḥ">yaḥ || </w><w n="29">gha</w><w n="30">ṭā</w><w n="31">da</w><w n="32" lemma="yaḥ">yas </w><w n="33" lemma="tvā">tv ā</w><w n="34">kā</w><w n="35" lemma="rāḥ">rāḥ </w><w n="36">pṛ</w><w n="37">tha</w><w n="38">ga</w><w n="39">nu</w><w n="40">pa</w><w n="41">la</w><w n="42"></w><w n="43">bhya</w><w n="44">mā</w><w n="45">na</w><w n="46">ta</w><w n="47" lemma="tvāḥ">tvāḥ </w><w n="48">ka</w><w n="49" lemma="thaṃ">tham </w><w n="50">i</w><w n="51" lemma="va">va </w><w n="52">ta</w><w n="53" lemma="cha">ccha</w><w n="54" lemma="bdaiḥ">bdair </w><w n="55">nā</w><w n="56">bhi</w><w n="57">dhī</w><w n="58">ye</w><w n="59">ra</w><w n="60" lemma="na">n || a</w><w n="61" lemma="nyo">nyo </w><w n="62" lemma="pyu">py u</w><w n="63">pā</w><w n="64" lemma="dhiḥ">dhir </w><w n="65">u</w><w n="66">pa</w><w n="67">la</w><w n="68">kṣa</w><w n="69">ṇa</w><w n="70">bhū</w><w n="71" lemma="taḥ">taḥ </w><w n="72">sā</w><w n="73">mā</w><w n="74"></w><w n="75">nā</w><w n="76"></w><w n="77"></w><w n="78"></w><w n="79"></w><w n="80"></w><w n="81"></w><w n="82"></w><w n="83"></w><w n="84"></w><w n="85"></w><w n="86">dhi</w><w n="87"></w><w n="88">ka</w><w n="89">ra</w><w n="90">ṇye</w><w n="91">nā</w><w n="92">va</w><w n="93">che</w><w n="94">da</w><w n="95" lemma="kaḥ">kaḥ || </w><w n="96">ta</w><w n="97" lemma="tya">d ya</w><w n="98" lemma="thā">thā || </w><w n="99">dṛ</w><w n="100">ti</w><w n="101">ha</w><w n="102" lemma="riḥ">rir </w><w n="103"></w><w n="104"></w><w n="105">a</w><w n="106">nya</w><w n="107" lemma="tra">tra </w><w n="108">pa</w><w n="109" lemma="śuḥ">śuḥ || </w><w n="110">a</w><w n="111">nya</w><w n="112" lemma="ttu">t tu </w><w n="113">vi</w><w n="114">śe</w><w n="115">ṣa</w><w n="116" lemma="ṇaṃ">ṇam </w><w n="117">a</w><w n="118">pṛ</w><w n="119">tha</w><w n="120"></w><w n="121" lemma="khśa">k_śa</w><w n="122">bda</w><w n="123">vā</w><w n="124" lemma="cyaṃ">cyaṃ </w><w n="125"></w><w n="126">pa</w><w n="127" lemma="raṃ">raṃ </w><w n="128">ja</w><w n="129">na</w><w n="130" lemma="kaṃ">kaṃ </w><w n="131">ta</w><w n="132" lemma="tya">d ya</w><w n="133" lemma="thā">thā </w><w n="134"></w><w n="135">ne</w><w n="136" lemma="yaṃ">yam </w><w n="137">u</w><w n="138">da</w><w n="139" lemma="kaṃ">kaṃm </w><w n="140">i</w><w n="141" lemma="ti">ti </w><w n="142">va</w><w n="143">na</w><w n="144">saṃ</w><w n="145">baṃ</w><w n="146">dho</w><w n="147">pa</w><w n="148"></w><w n="149">dhī</w><w n="150">ya</w><w n="151">mā</w><w n="152">na</w><w n="153">rū</w><w n="154">pa</w><w n="155">vi</w><w n="156">śe</w><w n="157">ṣa</w><w n="158"></w><w n="159"></w><w n="160" lemma="ṇaṃ">ṇam </w><w n="161">a</w><w n="162">bhi</w><w n="163">dhī</w><w n="164">ya</w><w n="165" lemma="ta">ta </w><w n="166">i</w><w n="167" lemma="ti">ti </w><w n="168">va</w><w n="169"></w><w n="170">na</w><w n="171">śa</w><w n="172">rī</w><w n="173">ra</w><w n="174">saṃ</w><w n="175">baṃ</w><w n="176" lemma="dhaḥ">dho </w><w n="177"></w><w n="178">vi</w><w n="179">śe</w><w n="180">ṣa</w><w n="181" lemma="ṇaṃ">ṇam </w><w n="182">u</w><w n="183">pa</w><w n="184">raṃ</w><w n="185">ja</w><w n="186">ka</w><w n="187">ta</w><w n="188">dā</w><w n="189">bhi</w><w n="190">dhe</w><w n="191">ya</w><w n="192" lemma="kaṃ">kam </w><w n="193"></w><w n="194">ā</w><w n="195" lemma="pya">py a</w><w n="196">pa</w><w n="197">dya</w><w n="198" lemma="ta">ta </w><w n="199">i</w><w n="200" lemma="ti">ti || </w><w n="201">ta</w><w n="202" lemma="thā">thā </w><w n="203">co</w><w n="204" lemma="ktaṃ">ktaṃ | </w><w n="205">a</w><w n="206">rtha</w><w n="207"></w><w n="208"></w><w n="209">vi</w><w n="210">śe</w><w n="211" lemma="ṣa">ṣa </w><w n="212">u</w><w n="213">pā</w><w n="214">dhi</w><w n="215">tā</w><w n="216">daṃ</w><w n="217">ta</w><w n="218">vā</w><w n="219" lemma="cyaḥ">cyaḥ </w><w n="220">sa</w><w n="221">mā</w><w n="222">na</w><w n="223">śa</w><w n="224" lemma="bdaḥ">bdo </w><w n="225" lemma="yaḥ">yaḥ | </w><w n="226">a</w><w n="227">nu</w><w n="228">pā</w><w n="229" lemma="dhiḥ">dhir </w><w n="230">a</w><w n="231"></w><w n="232" lemma="taḥ">to </w><w n="233">nya</w><w n="234">smā</w><w n="235" lemma="chlā">t_ ślā</w><w n="236">ghā</w><w n="237">di</w><w n="238">vi</w><w n="239">śe</w><w n="240">ṣa</w><w n="241" lemma="ṇaṃ">ṇaṃ </w><w n="242">ya</w><w n="243">dva</w><w n="244" lemma="ti">d i</w><w n="245" lemma="tyā">ty ā</w><w n="246"></w><w n="247">śaṃ</w><w n="248" lemma="kya">kya </w><w n="249">sa</w><w n="250">dṛ</w><w n="251">śa</w><w n="252">ta</w><w n="253" lemma="raṃ">ram </w><w n="254"></w><w n="255">a</w><w n="256" lemma="tra">tra </w><w n="257">ni</w><w n="258">da</w><w n="259">rśa</w><w n="260" lemma="naṃ">nam </w><w n="261">ā</w><w n="262" lemma="ha">ha | </w>
</text></TEI>
<TEI n="O">
<text>
<w n="0">na</w><w n="1" lemma="nu">nu </w><w n="2">kā</w><w n="3" lemma="kaḥ">ko </w><w n="4"></w><w n="5">vi</w><w n="6">la</w><w n="7">kṣa</w><w n="8">ṇo</w><w n="9" lemma="tgṛ">d gṛ</w><w n="10">hā</w><w n="11"></w><w n="12" lemma="tbhe">d bhe</w><w n="13">de</w><w n="14">nā</w><w n="15">va</w><w n="16">dhā</w><w n="17">rya</w><w n="18">mā</w><w n="19" lemma="ṇaḥ">ṇo </w><w n="20" lemma="mā">mā </w><w n="21">bhu</w><w n="22" lemma="tgṛ">d gṛ</w><w n="23">ha</w><w n="24">śa</w><w n="25">bdā</w><w n="26">bhi</w><w n="27">dhe</w><w n="28" lemma="yaḥ">yaḥ </w><w n="29">gha</w><w n="30">ṭā</w><w n="31">da</w><w n="32" lemma="yaḥ">yas </w><w n="33" lemma="tvā">tv ā</w><w n="34">kā</w><w n="35" lemma="rāḥ">rāḥ </w><w n="36">pṛ</w><w n="37">tha</w><w n="38">ga</w><w n="39">nu</w><w n="40">pa</w><w n="41">la</w><w n="42"></w><w n="43">bhya</w><w n="44">mā</w><w n="45">na</w><w n="46">ta</w><w n="47" lemma="tvāḥ">tvāḥ </w><w n="48">ka</w><w n="49" lemma="thaṃ">tham </w><w n="50">i</w><w n="51" lemma="va">va </w><w n="52">ta</w><w n="53" lemma="cha">ccha</w><w n="54" lemma="bdaiḥ">bdair </w><w n="55">nā</w><w n="56">bhi</w><w n="57">dhī</w><w n="58">ye</w><w n="59">ra</w><w n="60" lemma="na">n_ a</w><w n="61" lemma="nyo">nyo </w><w n="62" lemma="pyu">py u</w><w n="63">pā</w><w n="64" lemma="dhiḥ">dhir </w><w n="65">u</w><w n="66">pa</w><w n="67">la</w><w n="68">kṣa</w><w n="69">ṇa</w><w n="70">bhū</w><w n="71" lemma="taḥ">taḥ </w><w n="72">sā</w><w n="73">mā</w><w n="74"></w><w n="75">nā</w><w n="76"></w><w n="77"></w><w n="78"></w><w n="79"></w><w n="80"></w><w n="81"></w><w n="82"></w><w n="83"></w><w n="84"></w><w n="85"></w><w n="86">dhi</w><w n="87"></w><w n="88">ka</w><w n="89">ra</w><w n="90">ṇya</w><w n="91">nā</w><w n="92">va</w><w n="93" lemma="che">cche</w><w n="94">da</w><w n="95" lemma="kaḥ">kaḥ | </w><w n="96">ta</w><w n="97" lemma="tya">d ya</w><w n="98" lemma="thā">thā | </w><w n="99">dṛ</w><w n="100">ti</w><w n="101">ha</w><w n="102" lemma="riḥ">rir </w><w n="103"></w><w n="104"></w><w n="105">a</w><w n="106">nya</w><w n="107" lemma="tra">tra </w><w n="108">pa</w><w n="109" lemma="śuḥ">śuḥ </w><w n="110">a</w><w n="111">nya</w><w n="112" lemma="ttu">t tu </w><w n="113">vi</w><w n="114">śe</w><w n="115">ṣa</w><w n="116" lemma="ṇaṃ">ṇam </w><w n="117">a</w><w n="118">pṛ</w><w n="119">tha</w><w n="120"></w><w n="121" lemma="khśa">kcha</w><w n="122">bda</w><w n="123">vā</w><w n="124" lemma="cyaṃ">cyam </w><w n="125">u</w><w n="126">pa</w><w n="127">raṃ</w><w n="128">ja</w><w n="129"></w><w n="130" lemma="kaṃ">kaṃ </w><w n="131"></w><w n="132">ya</w><w n="133" lemma="thā">thā </w><w n="134">vā</w><w n="135">ne</w><w n="136" lemma="daṃ">dam </w><w n="137">u</w><w n="138">da</w><w n="139" lemma="kaṃ">kam </w><w n="140">i</w><w n="141" lemma="ti">ti </w><w n="142">va</w><w n="143">na</w><w n="144">saṃ</w><w n="145">baṃ</w><w n="146">dho</w><w n="147">pa</w><w n="148"></w><w n="149">dhī</w><w n="150">ya</w><w n="151">mā</w><w n="152">na</w><w n="153">rū</w><w n="154">pa</w><w n="155">vi</w><w n="156">śe</w><w n="157">ṣa</w><w n="158"></w><w n="159"></w><w n="160" lemma="ṇaṃ">ṇam </w><w n="161">a</w><w n="162">bhi</w><w n="163">dhī</w><w n="164">ya</w><w n="165" lemma="ta">ta </w><w n="166">i</w><w n="167" lemma="ti">ti </w><w n="168">va</w><w n="169"></w><w n="170">na</w><w n="171">śa</w><w n="172">rī</w><w n="173">ra</w><w n="174">saṃ</w><w n="175">baṃ</w><w n="176" lemma="dhaḥ">dho </w><w n="177"></w><w n="178">vi</w><w n="179">śe</w><w n="180">ṣa</w><w n="181" lemma="ṇaṃ">ṇam </w><w n="182">u</w><w n="183">pa</w><w n="184">raṃ</w><w n="185">ja</w><w n="186">ka</w><w n="187">ta</w><w n="188">yā</w><w n="189">bhi</w><w n="190">dhe</w><w n="191">ya</w><w n="192" lemma="tvaṃ">tvam </w><w n="193">a</w><w n="194" lemma="pyā">py ā</w><w n="195"></w><w n="196">pa</w><w n="197">dya</w><w n="198" lemma="ta">ta </w><w n="199">i</w><w n="200" lemma="ti">ti | </w><w n="201">ta</w><w n="202" lemma="thā">thā </w><w n="203">co</w><w n="204" lemma="ktaṃ">ktaṃ | </w><w n="205">a</w><w n="206" lemma="rtha">rttha</w><w n="207"></w><w n="208"></w><w n="209">vi</w><w n="210">śe</w><w n="211" lemma="ṣa">ṣa </w><w n="212">u</w><w n="213">pā</w><w n="214">dhi</w><w n="215">tā</w><w n="216">daṃ</w><w n="217">ta</w><w n="218">vā</w><w n="219" lemma="cyaḥ">cyaḥ </w><w n="220">sa</w><w n="221">mā</w><w n="222">na</w><w n="223">śa</w><w n="224" lemma="bdaḥ">bdo </w><w n="225" lemma="yaḥ">yaḥ </w><w n="226">a</w><w n="227">nu</w><w n="228">pā</w><w n="229" lemma="dhiḥ">dhiḥ </w><w n="230">a</w><w n="231"></w><w n="232" lemma="taḥ">to </w><w n="233" lemma="nyaḥ">nyaḥ </w><w n="234">syā</w><w n="235" lemma="chlā">t_ ślā</w><w n="236">ghā</w><w n="237">di</w><w n="238">vi</w><w n="239">śe</w><w n="240">ṣa</w><w n="241" lemma="ṇaṃ">ṇaṃ </w><w n="242">ya</w><w n="243">dva</w><w n="244" lemma="ti">d i</w><w n="245" lemma="tyā">ty ā</w><w n="246"></w><w n="247">śaṃ</w><w n="248" lemma="kya">kya </w><w n="249">sa</w><w n="250">dṛ</w><w n="251">śa</w><w n="252">ta</w><w n="253" lemma="raṃ">ram </w><w n="254"></w><w n="255">a</w><w n="256" lemma="tra">tra </w><w n="257">ni</w><w n="258">da</w><w n="259">rśa</w><w n="260" lemma="naṃ">nam </w><w n="261">ā</w><w n="262" lemma="ha">ha || </w>
</text></TEI>
<TEI n="A">
<text>
<w n="0">na</w><w n="1" lemma="nu">nu </w><w n="2">kā</w><w n="3" lemma="ko">ko </w><w n="4" lemma="sti">sti </w><w n="5">vi</w><w n="6">la</w><w n="7">kṣa</w><w n="8">ṇā</w><w n="9" lemma="tga">d ga</w><w n="10">hā</w><w n="11"></w><w n="12" lemma="tbhe">t_ bhe</w><w n="13">de</w><w n="14">nā</w><w n="15">ya</w><w n="16">dhā</w><w n="17">rya</w><w n="18">mā</w><w n="19" lemma="ṇaḥ">ṇo </w><w n="20" lemma="mā">mā </w><w n="21">bhū</w><w n="22" lemma="tgṛ">d gṛ</w><w n="23">ha</w><w n="24">śa</w><w n="25">bdā</w><w n="26">bhi</w><w n="27">dhe</w><w n="28" lemma="yaḥ">yaḥ </w><w n="29">gha</w><w n="30">ṭhā</w><w n="31">da</w><w n="32" lemma="yaḥ">yas </w><w n="33" lemma="tvā">tv ā</w><w n="34">kāṃ</w><w n="35" lemma="rā">rā </w><w n="36">pṛ</w><w n="37">tha</w><w n="38">ga</w><w n="39">nu</w><w n="40">pa</w><w n="41">la</w><w n="42"></w><w n="43">bhya</w><w n="44">mā</w><w n="45">na</w><w n="46">ta</w><w n="47" lemma="tvāḥ">tvāḥ </w><w n="48">ka</w><w n="49" lemma="thaṃ">tham </w><w n="50">i</w><w n="51" lemma="va">va </w><w n="52">ta</w><w n="53">cha</w><w n="54" lemma="bdaiḥ">bdair </w><w n="55">nā</w><w n="56">bhi</w><w n="57">dhī</w><w n="58">ye</w><w n="59">ra</w><w n="60" lemma="na">n_ a</w><w n="61" lemma="nyo">nyo </w><w n="62" lemma="pyu">py u</w><w n="63">pā</w><w n="64">dhi</w><w n="65">rū</w><w n="66">pa</w><w n="67">la</w><w n="68">kṣa</w><w n="69">ṇa</w><w n="70">bhū</w><w n="71" lemma="taḥ">taḥ </w><w n="72">sā</w><w n="73">mā</w><w n="74"></w><w n="75">nā</w><w n="76"></w><w n="77"></w><w n="78"></w><w n="79"></w><w n="80"></w><w n="81"></w><w n="82"></w><w n="83"></w><w n="84"></w><w n="85"></w><w n="86">dhi</w><w n="87"></w><w n="88">ka</w><w n="89">ra</w><w n="90">ṇye</w><w n="91">nā</w><w n="92">va</w><w n="93">che</w><w n="94">da</w><w n="95" lemma="kaḥ">kaḥ </w><w n="96">ta</w><w n="97" lemma="tya">d ya</w><w n="98" lemma="thā">thā </w><w n="99">i</w><w n="100" lemma="ti">ti </w><w n="101">ha</w><w n="102" lemma="riḥ">rir </w><w n="103"></w><w n="104"></w><w n="105">i</w><w n="106" lemma="tya">ty a</w><w n="107" lemma="tra">tra </w><w n="108">pa</w><w n="109" lemma="śuḥ">śuḥ </w><w n="110">a</w><w n="111" lemma="nya">nya </w><w n="112" lemma="tu">tu </w><w n="113">vi</w><w n="114">śe</w><w n="115">ṣa</w><w n="116" lemma="ṇaṃ">ṇam </w><w n="117">a</w><w n="118">pṛ</w><w n="119">tha</w><w n="120"></w><w n="121" lemma="khśa">k_śa</w><w n="122">bda</w><w n="123">vā</w><w n="124" lemma="cyaṃ">cyam </w><w n="125">u</w><w n="126">pa</w><w n="127">raṃ</w><w n="128">ja</w><w n="129"></w><w n="130" lemma="kaṃ">kaṃ </w><w n="131">ta</w><w n="132" lemma="tya">d ya</w><w n="133" lemma="thā">thā </w><w n="134">vā</w><w n="135">ne</w><w n="136" lemma="yaṃ">yam </w><w n="137">u</w><w n="138">da</w><w n="139" lemma="kaṃ">kam </w><w n="140">i</w><w n="141" lemma="ti">ti </w><w n="142">va</w><w n="143">na</w><w n="144">saṃ</w><w n="145">baṃ</w><w n="146">dho</w><w n="147">pā</w><w n="148"></w><w n="149">dhī</w><w n="150">ya</w><w n="151">mā</w><w n="152">na</w><w n="153">rū</w><w n="154">pa</w><w n="155">vi</w><w n="156">śe</w><w n="157">ṣa</w><w n="158"></w><w n="159"></w><w n="160" lemma="ṇaṃ">ṇam </w><w n="161">a</w><w n="162">bhi</w><w n="163">dhī</w><w n="164">ya</w><w n="165" lemma="ta">ta </w><w n="166">i</w><w n="167" lemma="ti">ti </w><w n="168">va</w><w n="169">ca</w><w n="170">na</w><w n="171">śa</w><w n="172">rī</w><w n="173">ra</w><w n="174">saṃ</w><w n="175">baṃ</w><w n="176" lemma="dhaḥ">dho </w><w n="177"></w><w n="178">vi</w><w n="179">śe</w><w n="180">ṣa</w><w n="181" lemma="ṇaṃ">ṇam </w><w n="182">u</w><w n="183">pa</w><w n="184">raṃ</w><w n="185">ja</w><w n="186">ka</w><w n="187">ta</w><w n="188">yā</w><w n="189">bhi</w><w n="190">dhe</w><w n="191">ya</w><w n="192" lemma="kaṃ">kam </w><w n="193"></w><w n="194">ā</w><w n="195"></w><w n="196">pa</w><w n="197">dya</w><w n="198" lemma="ta">ta </w><w n="199">i</w><w n="200" lemma="ti">ti </w><w n="201">ta</w><w n="202" lemma="thā">thā </w><w n="203">co</w><w n="204" lemma="ktaṃ">ktaṃ </w><w n="205">a</w><w n="206">rtha</w><w n="207"></w><w n="208"></w><w n="209">vi</w><w n="210">śe</w><w n="211" lemma="ṣa">ṣa </w><w n="212">u</w><w n="213">pā</w><w n="214" lemma="dhiḥ">dhis </w><w n="215">ta</w><w n="216">da</w><w n="217">nu</w><w n="218">vā</w><w n="219" lemma="cyaḥ">cyaḥ </w><w n="220">sa</w><w n="221">mā</w><w n="222">na</w><w n="223">śa</w><w n="224" lemma="bdaḥ">bdo </w><w n="225" lemma="yaḥ">yaḥ </w><w n="226">a</w><w n="227">nu</w><w n="228">pā</w><w n="229" lemma="dhiḥ">dhir </w><w n="230">a</w><w n="231"></w><w n="232">no</w><w n="233" lemma="nya">nya </w><w n="234">syā</w><w n="235" lemma="chlā">t_ ślā</w><w n="236">ghā</w><w n="237">di</w><w n="238">vi</w><w n="239">śe</w><w n="240">ṣa</w><w n="241" lemma="ṇaṃ">ṇaṃ </w><w n="242">ya</w><w n="243">dva</w><w n="244" lemma="ti">d i</w><w n="245" lemma="tyā">ty ā</w><w n="246"></w><w n="247">śaṃ</w><w n="248" lemma="kya">kya </w><w n="249">sa</w><w n="250">dṛ</w><w n="251">śa</w><w n="252">ta</w><w n="253" lemma="raṃ">ram </w><w n="254"></w><w n="255">a</w><w n="256" lemma="tra">tra </w><w n="257">ni</w><w n="258">da</w><w n="259">rśa</w><w n="260" lemma="naṃ">nam </w><w n="261">ā</w><w n="262" lemma="ha">ha || </w>
</text></TEI>
<TEI n="V">
<text>
<w n="0">na</w><w n="1" lemma="nu">nu </w><w n="2">kā</w><w n="3" lemma="ko">ko </w><w n="4" lemma="sti">sti </w><w n="5">vi</w><w n="6">la</w><w n="7">kṣa</w><w n="8">ṇā</w><w n="9" lemma="tgra">d gra</w><w n="10">hā</w><w n="11" lemma="ta">ta </w><w n="12">bhe</w><w n="13">de</w><w n="14">nā</w><w n="15">va</w><w n="16">dhā</w><w n="17">rya</w><w n="18">mā</w><w n="19" lemma="ṇaḥ">ṇo </w><w n="20" lemma="mā">mā </w><w n="21">bhū</w><w n="22" lemma="tga">d ga</w><w n="23">ha</w><w n="24">śa</w><w n="25">bdā</w><w n="26">bhi</w><w n="27">dhe</w><w n="28" lemma="yaḥ">yaḥ </w><w n="29">gha</w><w n="30">ṭā</w><w n="31">da</w><w n="32" lemma="yaḥ">yas </w><w n="33" lemma="tvā">tv ā</w><w n="34">kā</w><w n="35" lemma="rāḥ">rāḥ </w><w n="36">pṛ</w><w n="37">tha</w><w n="38">ga</w><w n="39">nu</w><w n="40">pa</w><w n="41">la</w><w n="42"></w><w n="43">bhya</w><w n="44">mā</w><w n="45">na</w><w n="46">ta</w><w n="47" lemma="tvā">tvā </w><w n="48">ka</w><w n="49" lemma="thaṃ">tham </w><w n="50">i</w><w n="51" lemma="va">va </w><w n="52">ta</w><w n="53">cha</w><w n="54" lemma="bdaiḥ">bdair </w><w n="55">nā</w><w n="56">bhi</w><w n="57">dhā</w><w n="58">ye</w><w n="59">ra</w><w n="60" lemma="na">n_ a</w><w n="61" lemma="nyo">nyo </w><w n="62" lemma="pyu">py u</w><w n="63">pā</w><w n="64">dhi</w><w n="65">rū</w><w n="66">pa</w><w n="67">la</w><w n="68">kṣa</w><w n="69">ṇa</w><w n="70">bhū</w><w n="71" lemma="taḥ">taḥ </w><w n="72">sā</w><w n="73">mā</w><w n="74"></w><w n="75">nā</w><w n="76"></w><w n="77"></w><w n="78"></w><w n="79"></w><w n="80"></w><w n="81"></w><w n="82"></w><w n="83"></w><w n="84"></w><w n="85"></w><w n="86">dhi</w><w n="87"></w><w n="88">ka</w><w n="89">ra</w><w n="90">ṇye</w><w n="91">nā</w><w n="92">va</w><w n="93">che</w><w n="94">da</w><w n="95" lemma="kaḥ">kaḥ </w><w n="96">ta</w><w n="97" lemma="tya">d ya</w><w n="98" lemma="thā">thā </w><w n="99">i</w><w n="100" lemma="ti">ti </w><w n="101">ha</w><w n="102" lemma="riḥ">rir </w><w n="103"></w><w n="104"></w><w n="105">i</w><w n="106" lemma="tya">ty a</w><w n="107" lemma="tra">tra </w><w n="108">pa</w><w n="109" lemma="śuḥ">śuḥ </w><w n="110">a</w><w n="111" lemma="nya">nya </w><w n="112" lemma="tu">tu </w><w n="113">vi</w><w n="114">śe</w><w n="115">ṣa</w><w n="116" lemma="ṇaṃ">ṇam </w><w n="117">a</w><w n="118">pṛ</w><w n="119">tha</w><w n="120"></w><w n="121" lemma="khśa">k_śa</w><w n="122">bda</w><w n="123">vā</w><w n="124" lemma="cyaṃ">cyam </w><w n="125">u</w><w n="126">pa</w><w n="127">ra</w><w n="128">jaṃ</w><w n="129"></w><w n="130" lemma="kaṃ">kaṃ </w><w n="131">ta</w><w n="132" lemma="tya">d ya</w><w n="133" lemma="vyā">vyā </w><w n="134">cā</w><w n="135">ne</w><w n="136" lemma="yaṃ">yam </w><w n="137">u</w><w n="138">da</w><w n="139">ka</w><w n="140">vi</w><w n="141" lemma="ni">ni </w><w n="142">va</w><w n="143">na</w><w n="144">saṃ</w><w n="145">ba</w><w n="146">dho</w><w n="147">pa</w><w n="148">yā</w><w n="149">dhā</w><w n="150">ya</w><w n="151">mā</w><w n="152">na</w><w n="153">rū</w><w n="154">pa</w><w n="155">vi</w><w n="156">śe</w><w n="157">ṣa</w><w n="158"></w><w n="159"></w><w n="160" lemma="ṇaṃ">ṇam </w><w n="161">a</w><w n="162">bhi</w><w n="163">dhā</w><w n="164">ya</w><w n="165" lemma="ta">ta </w><w n="166" lemma="i">i </w><w n="167"></w><w n="168">va</w><w n="169"></w><w n="170">na</w><w n="171">śa</w><w n="172">rī</w><w n="173">ra</w><w n="174">sa</w><w n="175">baṃ</w><w n="176" lemma="dhaḥ">dho </w><w n="177"></w><w n="178">vi</w><w n="179">śe</w><w n="180">ṣa</w><w n="181" lemma="ṇaṃ">ṇam </w><w n="182">u</w><w n="183">pa</w><w n="184">raṃ</w><w n="185">ja</w><w n="186">ka</w><w n="187">ta</w><w n="188">rya</w><w n="189">bhi</w><w n="190">dhe</w><w n="191">ya</w><w n="192" lemma="kaṃ">kam </w><w n="193"></w><w n="194">ā</w><w n="195"></w><w n="196">pa</w><w n="197">dya</w><w n="198" lemma="ta">ta </w><w n="199">i</w><w n="200" lemma="ti">ti </w><w n="201">ta</w><w n="202" lemma="thā">thā </w><w n="203">co</w><w n="204" lemma="ktaṃ">ktaṃ </w><w n="205">ā</w><w n="206" lemma="ryā">ryā </w><w n="207">a</w><w n="208">rtha</w><w n="209">vi</w><w n="210">śe</w><w n="211" lemma="ṣa">ṣa </w><w n="212">u</w><w n="213">pā</w><w n="214" lemma="dhiḥ">dhis </w><w n="215">ta</w><w n="216">da</w><w n="217">nu</w><w n="218">vā</w><w n="219" lemma="cyaḥ">cyaḥ </w><w n="220">sa</w><w n="221">mā</w><w n="222">na</w><w n="223">śa</w><w n="224" lemma="bdaḥ">bdo </w><w n="225" lemma="yaḥ">yaḥ </w><w n="226">a</w><w n="227">nu</w><w n="228">pā</w><w n="229" lemma="dhiḥ">dhir </w><w n="230">a</w><w n="231"></w><w n="232" lemma="taḥ">to </w><w n="233" lemma="nyaḥ">nyaḥ </w><w n="234">syā</w><w n="235" lemma="chlā">t_ ślā</w><w n="236">ghā</w><w n="237">di</w><w n="238">vi</w><w n="239">śe</w><w n="240">ṣa</w><w n="241" lemma="ṇaṃ">ṇaṃ </w><w n="242">ya</w><w n="243">dva</w><w n="244" lemma="ti">d i</w><w n="245" lemma="tyā">ty ā</w><w n="246"></w><w n="247">śaṃ</w><w n="248" lemma="kya">kya </w><w n="249">sa</w><w n="250">dṛ</w><w n="251">śa</w><w n="252">ta</w><w n="253" lemma="raṃ">ram </w><w n="254"></w><w n="255">a</w><w n="256" lemma="tra">tra </w><w n="257">ni</w><w n="258">da</w><w n="259">rśa</w><w n="260" lemma="naṃ">nam </w><w n="261">ā</w><w n="262" lemma="ha">ha </w>
</text></TEI>
<TEI n="K">
<text>
<w n="0">na</w><w n="1" lemma="nu">nu </w><w n="2">kā</w><w n="3" lemma="ko">ko </w><w n="4" lemma="sti">sti </w><w n="5">vi</w><w n="6">la</w><w n="7">kṣa</w><w n="8">ṇā</w><w n="9" lemma="tga">d ga</w><w n="10">hā</w><w n="11" lemma="ta">ta </w><w n="12">bhe</w><w n="13">de</w><w n="14">nā</w><w n="15">va</w><w n="16">dhā</w><w n="17">rya</w><w n="18">mā</w><w n="19" lemma="ṇaḥ">ṇo </w><w n="20" lemma="mā">mā </w><w n="21">bhū</w><w n="22" lemma="tga">d ga</w><w n="23">ha</w><w n="24">śa</w><w n="25">bdā</w><w n="26">bhi</w><w n="27">dhe</w><w n="28" lemma="yaḥ">yaḥ </w><w n="29">gha</w><w n="30">ṭā</w><w n="31">da</w><w n="32" lemma="yaḥ">yas </w><w n="33" lemma="tvā">tv ā</w><w n="34">kā</w><w n="35" lemma="rāḥ">rāḥ </w><w n="36">pṛ</w><w n="37">tha</w><w n="38">ga</w><w n="39">nu</w><w n="40">pa</w><w n="41">la</w><w n="42"></w><w n="43">bhya</w><w n="44">mā</w><w n="45">na</w><w n="46">ta</w><w n="47" lemma="tvā">tvā </w><w n="48">ka</w><w n="49" lemma="thaṃ">tham </w><w n="50">i</w><w n="51" lemma="va">va </w><w n="52">ta</w><w n="53">cha</w><w n="54" lemma="bdaiḥ">bdair </w><w n="55">nā</w><w n="56">bhi</w><w n="57">dhā</w><w n="58">ye</w><w n="59">ra</w><w n="60" lemma="na">n_ a</w><w n="61" lemma="nyo">nyo </w><w n="62" lemma="pyu">py u</w><w n="63">pā</w><w n="64">dhi</w><w n="65">rū</w><w n="66">pa</w><w n="67">la</w><w n="68">kṣa</w><w n="69">ṇa</w><w n="70">bhū</w><w n="71" lemma="taḥ">taḥ </w><w n="72">sā</w><w n="73">mā</w><w n="74"></w><w n="75">nā</w><w n="76"></w><w n="77"></w><w n="78"></w><w n="79"></w><w n="80"></w><w n="81"></w><w n="82"></w><w n="83"></w><w n="84"></w><w n="85"></w><w n="86">dhi</w><w n="87"></w><w n="88">ka</w><w n="89">ra</w><w n="90">ṇye</w><w n="91">nā</w><w n="92">va</w><w n="93">che</w><w n="94">da</w><w n="95" lemma="kaḥ">kaḥ </w><w n="96">ta</w><w n="97" lemma="tya">d ya</w><w n="98" lemma="thā">thā </w><w n="99">i</w><w n="100" lemma="ti">ti </w><w n="101">ha</w><w n="102" lemma="riḥ">rir </w><w n="103"></w><w n="104"></w><w n="105">i</w><w n="106" lemma="tya">ty a</w><w n="107" lemma="tra">tra </w><w n="108">pa</w><w n="109" lemma="śuḥ">śuḥ </w><w n="110">a</w><w n="111">nya</w><w n="112" lemma="ttu">t tu </w><w n="113">vi</w><w n="114">śe</w><w n="115">ṣa</w><w n="116" lemma="ṇaṃ">ṇam </w><w n="117">a</w><w n="118">pṛ</w><w n="119">tha</w><w n="120"></w><w n="121" lemma="khśa">k_śa</w><w n="122">bda</w><w n="123">vā</w><w n="124" lemma="cyaṃ">cyam </w><w n="125">u</w><w n="126">pa</w><w n="127">ra</w><w n="128">jaṃ</w><w n="129"></w><w n="130" lemma="kaṃ">kaṃ </w><w n="131">ta</w><w n="132" lemma="tya">d ya</w><w n="133" lemma="vyā">vyā </w><w n="134">cā</w><w n="135">ne</w><w n="136" lemma="yaṃ">yam </w><w n="137">u</w><w n="138">da</w><w n="139" lemma="kaṃ">kam </w><w n="140">i</w><w n="141" lemma="ti">ti </w><w n="142">va</w><w n="143">na</w><w n="144">saṃ</w><w n="145">ba</w><w n="146">dho</w><w n="147">pa</w><w n="148">yā</w><w n="149">dhā</w><w n="150">ya</w><w n="151">mā</w><w n="152">na</w><w n="153">rū</w><w n="154">pa</w><w n="155">vi</w><w n="156">śe</w><w n="157">ṣa</w><w n="158"></w><w n="159"></w><w n="160" lemma="ṇaṃ">ṇam </w><w n="161">a</w><w n="162">bhi</w><w n="163">dhā</w><w n="164">ya</w><w n="165" lemma="ta">ta </w><w n="166">i</w><w n="167" lemma="ti">ti </w><w n="168">va</w><w n="169"></w><w n="170">na</w><w n="171">śa</w><w n="172">rī</w><w n="173">ra</w><w n="174">sa</w><w n="175">baṃ</w><w n="176" lemma="dhaḥ">dho </w><w n="177"></w><w n="178">vi</w><w n="179">śe</w><w n="180">ṣa</w><w n="181" lemma="ṇaṃ">ṇam </w><w n="182">u</w><w n="183">pa</w><w n="184">raṃ</w><w n="185">ja</w><w n="186">ka</w><w n="187">ta</w><w n="188">rya</w><w n="189">bhi</w><w n="190">dhe</w><w n="191">ya</w><w n="192" lemma="kaṃ">kam </w><w n="193"></w><w n="194">ā</w><w n="195"></w><w n="196">pa</w><w n="197">dya</w><w n="198" lemma="ta">ta </w><w n="199">i</w><w n="200" lemma="ti">ti </w><w n="201">ta</w><w n="202" lemma="thā">thā </w><w n="203">co</w><w n="204" lemma="ktaṃ">ktaṃ | </w><w n="205">ā</w><w n="206" lemma="ryā">ryā </w><w n="207">a</w><w n="208">rtha</w><w n="209">vi</w><w n="210">śe</w><w n="211" lemma="ṣa">ṣa </w><w n="212">u</w><w n="213">pā</w><w n="214" lemma="dhiḥ">dhis </w><w n="215">ta</w><w n="216">da</w><w n="217">nu</w><w n="218">vā</w><w n="219" lemma="cyaḥ">cyaḥ </w><w n="220">sa</w><w n="221">mā</w><w n="222">na</w><w n="223">śa</w><w n="224" lemma="bdaḥ">bdo </w><w n="225" lemma="yaḥ">yaḥ </w><w n="226">a</w><w n="227">nu</w><w n="228">pā</w><w n="229" lemma="dhiḥ">dhir </w><w n="230">a</w><w n="231"></w><w n="232" lemma="taḥ">to </w><w n="233" lemma="nyaḥ">nyaḥ </w><w n="234">syā</w><w n="235" lemma="chlā">t_ ślā</w><w n="236">ghā</w><w n="237">di</w><w n="238">vi</w><w n="239">śe</w><w n="240">ṣa</w><w n="241" lemma="ṇaṃ">ṇaṃ </w><w n="242">ya</w><w n="243">dva</w><w n="244" lemma="ti">d i</w><w n="245" lemma="tyā">ty ā</w><w n="246"></w><w n="247">śaṃ</w><w n="248" lemma="kya">kya </w><w n="249">sa</w><w n="250">dṛ</w><w n="251">śa</w><w n="252">ta</w><w n="253" lemma="raṃ">ram </w><w n="254"></w><w n="255">a</w><w n="256" lemma="tra">tra </w><w n="257">ni</w><w n="258">da</w><w n="259">rśa</w><w n="260" lemma="naṃ">nam </w><w n="261">ā</w><w n="262" lemma="ha">ha || </w>
</text></TEI>
<TEI n="D">
<text>
<w n="0">na</w><w n="1" lemma="nu">nu </w><w n="2">kā</w><w n="3" lemma="ko">ko </w><w n="4" lemma="sti">sti </w><w n="5">vi</w><w n="6">la</w><w n="7">kṣa</w><w n="8">ṇā</w><w n="9" lemma="tgṛ">d gṛ</w><w n="10">hā</w><w n="11"></w><w n="12" lemma="tbhe">t_ bhe</w><w n="13">de</w><w n="14">nā</w><w n="15">va</w><w n="16">dhā</w><w n="17">rya</w><w n="18">mā</w><w n="19" lemma="ṇaḥ">ṇo </w><w n="20" lemma="mā">mā </w><w n="21">bhū</w><w n="22" lemma="tgṛ">d gṛ</w><w n="23">ha</w><w n="24">śa</w><w n="25">bdā</w><w n="26">bhi</w><w n="27">dhe</w><w n="28" lemma="yaḥ">yaḥ </w><w n="29">gha</w><w n="30">ṭā</w><w n="31">da</w><w n="32" lemma="yaḥ">yas </w><w n="33" lemma="tvā">tv ā</w><w n="34">kā</w><w n="35" lemma="rāḥ">rāḥ </w><w n="36">pṛ</w><w n="37">tha</w><w n="38">ga</w><w n="39">nu</w><w n="40">pa</w><w n="41">la</w><w n="42"></w><w n="43">bhya</w><w n="44">mā</w><w n="45">na</w><w n="46">ta</w><w n="47" lemma="tvāḥ">tvāḥ </w><w n="48">ka</w><w n="49" lemma="thaṃ">tham </w><w n="50">i</w><w n="51" lemma="va">va </w><w n="52">ta</w><w n="53">cha</w><w n="54" lemma="bdaiḥ">bdair </w><w n="55">nā</w><w n="56">bhi</w><w n="57">dhī</w><w n="58">ye</w><w n="59">ra</w><w n="60" lemma="na">n_ a</w><w n="61" lemma="nyo">nyo </w><w n="62" lemma="pyu">py u</w><w n="63">pā</w><w n="64">dhi</w><w n="65">rū</w><w n="66">pa</w><w n="67">la</w><w n="68">kṣa</w><w n="69">ṇa</w><w n="70">bhū</w><w n="71" lemma="taḥ">taḥ </w><w n="72">sā</w><w n="73">mā</w><w n="74"></w><w n="75">nā</w><w n="76"></w><w n="77"></w><w n="78"></w><w n="79"></w><w n="80"></w><w n="81"></w><w n="82"></w><w n="83"></w><w n="84"></w><w n="85"></w><w n="86">dhi</w><w n="87"></w><w n="88">ka</w><w n="89">ra</w><w n="90">ṇye</w><w n="91">nā</w><w n="92">va</w><w n="93">che</w><w n="94">da</w><w n="95" lemma="kaḥ">kaḥ </w><w n="96">ta</w><w n="97" lemma="tya">d ya</w><w n="98" lemma="thā">thā | </w><w n="99">dṛ</w><w n="100">ti</w><w n="101">ha</w><w n="102" lemma="riḥ">rir </w><w n="103"></w><w n="104"></w><w n="105">i</w><w n="106" lemma="tya">ty a</w><w n="107" lemma="tra">tra </w><w n="108">pa</w><w n="109" lemma="śuḥ">śuḥ </w><w n="110">a</w><w n="111">nya</w><w n="112" lemma="ttu">t tu </w><w n="113">vi</w><w n="114">śe</w><w n="115">ṣa</w><w n="116" lemma="ṇaṃ">ṇam </w><w n="117">a</w><w n="118">pṛ</w><w n="119">tha</w><w n="120"></w><w n="121" lemma="khśa">k_śa</w><w n="122">bda</w><w n="123">vā</w><w n="124" lemma="cyaṃ">cyam </w><w n="125">u</w><w n="126">pa</w><w n="127">raṃ</w><w n="128">ja</w><w n="129"></w><w n="130" lemma="kaṃ">kaṃ </w><w n="131">ta</w><w n="132" lemma="tya">d ya</w><w n="133" lemma="thā">thā </w><w n="134">vā</w><w n="135">ne</w><w n="136" lemma="yaṃ">yam </w><w n="137">u</w><w n="138">da</w><w n="139" lemma="kaṃ">kam </w><w n="140">i</w><w n="141" lemma="ti">ti </w><w n="142">va</w><w n="143">na</w><w n="144">saṃ</w><w n="145">baṃ</w><w n="146">dho</w><w n="147">pā</w><w n="148"></w><w n="149">dhī</w><w n="150">ya</w><w n="151">mā</w><w n="152">na</w><w n="153">rū</w><w n="154">pa</w><w n="155">vi</w><w n="156">śe</w><w n="157">ṣa</w><w n="158"></w><w n="159"></w><w n="160" lemma="ṇaṃ">ṇam </w><w n="161">a</w><w n="162">bhi</w><w n="163">dhī</w><w n="164">ya</w><w n="165" lemma="ta">ta </w><w n="166">i</w><w n="167" lemma="ti">ti </w><w n="168">va</w><w n="169"></w><w n="170">na</w><w n="171">śa</w><w n="172">rī</w><w n="173">ra</w><w n="174">saṃ</w><w n="175">baṃ</w><w n="176" lemma="dhaḥ">dho </w><w n="177"></w><w n="178">vi</w><w n="179">śe</w><w n="180">ṣa</w><w n="181" lemma="ṇaṃ">ṇam </w><w n="182">u</w><w n="183">pa</w><w n="184">raṃ</w><w n="185">ja</w><w n="186">ka</w><w n="187">ta</w><w n="188">yā</w><w n="189">bhi</w><w n="190">dhe</w><w n="191">ya</w><w n="192" lemma="kaṃ">kam </w><w n="193"></w><w n="194">ā</w><w n="195"></w><w n="196">pa</w><w n="197">dya</w><w n="198" lemma="ta">ta </w><w n="199">i</w><w n="200" lemma="ti">ti </w><w n="201">ta</w><w n="202" lemma="thā">thā </w><w n="203">co</w><w n="204" lemma="ktaṃ">ktaṃ | </w><w n="205">ā</w><w n="206">ryā</w><w n="207"></w><w n="208"></w><w n="209">vi</w><w n="210">śe</w><w n="211" lemma="ṣa">ṣa </w><w n="212">u</w><w n="213">pā</w><w n="214" lemma="dhiḥ">dhis </w><w n="215">ta</w><w n="216">da</w><w n="217">nu</w><w n="218">vā</w><w n="219" lemma="cyaḥ">cyaḥ </w><w n="220">sa</w><w n="221">mā</w><w n="222">na</w><w n="223">śa</w><w n="224" lemma="bdaḥ">bdo </w><w n="225" lemma="yaḥ">yaḥ </w><w n="226">a</w><w n="227">nu</w><w n="228">pā</w><w n="229" lemma="dhiḥ">dhir </w><w n="230">a</w><w n="231"></w><w n="232" lemma="taḥ">to </w><w n="233" lemma="nyaṃ">nyaṃ </w><w n="234">syā</w><w n="235" lemma="chlā">t_ ślā</w><w n="236">ghā</w><w n="237">di</w><w n="238">vi</w><w n="239">śe</w><w n="240">ṣa</w><w n="241" lemma="ṇaṃ">ṇaṃ </w><w n="242">ya</w><w n="243">dva</w><w n="244" lemma="ti">d i</w><w n="245" lemma="tyā">ty ā</w><w n="246"></w><w n="247">śaṃ</w><w n="248" lemma="kya">kya </w><w n="249">sa</w><w n="250">dṛ</w><w n="251">śa</w><w n="252">ta</w><w n="253" lemma="raṃ">ram </w><w n="254"></w><w n="255">a</w><w n="256" lemma="tra">tra </w><w n="257">ni</w><w n="258">da</w><w n="259">rśa</w><w n="260" lemma="naṃ">nam </w><w n="261">ā</w><w n="262" lemma="ha">ha || </w>
</text></TEI>
</teiCorpus>
