<?xml version="1.0" encoding="UTF-8"?>
<teiCorpus xmlns="http://www.tei-c.org/ns/1.0">

<TEI n="GV">
<text>
<w n="0" lemma="vai">|| vai</w><w n="1">kā</w><w n="2">rī</w><w n="3">ka</w><w n="4">sa</w><w n="5">rva</w><w n="6">vya</w><w n="7">va</w><w n="8">hā</w><w n="9">rā</w><w n="10"></w><w n="11">tī</w><w n="12">ta</w><w n="13" lemma="tvā">tvā </w><w n="14">pā</w><w n="15">ra</w><w n="16">mā</w><w n="17">rthi</w><w n="18">ke</w><w n="19" lemma="na">na </w><w n="20">rū</w><w n="21">pe</w><w n="22" lemma="ṇa">ṇa </w><w n="23">vi</w><w n="24">kā</w><w n="25">rā</w><w n="26">tma</w><w n="27" lemma="kaṃ">kaṃ </w><w n="28">ta</w><w n="29" lemma="tvaṃ">tvaṃ </w><w n="30" lemma="na">na </w><w n="31">bha</w><w n="32">va</w><w n="33" lemma="ti">ti | </w><w n="34">ta</w><w n="35" lemma="thā">thā </w><w n="36" lemma="hi">hi </w><w n="37">a</w><w n="38">stī</w><w n="39" lemma="ti">ti </w><w n="40" lemma="na">na </w><w n="41">śa</w><w n="42">kya</w><w n="43" lemma="te">te </w><w n="44">vya</w><w n="45">va</w><w n="46">ha</w><w n="47" lemma="rtuṃ">rtuṃ </w><w n="48">sa</w><w n="49">tvo</w><w n="50">ra</w><w n="51">pā</w><w n="52">dhi</w><w n="53">ka</w><w n="54" lemma="sya">sya </w><w n="55">sva</w><w n="56">rū</w><w n="57">pa</w><w n="58" lemma="sya">sya </w><w n="59">ta</w><w n="60">tva</w><w n="61">sva</w><w n="62">bhā</w><w n="63">va</w><w n="64">yo</w><w n="65" lemma="gā">gā </w><w n="66">te</w><w n="67">nā</w><w n="68">tma</w><w n="69" lemma="nā">nā </w><w n="70">vya</w><w n="71">va</w><w n="72">hā</w><w n="73">rā</w><w n="74">na</w><w n="75">va</w><w n="76">tā</w><w n="77">rā</w><w n="78" lemma="nnā">t_ nā</w><w n="79" lemma="pi">pi </w><w n="80">nā</w><w n="81">stī</w><w n="82" lemma="tya">ty a</w><w n="83">tyaṃ</w><w n="84">tā</w><w n="85">bhā</w><w n="86">vo</w><w n="87">pā</w><w n="88">dhi</w><w n="89">ka</w><w n="90">syā</w><w n="91" lemma="pya">py a</w><w n="92">nya</w><w n="93"></w><w n="94">tvā</w><w n="95" lemma="tpra">t pra</w><w n="96"></w><w n="97">mā</w><w n="98">ṇe</w><w n="99" lemma="na">na </w><w n="100">bhā</w><w n="101">vā</w><w n="102">tma</w><w n="103">ka</w><w n="104" lemma="sya">sya </w><w n="105">ta</w><w n="106">tva</w><w n="107">syā</w><w n="108">ve</w><w n="109">di</w><w n="110">ta</w><w n="111">tvā</w><w n="112" lemma="t">d </w>
</text></TEI>
<TEI n="CT">
<text>
<w n="0">vai</w><w n="1">kā</w><w n="2">ri</w><w n="3">ka</w><w n="4">sa</w><w n="5">rva</w><w n="6">vya</w><w n="7">va</w><w n="8">hā</w><w n="9">rā</w><w n="10"></w><w n="11">tī</w><w n="12">ta</w><w n="13">tvā</w><w n="14" lemma="tpa">t pa</w><w n="15">ra</w><w n="16">mā</w><w n="17">rthi</w><w n="18">ke</w><w n="19" lemma="na">na </w><w n="20">rū</w><w n="21">pe</w><w n="22" lemma="ṇa">ṇa </w><w n="23">vi</w><w n="24">kā</w><w n="25">rā</w><w n="26">tma</w><w n="27" lemma="kaṃ">kaṃ </w><w n="28">ta</w><w n="29" lemma="tvaṃ">tvaṃ </w><w n="30" lemma="na">na </w><w n="31" lemma="bha">bha-</w><w n="32">va</w><w n="33" lemma="ti">ti | </w><w n="34">ta</w><w n="35" lemma="thā">thā </w><w n="36" lemma="hya">hy a</w><w n="37"></w><w n="38">stī</w><w n="39" lemma="ti">ti </w><w n="40" lemma="na">na </w><w n="41">śa</w><w n="42">kya</w><w n="43" lemma="te">te </w><w n="44">vya</w><w n="45">va</w><w n="46">ha</w><w n="47" lemma="rtuṃ">rtum | </w><w n="48">sa</w><w n="49">tto</w><w n="50"></w><w n="51">pā</w><w n="52">dhi</w><w n="53">ka</w><w n="54" lemma="sya">sya </w><w n="55">sva</w><w n="56">rū</w><w n="57">pa</w><w n="58" lemma="sya">sya </w><w n="59">ta</w><w n="60" lemma="tta">t ta</w><w n="61">tsva</w><w n="62">bhā</w><w n="63" lemma="vā">vā-</w><w n="64">yo</w><w n="65">gā</w><w n="66" lemma="tte">t te</w><w n="67">nā</w><w n="68">tma</w><w n="69" lemma="nā">nā </w><w n="70">vya</w><w n="71">va</w><w n="72">hā</w><w n="73">rā</w><w n="74">nu</w><w n="75">va</w><w n="76">tā</w><w n="77">rā</w><w n="78" lemma="nnā">t_ nā</w><w n="79" lemma="pi">pi </w><w n="80">nā</w><w n="81">stī</w><w n="82" lemma="ti">ti </w><w n="83">a</w><w n="84"></w><w n="85">bhā</w><w n="86">vo</w><w n="87">pā</w><w n="88">dhi</w><w n="89">ka</w><w n="90">syā</w><w n="91" lemma="pya">py a</w><w n="92">ta</w><w n="93"></w><w n="94">tvā</w><w n="95" lemma="tpra">t_ pra-</w><w n="96"></w><w n="97">mā</w><w n="98">ṇe</w><w n="99" lemma="na">na </w><w n="100">bhā</w><w n="101">vā</w><w n="102">tma</w><w n="103">ka</w><w n="104" lemma="sya">sya </w><w n="105">ta</w><w n="106">tva</w><w n="107">syā</w><w n="108">ve</w><w n="109">di</w><w n="110">ta</w><w n="111">tvā</w><w n="112" lemma="t">t_ </w>
</text></TEI>
<TEI n="T">
<text>
<w n="0">vai</w><w n="1">kā</w><w n="2">ri</w><w n="3">ka</w><w n="4">sa</w><w n="5" lemma="rva">rvva</w><w n="6">vya</w><w n="7">va</w><w n="8">hā</w><w n="9">rā</w><w n="10"></w><w n="11">tī</w><w n="12">ta</w><w n="13">tvā</w><w n="14" lemma="tpā">t_ pā</w><w n="15">ra</w><w n="16">mā</w><w n="17" lemma="rthi">rtthi</w><w n="18">ke</w><w n="19" lemma="na">na </w><w n="20">rū</w><w n="21">pe</w><w n="22" lemma="ṇa">ṇa </w><w n="23">vi</w><w n="24">kā</w><w n="25">rā</w><w n="26">tma</w><w n="27" lemma="kaṃ">kan </w><w n="28">ta</w><w n="29" lemma="tvaṃ">tvaṃ </w><w n="30" lemma="na">na </w><w n="31">bha</w><w n="32">va</w><w n="33" lemma="ti">ti </w><w n="34">ta</w><w n="35" lemma="thā">thā </w><w n="36" lemma="hya">hy a</w><w n="37"></w><w n="38">stī</w><w n="39" lemma="ti">ti </w><w n="40" lemma="na">na </w><w n="41">śa</w><w n="42">kya</w><w n="43" lemma="te">te </w><w n="44">vya</w><w n="45">va</w><w n="46">ha</w><w n="47" lemma="rtuṃ">rttuṃ </w><w n="48">sa</w><w n="49">tto</w><w n="50"></w><w n="51">pā</w><w n="52">dhi</w><w n="53">ka</w><w n="54" lemma="sya">sya </w><w n="55">sva</w><w n="56">rū</w><w n="57">pa</w><w n="58" lemma="sya">sya </w><w n="59">ta</w><w n="60">tva</w><w n="61">sva</w><w n="62">bhā</w><w n="63">vā</w><w n="64">yo</w><w n="65">gā</w><w n="66" lemma="tte">t te</w><w n="67">nā</w><w n="68">tma</w><w n="69" lemma="nā">nā </w><w n="70">vya</w><w n="71">va</w><w n="72">hā</w><w n="73">rā</w><w n="74">na</w><w n="75">va</w><w n="76">tā</w><w n="77">rā</w><w n="78" lemma="nnā">n nā</w><w n="79" lemma="pi">pi </w><w n="80">nā</w><w n="81">stī</w><w n="82" lemma="ti">ti </w><w n="83">a</w><w n="84"></w><w n="85">bhā</w><w n="86">vo</w><w n="87">pā</w><w n="88">dhi</w><w n="89">ka</w><w n="90">syā</w><w n="91" lemma="pya">py a</w><w n="92">ta</w><w n="93"></w><w n="94">tvā</w><w n="95" lemma="tpra">t_ pra</w><w n="96"></w><w n="97">mā</w><w n="98">ṇe</w><w n="99" lemma="na">na </w><w n="100">bhā</w><w n="101">vā</w><w n="102">tma</w><w n="103">ka</w><w n="104" lemma="sya">sya </w><w n="105">ta</w><w n="106">tva</w><w n="107">syā</w><w n="108">ve</w><w n="109">di</w><w n="110">ta</w><w n="111">tvā</w><w n="112" lemma="t">t_ </w>
</text></TEI>
<TEI n="H">
<text>
<w n="0">vai</w><w n="1">kā</w><w n="2">ri</w><w n="3">ka</w><w n="4">sa</w><w n="5">rva</w><w n="6">vya</w><w n="7">va</w><w n="8">hā</w><w n="9">rā</w><w n="10"></w><w n="11">tī</w><w n="12">ta</w><w n="13">tvā</w><w n="14" lemma="tpā">t pā</w><w n="15">ra</w><w n="16">mā</w><w n="17">rthi</w><w n="18">ke</w><w n="19" lemma="na">na </w><w n="20">rū</w><w n="21">pe</w><w n="22" lemma="ṇa">ṇa </w><w n="23">vi</w><w n="24">kā</w><w n="25">rā</w><w n="26">tma</w><w n="27" lemma="kaṃ">kaṃ </w><w n="28">ta</w><w n="29" lemma="tvaṃ">ttvaṃ </w><w n="30"></w><w n="31">bha</w><w n="32">va</w><w n="33" lemma="ti">ti | </w><w n="34">ta</w><w n="35" lemma="thā">thā </w><w n="36" lemma="hya">hy a</w><w n="37"></w><w n="38">stī</w><w n="39" lemma="ti">ti </w><w n="40" lemma="na">na </w><w n="41">śa</w><w n="42">kya</w><w n="43" lemma="te">te </w><w n="44">vya</w><w n="45">va</w><w n="46">ha</w><w n="47" lemma="rtuṃ">rttuṃ </w><w n="48">sa</w><w n="49">ttau</w><w n="50"></w><w n="51">pā</w><w n="52">dhi</w><w n="53">ka</w><w n="54" lemma="sya">sya </w><w n="55"></w><w n="56">rū</w><w n="57">pa</w><w n="58" lemma="sya">sya </w><w n="59">ta</w><w n="60" lemma="tva">ttva</w><w n="61" lemma="sya">sya </w><w n="62">bhā</w><w n="63">vā</w><w n="64">yo</w><w n="65">gā</w><w n="66" lemma="tte">t te</w><w n="67">nā</w><w n="68">tma</w><w n="69" lemma="nā">nā </w><w n="70">vya</w><w n="71">va</w><w n="72">hā</w><w n="73">rā</w><w n="74">na</w><w n="75">va</w><w n="76">tā</w><w n="77">rā</w><w n="78" lemma="tnā">t | nā</w><w n="79" lemma="pi">pi </w><w n="80">nā</w><w n="81">stī</w><w n="82" lemma="tya">ty a</w><w n="83"></w><w n="84"></w><w n="85">bhā</w><w n="86">vo</w><w n="87">pā</w><w n="88">dhi</w><w n="89">ka</w><w n="90">syā</w><w n="91" lemma="pya">py a</w><w n="92">ta</w><w n="93"></w><w n="94" lemma="tvā">ttvā</w><w n="95" lemma="tpra">t pra</w><w n="96"></w><w n="97">mā</w><w n="98">ṇa</w><w n="99" lemma="na">na </w><w n="100">bhā</w><w n="101">vā</w><w n="102">tma</w><w n="103">ka</w><w n="104" lemma="sya">sya </w><w n="105">ta</w><w n="106" lemma="tva">ttva</w><w n="107">syā</w><w n="108">ve</w><w n="109">di</w><w n="110">ta</w><w n="111">tvā</w><w n="112" lemma="t">d </w>
</text></TEI>
<TEI n="P">
<text>
<w n="0" lemma="vai">| vai</w><w n="1">kā</w><w n="2">rī</w><w n="3">ka</w><w n="4">sa</w><w n="5">rva</w><w n="6">vya</w><w n="7">va</w><w n="8">hā</w><w n="9">rā</w><w n="10"></w><w n="11">tī</w><w n="12">ta</w><w n="13" lemma="tvā">tvā </w><w n="14">pā</w><w n="15">ra</w><w n="16">mā</w><w n="17">rthi</w><w n="18">ke</w><w n="19" lemma="na">na </w><w n="20">rū</w><w n="21">pe</w><w n="22" lemma="ṇa">ṇa </w><w n="23">vi</w><w n="24">kā</w><w n="25">rā</w><w n="26">tma</w><w n="27" lemma="kaṃ">kaṃ </w><w n="28">ta</w><w n="29" lemma="tvaṃ">tvaṃ </w><w n="30" lemma="na">na </w><w n="31">bha</w><w n="32">va</w><w n="33" lemma="ti">ti </w><w n="34">ta</w><w n="35" lemma="thā">thā </w><w n="36" lemma="hi">hi </w><w n="37">a</w><w n="38">stī</w><w n="39" lemma="ti">ti </w><w n="40" lemma="na">na </w><w n="41">śa</w><w n="42">kya</w><w n="43" lemma="te">te </w><w n="44">vya</w><w n="45">va</w><w n="46">ha</w><w n="47" lemma="rtuṃ">rttuṃ </w><w n="48">sa</w><w n="49">tvo</w><w n="50"></w><w n="51">pā</w><w n="52">dhi</w><w n="53">ka</w><w n="54" lemma="sya">sya </w><w n="55">sva</w><w n="56">rū</w><w n="57">pa</w><w n="58" lemma="sya">sya </w><w n="59">ta</w><w n="60">tva</w><w n="61">sva</w><w n="62">bhā</w><w n="63">va</w><w n="64">yo</w><w n="65" lemma="gā">gā </w><w n="66">te</w><w n="67">nā</w><w n="68">tma</w><w n="69" lemma="nā">nā </w><w n="70">vya</w><w n="71">va</w><w n="72">hā</w><w n="73">rā</w><w n="74">na</w><w n="75">va</w><w n="76">tā</w><w n="77">rā</w><w n="78" lemma="nnā">t_ nā</w><w n="79" lemma="pi">pi </w><w n="80">nā</w><w n="81">stī</w><w n="82" lemma="tya">ty a</w><w n="83">tyaṃ</w><w n="84">tā</w><w n="85">bhā</w><w n="86">vo</w><w n="87">pā</w><w n="88">dhi</w><w n="89">ka</w><w n="90">syā</w><w n="91" lemma="pya">py a</w><w n="92">nya</w><w n="93"></w><w n="94">tvā</w><w n="95" lemma="tpra">t pra</w><w n="96"></w><w n="97">mā</w><w n="98">ṇe</w><w n="99" lemma="na">na </w><w n="100">bhā</w><w n="101">vā</w><w n="102">tma</w><w n="103">ka</w><w n="104" lemma="sya">sya </w><w n="105">ta</w><w n="106">tva</w><w n="107">syā</w><w n="108">ve</w><w n="109">di</w><w n="110">ta</w><w n="111">tvā</w><w n="112" lemma="t">d </w>
</text></TEI>
<TEI n="M">
<text>
<w n="0" lemma="vai">|| vai</w><w n="1">kā</w><w n="2">ri</w><w n="3">ka</w><w n="4">sa</w><w n="5">rva</w><w n="6">vya</w><w n="7">va</w><w n="8">hā</w><w n="9">rā</w><w n="10"></w><w n="11">tī</w><w n="12">ta</w><w n="13">tvā</w><w n="14" lemma="tpā">t pā</w><w n="15">ra</w><w n="16">mā</w><w n="17">rthi</w><w n="18">ke</w><w n="19" lemma="na">na </w><w n="20">rū</w><w n="21">pe</w><w n="22" lemma="ṇa">ṇa </w><w n="23">vi</w><w n="24">kā</w><w n="25">rā</w><w n="26">tma</w><w n="27" lemma="kaṃ">kaṃ </w><w n="28">ta</w><w n="29" lemma="tvaṃ">tvaṃ </w><w n="30" lemma="na">na </w><w n="31">bha</w><w n="32">va</w><w n="33" lemma="ti">ti | </w><w n="34">ta</w><w n="35" lemma="thā">thā </w><w n="36" lemma="hi">hi | </w><w n="37">a</w><w n="38">stī</w><w n="39" lemma="ti">ti </w><w n="40" lemma="na">na </w><w n="41">śa</w><w n="42">kya</w><w n="43" lemma="te">te </w><w n="44">vya</w><w n="45">va</w><w n="46">ha</w><w n="47" lemma="rtuṃ">rttuṃ | </w><w n="48">sa</w><w n="49">tvo</w><w n="50"></w><w n="51">pā</w><w n="52">dhi</w><w n="53">ka</w><w n="54" lemma="sya">sya </w><w n="55">sva</w><w n="56">rū</w><w n="57">pa</w><w n="58" lemma="sya">sya </w><w n="59">ta</w><w n="60">tva</w><w n="61">sva</w><w n="62">bhā</w><w n="63">va</w><w n="64">yo</w><w n="65">gā</w><w n="66" lemma="tte">t te</w><w n="67">nā</w><w n="68">tma</w><w n="69" lemma="nā">nā </w><w n="70">vya</w><w n="71">va</w><w n="72">hā</w><w n="73">rā</w><w n="74">na</w><w n="75">va</w><w n="76">tā</w><w n="77">rā</w><w n="78" lemma="tnā">t | nā</w><w n="79" lemma="pi">pi </w><w n="80">nā</w><w n="81">stī</w><w n="82" lemma="tya">ty a</w><w n="83">tyaṃ</w><w n="84">tā</w><w n="85">bhā</w><w n="86">vo</w><w n="87">pā</w><w n="88">dhi</w><w n="89">ka</w><w n="90">syā</w><w n="91" lemma="pya">py a</w><w n="92">nya</w><w n="93"></w><w n="94">tvā</w><w n="95" lemma="tpra">t pra</w><w n="96"></w><w n="97">mā</w><w n="98">ṇe</w><w n="99" lemma="na">na </w><w n="100">bhā</w><w n="101">vā</w><w n="102">tma</w><w n="103">ka</w><w n="104" lemma="sya">sya </w><w n="105">ta</w><w n="106">tva</w><w n="107">syā</w><w n="108">ve</w><w n="109">di</w><w n="110">ta</w><w n="111">tvā</w><w n="112" lemma="t">d</w>
</text></TEI>
<TEI n="G2">
<text>
<w n="0">vai</w><w n="1">kā</w><w n="2">ri</w><w n="3">ka</w><w n="4">sa</w><w n="5">rva</w><w n="6">vya</w><w n="7">va</w><w n="8">hā</w><w n="9" lemma="raṃ">ram </w><w n="10">a</w><w n="11">tī</w><w n="12">ga</w><w n="13">tvā</w><w n="14" lemma="tpā">t pā</w><w n="15">ra</w><w n="16">mā</w><w n="17">rthi</w><w n="18">ke</w><w n="19" lemma="na">na </w><w n="20">rū</w><w n="21">pe</w><w n="22" lemma="ṇa">ṇa </w><w n="23">vi</w><w n="24">kā</w><w n="25">rā</w><w n="26">tma</w><w n="27" lemma="kaṃ">kaṃ </w><w n="28">ta</w><w n="29" lemma="tvaṃ">tvaṃ </w><w n="30" lemma="na">na </w><w n="31">bha</w><w n="32">va</w><w n="33" lemma="ti">ti </w><w n="34">ta</w><w n="35" lemma="thā">thā </w><w n="36" lemma="hi">hi </w><w n="37">a</w><w n="38">sī</w><w n="39" lemma="ti">ti </w><w n="40" lemma="na">na </w><w n="41">śa</w><w n="42">kya</w><w n="43" lemma="te">te </w><w n="44">vya</w><w n="45">va</w><w n="46">ha</w><w n="47" lemma="rbhu">rbhu </w><w n="48">sa</w><w n="49">tvo</w><w n="50"></w><w n="51">pā</w><w n="52">dhi</w><w n="53">ka</w><w n="54" lemma="sya">sya </w><w n="55">sva</w><w n="56">rū</w><w n="57">pa</w><w n="58" lemma="sya">sya </w><w n="59">ta</w><w n="60">tva</w><w n="61" lemma="sya">sya </w><w n="62">bhā</w><w n="63">va</w><w n="64">yo</w><w n="65">gā</w><w n="66" lemma="tte">t te</w><w n="67">nā</w><w n="68">tma</w><w n="69" lemma="nā">nā </w><w n="70">vya</w><w n="71">va</w><w n="72">hā</w><w n="73">rā</w><w n="74">na</w><w n="75">va</w><w n="76">tā</w><w n="77">rā</w><w n="78" lemma="tnā">t | nā</w><w n="79" lemma="pi">pi </w><w n="80">nā</w><w n="81">stī</w><w n="82" lemma="tya">ty a</w><w n="83"></w><w n="84"></w><w n="85">bhā</w><w n="86">vo</w><w n="87">pā</w><w n="88">dhi</w><w n="89">ka</w><w n="90">syā</w><w n="91" lemma="pya">py a</w><w n="92">ta</w><w n="93">thā</w><w n="94"></w><w n="95" lemma="tpra">t pra</w><w n="96"></w><w n="97">mā</w><w n="98">ṇe</w><w n="99" lemma="na">na </w><w n="100">bhā</w><w n="101">vā</w><w n="102">tma</w><w n="103">ka</w><w n="104" lemma="sya">sya </w><w n="105"></w><w n="106" lemma="tva">tv a</w><w n="107">syā</w><w n="108">ve</w><w n="109">di</w><w n="110">ta</w><w n="111">tvā</w><w n="112" lemma="t">d </w>
</text></TEI>
<TEI n="G1">
<text>
<w n="0">vai</w><w n="1">kā</w><w n="2">ri</w><w n="3">ka</w><w n="4">sa</w><w n="5">rva</w><w n="6">vya</w><w n="7">va</w><w n="8">hā</w><w n="9" lemma="raṃ">ram </w><w n="10">a</w><w n="11">tī</w><w n="12">ga</w><w n="13">tvā</w><w n="14" lemma="tpā">t pā</w><w n="15">ra</w><w n="16">mā</w><w n="17">rthi</w><w n="18">ke</w><w n="19" lemma="na">na </w><w n="20">rū</w><w n="21">pe</w><w n="22" lemma="ṇa">ṇa </w><w n="23">vi</w><w n="24">kā</w><w n="25">rā</w><w n="26">tma</w><w n="27" lemma="kaṃ">kaṃ </w><w n="28">ta</w><w n="29" lemma="tvaṃ">tvaṃ </w><w n="30" lemma="na">na </w><w n="31">bha</w><w n="32">va</w><w n="33" lemma="ti">ti </w><w n="34">ta</w><w n="35" lemma="thā">thā </w><w n="36" lemma="hi">hi </w><w n="37">a</w><w n="38">sī</w><w n="39" lemma="ti">ti </w><w n="40" lemma="na">na </w><w n="41">śa</w><w n="42">kya</w><w n="43" lemma="te">te </w><w n="44">vya</w><w n="45">va</w><w n="46">ha</w><w n="47" lemma="rbhu">rbhu </w><w n="48">sa</w><w n="49">tvo</w><w n="50"></w><w n="51">pā</w><w n="52">dhi</w><w n="53">ka</w><w n="54" lemma="sya">sya </w><w n="55">sva</w><w n="56">rū</w><w n="57">pa</w><w n="58" lemma="sma">sma </w><w n="59">ta</w><w n="60">tva</w><w n="61" lemma="sya">sya </w><w n="62">bhā</w><w n="63">va</w><w n="64">yo</w><w n="65">gā</w><w n="66" lemma="tte">t te</w><w n="67">nā</w><w n="68">tma</w><w n="69" lemma="nā">nā </w><w n="70">vya</w><w n="71">va</w><w n="72">hā</w><w n="73">rā</w><w n="74">na</w><w n="75">va</w><w n="76">tā</w><w n="77">rā</w><w n="78" lemma="tnā">t | nā</w><w n="79" lemma="pi">pi </w><w n="80">nā</w><w n="81">stī</w><w n="82" lemma="tya">ty a</w><w n="83"></w><w n="84"></w><w n="85">bhā</w><w n="86">vo</w><w n="87">pā</w><w n="88">dhi</w><w n="89">ka</w><w n="90">syā</w><w n="91" lemma="pya">py a</w><w n="92">ta</w><w n="93">thā</w><w n="94"></w><w n="95" lemma="tpra">t pra</w><w n="96"></w><w n="97">mā</w><w n="98">ṇe</w><w n="99" lemma="na">na </w><w n="100">bhā</w><w n="101">vā</w><w n="102">tma</w><w n="103">ka</w><w n="104" lemma="sya">sya </w><w n="105"></w><w n="106" lemma="tva">tv a</w><w n="107">syā</w><w n="108">ve</w><w n="109">di</w><w n="110">ta</w><w n="111">tvā</w><w n="112" lemma="t">d</w>
</text></TEI>
<TEI n="L">
<text>
<w n="0">vai</w><w n="1">kā</w><w n="2">ri</w><w n="3">ka</w><w n="4">sa</w><w n="5">rva</w><w n="6">vya</w><w n="7">va</w><w n="8">hā</w><w n="9">ra</w><w n="10">ma</w><w n="11">tī</w><w n="12">ga</w><w n="13">tvā</w><w n="14" lemma="tpā">t pā</w><w n="15">ra</w><w n="16">mā</w><w n="17">rthi</w><w n="18">ke</w><w n="19" lemma="na">na </w><w n="20">rū</w><w n="21">pe</w><w n="22" lemma="ṇa">ṇa </w><w n="23">vi</w><w n="24">kā</w><w n="25">rā</w><w n="26">tma</w><w n="27" lemma="kaṃ">kaṃ </w><w n="28">ta</w><w n="29" lemma="tvaṃ">tvaṃ </w><w n="30" lemma="na">na </w><w n="31">bha</w><w n="32">va</w><w n="33" lemma="ti">ti || </w><w n="34">ta</w><w n="35" lemma="thā">thā </w><w n="36" lemma="hi">hi || </w><w n="37">a</w><w n="38" lemma="stī">stī </w><w n="39"></w><w n="40" lemma="na">na </w><w n="41">śa</w><w n="42">kya</w><w n="43" lemma="tve">tve </w><w n="44">vya</w><w n="45">va</w><w n="46">ha</w><w n="47" lemma="rtu">rtu </w><w n="48">sa</w><w n="49">tvo</w><w n="50"></w><w n="51" lemma="pā">pā&#166;</w><w n="52">dhi</w><w n="53">ka</w><w n="54" lemma="sya">sya </w><w n="55">sva</w><w n="56">rū</w><w n="57">pa</w><w n="58" lemma="sya">sya </w><w n="59">ta</w><w n="60">tva</w><w n="61" lemma="sya">sya </w><w n="62">bhā</w><w n="63">va</w><w n="64">yo</w><w n="65">gā</w><w n="66" lemma="tte">t te</w><w n="67">nā</w><w n="68">tma</w><w n="69" lemma="nā">nā </w><w n="70">vya</w><w n="71">va</w><w n="72">hā</w><w n="73">rā</w><w n="74">na</w><w n="75">va</w><w n="76">tā</w><w n="77">rā</w><w n="78" lemma="tnā">t || nā</w><w n="79" lemma="pi">pi </w><w n="80">nā</w><w n="81">stī</w><w n="82" lemma="tya">ty a</w><w n="83"></w><w n="84"></w><w n="85">bhā</w><w n="86">vo</w><w n="87">pā</w><w n="88">dhi</w><w n="89">ka</w><w n="90">syā</w><w n="91"></w><w n="92">ta</w><w n="93" lemma="thā">thā </w><w n="94"></w><w n="95">pra</w><w n="96"></w><w n="97">mā</w><w n="98">ṇe</w><w n="99" lemma="na">na </w><w n="100">bhā</w><w n="101">vā</w><w n="102">tma</w><w n="103">ka</w><w n="104" lemma="sya">sya </w><w n="105">ta</w><w n="106">tva</w><w n="107">syā</w><w n="108">ve</w><w n="109">di</w><w n="110">ta</w><w n="111">tvā</w><w n="112" lemma="t">d </w>
</text></TEI>
<TEI n="O">
<text>
<w n="0">vai</w><w n="1">kā</w><w n="2">ri</w><w n="3">ka</w><w n="4">sa</w><w n="5">rvā</w><w n="6">vya</w><w n="7">va</w><w n="8">hā</w><w n="9">ra</w><w n="10">ma</w><w n="11">tāṃ</w><w n="12">ga</w><w n="13">tvā</w><w n="14" lemma="tpā">t pā</w><w n="15">ra</w><w n="16">mā</w><w n="17" lemma="rthi">rtthi</w><w n="18">ke</w><w n="19" lemma="na">na </w><w n="20">rū</w><w n="21">pe</w><w n="22" lemma="ṇa">ṇa </w><w n="23">vi</w><w n="24">kā</w><w n="25">rā</w><w n="26">tma</w><w n="27" lemma="kaṃ">kaṃ </w><w n="28">ta</w><w n="29" lemma="tvaṃ">tvaṃ </w><w n="30" lemma="na">na </w><w n="31">bha</w><w n="32">va</w><w n="33" lemma="ti">ti </w><w n="34">ta</w><w n="35" lemma="thā">thā </w><w n="36" lemma="hi">hi </w><w n="37">a</w><w n="38">stī</w><w n="39" lemma="ti">ti </w><w n="40" lemma="na">na </w><w n="41">śa</w><w n="42">kya</w><w n="43" lemma="te">te </w><w n="44">vya</w><w n="45">va</w><w n="46">ha</w><w n="47" lemma="rtuṃ">rtuṃ </w><w n="48">sa</w><w n="49">tvo</w><w n="50"></w><w n="51">pā</w><w n="52">dhi</w><w n="53">ka</w><w n="54" lemma="sya">sya </w><w n="55">sva</w><w n="56">rū</w><w n="57">pa</w><w n="58" lemma="sya">sya </w><w n="59">ta</w><w n="60">tva</w><w n="61" lemma="sya">sya </w><w n="62">bhā</w><w n="63">va</w><w n="64">yo</w><w n="65">gā</w><w n="66" lemma="tte">t te</w><w n="67">nā</w><w n="68">tma</w><w n="69" lemma="nā">nā </w><w n="70">vya</w><w n="71">va</w><w n="72">hā</w><w n="73">rā</w><w n="74">na</w><w n="75">va</w><w n="76">tā</w><w n="77">rā</w><w n="78" lemma="tnā">t | nā</w><w n="79" lemma="pi">pi </w><w n="80">nā</w><w n="81">stī</w><w n="82" lemma="tya">ty a</w><w n="83"></w><w n="84"></w><w n="85">bhā</w><w n="86">vo</w><w n="87">pā</w><w n="88" lemma="dhi">dhi=</w><w n="89">ka</w><w n="90">syā</w><w n="91" lemma="pya">py a</w><w n="92">ta</w><w n="93"></w><w n="94">tvā</w><w n="95" lemma="tpra">t_ pra</w><w n="96"></w><w n="97">mā</w><w n="98">ṇe</w><w n="99" lemma="na">na </w><w n="100">bha</w><w n="101">vā</w><w n="102">tma</w><w n="103">ka</w><w n="104" lemma="sya">sya </w><w n="105">ta</w><w n="106">tva</w><w n="107">syā</w><w n="108">ve</w><w n="109">di</w><w n="110">ta</w><w n="111">tvā</w><w n="112" lemma="t">d </w>
</text></TEI>
<TEI n="A">
<text>
<w n="0">cai</w><w n="1" lemma="kā">kā&#166;</w><w n="2">ri</w><w n="3">ka</w><w n="4">sa</w><w n="5">rva</w><w n="6">vya</w><w n="7">ya</w><w n="8">hā</w><w n="9">rā</w><w n="10"></w><w n="11">tī</w><w n="12">ta</w><w n="13">tvā</w><w n="14" lemma="tpā">t pā</w><w n="15">ra</w><w n="16">mā</w><w n="17">rthi</w><w n="18">ke</w><w n="19" lemma="na">na </w><w n="20">rū</w><w n="21">pe</w><w n="22" lemma="ṇa">ṇa </w><w n="23">vi</w><w n="24">kā</w><w n="25">rā</w><w n="26">tma</w><w n="27" lemma="kaṃ">kaṃ </w><w n="28">tva</w><w n="29" lemma="tvaṃ">tvaṃ </w><w n="30" lemma="na">na </w><w n="31">bha</w><w n="32">va</w><w n="33" lemma="ti">ti </w><w n="34">ta</w><w n="35" lemma="thā">thā </w><w n="36" lemma="hi">hi </w><w n="37">a</w><w n="38">stī</w><w n="39" lemma="ti">ti </w><w n="40" lemma="na">na </w><w n="41" lemma="śa">śa&#166;</w><w n="42">kya</w><w n="43" lemma="te">te </w><w n="44">vya</w><w n="45">va</w><w n="46">ha</w><w n="47" lemma="rtuṃ">rttuṃ </w><w n="48">sa</w><w n="49">tvo</w><w n="50"></w><w n="51">pā</w><w n="52">dhi</w><w n="53">ka</w><w n="54" lemma="sya">sya </w><w n="55">sva</w><w n="56">rū</w><w n="57">pa</w><w n="58" lemma="sya">sya </w><w n="59">ta</w><w n="60">tva</w><w n="61" lemma="sya">sya </w><w n="62">bhā</w><w n="63">va</w><w n="64">yo</w><w n="65">gā</w><w n="66" lemma="tte">t te</w><w n="67">nā</w><w n="68">tma</w><w n="69" lemma="nā">nā </w><w n="70">vya</w><w n="71">va</w><w n="72">hā</w><w n="73">rā</w><w n="74">na</w><w n="75">va</w><w n="76">tā</w><w n="77">rā</w><w n="78" lemma="nnā">t_ nā</w><w n="79" lemma="pi">pi </w><w n="80">nā</w><w n="81">stī</w><w n="82" lemma="tya">ty a</w><w n="83"></w><w n="84"></w><w n="85">bhā</w><w n="86">vo</w><w n="87">pā</w><w n="88">dhi</w><w n="89">ka</w><w n="90">syā</w><w n="91" lemma="pya">py a</w><w n="92">ta</w><w n="93">thā</w><w n="94">tvā</w><w n="95" lemma="tpra">t pra</w><w n="96">pra</w><w n="97">mā</w><w n="98">ṇe</w><w n="99" lemma="na">na </w><w n="100">bhā</w><w n="101">vā</w><w n="102">tma</w><w n="103">ka</w><w n="104" lemma="sya">sya </w><w n="105">ta</w><w n="106" lemma="tva">ttva</w><w n="107">syā</w><w n="108">ce</w><w n="109">di</w><w n="110">ta</w><w n="111">tvā</w><w n="112" lemma="t">d </w>
</text></TEI>
<TEI n="V">
<text>
<w n="0">vai</w><w n="1">kā</w><w n="2">ri</w><w n="3">ka</w><w n="4">sa</w><w n="5">rva</w><w n="6">vya</w><w n="7">va</w><w n="8">hā</w><w n="9">rā</w><w n="10"></w><w n="11">tī</w><w n="12">ta</w><w n="13">tvā</w><w n="14" lemma="tpā">t pā</w><w n="15">ra</w><w n="16">mā</w><w n="17">rthi</w><w n="18">ke</w><w n="19" lemma="na">na </w><w n="20">rū</w><w n="21">pe</w><w n="22" lemma="ṇa">ṇa </w><w n="23">vi</w><w n="24">kā</w><w n="25">rā</w><w n="26">tma</w><w n="27" lemma="kaṃ">kaṃ </w><w n="28">ta</w><w n="29" lemma="tvaṃ">tvaṃ </w><w n="30" lemma="na">na </w><w n="31">bha</w><w n="32">va</w><w n="33" lemma="ti">ti </w><w n="34">ta</w><w n="35" lemma="thā">thā </w><w n="36" lemma="hi">hi </w><w n="37">a</w><w n="38">stā</w><w n="39" lemma="ti">ti </w><w n="40" lemma="na">na </w><w n="41">śa</w><w n="42">kya</w><w n="43" lemma="te">te </w><w n="44">vya</w><w n="45">va</w><w n="46">ha</w><w n="47" lemma="rtuṃ">rttuṃ </w><w n="48">sa</w><w n="49">tvo</w><w n="50"></w><w n="51">pā</w><w n="52">dhi</w><w n="53">ka</w><w n="54" lemma="sya">sya </w><w n="55">sva</w><w n="56">rū</w><w n="57">pa</w><w n="58" lemma="sya">sya </w><w n="59">ta</w><w n="60">tva</w><w n="61" lemma="sya">sya </w><w n="62">bhā</w><w n="63">va</w><w n="64">yo</w><w n="65">gā</w><w n="66" lemma="tte">t te</w><w n="67">nā</w><w n="68">tma</w><w n="69" lemma="nā">nā </w><w n="70">ya</w><w n="71">va</w><w n="72">hā</w><w n="73">rā</w><w n="74">na</w><w n="75">va</w><w n="76">tā</w><w n="77">rā</w><w n="78" lemma="nnā">t_ nā</w><w n="79" lemma="pi">pi </w><w n="80">nā</w><w n="81">stī</w><w n="82" lemma="tya">ty a</w><w n="83"></w><w n="84"></w><w n="85">bhā</w><w n="86">vo</w><w n="87">pā</w><w n="88">dhi</w><w n="89">ka</w><w n="90">syā</w><w n="91" lemma="pya">py a</w><w n="92">ta</w><w n="93">thā</w><w n="94">tvā</w><w n="95" lemma="tpra">t pra</w><w n="96"></w><w n="97">mā</w><w n="98">ṇe</w><w n="99" lemma="na">na </w><w n="100">bhā</w><w n="101">vā</w><w n="102">tma</w><w n="103">ka</w><w n="104" lemma="sya">sya </w><w n="105">ta</w><w n="106" lemma="tva">ttva</w><w n="107">syā</w><w n="108">ve</w><w n="109">di</w><w n="110">ta</w><w n="111">tvā</w><w n="112" lemma="t">d </w>
</text></TEI>
<TEI n="K">
<text>
<w n="0" lemma="vai">|| vai</w><w n="1">kā</w><w n="2">ri</w><w n="3">ka</w><w n="4">sa</w><w n="5">rva</w><w n="6">vya</w><w n="7">va</w><w n="8">hā</w><w n="9">rā</w><w n="10"></w><w n="11">tī</w><w n="12">ta</w><w n="13">tvā</w><w n="14" lemma="tpā">t pā</w><w n="15">ra</w><w n="16">mā</w><w n="17">rthi</w><w n="18">ke</w><w n="19" lemma="na">na </w><w n="20">rū</w><w n="21">pe</w><w n="22" lemma="ṇa">ṇa </w><w n="23">vi</w><w n="24">kā</w><w n="25">rā</w><w n="26">tma</w><w n="27" lemma="kaṃ">kaṃ </w><w n="28">ta</w><w n="29" lemma="tvaṃ">tvaṃ </w><w n="30" lemma="na">na </w><w n="31">bha</w><w n="32">va</w><w n="33" lemma="ti">ti </w><w n="34">ta</w><w n="35" lemma="thā">thā </w><w n="36" lemma="hi">hi </w><w n="37">a</w><w n="38">stā</w><w n="39" lemma="ti">ti </w><w n="40" lemma="na">na </w><w n="41">śa</w><w n="42">kya</w><w n="43" lemma="te">te </w><w n="44">vya</w><w n="45">va</w><w n="46">ha</w><w n="47" lemma="rtuṃ">rttuṃ </w><w n="48">sa</w><w n="49">tvo</w><w n="50"></w><w n="51">pā</w><w n="52">dhi</w><w n="53">ka</w><w n="54" lemma="sya">sya </w><w n="55">sva</w><w n="56">rū</w><w n="57">pa</w><w n="58" lemma="sya">sya </w><w n="59">ta</w><w n="60">tva</w><w n="61" lemma="sya">sya </w><w n="62">bhā</w><w n="63">va</w><w n="64">yo</w><w n="65">gā</w><w n="66" lemma="tte">t te</w><w n="67">nā</w><w n="68">tma</w><w n="69" lemma="nā">nā </w><w n="70">ya</w><w n="71">va</w><w n="72">hā</w><w n="73">rā</w><w n="74">na</w><w n="75">va</w><w n="76">tā</w><w n="77">rā</w><w n="78" lemma="tnā">t | nā</w><w n="79" lemma="pi">pi </w><w n="80">nā</w><w n="81">stī</w><w n="82" lemma="tya">ty a</w><w n="83"></w><w n="84"></w><w n="85">bhā</w><w n="86">vo</w><w n="87">pā</w><w n="88">dhi</w><w n="89">ka</w><w n="90">syā</w><w n="91" lemma="pya">py a</w><w n="92">ta</w><w n="93">thā</w><w n="94">tvā</w><w n="95" lemma="tpra">t pra</w><w n="96"></w><w n="97">mā</w><w n="98">ṇe</w><w n="99" lemma="na">na </w><w n="100">bhā</w><w n="101">vā</w><w n="102">tma</w><w n="103">ka</w><w n="104" lemma="sya">sya </w><w n="105">ta</w><w n="106" lemma="tva">ttva</w><w n="107">syā</w><w n="108">ve</w><w n="109">di</w><w n="110">ta</w><w n="111">tvā</w><w n="112" lemma="t">d </w>
</text></TEI>
<TEI n="D">
<text>
<w n="0" lemma="vai">|| vai</w><w n="1">kā</w><w n="2">ri</w><w n="3">ka</w><w n="4">sa</w><w n="5">rva</w><w n="6">vya</w><w n="7">va</w><w n="8">hā</w><w n="9">rā</w><w n="10"></w><w n="11">tī</w><w n="12">ta</w><w n="13">tvā</w><w n="14" lemma="tpā">t pā</w><w n="15">ra</w><w n="16">mā</w><w n="17">rthi</w><w n="18">ke</w><w n="19" lemma="na">na </w><w n="20">rū</w><w n="21">pe</w><w n="22" lemma="ṇa">ṇa </w><w n="23">vi</w><w n="24">kā</w><w n="25">rā</w><w n="26">tma</w><w n="27" lemma="kaṃ">kaṃ </w><w n="28">ta</w><w n="29" lemma="tvaṃ">tvaṃ </w><w n="30" lemma="na">na </w><w n="31">bha</w><w n="32">va</w><w n="33" lemma="ti">ti </w><w n="34">ta</w><w n="35" lemma="thā">thā </w><w n="36" lemma="hi">hi </w><w n="37">a</w><w n="38">stī</w><w n="39" lemma="ti">ti </w><w n="40" lemma="na">na </w><w n="41">śa</w><w n="42">kya</w><w n="43" lemma="te">te </w><w n="44">vya</w><w n="45">va</w><w n="46">ha</w><w n="47" lemma="rtuṃ">rttuṃ </w><w n="48">sa</w><w n="49">tvo</w><w n="50"></w><w n="51">pā</w><w n="52">dhi</w><w n="53">ka</w><w n="54" lemma="sya">sya </w><w n="55">sva</w><w n="56">rū</w><w n="57">pa</w><w n="58" lemma="sya">sya </w><w n="59">ta</w><w n="60">tva</w><w n="61" lemma="sya">sya </w><w n="62">bhā</w><w n="63">va</w><w n="64">yo</w><w n="65">gā</w><w n="66" lemma="tte">t te</w><w n="67">nā</w><w n="68">tma</w><w n="69" lemma="nā">nā </w><w n="70">vya</w><w n="71">va</w><w n="72">hā</w><w n="73">rā</w><w n="74">na</w><w n="75">va</w><w n="76">tā</w><w n="77">rā</w><w n="78" lemma="tnā">t | nā</w><w n="79" lemma="pi">pi </w><w n="80">nā</w><w n="81">stī</w><w n="82" lemma="tya">ty a</w><w n="83"></w><w n="84"></w><w n="85">bhā</w><w n="86">vo</w><w n="87">pā</w><w n="88">dhi</w><w n="89">ka</w><w n="90">syā</w><w n="91" lemma="pya">py a</w><w n="92">ta</w><w n="93">thā</w><w n="94">tvā</w><w n="95" lemma="tpra">t pra</w><w n="96"></w><w n="97">mā</w><w n="98">ṇe</w><w n="99" lemma="na">na </w><w n="100">bhā</w><w n="101">vā</w><w n="102">tma</w><w n="103">ka</w><w n="104" lemma="sya">sya </w><w n="105">ta</w><w n="106" lemma="tva">ttva</w><w n="107">syā</w><w n="108">ve</w><w n="109">di</w><w n="110">ta</w><w n="111">tvā</w><w n="112" lemma="t">d </w>
</text></TEI>
</teiCorpus>
