<?xml version="1.0" encoding="UTF-8"?>
<teiCorpus xmlns="http://www.tei-c.org/ns/1.0">

<TEI n="GV">
<text>
<w n="0"></w><w n="1"></w><w n="2"></w><w n="3"></w><w n="4"></w><w n="5"></w><w n="6"></w><w n="7"></w><w n="8"></w><w n="9"></w><w n="10"></w><w n="11"></w><w n="12"></w><w n="13"></w><w n="14"></w><w n="15"></w><w n="16"></w><w n="17"></w><w n="18"></w><w n="19"></w><w n="20"></w><w n="21"></w><w n="22"></w><w n="23"></w><w n="24"></w><w n="25"></w><w n="26"></w><w n="27"></w><w n="28"></w><w n="29"></w><w n="30"></w><w n="31"></w><w n="32"></w><w n="33"></w><w n="34"></w><w n="35"></w><w n="36"></w><w n="37"></w><w n="38"></w><w n="39"></w><w n="40"></w><w n="41"></w><w n="42"></w><w n="43"></w><w n="44"></w><w n="45"></w><w n="46"></w><w n="47"></w><w n="48"></w>
</text></TEI>
<TEI n="CT">
<text>
<w n="0">syā</w><w n="1" lemma="te">d e</w><w n="2">ta</w><w n="3" lemma="tu">t_ u</w><w n="4">pā</w><w n="5">dhi</w><w n="6" lemma="ṣu">ṣu </w><w n="7">śa</w><w n="8" lemma="bdā">bdā-</w><w n="9" lemma="nāṃ">nāṃ </w><w n="10">vi</w><w n="11" lemma="śrāṃ">śrān</w><w n="12">tya</w><w n="13" lemma="bhā">bhā </w><w n="14"></w><w n="15"></w><w n="16"></w><w n="17"></w><w n="18"></w><w n="19"></w><w n="20"></w><w n="21"></w><w n="22"></w><w n="23"></w><w n="24"></w><w n="25"></w><w n="26"></w><w n="27"></w><w n="28" lemma="sya">sya </w><w n="29">ta</w><w n="30">du</w><w n="31" lemma="pā">pā-</w><w n="32">dhi</w><w n="33">tvā</w><w n="34">yo</w><w n="35">gā</w><w n="36" lemma="ti">d i</w><w n="37" lemma="ti">ti </w><w n="38">e</w><w n="39">ta</w><w n="40" lemma="tvya">d vya</w><w n="41">bhi</w><w n="42">cā</w><w n="43"></w><w n="44">ra</w><w n="45">yi</w><w n="46" lemma="tuṃ">tum </w><w n="47">ā</w><w n="48" lemma="ha">ha&#8212;</w>
</text></TEI>
<TEI n="T">
<text>
<w n="0">syā</w><w n="1" lemma="te">d e</w><w n="2">ta</w><w n="3" lemma="tu">t_ u</w><w n="4">pā</w><w n="5">dhi</w><w n="6" lemma="ṣu">ṣu </w><w n="7">śa</w><w n="8">bdā</w><w n="9" lemma="nāṃ">nāṃ </w><w n="10">vi</w><w n="11">śrā</w><w n="12">nya</w><w n="13">bhā</w><w n="14" lemma="ve">ve </w><w n="15">śa</w><w n="16">bdā</w><w n="17" lemma="rtho">rttho</w><w n="18">pā</w><w n="19">dhi</w><w n="20" lemma="tvaṃ">tvaṃ </w><w n="21">te</w><w n="22">ṣā</w><w n="23" lemma="nna">n na </w><w n="24">syā</w><w n="25" lemma="ta">t_ a</w><w n="26">vā</w><w n="27">cya</w><w n="28" lemma="sya">sya </w><w n="29">ta</w><w n="30">du</w><w n="31">pā</w><w n="32">dhi</w><w n="33">tvā</w><w n="34">yo</w><w n="35">gā</w><w n="36" lemma="ti">d i</w><w n="37" lemma="ti">ti </w><w n="38">e</w><w n="39">ta</w><w n="40" lemma="tvya">d vya</w><w n="41">bhi</w><w n="42">cā</w><w n="43"></w><w n="44">ra</w><w n="45">yi</w><w n="46" lemma="tuṃ">tum </w><w n="47">ā</w><w n="48" lemma="ha">ha | </w>
</text></TEI>
<TEI n="H">
<text>
<w n="0">syā</w><w n="1" lemma="te">d e</w><w n="2">ta</w><w n="3" lemma="tu">d u</w><w n="4">pā</w><w n="5">dhi</w><w n="6" lemma="ṣu">ṣu </w><w n="7">śa</w><w n="8">bdā</w><w n="9" lemma="nāṃ">nāṃ </w><w n="10">vi</w><w n="11">śrāṃ</w><w n="12">tya</w><w n="13">bhā</w><w n="14" lemma="ve">ve </w><w n="15">śa</w><w n="16">bdā</w><w n="17">rtho</w><w n="18">pā</w><w n="19">dhi</w><w n="20" lemma="tvaṃ">tvaṃ </w><w n="21">te</w><w n="22" lemma="ṣāṃ">ṣāṃ </w><w n="23" lemma="na">na </w><w n="24">syā</w><w n="25" lemma="ta">d a</w><w n="26">vā</w><w n="27">cya</w><w n="28" lemma="sya">sya </w><w n="29">ta</w><w n="30">du</w><w n="31">po</w><w n="32">dhi</w><w n="33">tvā</w><w n="34">yo</w><w n="35">gā</w><w n="36" lemma="ti">d i</w><w n="37" lemma="tye">ty e</w><w n="38"></w><w n="39">ta</w><w n="40" lemma="tvi">d vi</w><w n="41">bhi</w><w n="42">cā</w><w n="43"></w><w n="44">ra</w><w n="45">yi</w><w n="46" lemma="tuṃ">tum </w><w n="47">ā</w><w n="48" lemma="ha">ha || &#43256; || </w>
</text></TEI>
<TEI n="P">
<text>
<w n="0">syā</w><w n="1" lemma="te">d e</w><w n="2" lemma="ta">ta&#166;</w><w n="3" lemma="tu">t u</w><w n="4">pā</w><w n="5">dhi</w><w n="6" lemma="ṣu">ṣu </w><w n="7">śa</w><w n="8">bdā</w><w n="9" lemma="nāṃ">nāṃ </w><w n="10">vi</w><w n="11">śrāṃ</w><w n="12">tya</w><w n="13">bhā</w><w n="14" lemma="ve">ve </w><w n="15">śa</w><w n="16">bdā</w><w n="17">rtho</w><w n="18">pā</w><w n="19">dhi</w><w n="20" lemma="tvaṃ">tvaṃ </w><w n="21">te</w><w n="22" lemma="ṣāṃ">ṣāṃ </w><w n="23" lemma="na">na </w><w n="24">syā</w><w n="25" lemma="ta">t a</w><w n="26">vā</w><w n="27">cya</w><w n="28" lemma="sya">sya </w><w n="29">ta</w><w n="30">du</w><w n="31">pā</w><w n="32">dhi</w><w n="33">tvā</w><w n="34">yo</w><w n="35">gā</w><w n="36" lemma="ti">d i</w><w n="37" lemma="tye">ty e</w><w n="38"></w><w n="39">ta</w><w n="40" lemma="tvi">d vi</w><w n="41"></w><w n="42">cā</w><w n="43"></w><w n="44">ra</w><w n="45">yi</w><w n="46" lemma="tuṃ">tum </w><w n="47">ā</w><w n="48">ha</w>
</text></TEI>
<TEI n="M">
<text>
<w n="0">syā</w><w n="1" lemma="te">d e</w><w n="2">ta</w><w n="3" lemma="tu">t | u</w><w n="4">pā</w><w n="5">dhi</w><w n="6" lemma="ṣu">ṣu </w><w n="7">śa</w><w n="8">bdā</w><w n="9" lemma="nāṃ">nāṃ </w><w n="10">vi</w><w n="11">śrāṃ</w><w n="12">tya</w><w n="13">bhā</w><w n="14" lemma="ve">ve </w><w n="15">śa</w><w n="16">bdā</w><w n="17">rtho</w><w n="18">pā</w><w n="19">dhi</w><w n="20" lemma="tvaṃ">tvaṃ </w><w n="21">te</w><w n="22" lemma="ṣāṃ">ṣāṃ </w><w n="23" lemma="na">na </w><w n="24">syā</w><w n="25" lemma="ta">t | a</w><w n="26">vā</w><w n="27">cya</w><w n="28" lemma="sya">sya </w><w n="29">ta</w><w n="30">du</w><w n="31">pā</w><w n="32">dhi</w><w n="33">tvā</w><w n="34">yo</w><w n="35">gā</w><w n="36" lemma="ti">d i</w><w n="37" lemma="tye">ty e</w><w n="38"></w><w n="39">ta</w><w n="40" lemma="tvi">d vi</w><w n="41"></w><w n="42">cā</w><w n="43">ya</w><w n="44">ra</w><w n="45">yi</w><w n="46" lemma="tuṃ">tum </w><w n="47">ā</w><w n="48" lemma="ha">ha || </w>
</text></TEI>
<TEI n="G2">
<text>
<w n="0">syā</w><w n="1" lemma="te">d e</w><w n="2">ta</w><w n="3" lemma="tu">t | u</w><w n="4">pā</w><w n="5">dhi</w><w n="6" lemma="śu">śu </w><w n="7"></w><w n="8">bdā</w><w n="9" lemma="nāṃ">nāṃ </w><w n="10">vi</w><w n="11">śrāṃ</w><w n="12">tya</w><w n="13">bhā</w><w n="14" lemma="ve">ve </w><w n="15">śa</w><w n="16">bdā</w><w n="17">rtho</w><w n="18">pā</w><w n="19">dhi</w><w n="20" lemma="tvaṃ">tvaṃ </w><w n="21">te</w><w n="22" lemma="ṣāṃ">ṣāṃ </w><w n="23" lemma="na">na </w><w n="24">syā</w><w n="25" lemma="ta">t_ a</w><w n="26">vā</w><w n="27">dhya</w><w n="28" lemma="sya">sya </w><w n="29" lemma="la">la </w><w n="30">u</w><w n="31">pā</w><w n="32">dhi</w><w n="33">tvā</w><w n="34">yo</w><w n="35">gā</w><w n="36" lemma="ti">t_ i</w><w n="37" lemma="tye">ty e</w><w n="38"></w><w n="39">ta</w><w n="40" lemma="tvi">d vi</w><w n="41"></w><w n="42">vā</w><w n="43"></w><w n="44">ra</w><w n="45">yi</w><w n="46" lemma="tuṃ">tum </w><w n="47">ā</w><w n="48" lemma="ha">ha | </w>
</text></TEI>
<TEI n="G1">
<text>
<w n="0">syā</w><w n="1" lemma="te">d e</w><w n="2">ta</w><w n="3" lemma="tu">t | u</w><w n="4">pā</w><w n="5">dhi</w><w n="6" lemma="śu">śu </w><w n="7"></w><w n="8">bdā</w><w n="9" lemma="nāṃ">nāṃ </w><w n="10">vi</w><w n="11">śrāṃ</w><w n="12">tya</w><w n="13">bhā</w><w n="14" lemma="ve">ve </w><w n="15">śa</w><w n="16">bdā</w><w n="17">rtho</w><w n="18">pā</w><w n="19">dhi</w><w n="20" lemma="tvaṃ">tvaṃ </w><w n="21">te</w><w n="22" lemma="ṣāṃ">ṣāṃ </w><w n="23" lemma="na">na </w><w n="24">syā</w><w n="25" lemma="ta">t_ a</w><w n="26">vā</w><w n="27">dhya</w><w n="28" lemma="sya">sya </w><w n="29" lemma="la">la </w><w n="30">u</w><w n="31">pā</w><w n="32">dhi</w><w n="33">tvā</w><w n="34">yo</w><w n="35">gā</w><w n="36" lemma="ti">t_ i</w><w n="37" lemma="tye">ty e</w><w n="38"></w><w n="39">ta</w><w n="40" lemma="tvi">d vi</w><w n="41"></w><w n="42">vā</w><w n="43"></w><w n="44">ra</w><w n="45">yi</w><w n="46" lemma="tuṃ">ttum </w><w n="47">ā</w><w n="48" lemma="ha">ha | </w>
</text></TEI>
<TEI n="L">
<text>
<w n="0">syā</w><w n="1" lemma="te">d e</w><w n="2">ta</w><w n="3" lemma="tu">t || u</w><w n="4">pā</w><w n="5">dhi</w><w n="6" lemma="ṣu">ṣu </w><w n="7">śa</w><w n="8">bdā</w><w n="9" lemma="nāṃ">nāṃ </w><w n="10">vi</w><w n="11">śrāṃ</w><w n="12">tya</w><w n="13">bhā</w><w n="14" lemma="ve">ve </w><w n="15">śa</w><w n="16">bdā</w><w n="17">rtho</w><w n="18">pā</w><w n="19">dhi</w><w n="20" lemma="tvaṃ">tvaṃ </w><w n="21">te</w><w n="22" lemma="ṣāṃ">ṣāṃ </w><w n="23" lemma="na">na </w><w n="24">syā</w><w n="25" lemma="ta">t | a</w><w n="26">vā</w><w n="27">cya</w><w n="28" lemma="sya">sya </w><w n="29">ta</w><w n="30">du</w><w n="31">pā</w><w n="32">dhi</w><w n="33">tvā</w><w n="34">yo</w><w n="35">gā</w><w n="36" lemma="ti">t | i</w><w n="37" lemma="tye">ty e</w><w n="38"></w><w n="39">ta</w><w n="40" lemma="tvi">d vi</w><w n="41"></w><w n="42">cā</w><w n="43"></w><w n="44">ra</w><w n="45">yi</w><w n="46" lemma="tuṃ">tum </w><w n="47">ā</w><w n="48" lemma="ha">ha ||</w>
</text></TEI>
<TEI n="O">
<text>
<w n="0">syā</w><w n="1" lemma="te">d e</w><w n="2">ta</w><w n="3" lemma="tu">t | u</w><w n="4">pā</w><w n="5">dhi</w><w n="6" lemma="ṣu">ṣu </w><w n="7">śa</w><w n="8">bdā</w><w n="9" lemma="nāṃ">nāṃ </w><w n="10">vi</w><w n="11">śrāṃ</w><w n="12">tya</w><w n="13">bhā</w><w n="14" lemma="ve">ve </w><w n="15">śa</w><w n="16">bdā</w><w n="17" lemma="rtho">rttho</w><w n="18">pā</w><w n="19">dhi</w><w n="20" lemma="tvaṃ">tvaṃ </w><w n="21">te</w><w n="22" lemma="ṣāṃ">ṣāṃ </w><w n="23" lemma="na">na </w><w n="24">syā</w><w n="25" lemma="ta">t | a</w><w n="26">vā</w><w n="27">cya</w><w n="28" lemma="sya">sya </w><w n="29">ta</w><w n="30">du</w><w n="31">pā</w><w n="32">dhi</w><w n="33">tvā</w><w n="34">yo</w><w n="35">gā</w><w n="36" lemma="ti">t_ i</w><w n="37" lemma="tye">ty e</w><w n="38"></w><w n="39">ta</w><w n="40" lemma="tvi">d vi</w><w n="41"></w><w n="42">cā</w><w n="43"></w><w n="44">ra</w><w n="45">yi</w><w n="46" lemma="tuṃ">tum </w><w n="47">ā</w><w n="48" lemma="ha">ha || </w>
</text></TEI>
<TEI n="A">
<text>
<w n="0">syā</w><w n="1" lemma="te">d e</w><w n="2">ta</w><w n="3" lemma="tu">t_ u</w><w n="4">pā</w><w n="5">dhi</w><w n="6" lemma="svu">svu </w><w n="7">śo</w><w n="8">bdā</w><w n="9" lemma="nāṃ">nāṃ </w><w n="10">vi</w><w n="11">śrāṃ</w><w n="12">tya</w><w n="13">bhā</w><w n="14" lemma="ve">ve </w><w n="15">śa</w><w n="16">bdā</w><w n="17">rtho</w><w n="18">pā</w><w n="19" lemma="dhi">dhi&#166;</w><w n="20" lemma="tvaṃ">tvaṃ </w><w n="21">te</w><w n="22" lemma="ṣāṃ">ṣāṃ </w><w n="23" lemma="na">na </w><w n="24">syā</w><w n="25" lemma="ta">t_ a</w><w n="26">vā</w><w n="27">cya</w><w n="28" lemma="sya">sya </w><w n="29">ta</w><w n="30">du</w><w n="31">pā</w><w n="32">dhi</w><w n="33">tvā</w><w n="34">yo</w><w n="35">gā</w><w n="36" lemma="ti">t_ i</w><w n="37" lemma="tye">ty e</w><w n="38"></w><w n="39">ta</w><w n="40" lemma="tvi">d vi</w><w n="41"></w><w n="42">cā</w><w n="43"></w><w n="44">ra</w><w n="45">yi</w><w n="46" lemma="tuṃ">tum </w><w n="47">ā</w><w n="48" lemma="ha">ha || </w>
</text></TEI>
<TEI n="V">
<text>
<w n="0">syā</w><w n="1" lemma="te">d e</w><w n="2">ta</w><w n="3" lemma="tu">t_ u</w><w n="4">pā</w><w n="5">dhi</w><w n="6" lemma="ṣu">ṣu </w><w n="7">śa</w><w n="8">bdā</w><w n="9" lemma="nāṃ">nāṃ </w><w n="10">vi</w><w n="11">śrāṃ</w><w n="12">tya</w><w n="13">bhā</w><w n="14" lemma="vo">vo </w><w n="15">śa</w><w n="16">bdā</w><w n="17">rtho</w><w n="18">pā</w><w n="19">dhi</w><w n="20" lemma="tvaṃ">tvaṃ </w><w n="21">te</w><w n="22" lemma="ṣāṃ">ṣāṃ </w><w n="23" lemma="na">na </w><w n="24">syā</w><w n="25" lemma="ta">t_ a</w><w n="26">vā</w><w n="27">tya</w><w n="28" lemma="sya">sya </w><w n="29">ta</w><w n="30">du</w><w n="31">pā</w><w n="32">dhi</w><w n="33">tvā</w><w n="34">yo</w><w n="35">gā</w><w n="36" lemma="ti">t_ i</w><w n="37" lemma="tye">ty e</w><w n="38"></w><w n="39">ta</w><w n="40" lemma="tvi">d vi</w><w n="41"></w><w n="42">cā</w><w n="43"></w><w n="44">ra</w><w n="45">yi</w><w n="46" lemma="tuṃ">tum </w><w n="47">ā</w><w n="48" lemma="ha">ha </w>
</text></TEI>
<TEI n="K">
<text>
<w n="0">syā</w><w n="1" lemma="te">d e</w><w n="2">ta</w><w n="3" lemma="tu">t | u</w><w n="4">pā</w><w n="5">dhi</w><w n="6" lemma="ṣu">ṣu </w><w n="7">śa</w><w n="8">bdā</w><w n="9" lemma="nāṃ">nāṃ </w><w n="10">vi</w><w n="11">śrāṃ</w><w n="12">tya</w><w n="13">bhā</w><w n="14" lemma="ve">ve </w><w n="15">śa</w><w n="16">bdā</w><w n="17">rtho</w><w n="18">pā</w><w n="19">dhi</w><w n="20" lemma="tvaṃ">tvaṃ </w><w n="21">te</w><w n="22" lemma="ṣāṃ">ṣāṃ </w><w n="23" lemma="na">na </w><w n="24">syā</w><w n="25" lemma="ta">t_ a</w><w n="26">vā</w><w n="27">cya</w><w n="28" lemma="sya">sya </w><w n="29">ta</w><w n="30">du</w><w n="31">pā</w><w n="32">dhi</w><w n="33">tvā</w><w n="34">yo</w><w n="35">gā</w><w n="36" lemma="ti">t_ i</w><w n="37" lemma="tye">ty e</w><w n="38"></w><w n="39">ta</w><w n="40" lemma="tvi">d vi</w><w n="41"></w><w n="42">cā</w><w n="43"></w><w n="44">ra</w><w n="45">yi</w><w n="46" lemma="tuṃ">tum </w><w n="47">ā</w><w n="48" lemma="ha">ha || </w>
</text></TEI>
<TEI n="D">
<text>
<w n="0">syā</w><w n="1" lemma="te">d e</w><w n="2">ta</w><w n="3" lemma="tu">t | u</w><w n="4">pā</w><w n="5">dhi</w><w n="6" lemma="ṣu">ṣu </w><w n="7">śa</w><w n="8">bdā</w><w n="9" lemma="nāṃ">nāṃ </w><w n="10">vi</w><w n="11">śrāṃ</w><w n="12">tya</w><w n="13">bhā</w><w n="14" lemma="ve">ve </w><w n="15">śa</w><w n="16">bdā</w><w n="17">rtho</w><w n="18">pā</w><w n="19">dhi</w><w n="20" lemma="tvaṃ">tvaṃ </w><w n="21">te</w><w n="22" lemma="ṣāṃ">ṣāṃ </w><w n="23" lemma="na">na </w><w n="24">syā</w><w n="25" lemma="ta">t_ a</w><w n="26">vā</w><w n="27">cya</w><w n="28" lemma="sya">sya </w><w n="29">ta</w><w n="30">du</w><w n="31">pā</w><w n="32">dhi</w><w n="33">tvā</w><w n="34">yo</w><w n="35">gā</w><w n="36" lemma="ti">t_ i</w><w n="37" lemma="tye">ty e</w><w n="38"></w><w n="39">ta</w><w n="40" lemma="tvi">d vi</w><w n="41"></w><w n="42">cā</w><w n="43"></w><w n="44">ra</w><w n="45">yi</w><w n="46" lemma="tuṃ">tum </w><w n="47">ā</w><w n="48" lemma="ha">ha || </w>
</text></TEI>
</teiCorpus>
