<?xml version="1.0" encoding="UTF-8"?>
<teiCorpus xmlns="http://www.tei-c.org/ns/1.0">

<TEI n="GV">
<text>
<w n="0">e</w><w n="1" lemma="vaṃ">vaṃ </w><w n="2">te</w><w n="3" lemma="na">na </w><w n="4">te</w><w n="5" lemma="na">na </w><w n="6"></w><w n="7"></w><w n="8">rū</w><w n="9">pe</w><w n="10" lemma="ṇa">ṇa </w><w n="11">vra</w><w n="12">hmai</w><w n="13" lemma="va">va </w><w n="14">vi</w><w n="15">ka</w><w n="16">lpi</w><w n="17" lemma="taṃ">taṃ </w><w n="18">bha</w><w n="19">va</w><w n="20">tī</w><w n="21" lemma="ti">ti </w><w n="22">sa</w><w n="23">rva</w><w n="24"></w><w n="25">śa</w><w n="26"></w><w n="27">bdā</w><w n="28" lemma="nāṃ">nāṃ </w><w n="29">ta</w><w n="30"></w><w n="31" lemma="ta">ta </w><w n="32">u</w><w n="33">pā</w><w n="34">dhi</w><w n="35">mu</w><w n="36"></w><w n="37" lemma="khaṃ">khaṃ </w><w n="38">ta</w><w n="39" lemma="te">d e</w><w n="40" lemma="va">va </w><w n="41">vi</w><w n="42">ṣa</w><w n="43" lemma="yaḥ">yaḥ </w><w n="44">si</w><w n="45" lemma="dha">ddha </w><w n="46">i</w><w n="47" lemma="tyā">ty ā</w><w n="48" lemma="ha">ha </w>
</text></TEI>
<TEI n="CT">
<text>
<w n="0">e</w><w n="1" lemma="vaṃ">vaṃ </w><w n="2">te</w><w n="3" lemma="na">na </w><w n="4">te</w><w n="5" lemma="na">na </w><w n="6">ta</w><w n="7" lemma="na">na </w><w n="8" lemma="rū">rū-</w><w n="9">pe</w><w n="10" lemma="ṇa">ṇa </w><w n="11">bra</w><w n="12">hmai</w><w n="13" lemma="va">va </w><w n="14">vi</w><w n="15">ka</w><w n="16">lpi</w><w n="17" lemma="taṃ">taṃ </w><w n="18">bha</w><w n="19">va</w><w n="20">tī</w><w n="21" lemma="ti">ti </w><w n="22">sa</w><w n="23">rva</w><w n="24"></w><w n="25">śa</w><w n="26"></w><w n="27" lemma="bdā">bdā-</w><w n="28" lemma="nāṃ">nāṃ </w><w n="29">ta</w><w n="30"></w><w n="31">tta</w><w n="32">du</w><w n="33">pā</w><w n="34">dhi</w><w n="35">mu</w><w n="36"></w><w n="37" lemma="khaṃ">khaṃ </w><w n="38">ta</w><w n="39" lemma="te">d e</w><w n="40" lemma="va">va </w><w n="41">vi</w><w n="42">ṣa</w><w n="43" lemma="yaḥ">yaḥ </w><w n="44">si</w><w n="45" lemma="dha">ddha </w><w n="46" lemma="i">i-</w><w n="47" lemma="tyā">ty ā</w><w n="48" lemma="ha">ha&#8212;</w>
</text></TEI>
<TEI n="T">
<text>
<w n="0">e</w><w n="1">va</w><w n="2" lemma="nte">n te</w><w n="3" lemma="na">na </w><w n="4">te</w><w n="5" lemma="na">na </w><w n="6"></w><w n="7"></w><w n="8">rū</w><w n="9">pe</w><w n="10" lemma="ṇa">ṇa </w><w n="11">bra</w><w n="12">hmai</w><w n="13" lemma="va">va </w><w n="14">vi</w><w n="15">ka</w><w n="16">lpi</w><w n="17" lemma="taṃ">taṃ </w><w n="18">bha</w><w n="19">va</w><w n="20">tī</w><w n="21" lemma="ti">ti </w><w n="22">sa</w><w n="23" lemma="rva">rvva</w><w n="24"></w><w n="25">śa</w><w n="26"></w><w n="27">bdā</w><w n="28">nā</w><w n="29" lemma="nta">n ta</w><w n="30"></w><w n="31">tta</w><w n="32">du</w><w n="33">pā</w><w n="34">dhi</w><w n="35">mu</w><w n="36"></w><w n="37">kha</w><w n="38" lemma="nta">n ta</w><w n="39" lemma="te">d e</w><w n="40" lemma="va">va </w><w n="41">vi</w><w n="42">ṣa</w><w n="43" lemma="yaḥ">yas </w><w n="44">si</w><w n="45" lemma="dha">ddha </w><w n="46">i</w><w n="47" lemma="tyā">ty ā</w><w n="48" lemma="ha">ha </w>
</text></TEI>
<TEI n="H">
<text>
<w n="0">e</w><w n="1" lemma="vaṃ">vaṃ </w><w n="2">te</w><w n="3" lemma="na">na </w><w n="4">te</w><w n="5" lemma="na">na </w><w n="6"></w><w n="7"></w><w n="8">rū</w><w n="9">pe</w><w n="10" lemma="ṇa">ṇa </w><w n="11">bra</w><w n="12">hmai</w><w n="13" lemma="va">va </w><w n="14">vi</w><w n="15">ka</w><w n="16">lpi</w><w n="17" lemma="taṃ">taṃ </w><w n="18">bha</w><w n="19">va</w><w n="20">tī</w><w n="21" lemma="ti">ti </w><w n="22">sa</w><w n="23">rva</w><w n="24"></w><w n="25">śa</w><w n="26"></w><w n="27">bdā</w><w n="28" lemma="nāṃ">nāṃ </w><w n="29">ta</w><w n="30"></w><w n="31">tta</w><w n="32">du</w><w n="33">pā</w><w n="34">dhi</w><w n="35">mu</w><w n="36"></w><w n="37" lemma="khaṃ">khaṃ </w><w n="38">ta</w><w n="39" lemma="te">d e</w><w n="40" lemma="va">va </w><w n="41">vi</w><w n="42">ṣa</w><w n="43" lemma="yaḥ">yaḥ </w><w n="44">si</w><w n="45" lemma="dha">ddha </w><w n="46">i</w><w n="47" lemma="tyā">ty ā</w><w n="48" lemma="ha">ha || &#43256; || </w>
</text></TEI>
<TEI n="P">
<text>
<w n="0">e</w><w n="1" lemma="vaṃ">vaṃ </w><w n="2">te</w><w n="3" lemma="na">na </w><w n="4">te</w><w n="5" lemma="na">na </w><w n="6"></w><w n="7"></w><w n="8">rū</w><w n="9">pe</w><w n="10" lemma="ṇa">ṇa </w><w n="11">bra</w><w n="12">hmai</w><w n="13" lemma="va">va </w><w n="14">vi</w><w n="15">ka</w><w n="16">lpi</w><w n="17" lemma="taṃ">taṃ </w><w n="18">bha</w><w n="19">va</w><w n="20">tī</w><w n="21" lemma="ti">ti </w><w n="22">sa</w><w n="23">rva</w><w n="24"></w><w n="25">śa</w><w n="26"></w><w n="27">bdā</w><w n="28" lemma="nāṃ">nāṃ </w><w n="29">ta</w><w n="30"></w><w n="31" lemma="ta">ta </w><w n="32">u</w><w n="33">pā</w><w n="34">dhi</w><w n="35">mu</w><w n="36"></w><w n="37" lemma="khaṃ">khaṃ </w><w n="38">ta</w><w n="39" lemma="te">d e</w><w n="40" lemma="va">va </w><w n="41">vi</w><w n="42">ṣa</w><w n="43" lemma="yaḥ">yaḥ </w><w n="44">si</w><w n="45" lemma="dha">ddha </w><w n="46">i</w><w n="47" lemma="tyā">ty ā</w><w n="48" lemma="ha">ha </w>
</text></TEI>
<TEI n="M">
<text>
<w n="0">e</w><w n="1" lemma="vaṃ">vaṃ </w><w n="2">te</w><w n="3" lemma="na">na </w><w n="4">te</w><w n="5" lemma="na">na </w><w n="6"></w><w n="7"></w><w n="8">rū</w><w n="9">pe</w><w n="10" lemma="ṇa">ṇa </w><w n="11">bra</w><w n="12">hmai</w><w n="13" lemma="va">va </w><w n="14">vi</w><w n="15">ka</w><w n="16">lpi</w><w n="17" lemma="taṃ">taṃ </w><w n="18">bha</w><w n="19">va</w><w n="20">tī</w><w n="21" lemma="ti">ti </w><w n="22">sa</w><w n="23">rva</w><w n="24"></w><w n="25">śa</w><w n="26"></w><w n="27">bdā</w><w n="28" lemma="nāṃ">nāṃ </w><w n="29">ta</w><w n="30"></w><w n="31" lemma="ta">ta </w><w n="32">u</w><w n="33">pā</w><w n="34">dhi</w><w n="35">mu</w><w n="36"></w><w n="37" lemma="khaṃ">khaṃ </w><w n="38">ta</w><w n="39" lemma="te">d e</w><w n="40" lemma="va">va </w><w n="41">vi</w><w n="42">ṣa</w><w n="43" lemma="yaḥ">yaḥ </w><w n="44">si</w><w n="45" lemma="dha">ddha </w><w n="46">i</w><w n="47" lemma="tyā">ty ā</w><w n="48" lemma="ha">ha || </w>
</text></TEI>
<TEI n="G2">
<text>
<w n="0">e</w><w n="1" lemma="vaṃ">vaṃ </w><w n="2">te</w><w n="3" lemma="na">na </w><w n="4"></w><w n="5"></w><w n="6"></w><w n="7"></w><w n="8">jū</w><w n="9">pe</w><w n="10" lemma="ṇa">ṇa </w><w n="11">bra</w><w n="12">hmai</w><w n="13" lemma="va">va </w><w n="14">vi</w><w n="15">ka</w><w n="16">lpi</w><w n="17" lemma="taṃ">taṃ </w><w n="18">bha</w><w n="19">va</w><w n="20">tī</w><w n="21" lemma="ti">ti </w><w n="22">sa</w><w n="23">rva</w><w n="24"></w><w n="25">viṃ</w><w n="26"></w><w n="27">vā</w><w n="28" lemma="nāṃ">nāṃ </w><w n="29">ta</w><w n="30"></w><w n="31"></w><w n="32">du</w><w n="33">pā</w><w n="34">dhi</w><w n="35">bhu</w><w n="36">ra</w><w n="37" lemma="vaṃ">vaṃ </w><w n="38">ta</w><w n="39" lemma="te">d e</w><w n="40" lemma="va">va </w><w n="41">vi</w><w n="42">ṣa</w><w n="43" lemma="yaḥ">yaḥ || </w><w n="44">si</w><w n="45" lemma="dha">ddha </w><w n="46">i</w><w n="47" lemma="tyā">ty ā</w><w n="48" lemma="hā">hā </w>
</text></TEI>
<TEI n="G1">
<text>
<w n="0">e</w><w n="1" lemma="vaṃ">vaṃ </w><w n="2">te</w><w n="3" lemma="na">na </w><w n="4"></w><w n="5"></w><w n="6"></w><w n="7"></w><w n="8">jū</w><w n="9">pe</w><w n="10" lemma="ṇa">ṇa </w><w n="11">bra</w><w n="12">hmai</w><w n="13" lemma="va">va </w><w n="14">vi</w><w n="15">ka</w><w n="16">lpi</w><w n="17" lemma="taṃ">taṃ </w><w n="18">bha</w><w n="19">va</w><w n="20">tī</w><w n="21" lemma="ti">ti </w><w n="22">sa</w><w n="23">rva</w><w n="24"></w><w n="25">dhiṃ</w><w n="26"></w><w n="27">vā</w><w n="28" lemma="nāṃ">nāṃ </w><w n="29">ta</w><w n="30"></w><w n="31"></w><w n="32">du</w><w n="33">pā</w><w n="34">dhi</w><w n="35">bhu</w><w n="36">ra</w><w n="37" lemma="vaṃ">vaṃ </w><w n="38">ta</w><w n="39" lemma="te">d e</w><w n="40" lemma="va">va </w><w n="41">vi</w><w n="42">ṣa</w><w n="43" lemma="yaḥ">yaḥ || </w><w n="44">si</w><w n="45" lemma="dha">ddha </w><w n="46">i</w><w n="47" lemma="tyā">ty ā</w><w n="48">hā</w>
</text></TEI>
<TEI n="L">
<text>
<w n="0">e</w><w n="1" lemma="vaṃ">vaṃ </w><w n="2">te</w><w n="3" lemma="na">na </w><w n="4"></w><w n="5"></w><w n="6"></w><w n="7"></w><w n="8">rū</w><w n="9">pe</w><w n="10" lemma="ṇa">ṇa </w><w n="11">bra</w><w n="12">hmai</w><w n="13" lemma="va">va </w><w n="14">vi</w><w n="15">ka</w><w n="16">lpi</w><w n="17" lemma="taṃ">taṃ </w><w n="18">bha</w><w n="19">va</w><w n="20">tī</w><w n="21" lemma="ti">ti </w><w n="22">sa</w><w n="23">rva</w><w n="24"></w><w n="25">vi</w><w n="26"></w><w n="27">dyā</w><w n="28" lemma="nāṃ">nāṃ </w><w n="29">ta</w><w n="30"></w><w n="31"></w><w n="32">du</w><w n="33">pā</w><w n="34">dhi</w><w n="35">mu</w><w n="36"></w><w n="37" lemma="khaṃ">khaṃ </w><w n="38">ta</w><w n="39" lemma="te">d e</w><w n="40" lemma="va">va </w><w n="41">vi</w><w n="42">ṣa</w><w n="43" lemma="yaḥ">yaḥ </w><w n="44">si</w><w n="45" lemma="dha">ddha </w><w n="46">i</w><w n="47" lemma="tyā">ty ā</w><w n="48" lemma="ha">ha ||</w>
</text></TEI>
<TEI n="O">
<text>
<w n="0">e</w><w n="1" lemma="vaṃ">vaṃ </w><w n="2">te</w><w n="3" lemma="na">na </w><w n="4"></w><w n="5"></w><w n="6"></w><w n="7"></w><w n="8">rū</w><w n="9">pe</w><w n="10" lemma="ṇa">ṇa </w><w n="11">bra</w><w n="12">hmai</w><w n="13" lemma="va">va </w><w n="14">vi</w><w n="15">ka</w><w n="16">lpi</w><w n="17" lemma="taṃ">taṃ </w><w n="18">bha</w><w n="19">va</w><w n="20">tī</w><w n="21" lemma="ti">ti </w><w n="22">sa</w><w n="23" lemma="rvaṃ">rvam </w><w n="24"></w><w n="25">a</w><w n="26">vi</w><w n="27">dyā</w><w n="28" lemma="nāṃ">nāṃ </w><w n="29">ta</w><w n="30"></w><w n="31"></w><w n="32">du</w><w n="33">pā</w><w n="34">dhi</w><w n="35">mu</w><w n="36"></w><w n="37" lemma="khaṃ">khaṃ </w><w n="38">ta</w><w n="39" lemma="te">d e</w><w n="40" lemma="va">va </w><w n="41">vi</w><w n="42">ṣa</w><w n="43" lemma="yaḥ">yaḥ </w><w n="44">si</w><w n="45" lemma="dha">ddha </w><w n="46">i</w><w n="47" lemma="tyā">ty ā</w><w n="48" lemma="ha">ha || </w>
</text></TEI>
<TEI n="A">
<text>
<w n="0">e</w><w n="1" lemma="vaṃ">vaṃ </w><w n="2">te</w><w n="3" lemma="na">na </w><w n="4">te</w><w n="5" lemma="na">na </w><w n="6"></w><w n="7"></w><w n="8">rū</w><w n="9">pe</w><w n="10" lemma="ṇa">ṇa </w><w n="11">va</w><w n="12">tyai</w><w n="13" lemma="va">va </w><w n="14">vi</w><w n="15">ka</w><w n="16">lpi</w><w n="17" lemma="taṃ">taṃ </w><w n="18">bha</w><w n="19">va</w><w n="20">tī</w><w n="21" lemma="ti">ti </w><w n="22">sa</w><w n="23">rva</w><w n="24"></w><w n="25">vi</w><w n="26"></w><w n="27">dyā</w><w n="28" lemma="nāṃ">nāṃ </w><w n="29">ta</w><w n="30"></w><w n="31"></w><w n="32">du</w><w n="33">pā</w><w n="34">dhi</w><w n="35">mu</w><w n="36"></w><w n="37" lemma="khaṃ">khaṃ </w><w n="38">ta</w><w n="39" lemma="te">d e</w><w n="40" lemma="va">va </w><w n="41">vi</w><w n="42">ṣa</w><w n="43" lemma="yaḥ">yaḥ </w><w n="44">si</w><w n="45" lemma="dha">ddha </w><w n="46">i</w><w n="47" lemma="tyā">ty ā</w><w n="48" lemma="ha">ha || </w>
</text></TEI>
<TEI n="V">
<text>
<w n="0">e</w><w n="1" lemma="vaṃ">vaṃ </w><w n="2">te</w><w n="3" lemma="na">na </w><w n="4">te</w><w n="5" lemma="na">na </w><w n="6"></w><w n="7"></w><w n="8">rū</w><w n="9">pe</w><w n="10" lemma="ṇa">ṇa </w><w n="11">bra</w><w n="12">hmai</w><w n="13" lemma="va">va </w><w n="14">vi</w><w n="15">ka</w><w n="16">lpi</w><w n="17" lemma="taṃ">taṃ </w><w n="18">bha</w><w n="19">va</w><w n="20">tī</w><w n="21" lemma="ti">ti </w><w n="22">sa</w><w n="23">rva</w><w n="24">vi</w><w n="25">śa</w><w n="26"></w><w n="27">bdā</w><w n="28">nāṃ</w><w n="29">dyā</w><w n="30" lemma="nāṃ">nāṃ </w><w n="31">ta</w><w n="32">du</w><w n="33">pā</w><w n="34">dhi</w><w n="35">mu</w><w n="36"></w><w n="37" lemma="khaṃ">khaṃ </w><w n="38">ta</w><w n="39" lemma="te">d e</w><w n="40" lemma="va">va </w><w n="41">vi</w><w n="42">ṣa</w><w n="43" lemma="yaḥ">yaḥ </w><w n="44">si</w><w n="45" lemma="dha">ddha </w><w n="46">i</w><w n="47" lemma="tyā">ty ā</w><w n="48" lemma="ha">ha </w>
</text></TEI>
<TEI n="K">
<text>
<w n="0">e</w><w n="1" lemma="vaṃ">vaṃ </w><w n="2">te</w><w n="3" lemma="na">na </w><w n="4">te</w><w n="5" lemma="na">na </w><w n="6"></w><w n="7"></w><w n="8">rū</w><w n="9">pe</w><w n="10" lemma="ṇa">ṇa </w><w n="11">bra</w><w n="12">hmai</w><w n="13" lemma="va">va </w><w n="14">vi</w><w n="15">ka</w><w n="16">lpi</w><w n="17" lemma="taṃ">taṃ </w><w n="18">bha</w><w n="19">va</w><w n="20">tī</w><w n="21" lemma="ti">ti </w><w n="22">sa</w><w n="23">rva</w><w n="24">vi</w><w n="25">śa</w><w n="26"></w><w n="27">bdā</w><w n="28">nāṃ</w><w n="29">dyā</w><w n="30" lemma="nāṃ">nāṃ </w><w n="31">ta</w><w n="32">du</w><w n="33">pā</w><w n="34">dhi</w><w n="35">mu</w><w n="36"></w><w n="37" lemma="khaṃ">khaṃ </w><w n="38">ta</w><w n="39" lemma="te">d e</w><w n="40" lemma="va">va </w><w n="41">vi</w><w n="42">ṣa</w><w n="43" lemma="yaḥ">yaḥ </w><w n="44">si</w><w n="45" lemma="dha">ddha </w><w n="46">i</w><w n="47" lemma="tyā">ty ā</w><w n="48" lemma="ha">ha || </w>
</text></TEI>
<TEI n="D">
<text>
<w n="0">e</w><w n="1" lemma="vaṃ">vaṃ </w><w n="2">te</w><w n="3" lemma="na">na </w><w n="4">te</w><w n="5" lemma="na">na </w><w n="6"></w><w n="7"></w><w n="8">rū</w><w n="9">pe</w><w n="10" lemma="ṇa">ṇa </w><w n="11">bra</w><w n="12">hmai</w><w n="13" lemma="va">va </w><w n="14">vi</w><w n="15">ka</w><w n="16">lpi</w><w n="17" lemma="taṃ">taṃ </w><w n="18">bha</w><w n="19">va</w><w n="20">tī</w><w n="21" lemma="ti">ti </w><w n="22">sa</w><w n="23">rva</w><w n="24"></w><w n="25">śa</w><w n="26"></w><w n="27">bdā</w><w n="28" lemma="nāṃ">nāṃ </w><w n="29">ta</w><w n="30"></w><w n="31"></w><w n="32">du</w><w n="33">pā</w><w n="34">dhi</w><w n="35">mu</w><w n="36"></w><w n="37" lemma="khaṃ">khaṃ </w><w n="38">ta</w><w n="39" lemma="te">d e</w><w n="40" lemma="va">va </w><w n="41">vi</w><w n="42">ṣa</w><w n="43" lemma="yaḥ">yaḥ </w><w n="44">si</w><w n="45" lemma="dha">ddha </w><w n="46">i</w><w n="47" lemma="tyā">ty ā</w><w n="48" lemma="ha">ha ||</w>
</text></TEI>
</teiCorpus>
