<?xml version="1.0" encoding="UTF-8"?>
<teiCorpus xmlns="http://www.tei-c.org/ns/1.0">

<TEI n="GV">
<text>
<w n="0"></w><w n="1"></w><w n="2"></w><w n="3"></w><w n="4"></w><w n="5"></w><w n="6"></w><w n="7"></w><w n="8"></w><w n="9"></w><w n="10"></w><w n="11"></w><w n="12"></w><w n="13"></w><w n="14"></w><w n="15"></w><w n="16"></w><w n="17"></w><w n="18"></w><w n="19"></w><w n="20"></w><w n="21"></w><w n="22"></w><w n="23"></w><w n="24"></w><w n="25"></w><w n="26"></w><w n="27"></w><w n="28"></w><w n="29"></w><w n="30"></w><w n="31"></w><w n="32"></w><w n="33"></w><w n="34"></w><w n="35"></w><w n="36"></w><w n="37"></w><w n="38"></w><w n="39"></w><w n="40"></w><w n="41"></w><w n="42"></w><w n="43"></w><w n="44"></w><w n="45"></w><w n="46"></w><w n="47"></w><w n="48"></w><w n="49"></w><w n="50"></w><w n="51"></w><w n="52"></w><w n="53"></w><w n="54"></w><w n="55"></w><w n="56"></w><w n="57"></w><w n="58"></w><w n="59"></w><w n="60"></w><w n="61"></w><w n="62"></w><w n="63"></w><w n="64"></w><w n="65"></w><w n="66"></w><w n="67"></w><w n="68"></w><w n="69"></w><w n="70"></w><w n="71"></w><w n="72"></w><w n="73"></w><w n="74"></w><w n="75"></w><w n="76"></w><w n="77"></w><w n="78"></w><w n="79"></w><w n="80"></w><w n="81"></w><w n="82"></w><w n="83"></w><w n="84"></w><w n="85"></w><w n="86"></w><w n="87"></w><w n="88"></w><w n="89"></w><w n="90"></w><w n="91"></w><w n="92"></w><w n="93"></w><w n="94"></w><w n="95"></w><w n="96"></w><w n="97"></w><w n="98"></w><w n="99"></w><w n="100"></w><w n="101"></w><w n="102"></w><w n="103"></w><w n="104"></w><w n="105"></w><w n="106"></w><w n="107"></w><w n="108"></w><w n="109"></w><w n="110"></w><w n="111"></w><w n="112"></w><w n="113"></w><w n="114"></w><w n="115"></w><w n="116"></w><w n="117"></w><w n="118"></w><w n="119"></w><w n="120"></w><w n="121"></w><w n="122"></w><w n="123"></w><w n="124"></w><w n="125"></w><w n="126"></w><w n="127"></w><w n="128"></w><w n="129"></w><w n="130"></w><w n="131"></w><w n="132"></w><w n="133"></w><w n="134"></w><w n="135"></w><w n="136"></w><w n="137"></w><w n="138"></w><w n="139"></w><w n="140"></w><w n="141"></w><w n="142"></w><w n="143"></w><w n="144"></w><w n="145"></w><w n="146"></w><w n="147"></w><w n="148"></w><w n="149"></w><w n="150"></w><w n="151"></w><w n="152"></w><w n="153"></w><w n="154"></w><w n="155"></w><w n="156"></w><w n="157"></w><w n="158"></w><w n="159"></w><w n="160"></w><w n="161"></w><w n="162"></w><w n="163"></w><w n="164"></w><w n="165"></w><w n="166"></w><w n="167"></w><w n="168"></w><w n="169"></w><w n="170"></w><w n="171"></w><w n="172"></w><w n="173"></w><w n="174"></w><w n="175"></w><w n="176"></w><w n="177"></w><w n="178"></w><w n="179"></w><w n="180"></w><w n="181"></w><w n="182"></w><w n="183"></w><w n="184"></w><w n="185"></w><w n="186"></w><w n="187"></w><w n="188"></w><w n="189"></w><w n="190"></w><w n="191"></w><w n="192"></w><w n="193"></w><w n="194"></w><w n="195"></w><w n="196"></w><w n="197"></w><w n="198"></w><w n="199"></w><w n="200"></w><w n="201"></w><w n="202"></w><w n="203"></w><w n="204"></w><w n="205"></w><w n="206"></w><w n="207"></w><w n="208"></w><w n="209"></w><w n="210"></w><w n="211"></w><w n="212"></w><w n="213"></w><w n="214"></w><w n="215"></w><w n="216"></w><w n="217"></w>
</text></TEI>
<TEI n="CT">
<text>
<w n="0">ru</w><w n="1">ca</w><w n="2">ka</w><w n="3" lemma="kuṃ">kuṇ</w><w n="4">ḍa</w><w n="5">lā</w><w n="6">dya</w><w n="7">kā</w><w n="8"></w><w n="9">vi</w><w n="10">śe</w><w n="11">ṣo</w><w n="12">pa</w><w n="13">dhī</w><w n="14">ya</w><w n="15">mā</w><w n="16">na</w><w n="17">rū</w><w n="18">pa</w><w n="19">bhe</w><w n="20" lemma="daṃ">dam </w><w n="21">a</w><w n="22" lemma="pi">pi </w><w n="23">su</w><w n="24">va</w><w n="25"></w><w n="26" lemma="rṇaṃ">rṇam </w><w n="27">i</w><w n="28" lemma="tye">ty e</w><w n="29" lemma="va">va </w><w n="30">sa</w><w n="31">rva</w><w n="32">trā</w><w n="33">na</w><w n="34">pā</w><w n="35">yi</w><w n="36">rū</w><w n="37" lemma="paṃ">paṃ </w><w n="38">sa</w><w n="39" lemma="tyaṃ">tyam </w><w n="40" lemma="i">i </w><w n="41"></w><w n="42"></w><w n="43"></w><w n="44"></w><w n="45"></w><w n="46"></w><w n="47"></w><w n="48"></w><w n="49"></w><w n="50"></w><w n="51"></w><w n="52"></w><w n="53"></w><w n="54"></w><w n="55"></w><w n="56">kri</w><w n="57" lemma="yā">yā-</w><w n="58">ka</w><w n="59">ra</w><w n="60">ṇā</w><w n="61" lemma="nna">n na </w><w n="62">ta</w><w n="63">trai</w><w n="64" lemma="va">va </w><w n="65">ru</w><w n="66">ca</w><w n="67">kā</w><w n="68">di</w><w n="69">śa</w><w n="70" lemma="bda">bda </w><w n="71">kṛ</w><w n="72" lemma="ta">ta-</w><w n="73">pa</w><w n="74">da</w><w n="75"></w><w n="76" lemma="baṃ">ban</w><w n="77" lemma="dhāḥ">dhāḥ | </w><w n="78" lemma="kiṃ">kiṃ </w><w n="79" lemma="tu">tu </w><w n="80">ta</w><w n="81">da</w><w n="82">ti</w><w n="83">ri</w><w n="84">cya</w><w n="85">mā</w><w n="86"></w><w n="87"></w><w n="88"></w><w n="89" lemma="naṃ">nam </w><w n="90"></w><w n="91"></w><w n="92"></w><w n="93" lemma="a">a-</w><w n="94">rtha</w><w n="95">va</w><w n="96"></w><w n="97" lemma="stvā">stv ā</w><w n="98">bhi</w><w n="99">dhe</w><w n="100">ya</w><w n="101">ke</w><w n="102"></w><w n="103" lemma="na">na </w><w n="104">sa</w><w n="105">mā</w><w n="106">vi</w><w n="107">śa</w><w n="108" lemma="ti">ti </w><w n="109">ta</w><w n="110">dva</w><w n="111" lemma="tpra">t pra</w><w n="112"></w><w n="113">kṛ</w><w n="114">ti</w><w n="115"></w><w n="116"></w><w n="117"></w><w n="118" lemma="saṃ">sam</w><w n="119" lemma="baṃ">ban</w><w n="120">dhā</w><w n="121" lemma="tā">d ā</w><w n="122">kā</w><w n="123">ro</w><w n="124">pa</w><w n="125">hi</w><w n="126">tā</w><w n="127">nā</w><w n="128">nā</w><w n="129" lemma="tvaṃ">tva-m </w><w n="130">a</w><w n="131" lemma="pi">pi </w><w n="132">pa</w><w n="133" lemma="raṃ">raṃ </w><w n="134">ta</w><w n="135" lemma="tvaṃ">tvaṃ </w><w n="136">śa</w><w n="137">bda</w><w n="138">go</w><w n="139">ca</w><w n="140" lemma="ra">ra </w><w n="141">i</w><w n="142" lemma="tya">ty a</w><w n="143" lemma="rthaḥ">rthaḥ | </w><w n="144">ta</w><w n="145" lemma="tra">tra </w><w n="146" lemma="cā">cā-</w><w n="147">pā</w><w n="148">yi</w><w n="149" lemma="bhiḥ">bhir </w><w n="150">i</w><w n="151" lemma="ti">ti </w><w n="152">he</w><w n="153">tu</w><w n="154">ni</w><w n="155">rde</w><w n="156" lemma="śaḥ">śaḥ </w><w n="157">sā</w><w n="158">dhya</w><w n="159"></w><w n="160">ma</w><w n="161"></w><w n="162">kṣya</w><w n="163">ta</w><w n="164" lemma="yā">yā </w><w n="165">kṛ</w><w n="166" lemma="taḥ">taḥ | </w><w n="167">ta</w><w n="168" lemma="taḥ">taś </w><w n="169">co</w><w n="170">pā</w><w n="171">dhī</w><w n="172" lemma="nāṃ">nām </w><w n="173">a</w><w n="174">vā</w><w n="175">cya</w><w n="176" lemma="tvaṃ">tvam </w><w n="177">a</w><w n="178">sa</w><w n="179" lemma="tya">tya-</w><w n="180" lemma="tvaṃ">tvaṃ </w><w n="181" lemma="ca">ca </w><w n="182">si</w><w n="183">dhya</w><w n="184" lemma="ti">ti | </w><w n="185">a</w><w n="186">sa</w><w n="187">tya</w><w n="188">tvā</w><w n="189" lemma="te">d e</w><w n="190">vā</w><w n="191">rtha</w><w n="192">kri</w><w n="193">yā</w><w n="194"></w><w n="195"></w><w n="196">ṇā</w><w n="197" lemma="tta">t ta</w><w n="198">da</w><w n="199" lemma="rthaṃ">rthaṃ </w><w n="200" lemma="ca">ca </w><w n="201">śa</w><w n="202">bda</w><w n="203">vya</w><w n="204">va</w><w n="205">hā</w><w n="206">ra</w><w n="207"></w><w n="208">vā</w><w n="209" lemma="cyaṃ">cyaṃ </w><w n="210"></w><w n="211"></w><w n="212"></w><w n="213">te</w><w n="214" lemma="ṣāṃ">ṣām </w><w n="215">i</w><w n="216" lemma="tya">ty a</w><w n="217" lemma="rthaḥ">rthaḥ || </w>
</text></TEI>
<TEI n="T">
<text>
<w n="0">ru</w><w n="1">ca</w><w n="2">ka</w><w n="3" lemma="kuṃ">kuṇ</w><w n="4">ḍa</w><w n="5">lā</w><w n="6">dyā</w><w n="7">kā</w><w n="8">ra</w><w n="9">vi</w><w n="10">śe</w><w n="11">ṣo</w><w n="12">pa</w><w n="13">dhī</w><w n="14">ya</w><w n="15">mā</w><w n="16">na</w><w n="17">rū</w><w n="18">pa</w><w n="19">bhe</w><w n="20" lemma="daṃ">dam </w><w n="21">a</w><w n="22" lemma="pi">pi </w><w n="23">sa</w><w n="24">va</w><w n="25"></w><w n="26" lemma="rṇaṃ">rṇṇam </w><w n="27">i</w><w n="28" lemma="tye">ty e</w><w n="29" lemma="va">va </w><w n="30">sa</w><w n="31" lemma="rva">rvva</w><w n="32">trā</w><w n="33">na</w><w n="34">pā</w><w n="35">yi</w><w n="36">rū</w><w n="37" lemma="paṃ">paṃ </w><w n="38">sa</w><w n="39" lemma="tyaṃ">tyam </w><w n="40">i</w><w n="41" lemma="tya">ty a</w><w n="42"></w><w n="43">pā</w><w n="44">yi</w><w n="45" lemma="bhiḥ">bhir </w><w n="46">ā</w><w n="47">kā</w><w n="48">ra</w><w n="49">vi</w><w n="50">śe</w><w n="51" lemma="ṣaiḥ">ṣais </w><w n="52">ta</w><w n="53">tsa</w><w n="54" lemma="dhyā">ddhyā</w><w n="55" lemma="rtha">rttha</w><w n="56">kri</w><w n="57">yā</w><w n="58">ka</w><w n="59">ra</w><w n="60">ṇā</w><w n="61" lemma="nna">n na </w><w n="62">ta</w><w n="63">trai</w><w n="64" lemma="va">va </w><w n="65">ru</w><w n="66">ca</w><w n="67">kā</w><w n="68">di</w><w n="69">śa</w><w n="70" lemma="bdāḥ">bdāḥ </w><w n="71">kṛ</w><w n="72">ta</w><w n="73">pa</w><w n="74">da</w><w n="75"></w><w n="76" lemma="baṃ">ban</w><w n="77" lemma="dhāḥ">dhāḥ </w><w n="78" lemma="kaṃ">kan </w><w n="79" lemma="tu">tu </w><w n="80">ta</w><w n="81">da</w><w n="82">ti</w><w n="83">ri</w><w n="84">cya</w><w n="85">mā</w><w n="86"></w><w n="87"></w><w n="88"></w><w n="89" lemma="naṃ">nam </w><w n="90"></w><w n="91"></w><w n="92"></w><w n="93">a</w><w n="94" lemma="rtha">rttha</w><w n="95">va</w><w n="96"></w><w n="97" lemma="stvā">stv ā</w><w n="98">bhi</w><w n="99">dhe</w><w n="100">ya</w><w n="101">ke</w><w n="102"></w><w n="103" lemma="na">na </w><w n="104">sa</w><w n="105">mā</w><w n="106">vi</w><w n="107" lemma="śaṃ">śan</w><w n="108" lemma="ti">ti </w><w n="109">ta</w><w n="110">dva</w><w n="111" lemma="tpra">t_ pra</w><w n="112"></w><w n="113">kṛ</w><w n="114">ta</w><w n="115"></w><w n="116"></w><w n="117"></w><w n="118">saṃ</w><w n="119" lemma="baṃ">ban</w><w n="120">dhā</w><w n="121" lemma="tā">d ā</w><w n="122">kā</w><w n="123">ro</w><w n="124">pa</w><w n="125">hi</w><w n="126">ta</w><w n="127">nā</w><w n="128">nā</w><w n="129" lemma="tvaṃ">tvam </w><w n="130">a</w><w n="131" lemma="pi">pi </w><w n="132">pa</w><w n="133">ra</w><w n="134" lemma="nta">n ta</w><w n="135" lemma="tvaṃ">tvaṃ </w><w n="136">śa</w><w n="137">bda</w><w n="138">go</w><w n="139">ca</w><w n="140" lemma="ra">ra </w><w n="141">i</w><w n="142" lemma="tya">ty a</w><w n="143" lemma="rthaḥ">rtthaḥ </w><w n="144">ta</w><w n="145" lemma="tra">tra </w><w n="146">cā</w><w n="147">pā</w><w n="148">yi</w><w n="149" lemma="bhiḥ">bhir </w><w n="150">i</w><w n="151" lemma="ti">ti </w><w n="152">he</w><w n="153">tu</w><w n="154">ni</w><w n="155" lemma="rde">rdde</w><w n="156" lemma="śaḥ">śas </w><w n="157">sā</w><w n="158" lemma="dhya">ddhya</w><w n="159">sa</w><w n="160">ma</w><w n="161">ka</w><w n="162">kṣya</w><w n="163">ta</w><w n="164" lemma="yā">yā </w><w n="165">kṛ</w><w n="166" lemma="taḥ">taḥ </w><w n="167">ta</w><w n="168" lemma="taḥ">taś </w><w n="169">co</w><w n="170">pā</w><w n="171">dhī</w><w n="172" lemma="nāṃ">nām </w><w n="173">a</w><w n="174">vā</w><w n="175">cya</w><w n="176" lemma="tvaṃ">tvaṃ </w><w n="177">a</w><w n="178">sa</w><w n="179">tya</w><w n="180" lemma="tvaṃ">tvañ </w><w n="181" lemma="ca">ca </w><w n="182">si</w><w n="183" lemma="dhya">ddhya</w><w n="184" lemma="ti">ti </w><w n="185">a</w><w n="186">sa</w><w n="187">tya</w><w n="188">tvā</w><w n="189" lemma="te">d e</w><w n="190">vā</w><w n="191" lemma="rtha">rttha</w><w n="192">kri</w><w n="193">yā</w><w n="194">ka</w><w n="195">ra</w><w n="196">ṇā</w><w n="197" lemma="tta">t ta</w><w n="198">da</w><w n="199" lemma="rthaṃ">rtthañ </w><w n="200" lemma="ca">ca </w><w n="201">śa</w><w n="202">bda</w><w n="203">vya</w><w n="204">va</w><w n="205">hā</w><w n="206">rā</w><w n="207" lemma="ta">d a</w><w n="208">vā</w><w n="209">cya</w><w n="210">tva</w><w n="211"></w><w n="212"></w><w n="213" lemma="nte">n te</w><w n="214" lemma="ṣāṃ">ṣām </w><w n="215">i</w><w n="216" lemma="tya">ty a</w><w n="217" lemma="rthaḥ">rtthaḥ </w>
</text></TEI>
<TEI n="H">
<text>
<w n="0">ru</w><w n="1">ca</w><w n="2">ka</w><w n="3">kuṃ</w><w n="4">ḍa</w><w n="5">lā</w><w n="6">dyā</w><w n="7">kā</w><w n="8">ra</w><w n="9">vi</w><w n="10">śe</w><w n="11">ṣo</w><w n="12">ṇa</w><w n="13">dhī</w><w n="14">ya</w><w n="15">mā</w><w n="16">na</w><w n="17">rū</w><w n="18">pa</w><w n="19">bhe</w><w n="20" lemma="daṃ">dam </w><w n="21">a</w><w n="22" lemma="pi">pi </w><w n="23">su</w><w n="24">va</w><w n="25">tra</w><w n="26" lemma="rṇaṃ">rṇam </w><w n="27">i</w><w n="28" lemma="tye">ty e</w><w n="29" lemma="va">va </w><w n="30">sa</w><w n="31">rva</w><w n="32">trā</w><w n="33">na</w><w n="34">pā</w><w n="35">yi</w><w n="36">rū</w><w n="37" lemma="paṃ">paṃ </w><w n="38">sa</w><w n="39" lemma="tyaṃ">tyam </w><w n="40">a</w><w n="41"></w><w n="42"></w><w n="43">pā</w><w n="44">yi</w><w n="45" lemma="bhiḥ">bhir </w><w n="46">ā</w><w n="47">kā</w><w n="48">ra</w><w n="49">vi</w><w n="50">śe</w><w n="51" lemma="ṣaiḥ">ṣais </w><w n="52">ta</w><w n="53">tsa</w><w n="54">dhyā</w><w n="55">rtha</w><w n="56">kri</w><w n="57">yā</w><w n="58">ka</w><w n="59">ra</w><w n="60">ṇā</w><w n="61" lemma="nna">n na </w><w n="62">ta</w><w n="63">trai</w><w n="64" lemma="va">va </w><w n="65">ru</w><w n="66">ca</w><w n="67">kā</w><w n="68">di</w><w n="69">śa</w><w n="70" lemma="bdāḥ">bdāḥ </w><w n="71">kṛ</w><w n="72">ta</w><w n="73">pa</w><w n="74">da</w><w n="75"></w><w n="76">baṃ</w><w n="77" lemma="dhāḥ">dhāḥ </w><w n="78" lemma="ki">ki </w><w n="79" lemma="tu">tu </w><w n="80">ta</w><w n="81">da</w><w n="82">ti</w><w n="83">ri</w><w n="84">cya</w><w n="85">mā</w><w n="86"></w><w n="87"></w><w n="88"></w><w n="89" lemma="naṃ">nam </w><w n="90"></w><w n="91"></w><w n="92"></w><w n="93">a</w><w n="94">rtha</w><w n="95">va</w><w n="96">ha</w><w n="97" lemma="stva">stv a</w><w n="98">bhi</w><w n="99">dhe</w><w n="100">ya</w><w n="101">ke</w><w n="102"></w><w n="103" lemma="na">na </w><w n="104">sa</w><w n="105">mā</w><w n="106">vi</w><w n="107">śaṃ</w><w n="108" lemma="ti">ti | </w><w n="109">ta</w><w n="110">dva</w><w n="111" lemma="tpra">t pra</w><w n="112"></w><w n="113">kṛ</w><w n="114"></w><w n="115"></w><w n="116"></w><w n="117"></w><w n="118">saṃ</w><w n="119">baṃ</w><w n="120">dhā</w><w n="121" lemma="tā">d ā</w><w n="122">kā</w><w n="123">ro</w><w n="124">pa</w><w n="125">hi</w><w n="126">ta</w><w n="127">nā</w><w n="128">nā</w><w n="129" lemma="tvaṃ">tvam </w><w n="130">a</w><w n="131" lemma="pi">pi </w><w n="132">pa</w><w n="133">ra</w><w n="134">ta</w><w n="135" lemma="tvaṃ">ttvaṃ </w><w n="136">śa</w><w n="137">bda</w><w n="138">go</w><w n="139">ca</w><w n="140" lemma="ra">ra </w><w n="141">i</w><w n="142" lemma="tya">ty a</w><w n="143" lemma="rthaḥ">rthaḥ | </w><w n="144">a</w><w n="145" lemma="tra">tra </w><w n="146">cā</w><w n="147">pā</w><w n="148">yi</w><w n="149" lemma="bhiḥ">bhir </w><w n="150">i</w><w n="151" lemma="ti">ti </w><w n="152">he</w><w n="153">tu</w><w n="154">ni</w><w n="155">rde</w><w n="156" lemma="śaḥ">śaḥ </w><w n="157">sā</w><w n="158">dhya</w><w n="159">sa</w><w n="160">ma</w><w n="161">ka</w><w n="162">kṣya</w><w n="163">ta</w><w n="164" lemma="yā">yā </w><w n="165">kṛ</w><w n="166" lemma="taḥ">taḥ | </w><w n="167">ta</w><w n="168" lemma="taḥ">taś </w><w n="169">co</w><w n="170">pā</w><w n="171">dhī</w><w n="172" lemma="māṃ">mām </w><w n="173">a</w><w n="174">vā</w><w n="175">cya</w><w n="176" lemma="tvaṃ">tvam </w><w n="177">a</w><w n="178">sa</w><w n="179">tya</w><w n="180" lemma="tvaṃ">tvaṃ </w><w n="181" lemma="ca">ca </w><w n="182">si</w><w n="183" lemma="dhya">ddhya</w><w n="184" lemma="ti">ti | </w><w n="185">a</w><w n="186">sa</w><w n="187">tya</w><w n="188">tvā</w><w n="189" lemma="te">d e</w><w n="190">vā</w><w n="191">rtha</w><w n="192">kri</w><w n="193">yā</w><w n="194">ka</w><w n="195">ra</w><w n="196">ṇā</w><w n="197" lemma="tta">t ta</w><w n="198">da</w><w n="199" lemma="rthaṃ">rthaṃ </w><w n="200" lemma="ca">ca </w><w n="201">śa</w><w n="202">bda</w><w n="203">vya</w><w n="204">va</w><w n="205">hā</w><w n="206">rā</w><w n="207" lemma="ta">d a</w><w n="208">vā</w><w n="209">cya</w><w n="210" lemma="tvaṃ">tvaṃ </w><w n="211"></w><w n="212"></w><w n="213">te</w><w n="214" lemma="ṣāṃ">ṣām </w><w n="215">i</w><w n="216" lemma="tya">ty a</w><w n="217" lemma="rthaḥ">rthaḥ | </w>
</text></TEI>
<TEI n="P">
<text>
<w n="0">ru</w><w n="1">ca</w><w n="2">ka</w><w n="3">kuṃ</w><w n="4">ḍa</w><w n="5">la</w><w n="6">chyā</w><w n="7">kā</w><w n="8">ra</w><w n="9">vi</w><w n="10">śe</w><w n="11">ṣo</w><w n="12">pā</w><w n="13">dhī</w><w n="14">ya</w><w n="15">mā</w><w n="16">na</w><w n="17">rū</w><w n="18">pa</w><w n="19">bhe</w><w n="20" lemma="daṃ">dam </w><w n="21">a</w><w n="22" lemma="pi">pi </w><w n="23">su</w><w n="24">va</w><w n="25"></w><w n="26" lemma="rṇaṃ">rṇam </w><w n="27">i</w><w n="28" lemma="tye">ty e</w><w n="29" lemma="va">va </w><w n="30">sa</w><w n="31">rva</w><w n="32">tro</w><w n="33"></w><w n="34">pā</w><w n="35">dhi</w><w n="36">rū</w><w n="37" lemma="paṃ">paṃ </w><w n="38">sa</w><w n="39" lemma="tyaṃ">tyam </w><w n="40">i</w><w n="41" lemma="tya">ty a</w><w n="42"></w><w n="43">pā</w><w n="44">yi</w><w n="45" lemma="bhiḥ">bhir </w><w n="46">ā</w><w n="47">kā</w><w n="48">ra</w><w n="49">vi</w><w n="50">śe</w><w n="51" lemma="ṣaiḥ">ṣais </w><w n="52">ta</w><w n="53">tsā</w><w n="54">dhyā</w><w n="55">rtha</w><w n="56">kri</w><w n="57">yā</w><w n="58">kā</w><w n="59">ra</w><w n="60">ṇā</w><w n="61" lemma="nna">n na </w><w n="62">ta</w><w n="63">trai</w><w n="64" lemma="va">va </w><w n="65">ru</w><w n="66">ca</w><w n="67">kā</w><w n="68">di</w><w n="69">śa</w><w n="70" lemma="bdāḥ">bdāḥ </w><w n="71">kṛ</w><w n="72">ta</w><w n="73">pa</w><w n="74">da</w><w n="75"></w><w n="76">baṃ</w><w n="77" lemma="dhā">dhā </w><w n="78" lemma="kiṃ">kiṃ </w><w n="79" lemma="tu">tu </w><w n="80">ta</w><w n="81">da</w><w n="82">ti</w><w n="83">ri</w><w n="84">cya</w><w n="85">mā</w><w n="86" lemma="ne">ne </w><w n="87">śa</w><w n="88">rī</w><w n="89" lemma="raṃ">ram </w><w n="90"></w><w n="91"></w><w n="92"></w><w n="93">a</w><w n="94">rthyā</w><w n="95" lemma="tva">d va</w><w n="96"></w><w n="97" lemma="stya">sty a</w><w n="98">bhi</w><w n="99">dhā</w><w n="100">ya</w><w n="101">ke</w><w n="102"></w><w n="103" lemma="na">na </w><w n="104">sa</w><w n="105">ptā</w><w n="106">vi</w><w n="107">śaṃ</w><w n="108" lemma="ti">ti </w><w n="109">ta</w><w n="110">dva</w><w n="111" lemma="tpra">t pra</w><w n="112"></w><w n="113">kṛ</w><w n="114">ti</w><w n="115"></w><w n="116"></w><w n="117"></w><w n="118">saṃ</w><w n="119">baṃ</w><w n="120">dhā</w><w n="121" lemma="tā">d ā</w><w n="122"></w><w n="123">ro</w><w n="124">pā</w><w n="125">hi</w><w n="126">ta</w><w n="127">nā</w><w n="128">vā</w><w n="129" lemma="tvaṃ">tvam </w><w n="130">a</w><w n="131" lemma="pi">pi </w><w n="132">pa</w><w n="133">ra</w><w n="134">ta</w><w n="135" lemma="tvaṃ">tvaṃ </w><w n="136">śa</w><w n="137">bda</w><w n="138">go</w><w n="139">ca</w><w n="140" lemma="ra">ra </w><w n="141">i</w><w n="142" lemma="tya">ty a</w><w n="143" lemma="rthaḥ">rthaḥ </w><w n="144">a</w><w n="145">trai</w><w n="146">vo</w><w n="147" lemma="pā">pā&#166;</w><w n="148">dhi</w><w n="149" lemma="bhiḥ">bhir </w><w n="150">i</w><w n="151" lemma="ti">ti </w><w n="152">he</w><w n="153">tu</w><w n="154">ni</w><w n="155" lemma="rde">rdde</w><w n="156" lemma="śaḥ">śaḥ </w><w n="157">sā</w><w n="158">dhya</w><w n="159">sa</w><w n="160">ma</w><w n="161">ka</w><w n="162">kṣa</w><w n="163">ta</w><w n="164" lemma="yā">yā </w><w n="165">kṛ</w><w n="166" lemma="taḥ">taḥ </w><w n="167">ta</w><w n="168" lemma="taḥ">taś </w><w n="169">co</w><w n="170">pā</w><w n="171">dhī</w><w n="172" lemma="nāṃ">nām </w><w n="173">a</w><w n="174"></w><w n="175">tya</w><w n="176" lemma="tvaṃ">tvam </w><w n="177">a</w><w n="178">vā</w><w n="179">cya</w><w n="180" lemma="tvaṃ">tvaṃ </w><w n="181" lemma="ca">ca </w><w n="182">si</w><w n="183">dhya</w><w n="184" lemma="ti">ti </w><w n="185">a</w><w n="186">sa</w><w n="187">tya</w><w n="188">tvā</w><w n="189" lemma="te">d e</w><w n="190">vā</w><w n="191">rtha</w><w n="192">kri</w><w n="193">yā</w><w n="194">kā</w><w n="195">ra</w><w n="196" lemma="ṇā">ṇā </w><w n="197">ta</w><w n="198">da</w><w n="199" lemma="rtha">rtha </w><w n="200" lemma="ca">ca </w><w n="201">śa</w><w n="202">bda</w><w n="203">vya</w><w n="204">va</w><w n="205">hā</w><w n="206">rā</w><w n="207" lemma="ta">d a</w><w n="208">vā</w><w n="209">cya</w><w n="210" lemma="tvaṃ">tvam </w><w n="211">a</w><w n="212" lemma="taḥ">tas </w><w n="213">te</w><w n="214" lemma="ṣāṃ">ṣām </w><w n="215">i</w><w n="216" lemma="tya">ty a</w><w n="217" lemma="rthaḥ">rthaḥ </w>
</text></TEI>
<TEI n="M">
<text>
<w n="0" lemma="ru">|| ru</w><w n="1">ca</w><w n="2">ka</w><w n="3">kuṃ</w><w n="4">ḍa</w><w n="5">lā</w><w n="6">dyā</w><w n="7">kā</w><w n="8">ra</w><w n="9">vi</w><w n="10">śe</w><w n="11">ṣo</w><w n="12">pā</w><w n="13">dhī</w><w n="14">ya</w><w n="15">mā</w><w n="16">na</w><w n="17">rū</w><w n="18">pa</w><w n="19">bhe</w><w n="20" lemma="daṃ">dam </w><w n="21">a</w><w n="22" lemma="pi">pi </w><w n="23">su</w><w n="24">va</w><w n="25"></w><w n="26" lemma="rṇaṃ">rṇam </w><w n="27">i</w><w n="28" lemma="tye">ty e</w><w n="29" lemma="va">va </w><w n="30">sa</w><w n="31">rva</w><w n="32">tro</w><w n="33"></w><w n="34">pā</w><w n="35">dhi</w><w n="36">rū</w><w n="37" lemma="paṃ">paṃ </w><w n="38">sa</w><w n="39" lemma="tyaṃ">tyam </w><w n="40">i</w><w n="41" lemma="tya">ty a</w><w n="42"></w><w n="43">pā</w><w n="44">yi</w><w n="45" lemma="bhiḥ">bhir </w><w n="46">ā</w><w n="47">kā</w><w n="48">ra</w><w n="49">vi</w><w n="50">śe</w><w n="51" lemma="ṣaiḥ">ṣais </w><w n="52">ta</w><w n="53">tsā</w><w n="54">dhyā</w><w n="55">rtha</w><w n="56">kri</w><w n="57">yā</w><w n="58">kā</w><w n="59">ra</w><w n="60">ṇā</w><w n="61" lemma="nna">n na </w><w n="62">ta</w><w n="63">trai</w><w n="64" lemma="va">va </w><w n="65">ru</w><w n="66">ca</w><w n="67">kā</w><w n="68">di</w><w n="69">śa</w><w n="70" lemma="bdāḥ">bdāḥ </w><w n="71">kṛ</w><w n="72">ta</w><w n="73">pa</w><w n="74">da</w><w n="75"></w><w n="76">baṃ</w><w n="77" lemma="dhāḥ">dhāḥ | </w><w n="78" lemma="kiṃ">kiṃ </w><w n="79" lemma="tu">tu </w><w n="80">ta</w><w n="81">da</w><w n="82">ti</w><w n="83">ri</w><w n="84">cya</w><w n="85">mā</w><w n="86"></w><w n="87"></w><w n="88"></w><w n="89">na</w><w n="90">śa</w><w n="91">rī</w><w n="92" lemma="raṃ">ram </w><w n="93">a</w><w n="94">rthā</w><w n="95" lemma="tva">d va</w><w n="96"></w><w n="97" lemma="stva">stv a</w><w n="98">bhi</w><w n="99">dhā</w><w n="100">ya</w><w n="101">ke</w><w n="102"></w><w n="103" lemma="na">na </w><w n="104">sa</w><w n="105">mā</w><w n="106">vi</w><w n="107">śaṃ</w><w n="108" lemma="ti">ti | </w><w n="109">ta</w><w n="110">dva</w><w n="111" lemma="tpra">t pra</w><w n="112"></w><w n="113">kṛ</w><w n="114">ti</w><w n="115"></w><w n="116"></w><w n="117"></w><w n="118">saṃ</w><w n="119">baṃ</w><w n="120">dhā</w><w n="121" lemma="tā">d ā</w><w n="122"></w><w n="123">ro</w><w n="124">pā</w><w n="125">hi</w><w n="126">ta</w><w n="127">nā</w><w n="128">nā</w><w n="129" lemma="tvaṃ">tvam </w><w n="130">a</w><w n="131" lemma="pi">pi </w><w n="132">pa</w><w n="133">ra</w><w n="134">ta</w><w n="135" lemma="tvaṃ">tvaṃ </w><w n="136">śa</w><w n="137">bda</w><w n="138">go</w><w n="139">ca</w><w n="140" lemma="ra">ra </w><w n="141">i</w><w n="142" lemma="tya">ty a</w><w n="143" lemma="rthaḥ">rthaḥ | </w><w n="144">a</w><w n="145">trai</w><w n="146">vo</w><w n="147">pā</w><w n="148">dhi</w><w n="149" lemma="bhiḥ">bhir </w><w n="150">i</w><w n="151" lemma="ti">ti </w><w n="152">he</w><w n="153">tu</w><w n="154">ni</w><w n="155" lemma="rde">rdde</w><w n="156" lemma="śaḥ">śaḥ | </w><w n="157">sā</w><w n="158">dhya</w><w n="159">sa</w><w n="160">ma</w><w n="161">ka</w><w n="162">kṣa</w><w n="163">ta</w><w n="164" lemma="yā">yā </w><w n="165">kṛ</w><w n="166" lemma="taḥ">taḥ | </w><w n="167">ta</w><w n="168" lemma="taḥ">taś </w><w n="169">co</w><w n="170">pā</w><w n="171">dhī</w><w n="172" lemma="nāṃ">nām </w><w n="173">a</w><w n="174">sa</w><w n="175">tya</w><w n="176" lemma="tvaṃ">tvam </w><w n="177">a</w><w n="178">vā</w><w n="179">cya</w><w n="180" lemma="tvaṃ">tvaṃ </w><w n="181" lemma="ca">ca </w><w n="182">si</w><w n="183">dhya</w><w n="184" lemma="ti">ti | </w><w n="185">a</w><w n="186">sa</w><w n="187">tya</w><w n="188">tvā</w><w n="189" lemma="te">d e</w><w n="190">vā</w><w n="191">rtha</w><w n="192">kri</w><w n="193">yā</w><w n="194">kā</w><w n="195">ra</w><w n="196">ṇā</w><w n="197" lemma="tta">t ta</w><w n="198">da</w><w n="199" lemma="rtha">rtha </w><w n="200" lemma="ca">ca </w><w n="201">śa</w><w n="202">bda</w><w n="203">vya</w><w n="204">va</w><w n="205">hā</w><w n="206">rā</w><w n="207" lemma="ta">d a</w><w n="208">vā</w><w n="209">cya</w><w n="210" lemma="tvaṃ">tvam </w><w n="211">a</w><w n="212" lemma="taḥ">tas </w><w n="213">te</w><w n="214" lemma="ṣāṃ">ṣām </w><w n="215">i</w><w n="216" lemma="tya">ty a</w><w n="217" lemma="rthaḥ">rthaḥ | </w>
</text></TEI>
<TEI n="G2">
<text>
<w n="0"></w><w n="1">syaṃ</w><w n="2">ka</w><w n="3">kuṃ</w><w n="4">ḍa</w><w n="5">lā</w><w n="6"></w><w n="7">dhā</w><w n="8">ra</w><w n="9">vi</w><w n="10">śe</w><w n="11" lemma="ṣaḥ">ṣo </w><w n="12">bhi</w><w n="13">dhā</w><w n="14">ya</w><w n="15">mā</w><w n="16">na</w><w n="17">rū</w><w n="18">pā</w><w n="19">bhe</w><w n="20" lemma="daṃ">dam </w><w n="21">a</w><w n="22" lemma="pi">pi </w><w n="23">su</w><w n="24">va</w><w n="25"></w><w n="26" lemma="rṇaṃ">rṇam </w><w n="27">i</w><w n="28" lemma="tye">ty e</w><w n="29" lemma="va">va </w><w n="30">sa</w><w n="31">rva</w><w n="32">trā</w><w n="33">na</w><w n="34">pā</w><w n="35">yi</w><w n="36">rū</w><w n="37" lemma="paṃ">paṃ </w><w n="38">sa</w><w n="39">tya</w><w n="40" lemma="bhi">bh i</w><w n="41" lemma="tya">ty a</w><w n="42"></w><w n="43">pā</w><w n="44">yi</w><w n="45" lemma="bhi">bhi </w><w n="46">ā</w><w n="47">kā</w><w n="48">ra</w><w n="49">vi</w><w n="50">śe</w><w n="51" lemma="ṣaiḥ">ṣais </w><w n="52">ta</w><w n="53">tsā</w><w n="54">dhyā</w><w n="55">rtha</w><w n="56">kri</w><w n="57">yā</w><w n="58">ka</w><w n="59">ra</w><w n="60">ṇā</w><w n="61" lemma="nna">n na </w><w n="62">te</w><w n="63">trai</w><w n="64" lemma="va">va </w><w n="65">ru</w><w n="66">va</w><w n="67">kā</w><w n="68">di</w><w n="69">śa</w><w n="70" lemma="bdā">bdā </w><w n="71">kṛ</w><w n="72">ta</w><w n="73">pa</w><w n="74">da</w><w n="75">saṃ</w><w n="76">baṃ</w><w n="77" lemma="dhāḥ">dhāḥ || </w><w n="78" lemma="kiṃ">kiṃ </w><w n="79" lemma="tu">tu </w><w n="80">ta</w><w n="81">da</w><w n="82">ti</w><w n="83">ri</w><w n="84">vya</w><w n="85">mā</w><w n="86"></w><w n="87"></w><w n="88"></w><w n="89" lemma="naṃ">nam </w><w n="90"></w><w n="91"></w><w n="92"></w><w n="93">a</w><w n="94">rtha</w><w n="95">va</w><w n="96"></w><w n="97" lemma="sya">sy a</w><w n="98">bhi</w><w n="99">dhe</w><w n="100">ya</w><w n="101">ka</w><w n="102">ta</w><w n="103" lemma="na">na </w><w n="104">sa</w><w n="105">mā</w><w n="106">vi</w><w n="107">śa</w><w n="108" lemma="tti">tti </w><w n="109">ta</w><w n="110">dva</w><w n="111" lemma="tta">t ta</w><w n="112">tva</w><w n="113">kṛ</w><w n="114">ti</w><w n="115"></w><w n="116"></w><w n="117"></w><w n="118">saṃ</w><w n="119">baṃ</w><w n="120">dhā</w><w n="121" lemma="tā">d ā</w><w n="122"></w><w n="123">ro</w><w n="124">pa</w><w n="125">hi</w><w n="126">ta</w><w n="127">nā</w><w n="128">nā</w><w n="129" lemma="tvaṃ">tvam </w><w n="130">a</w><w n="131" lemma="pi">pi </w><w n="132">pa</w><w n="133">ra</w><w n="134"></w><w n="135" lemma="tvaṃ">tvaṃ </w><w n="136">śa</w><w n="137">da</w><w n="138">go</w><w n="139">va</w><w n="140" lemma="raṃ">ram </w><w n="141">i</w><w n="142" lemma="tya">ty a</w><w n="143" lemma="rthaḥ">rthaḥ || </w><w n="144">ta</w><w n="145" lemma="tra">tra </w><w n="146">vā</w><w n="147">pā</w><w n="148">yi</w><w n="149" lemma="bhiḥ">bhir </w><w n="150">i</w><w n="151" lemma="ti">ti </w><w n="152">he</w><w n="153">tu</w><w n="154">ni</w><w n="155">rde</w><w n="156" lemma="śaḥ">śaḥ || </w><w n="157">śa</w><w n="158">kya</w><w n="159">sa</w><w n="160">ma</w><w n="161">ka</w><w n="162">kṣa</w><w n="163">ta</w><w n="164" lemma="yā">yā </w><w n="165">vṛ</w><w n="166" lemma="taḥ">taḥ || </w><w n="167">ta</w><w n="168" lemma="taḥ">taś </w><w n="169">vo</w><w n="170">pā</w><w n="171">dhi</w><w n="172" lemma="nāṃ">nām </w><w n="173">a</w><w n="174">vā</w><w n="175">vya</w><w n="176">tve</w><w n="177" lemma="ma">ma </w><w n="178">sa</w><w n="179">tya</w><w n="180" lemma="tvaṃ">tvaṃ </w><w n="181" lemma="ca">ca </w><w n="182">si</w><w n="183">dhya</w><w n="184" lemma="ti">ti </w><w n="185">a</w><w n="186">sa</w><w n="187">tya</w><w n="188">tvā</w><w n="189" lemma="te">d e</w><w n="190">vā</w><w n="191">rthā</w><w n="192">kri</w><w n="193">yā</w><w n="194">ka</w><w n="195">ra</w><w n="196">ṇā</w><w n="197" lemma="tta">t ta</w><w n="198">da</w><w n="199" lemma="rthaṃ">rthaṃ </w><w n="200" lemma="va">va </w><w n="201">śa</w><w n="202">bda</w><w n="203">vya</w><w n="204">va</w><w n="205">hā</w><w n="206">rā</w><w n="207" lemma="ta">d a</w><w n="208">vā</w><w n="209">vya</w><w n="210" lemma="tvaṃ">tvaṃ </w><w n="211"></w><w n="212"></w><w n="213">te</w><w n="214" lemma="ṣāṃ">ṣām </w><w n="215">i</w><w n="216" lemma="tya">ty a</w><w n="217" lemma="rthaḥ">rthaḥ || </w>
</text></TEI>
<TEI n="G1">
<text>
<w n="0"></w><w n="1"></w><w n="2"></w><w n="3"></w><w n="4"></w><w n="5"></w><w n="6"></w><w n="7"></w><w n="8"></w><w n="9"></w><w n="10"></w><w n="11"></w><w n="12"></w><w n="13"></w><w n="14"></w><w n="15"></w><w n="16"></w><w n="17"></w><w n="18"></w><w n="19"></w><w n="20"></w><w n="21"></w><w n="22"></w><w n="23"></w><w n="24"></w><w n="25"></w><w n="26"></w><w n="27"></w><w n="28"></w><w n="29"></w><w n="30"></w><w n="31"></w><w n="32"></w><w n="33"></w><w n="34"></w><w n="35"></w><w n="36"></w><w n="37"></w><w n="38"></w><w n="39"></w><w n="40"></w><w n="41"></w><w n="42"></w><w n="43"></w><w n="44"></w><w n="45"></w><w n="46"></w><w n="47"></w><w n="48"></w><w n="49"></w><w n="50"></w><w n="51"></w><w n="52"></w><w n="53"></w><w n="54"></w><w n="55"></w><w n="56"></w><w n="57"></w><w n="58"></w><w n="59"></w><w n="60"></w><w n="61"></w><w n="62"></w><w n="63"></w><w n="64"></w><w n="65"></w><w n="66"></w><w n="67"></w><w n="68"></w><w n="69"></w><w n="70"></w><w n="71"></w><w n="72"></w><w n="73"></w><w n="74"></w><w n="75"></w><w n="76"></w><w n="77"></w><w n="78"></w><w n="79"></w><w n="80"></w><w n="81"></w><w n="82"></w><w n="83"></w><w n="84"></w><w n="85"></w><w n="86"></w><w n="87"></w><w n="88"></w><w n="89"></w><w n="90"></w><w n="91"></w><w n="92"></w><w n="93"></w><w n="94"></w><w n="95"></w><w n="96"></w><w n="97"></w><w n="98"></w><w n="99"></w><w n="100"></w><w n="101"></w><w n="102"></w><w n="103"></w><w n="104"></w><w n="105"></w><w n="106"></w><w n="107"></w><w n="108"></w><w n="109"></w><w n="110"></w><w n="111"></w><w n="112"></w><w n="113"></w><w n="114"></w><w n="115"></w><w n="116"></w><w n="117"></w><w n="118"></w><w n="119"></w><w n="120"></w><w n="121"></w><w n="122"></w><w n="123"></w><w n="124"></w><w n="125"></w><w n="126"></w><w n="127"></w><w n="128"></w><w n="129"></w><w n="130"></w><w n="131"></w><w n="132"></w><w n="133"></w><w n="134"></w><w n="135"></w><w n="136"></w><w n="137"></w><w n="138"></w><w n="139"></w><w n="140"></w><w n="141"></w><w n="142"></w><w n="143"></w><w n="144"></w><w n="145"></w><w n="146"></w><w n="147"></w><w n="148"></w><w n="149"></w><w n="150"></w><w n="151"></w><w n="152"></w><w n="153"></w><w n="154"></w><w n="155"></w><w n="156"></w><w n="157"></w><w n="158"></w><w n="159"></w><w n="160"></w><w n="161"></w><w n="162"></w><w n="163"></w><w n="164"></w><w n="165"></w><w n="166"></w><w n="167"></w><w n="168"></w><w n="169"></w><w n="170"></w><w n="171"></w><w n="172"></w><w n="173"></w><w n="174"></w><w n="175"></w><w n="176"></w><w n="177"></w><w n="178"></w><w n="179"></w><w n="180"></w><w n="181"></w><w n="182"></w><w n="183"></w><w n="184"></w><w n="185"></w><w n="186"></w><w n="187"></w><w n="188"></w><w n="189"></w><w n="190"></w><w n="191"></w><w n="192"></w><w n="193"></w><w n="194"></w><w n="195"></w><w n="196"></w><w n="197"></w><w n="198"></w><w n="199"></w><w n="200"></w><w n="201"></w><w n="202"></w><w n="203"></w><w n="204"></w><w n="205"></w><w n="206"></w><w n="207"></w><w n="208"></w><w n="209"></w><w n="210"></w><w n="211"></w><w n="212"></w><w n="213"></w><w n="214"></w><w n="215"></w><w n="216"></w><w n="217"></w>
</text></TEI>
<TEI n="L">
<text>
<w n="0">ru</w><w n="1">ca</w><w n="2">ka</w><w n="3">kuṃ</w><w n="4">ḍa</w><w n="5">lā</w><w n="6">dyā</w><w n="7">kā</w><w n="8">ra</w><w n="9">vi</w><w n="10">śe</w><w n="11" lemma="ṣaḥ">ṣo </w><w n="12">bhi</w><w n="13">dhā</w><w n="14">ya</w><w n="15">mā</w><w n="16">na</w><w n="17">rū</w><w n="18">pā</w><w n="19">bhe</w><w n="20" lemma="daṃ">dam </w><w n="21">a</w><w n="22" lemma="pi">pi </w><w n="23">su</w><w n="24">va</w><w n="25"></w><w n="26" lemma="rṇaṃ">rṇam </w><w n="27">i</w><w n="28" lemma="tye">ty e</w><w n="29" lemma="va">va </w><w n="30">sa</w><w n="31">rva</w><w n="32">trā</w><w n="33">na</w><w n="34">pā</w><w n="35">yi</w><w n="36">rū</w><w n="37" lemma="paṃ">paṃ </w><w n="38">sa</w><w n="39" lemma="tyaṃ">tyam </w><w n="40">i</w><w n="41" lemma="ti">ti </w><w n="42">a</w><w n="43">pā</w><w n="44">yi</w><w n="45" lemma="bhiḥ">bhir </w><w n="46">ā</w><w n="47">kā</w><w n="48">ra</w><w n="49">vi</w><w n="50">śe</w><w n="51" lemma="ṣaiḥ">ṣais </w><w n="52">ta</w><w n="53">tsā</w><w n="54">dhyā</w><w n="55">rtha</w><w n="56">kri</w><w n="57">yā</w><w n="58">kā</w><w n="59">ra</w><w n="60">ṇā</w><w n="61" lemma="nna">n na </w><w n="62">ta</w><w n="63">trai</w><w n="64" lemma="va">va </w><w n="65">ru</w><w n="66">ca</w><w n="67">kā</w><w n="68">di</w><w n="69">śa</w><w n="70" lemma="bdāḥ">bdāḥ </w><w n="71">kṛ</w><w n="72">ta</w><w n="73">pa</w><w n="74">da</w><w n="75">saṃ</w><w n="76">baṃ</w><w n="77" lemma="dhāḥ">dhāḥ </w><w n="78" lemma="kiṃ">kiṃ </w><w n="79" lemma="tu">tu </w><w n="80">ta</w><w n="81">da</w><w n="82">ti</w><w n="83">ri</w><w n="84">cya</w><w n="85">mā</w><w n="86"></w><w n="87"></w><w n="88"></w><w n="89" lemma="naṃ">nam </w><w n="90"></w><w n="91"></w><w n="92"></w><w n="93">a</w><w n="94">rtha</w><w n="95">va</w><w n="96"></w><w n="97" lemma="stva">stv a</w><w n="98">bhi</w><w n="99">dhe</w><w n="100">ya</w><w n="101">ka</w><w n="102">ta</w><w n="103" lemma="na">na </w><w n="104">sa</w><w n="105">mā</w><w n="106">vi</w><w n="107">śaṃ</w><w n="108" lemma="ti">ti || </w><w n="109">ta</w><w n="110">dva</w><w n="111" lemma="tpra">t pra</w><w n="112"></w><w n="113">kṛ</w><w n="114">ti</w><w n="115">pra</w><w n="116">tya</w><w n="117">ya</w><w n="118">saṃ</w><w n="119">baṃ</w><w n="120">dhā</w><w n="121" lemma="tā">d ā</w><w n="122"></w><w n="123">ro</w><w n="124">pi</w><w n="125">hi</w><w n="126">ta</w><w n="127">nā</w><w n="128">nā</w><w n="129" lemma="tvaṃ">tvam </w><w n="130">a</w><w n="131" lemma="pi">pi </w><w n="132">pa</w><w n="133">ra</w><w n="134"></w><w n="135" lemma="tvaṃ">tvaṃ </w><w n="136">śa</w><w n="137">bda</w><w n="138">go</w><w n="139">ca</w><w n="140" lemma="raṃ">ram </w><w n="141">i</w><w n="142" lemma="tya">ty a</w><w n="143" lemma="rthaḥ">rthaḥ || </w><w n="144">ta</w><w n="145" lemma="tra">tra </w><w n="146">cā</w><w n="147">pā</w><w n="148">yi</w><w n="149" lemma="bhiḥ">bhir </w><w n="150">i</w><w n="151" lemma="ti">ti </w><w n="152">he</w><w n="153">tu</w><w n="154">ni</w><w n="155">rde</w><w n="156" lemma="śaḥ">śaḥ </w><w n="157">śā</w><w n="158">kya</w><w n="159">sa</w><w n="160">ma</w><w n="161">ka</w><w n="162">kṣa</w><w n="163">ta</w><w n="164" lemma="yā">yā </w><w n="165">kṛ</w><w n="166" lemma="taḥ">taḥ || </w><w n="167">ta</w><w n="168" lemma="taḥ">taś </w><w n="169">co</w><w n="170">pā</w><w n="171">dhī</w><w n="172" lemma="nāṃ">nām </w><w n="173">a</w><w n="174">vā</w><w n="175">cya</w><w n="176" lemma="tvaṃ">tvam </w><w n="177">a</w><w n="178">sa</w><w n="179">tya</w><w n="180" lemma="tvaṃ">tvaṃ </w><w n="181" lemma="ca">ca </w><w n="182">si</w><w n="183" lemma="dhya">ddhya</w><w n="184" lemma="ti">ti || </w><w n="185">a</w><w n="186">sa</w><w n="187">tya</w><w n="188">tvā</w><w n="189" lemma="te">d e</w><w n="190">vā</w><w n="191">rtha</w><w n="192">kri</w><w n="193">yā</w><w n="194">ka</w><w n="195">ra</w><w n="196">ṇā</w><w n="197" lemma="tta">t ta</w><w n="198">da</w><w n="199" lemma="rthaṃ">rthaṃ </w><w n="200" lemma="ca">ca </w><w n="201">śa</w><w n="202">bda</w><w n="203">vya</w><w n="204">va</w><w n="205">hā</w><w n="206">rā</w><w n="207" lemma="ta">d a</w><w n="208">vā</w><w n="209">cya</w><w n="210" lemma="tvaṃ">tvaṃ </w><w n="211"></w><w n="212"></w><w n="213">te</w><w n="214" lemma="ṣāṃ">ṣām </w><w n="215">i</w><w n="216" lemma="tya">ty a</w><w n="217" lemma="rthaḥ">rthaḥ || </w>
</text></TEI>
<TEI n="O">
<text>
<w n="0">ru</w><w n="1">ca</w><w n="2">ka</w><w n="3">kuṃ</w><w n="4">ḍa</w><w n="5">lā</w><w n="6">dyā</w><w n="7">kā</w><w n="8">ra</w><w n="9">vi</w><w n="10">śe</w><w n="11" lemma="ṣaḥ">ṣo </w><w n="12">bhi</w><w n="13">dhī</w><w n="14">ya</w><w n="15">mā</w><w n="16">na</w><w n="17">rū</w><w n="18">pā</w><w n="19">bhe</w><w n="20" lemma="daṃ">dam </w><w n="21">a</w><w n="22" lemma="pi">pi </w><w n="23">su</w><w n="24">va</w><w n="25"></w><w n="26" lemma="rṇaṃ">rṇam </w><w n="27">i</w><w n="28" lemma="tye">ty e</w><w n="29" lemma="va">va </w><w n="30">sa</w><w n="31">rva</w><w n="32">trā</w><w n="33">na</w><w n="34" lemma="pā">pā=</w><w n="35">yi</w><w n="36">rū</w><w n="37" lemma="paṃ">paṃ </w><w n="38">sa</w><w n="39" lemma="tyaṃ">tyam </w><w n="40">i</w><w n="41" lemma="tya">ty a</w><w n="42"></w><w n="43">pā</w><w n="44">yi</w><w n="45" lemma="bhiḥ">bhir </w><w n="46">ā</w><w n="47">kā</w><w n="48">ra</w><w n="49">vi</w><w n="50">śe</w><w n="51" lemma="ṣaiḥ">ṣais </w><w n="52">ta</w><w n="53">tsā</w><w n="54">dhyā</w><w n="55" lemma="rtha">rttha</w><w n="56">kri</w><w n="57">yā</w><w n="58">ka</w><w n="59">ra</w><w n="60">ṇā</w><w n="61" lemma="nna">n na </w><w n="62">ta</w><w n="63">trai</w><w n="64" lemma="va">va </w><w n="65">ru</w><w n="66">ca</w><w n="67">kā</w><w n="68">di</w><w n="69">śa</w><w n="70" lemma="bdāḥ">bdāḥ </w><w n="71">kṛ</w><w n="72">ta</w><w n="73">pa</w><w n="74">da</w><w n="75">saṃ</w><w n="76">baṃ</w><w n="77" lemma="dhāḥ">dhāḥ </w><w n="78" lemma="kiṃ">kiṃ </w><w n="79" lemma="tu">tu </w><w n="80">ta</w><w n="81">da</w><w n="82">ti</w><w n="83">ri</w><w n="84">cya</w><w n="85">mā</w><w n="86"></w><w n="87"></w><w n="88"></w><w n="89" lemma="naṃ">nam </w><w n="90"></w><w n="91"></w><w n="92"></w><w n="93">a</w><w n="94" lemma="rtha">rttha</w><w n="95">va</w><w n="96"></w><w n="97" lemma="stva">stv a</w><w n="98">bhi</w><w n="99">dhe</w><w n="100">ya</w><w n="101">ke</w><w n="102">ta</w><w n="103" lemma="na">na </w><w n="104">sa</w><w n="105">mā</w><w n="106">vi</w><w n="107">śaṃ</w><w n="108" lemma="ti">ti </w><w n="109">ta</w><w n="110">dva</w><w n="111" lemma="tpra">t pra</w><w n="112"></w><w n="113">kṛ</w><w n="114">ti</w><w n="115"></w><w n="116"></w><w n="117"></w><w n="118">saṃ</w><w n="119">baṃ</w><w n="120">dhā</w><w n="121" lemma="tā">d ā</w><w n="122"></w><w n="123">ro</w><w n="124">pa</w><w n="125">hi</w><w n="126">ta</w><w n="127">nā</w><w n="128">nā</w><w n="129" lemma="tvaṃ">tvam </w><w n="130">a</w><w n="131" lemma="pi">pi </w><w n="132">pa</w><w n="133">ra</w><w n="134"></w><w n="135" lemma="tvaṃ">tvaṃ </w><w n="136">śa</w><w n="137">bda</w><w n="138">go</w><w n="139">ca</w><w n="140" lemma="raṃ">ram </w><w n="141">i</w><w n="142" lemma="tya">ty a</w><w n="143" lemma="rthaḥ">rtthaḥ | </w><w n="144">ta</w><w n="145" lemma="tra">tra </w><w n="146">cā</w><w n="147">pā</w><w n="148">yi</w><w n="149" lemma="bhiḥ">bhir </w><w n="150">i</w><w n="151" lemma="ti">ti </w><w n="152">he</w><w n="153">tu</w><w n="154">ni</w><w n="155">rde</w><w n="156" lemma="śaḥ">śaḥ </w><w n="157">śā</w><w n="158">kya</w><w n="159">sa</w><w n="160">ma</w><w n="161">ka</w><w n="162">kṣa</w><w n="163">ta</w><w n="164" lemma="yā">yā </w><w n="165">kṛ</w><w n="166" lemma="taḥ">taḥ </w><w n="167">ta</w><w n="168" lemma="taḥ">taś </w><w n="169">co</w><w n="170">pā</w><w n="171">dhī</w><w n="172" lemma="nāṃ">nām </w><w n="173">a</w><w n="174">vā</w><w n="175">cya</w><w n="176" lemma="tvaṃ">tvaṃ </w><w n="177"></w><w n="178"></w><w n="179"></w><w n="180"></w><w n="181" lemma="ca">ca </w><w n="182">si</w><w n="183">dhya</w><w n="184" lemma="ti">ti </w><w n="185">a</w><w n="186">sa</w><w n="187">tya</w><w n="188">tvā</w><w n="189" lemma="te">d e</w><w n="190">vā</w><w n="191" lemma="rtha">rttha</w><w n="192">kri</w><w n="193">yā</w><w n="194">ka</w><w n="195">ra</w><w n="196">ṇā</w><w n="197" lemma="tta">t ta</w><w n="198">da</w><w n="199" lemma="rthaṃ">rtthaṃ </w><w n="200" lemma="ca">ca </w><w n="201">śa</w><w n="202">bda</w><w n="203">vya</w><w n="204">va</w><w n="205">hā</w><w n="206">rā</w><w n="207" lemma="ta">d a</w><w n="208">vā</w><w n="209">cya</w><w n="210" lemma="tvaṃ">tvaṃ </w><w n="211"></w><w n="212"></w><w n="213">te</w><w n="214" lemma="ṣāṃ">ṣām </w><w n="215">i</w><w n="216" lemma="tya">ty a</w><w n="217" lemma="rthaḥ">rtthaḥ | </w>
</text></TEI>
<TEI n="A">
<text>
<w n="0">ru</w><w n="1">ca</w><w n="2">ka</w><w n="3">kuṃ</w><w n="4">ḍa</w><w n="5">lā</w><w n="6">dyā</w><w n="7">kā</w><w n="8">ra</w><w n="9">vi</w><w n="10">śe</w><w n="11">ṣo</w><w n="12">pā</w><w n="13">dhī</w><w n="14">ya</w><w n="15">mā</w><w n="16">na</w><w n="17">rū</w><w n="18">pā</w><w n="19">bhe</w><w n="20" lemma="daṃ">dam </w><w n="21">a</w><w n="22" lemma="pi">pi </w><w n="23">su</w><w n="24">va</w><w n="25"></w><w n="26" lemma="rṇaṃ">rṇam </w><w n="27">i</w><w n="28" lemma="tye">ty e</w><w n="29" lemma="va">va </w><w n="30">sa</w><w n="31">rva</w><w n="32">tro</w><w n="33"></w><w n="34">pā</w><w n="35">dhi</w><w n="36">rū</w><w n="37" lemma="paṃ">paṃ </w><w n="38">sa</w><w n="39" lemma="tyaṃ">tyam </w><w n="40">i</w><w n="41" lemma="tyu">ty u</w><w n="42"></w><w n="43">pā</w><w n="44">dhi</w><w n="45" lemma="bhiḥ">bhiḥ </w><w n="46">ā</w><w n="47">kā</w><w n="48">ra</w><w n="49">vi</w><w n="50">śe</w><w n="51" lemma="ṣaiḥ">ṣais </w><w n="52">ta</w><w n="53">tsā</w><w n="54">dhyā</w><w n="55">rtha</w><w n="56">kri</w><w n="57">yā</w><w n="58">ka</w><w n="59">ra</w><w n="60">ṇā</w><w n="61" lemma="nna">n na </w><w n="62">ta</w><w n="63">trai</w><w n="64" lemma="va">va </w><w n="65">ru</w><w n="66">ca</w><w n="67">kā</w><w n="68">di</w><w n="69">śa</w><w n="70" lemma="bdāḥ">bdāḥ </w><w n="71">kṛ</w><w n="72">ta</w><w n="73">pa</w><w n="74">da</w><w n="75">saṃ</w><w n="76">baṃ</w><w n="77" lemma="dhāḥ">dhāḥ </w><w n="78" lemma="kiṃ">kiṃ </w><w n="79" lemma="tu">tu </w><w n="80"></w><w n="81">da</w><w n="82">ti</w><w n="83">ri</w><w n="84">cya</w><w n="85">mā</w><w n="86"></w><w n="87"></w><w n="88"></w><w n="89" lemma="naṃ">nam </w><w n="90"></w><w n="91"></w><w n="92"></w><w n="93">a</w><w n="94">rtha</w><w n="95">va</w><w n="96"></w><w n="97" lemma="stva">stv a</w><w n="98">bhi</w><w n="99">dhā</w><w n="100">ya</w><w n="101">ka</w><w n="102">tve</w><w n="103" lemma="na">na </w><w n="104">sa</w><w n="105">mā</w><w n="106">vi</w><w n="107">śaṃ</w><w n="108" lemma="ti">ti </w><w n="109">ta</w><w n="110">dva</w><w n="111" lemma="tpra">t pra</w><w n="112"></w><w n="113">kṛ</w><w n="114">ti</w><w n="115"></w><w n="116"></w><w n="117"></w><w n="118">saṃ</w><w n="119">baṃ</w><w n="120">dhā</w><w n="121" lemma="tā">d ā</w><w n="122"></w><w n="123">ro</w><w n="124">pā</w><w n="125">hi</w><w n="126">ta</w><w n="127">nā</w><w n="128">nā</w><w n="129" lemma="tvaṃ">tvam </w><w n="130">a</w><w n="131" lemma="pi">pi </w><w n="132">pa</w><w n="133">ra</w><w n="134">ta</w><w n="135" lemma="tvaṃ">tvaṃ </w><w n="136">śa</w><w n="137">bda</w><w n="138">go</w><w n="139">ca</w><w n="140" lemma="ra">ra </w><w n="141">i</w><w n="142" lemma="tya">ty a</w><w n="143" lemma="rthaḥ">rthaḥ </w><w n="144">ta</w><w n="145" lemma="tra">tra </w><w n="146">cā</w><w n="147">pā</w><w n="148">yi</w><w n="149" lemma="bhiḥ">bhir </w><w n="150">i</w><w n="151" lemma="ti">ti </w><w n="152">he</w><w n="153">tu</w><w n="154">ni</w><w n="155">rde</w><w n="156" lemma="śaḥ">śaḥ </w><w n="157">śā</w><w n="158">kya</w><w n="159">sa</w><w n="160">ma</w><w n="161">ka</w><w n="162">kṣya</w><w n="163">ta</w><w n="164" lemma="yā">yā </w><w n="165">kṛ</w><w n="166" lemma="taḥ">taḥ </w><w n="167">ta</w><w n="168" lemma="taḥ">taś </w><w n="169">co</w><w n="170">pā</w><w n="171">dhī</w><w n="172" lemma="nāṃ">nām </w><w n="173">a</w><w n="174">vā</w><w n="175">cya</w><w n="176" lemma="tvaṃ">tvam </w><w n="177">a</w><w n="178">sa</w><w n="179">tya</w><w n="180" lemma="tvaṃ">tvaṃ </w><w n="181" lemma="ca">ca </w><w n="182">si</w><w n="183">dhya</w><w n="184" lemma="ti">ti </w><w n="185">a</w><w n="186">sa</w><w n="187">tya</w><w n="188">tvā</w><w n="189" lemma="te">d e</w><w n="190">cā</w><w n="191">rtha</w><w n="192">kri</w><w n="193">yā</w><w n="194">ka</w><w n="195">ra</w><w n="196">ṇā</w><w n="197" lemma="tta">t ta</w><w n="198">da</w><w n="199" lemma="rthaṃ">rthaṃ </w><w n="200" lemma="ca">ca </w><w n="201">śa</w><w n="202">bda</w><w n="203">vya</w><w n="204">va</w><w n="205">hā</w><w n="206">rā</w><w n="207" lemma="ta">d a</w><w n="208">vā</w><w n="209">cya</w><w n="210" lemma="tvaṃ">tvaṃ </w><w n="211"></w><w n="212"></w><w n="213">te</w><w n="214" lemma="ṣāṃ">ṣām </w><w n="215">i</w><w n="216" lemma="tya">ty a</w><w n="217" lemma="rthaḥ">rthaḥ </w>
</text></TEI>
<TEI n="V">
<text>
<w n="0">ru</w><w n="1">ca</w><w n="2">ka</w><w n="3">kuṃ</w><w n="4">ḍa</w><w n="5">lā</w><w n="6">dyā</w><w n="7">kā</w><w n="8">ra</w><w n="9">vi</w><w n="10">śe</w><w n="11">ṣo</w><w n="12">pā</w><w n="13">dhā</w><w n="14">ya</w><w n="15">mā</w><w n="16">na</w><w n="17">rū</w><w n="18">pā</w><w n="19">bhe</w><w n="20" lemma="daṃ">dam </w><w n="21">a</w><w n="22" lemma="pi">pi </w><w n="23">su</w><w n="24">va</w><w n="25"></w><w n="26" lemma="rṇaṃ">rṇam </w><w n="27">i</w><w n="28" lemma="tye">ty e</w><w n="29" lemma="va">va </w><w n="30">sa</w><w n="31">rva</w><w n="32">tro</w><w n="33"></w><w n="34">pā</w><w n="35">dhi</w><w n="36">rū</w><w n="37" lemma="paṃ">paṃ </w><w n="38">sa</w><w n="39" lemma="tyaṃ">tyam </w><w n="40">i</w><w n="41" lemma="ti">ti </w><w n="42">u</w><w n="43">pā</w><w n="44">dhi</w><w n="45" lemma="bhi">bhi </w><w n="46">ā</w><w n="47">kā</w><w n="48">ra</w><w n="49">vi</w><w n="50">śe</w><w n="51" lemma="ṣaiḥ">ṣais </w><w n="52">ta</w><w n="53">tsā</w><w n="54">dhyā</w><w n="55">rtha</w><w n="56">kri</w><w n="57">yā</w><w n="58">ka</w><w n="59">ra</w><w n="60">ṇā</w><w n="61" lemma="nna">n na </w><w n="62">ta</w><w n="63">trai</w><w n="64" lemma="va">va </w><w n="65">ru</w><w n="66">ca</w><w n="67">kā</w><w n="68">di</w><w n="69">śa</w><w n="70" lemma="bdāḥ">bdāḥ </w><w n="71">kṛ</w><w n="72">ta</w><w n="73">pa</w><w n="74">da</w><w n="75">saṃ</w><w n="76">baṃ</w><w n="77" lemma="dhāḥ">dhāḥ </w><w n="78">ki</w><w n="79" lemma="tuṃ">tuṃ </w><w n="80">ta</w><w n="81">da</w><w n="82">ti</w><w n="83">ri</w><w n="84">cya</w><w n="85">mā</w><w n="86"></w><w n="87"></w><w n="88"></w><w n="89" lemma="naṃ">nam </w><w n="90"></w><w n="91"></w><w n="92"></w><w n="93">a</w><w n="94">rtha</w><w n="95">va</w><w n="96"></w><w n="97" lemma="stya">sty a</w><w n="98">bhi</w><w n="99">dhā</w><w n="100">ya</w><w n="101">ka</w><w n="102">tve</w><w n="103" lemma="na">na </w><w n="104">sa</w><w n="105">mā</w><w n="106">vi</w><w n="107">śaṃ</w><w n="108" lemma="ti">ti </w><w n="109">ta</w><w n="110">dva</w><w n="111" lemma="tpra">t pra</w><w n="112"></w><w n="113">kṛ</w><w n="114">ti</w><w n="115"></w><w n="116"></w><w n="117"></w><w n="118">saṃ</w><w n="119">baṃ</w><w n="120">dhā</w><w n="121" lemma="tā">d ā</w><w n="122"></w><w n="123">ro</w><w n="124">pa</w><w n="125">hi</w><w n="126">ta</w><w n="127">nā</w><w n="128">nā</w><w n="129" lemma="tvaṃ">tvam </w><w n="130">a</w><w n="131" lemma="pi">pi </w><w n="132">pa</w><w n="133">ra</w><w n="134">ta</w><w n="135" lemma="tvaṃ">tvaṃ </w><w n="136">śa</w><w n="137">bda</w><w n="138">go</w><w n="139">va</w><w n="140" lemma="ra">ra </w><w n="141">i</w><w n="142" lemma="tya">ty a</w><w n="143" lemma="rthaḥ">rthaḥ </w><w n="144">ta</w><w n="145" lemma="tra">tra </w><w n="146">cā</w><w n="147">pā</w><w n="148">yi</w><w n="149" lemma="bhiḥ">bhir </w><w n="150">i</w><w n="151" lemma="ti">ti </w><w n="152">he</w><w n="153">tu</w><w n="154">ni</w><w n="155">rde</w><w n="156" lemma="śaḥ">śaḥ </w><w n="157">śā</w><w n="158">kya</w><w n="159">sa</w><w n="160">ma</w><w n="161">ka</w><w n="162">kṣya</w><w n="163">ta</w><w n="164" lemma="yā">yā </w><w n="165">ka</w><w n="166" lemma="taḥ">taḥ </w><w n="167">ta</w><w n="168" lemma="taḥ">taś </w><w n="169">co</w><w n="170">pā</w><w n="171">dhā</w><w n="172" lemma="nāṃ">nām </w><w n="173">a</w><w n="174">vā</w><w n="175">cya</w><w n="176" lemma="tvaṃ">tvam </w><w n="177">a</w><w n="178">sa</w><w n="179">tya</w><w n="180" lemma="tvaṃ">tvaṃ </w><w n="181" lemma="ca">ca </w><w n="182">si</w><w n="183">dhya</w><w n="184" lemma="ti">ti </w><w n="185">a</w><w n="186">sa</w><w n="187">tya</w><w n="188">tvā</w><w n="189" lemma="te">d e</w><w n="190">vā</w><w n="191">rtha</w><w n="192">kri</w><w n="193">yā</w><w n="194">ka</w><w n="195">ra</w><w n="196">ṇā</w><w n="197" lemma="tta">t ta</w><w n="198">da</w><w n="199" lemma="rthaṃ">rthaṃ </w><w n="200" lemma="ca">ca </w><w n="201">śa</w><w n="202">bda</w><w n="203">vya</w><w n="204">va</w><w n="205">hā</w><w n="206">rā</w><w n="207" lemma="ta">d a</w><w n="208">vā</w><w n="209">cya</w><w n="210" lemma="tvaṃ">tvaṃ </w><w n="211"></w><w n="212"></w><w n="213">te</w><w n="214" lemma="ṣāṃ">ṣām </w><w n="215">i</w><w n="216" lemma="tya">ty a</w><w n="217" lemma="rśaḥ">rśaḥ </w>
</text></TEI>
<TEI n="K">
<text>
<w n="0">ru</w><w n="1">ca</w><w n="2">ka</w><w n="3">kuṃ</w><w n="4">ḍa</w><w n="5">lā</w><w n="6">dyā</w><w n="7">kā</w><w n="8">ra</w><w n="9">vi</w><w n="10">śe</w><w n="11">ṣo</w><w n="12">pā</w><w n="13">dhā</w><w n="14">ya</w><w n="15">mā</w><w n="16">na</w><w n="17">rū</w><w n="18">pā</w><w n="19">bhe</w><w n="20" lemma="daṃ">dam </w><w n="21">a</w><w n="22" lemma="pi">pi </w><w n="23">su</w><w n="24">va</w><w n="25"></w><w n="26" lemma="rṇaṃ">rṇam </w><w n="27">i</w><w n="28" lemma="tye">ty e</w><w n="29" lemma="va">va </w><w n="30">sa</w><w n="31">rva</w><w n="32">tro</w><w n="33"></w><w n="34">pā</w><w n="35">dhi</w><w n="36">rū</w><w n="37" lemma="paṃ">paṃ </w><w n="38">sa</w><w n="39" lemma="tyaṃ">tyam </w><w n="40">i</w><w n="41" lemma="ti">ti </w><w n="42">u</w><w n="43">pā</w><w n="44">dhi</w><w n="45" lemma="bhi">bhi </w><w n="46">ā</w><w n="47">kā</w><w n="48">ra</w><w n="49">vi</w><w n="50">śe</w><w n="51" lemma="ṣaiḥ">ṣais </w><w n="52">ta</w><w n="53">tsā</w><w n="54">dhyā</w><w n="55">rtha</w><w n="56">kri</w><w n="57">yā</w><w n="58">ka</w><w n="59">ra</w><w n="60">ṇā</w><w n="61" lemma="nna">n na </w><w n="62">ta</w><w n="63">trai</w><w n="64" lemma="va">va </w><w n="65">ru</w><w n="66">ca</w><w n="67">kā</w><w n="68">di</w><w n="69">śa</w><w n="70" lemma="bdāḥ">bdāḥ </w><w n="71">kṛ</w><w n="72">ta</w><w n="73">pa</w><w n="74">da</w><w n="75">saṃ</w><w n="76">baṃ</w><w n="77" lemma="dhāḥ">dhāḥ </w><w n="78">ki</w><w n="79" lemma="tuṃ">tuṃ </w><w n="80">ta</w><w n="81">da</w><w n="82">ti</w><w n="83">ri</w><w n="84">cya</w><w n="85">mā</w><w n="86"></w><w n="87"></w><w n="88"></w><w n="89" lemma="naṃ">nam </w><w n="90"></w><w n="91"></w><w n="92"></w><w n="93">a</w><w n="94">rtha</w><w n="95">va</w><w n="96"></w><w n="97" lemma="stya">sty a</w><w n="98">bhi</w><w n="99">dha</w><w n="100">ya</w><w n="101">ka</w><w n="102">tve</w><w n="103" lemma="na">na </w><w n="104">sa</w><w n="105">mā</w><w n="106">vi</w><w n="107">śaṃ</w><w n="108" lemma="ti">ti </w><w n="109">ta</w><w n="110">dva</w><w n="111" lemma="tpra">t pra</w><w n="112"></w><w n="113">kṛ</w><w n="114">ti</w><w n="115"></w><w n="116"></w><w n="117"></w><w n="118">saṃ</w><w n="119">baṃ</w><w n="120">dhā</w><w n="121" lemma="tā">d ā</w><w n="122"></w><w n="123">ro</w><w n="124">pa</w><w n="125">hi</w><w n="126">ta</w><w n="127">nā</w><w n="128">nā</w><w n="129" lemma="tvaṃ">tvam </w><w n="130">a</w><w n="131" lemma="pi">pi </w><w n="132">pa</w><w n="133">ra</w><w n="134">ta</w><w n="135" lemma="tvaṃ">tvaṃ </w><w n="136">śa</w><w n="137">bda</w><w n="138">go</w><w n="139">va</w><w n="140" lemma="ra">ra </w><w n="141">i</w><w n="142" lemma="tya">ty a</w><w n="143" lemma="rthaḥ">rthaḥ </w><w n="144">ta</w><w n="145" lemma="tra">tra </w><w n="146">cā</w><w n="147">pā</w><w n="148">yi</w><w n="149" lemma="bhiḥ">bhir </w><w n="150">i</w><w n="151" lemma="ti">ti </w><w n="152">he</w><w n="153">tu</w><w n="154">ni</w><w n="155" lemma="rde">rdde</w><w n="156" lemma="śaḥ">śaḥ </w><w n="157">śā</w><w n="158">kya</w><w n="159">sa</w><w n="160">ma</w><w n="161">ka</w><w n="162">kṣya</w><w n="163">ta</w><w n="164" lemma="yā">yā </w><w n="165">ka</w><w n="166" lemma="taḥ">taḥ </w><w n="167">ta</w><w n="168" lemma="taḥ">taś </w><w n="169">co</w><w n="170">pā</w><w n="171">dhā</w><w n="172" lemma="nāṃ">nām </w><w n="173">a</w><w n="174">vā</w><w n="175">cya</w><w n="176" lemma="tvaṃ">tvam </w><w n="177">a</w><w n="178">sa</w><w n="179">tya</w><w n="180" lemma="tvaṃ">tvaṃ </w><w n="181" lemma="ca">ca </w><w n="182">si</w><w n="183">dhya</w><w n="184" lemma="ti">ti </w><w n="185">a</w><w n="186">sa</w><w n="187">tya</w><w n="188">tvā</w><w n="189" lemma="te">d e</w><w n="190">vā</w><w n="191">rtha</w><w n="192">kri</w><w n="193">yā</w><w n="194">ka</w><w n="195">ra</w><w n="196">ṇā</w><w n="197" lemma="tta">t ta</w><w n="198">da</w><w n="199" lemma="rthaṃ">rthaṃ </w><w n="200" lemma="ca">ca </w><w n="201">śa</w><w n="202">bda</w><w n="203">vya</w><w n="204">va</w><w n="205">hā</w><w n="206">rā</w><w n="207" lemma="ta">d a</w><w n="208">vā</w><w n="209">cya</w><w n="210" lemma="tvaṃ">tvaṃ </w><w n="211"></w><w n="212"></w><w n="213">te</w><w n="214" lemma="ṣāṃ">ṣām </w><w n="215">i</w><w n="216" lemma="tya">ty a</w><w n="217" lemma="rśaḥ">rśaḥ </w>
</text></TEI>
<TEI n="D">
<text>
<w n="0" lemma="ru">|| ru</w><w n="1">ca</w><w n="2">ka</w><w n="3">kuṃ</w><w n="4">ḍa</w><w n="5">lā</w><w n="6">dyā</w><w n="7">kā</w><w n="8">ra</w><w n="9">vi</w><w n="10">śe</w><w n="11">ṣo</w><w n="12">pā</w><w n="13">dhī</w><w n="14">ya</w><w n="15">mā</w><w n="16">na</w><w n="17">rū</w><w n="18">pā</w><w n="19">bhe</w><w n="20" lemma="daṃ">dam </w><w n="21">a</w><w n="22" lemma="pi">pi </w><w n="23">su</w><w n="24">va</w><w n="25"></w><w n="26" lemma="rṇaṃ">rṇam </w><w n="27">i</w><w n="28" lemma="tye">ty e</w><w n="29" lemma="va">va </w><w n="30">sa</w><w n="31">rva</w><w n="32">tro</w><w n="33"></w><w n="34">pā</w><w n="35">dhi</w><w n="36">rū</w><w n="37" lemma="paṃ">paṃ </w><w n="38">sa</w><w n="39" lemma="tyaṃ">tyam </w><w n="40">i</w><w n="41" lemma="ti">ti </w><w n="42">u</w><w n="43">pā</w><w n="44">dhi</w><w n="45" lemma="bhiḥ">bhiḥ </w><w n="46">ā</w><w n="47">kā</w><w n="48">ra</w><w n="49">vi</w><w n="50">śe</w><w n="51" lemma="ṣaiḥ">ṣais </w><w n="52">ta</w><w n="53">tsā</w><w n="54">dhyā</w><w n="55">rtha</w><w n="56">kri</w><w n="57">yā</w><w n="58">ka</w><w n="59">ra</w><w n="60">ṇā</w><w n="61" lemma="nna">n na </w><w n="62">ta</w><w n="63">trai</w><w n="64" lemma="va">va </w><w n="65">ru</w><w n="66">ca</w><w n="67">kā</w><w n="68">di</w><w n="69">śa</w><w n="70" lemma="bdāḥ">bdāḥ </w><w n="71">kṛ</w><w n="72">ta</w><w n="73">pa</w><w n="74">da</w><w n="75">saṃ</w><w n="76">baṃ</w><w n="77" lemma="dhāḥ">dhāḥ </w><w n="78" lemma="kiṃ">kiṃ </w><w n="79" lemma="tu">tu </w><w n="80">ta</w><w n="81">da</w><w n="82">ti</w><w n="83">ri</w><w n="84">cya</w><w n="85">mā</w><w n="86"></w><w n="87"></w><w n="88"></w><w n="89" lemma="naṃ">nam </w><w n="90"></w><w n="91"></w><w n="92"></w><w n="93">a</w><w n="94">rtha</w><w n="95">va</w><w n="96"></w><w n="97" lemma="stva">stv a</w><w n="98">bhi</w><w n="99">dhā</w><w n="100">ya</w><w n="101">ka</w><w n="102">tve</w><w n="103" lemma="na">na </w><w n="104">sa</w><w n="105">mā</w><w n="106">vi</w><w n="107">śaṃ</w><w n="108" lemma="ti">ti </w><w n="109">ta</w><w n="110">dva</w><w n="111" lemma="tpra">t pra</w><w n="112"></w><w n="113">kṛ</w><w n="114">ti</w><w n="115"></w><w n="116"></w><w n="117"></w><w n="118">saṃ</w><w n="119">baṃ</w><w n="120">dhā</w><w n="121" lemma="tā">d ā</w><w n="122"></w><w n="123">ro</w><w n="124">pa</w><w n="125">hi</w><w n="126">ta</w><w n="127">nā</w><w n="128">nā</w><w n="129" lemma="tvaṃ">tvam </w><w n="130">a</w><w n="131" lemma="pi">pi </w><w n="132">pa</w><w n="133">ra</w><w n="134">ta</w><w n="135" lemma="tvaṃ">tvaṃ </w><w n="136">śa</w><w n="137">bda</w><w n="138">go</w><w n="139">ca</w><w n="140" lemma="ra">ra </w><w n="141">i</w><w n="142" lemma="tya">ty a</w><w n="143" lemma="rthaḥ">rthaḥ | </w><w n="144">ta</w><w n="145" lemma="tra">tra </w><w n="146">cā</w><w n="147">pā</w><w n="148">yi</w><w n="149" lemma="bhiḥ">bhir </w><w n="150">i</w><w n="151" lemma="ti">ti </w><w n="152">he</w><w n="153">tu</w><w n="154">ni</w><w n="155">rde</w><w n="156" lemma="śaḥ">śaḥ </w><w n="157">śā</w><w n="158">kya</w><w n="159">sa</w><w n="160">ma</w><w n="161">ka</w><w n="162">kṣya</w><w n="163">ta</w><w n="164" lemma="yā">yā </w><w n="165">kṛ</w><w n="166" lemma="taḥ">taḥ </w><w n="167">ta</w><w n="168" lemma="taḥ">taś </w><w n="169">co</w><w n="170">pā</w><w n="171">dhī</w><w n="172" lemma="nāṃ">nām </w><w n="173">a</w><w n="174">vā</w><w n="175">cya</w><w n="176" lemma="tvaṃ">tvam </w><w n="177">a</w><w n="178">sa</w><w n="179">tya</w><w n="180" lemma="tvaṃ">tvaṃ </w><w n="181" lemma="ca">ca </w><w n="182">si</w><w n="183">dhya</w><w n="184" lemma="ti">ti </w><w n="185">a</w><w n="186">sa</w><w n="187">tya</w><w n="188">tvā</w><w n="189" lemma="te">d e</w><w n="190">vā</w><w n="191">rtha</w><w n="192">kri</w><w n="193">yā</w><w n="194">ka</w><w n="195">ra</w><w n="196">ṇā</w><w n="197" lemma="tta">t ta</w><w n="198">da</w><w n="199" lemma="rthaṃ">rthaṃ </w><w n="200" lemma="ca">ca </w><w n="201">śa</w><w n="202">bda</w><w n="203">vya</w><w n="204">va</w><w n="205">hā</w><w n="206">rā</w><w n="207" lemma="ta">d a</w><w n="208">vā</w><w n="209">cya</w><w n="210" lemma="tvaṃ">tvaṃ </w><w n="211"></w><w n="212"></w><w n="213">te</w><w n="214" lemma="ṣāṃ">ṣām </w><w n="215">i</w><w n="216" lemma="tya">ty a</w><w n="217" lemma="rthaḥ">rthaḥ | </w>
</text></TEI>
</teiCorpus>
