<?xml version="1.0" encoding="UTF-8"?>
<teiCorpus xmlns="http://www.tei-c.org/ns/1.0">

<TEI n="GV">
<text>
<w n="0">ka</w><w n="1" lemma="thaṃ">thaṃ </w><w n="2">pu</w><w n="3" lemma="naḥ">nar </w><w n="4">e</w><w n="5">ta</w><w n="6"></w><w n="7"></w><w n="8" lemma="ta">d a</w><w n="9">va</w><w n="10">ga</w><w n="11"></w><w n="12">mya</w><w n="13" lemma="te">te | </w><w n="14">ā</w><w n="15">kā</w><w n="16" lemma="rā">rā </w><w n="17">a</w><w n="18">sa</w><w n="19" lemma="tyāḥ">tyās </w><w n="20">ta</w><w n="21" lemma="taḥ">to </w><w n="22">nya</w><w n="23" lemma="ta">ta </w><w n="24">sa</w><w n="25" lemma="tyaṃ">tyam </w><w n="26">i</w><w n="27" lemma="tyā">ty ā</w><w n="28"></w><w n="29"></w><w n="30" lemma="ha">ha || </w>
</text></TEI>
<TEI n="CT">
<text>
<w n="0">ka</w><w n="1" lemma="thaṃ">thaṃ </w><w n="2">pu</w><w n="3" lemma="naḥ">na-r </w><w n="4"></w><w n="5">a</w><w n="6"></w><w n="7"></w><w n="8"></w><w n="9">va</w><w n="10">ga</w><w n="11"></w><w n="12">mya</w><w n="13" lemma="te">te | </w><w n="14">ā</w><w n="15">kā</w><w n="16" lemma="rā">rā </w><w n="17">a</w><w n="18">sa</w><w n="19" lemma="tyāḥ">tyās </w><w n="20">ta</w><w n="21" lemma="taḥ">to '</w><w n="22">nya</w><w n="23" lemma="tsa">t sa</w><w n="24"></w><w n="25" lemma="tyaṃ">tya-m </w><w n="26">i</w><w n="27" lemma="tyā">ty ā</w><w n="28"></w><w n="29"></w><w n="30" lemma="ha">ha&#8212;</w>
</text></TEI>
<TEI n="T">
<text>
<w n="0">ka</w><w n="1" lemma="thaṃ">thaṃ </w><w n="2">pu</w><w n="3" lemma="naḥ">nar </w><w n="4"></w><w n="5">a</w><w n="6"></w><w n="7"></w><w n="8"></w><w n="9">va</w><w n="10">ga</w><w n="11"></w><w n="12">mya</w><w n="13" lemma="te">te </w><w n="14">ā</w><w n="15">kā</w><w n="16" lemma="rā">rā </w><w n="17">a</w><w n="18">sa</w><w n="19" lemma="tyāḥ">tyās </w><w n="20">ta</w><w n="21" lemma="taḥ">to </w><w n="22">nya</w><w n="23" lemma="tsa">t sa</w><w n="24"></w><w n="25" lemma="tyaṃ">tyam </w><w n="26">i</w><w n="27" lemma="tyā">ty ā</w><w n="28"></w><w n="29"></w><w n="30" lemma="ha">ha | </w>
</text></TEI>
<TEI n="H">
<text>
<w n="0">ka</w><w n="1" lemma="thaṃ">thaṃ </w><w n="2">pu</w><w n="3" lemma="naḥ">nar </w><w n="4">e</w><w n="5">ta</w><w n="6">du</w><w n="7">paṃ</w><w n="8" lemma="ta">d a</w><w n="9">va</w><w n="10">ga</w><w n="11"></w><w n="12">mya</w><w n="13" lemma="te">te </w><w n="14">ā</w><w n="15">kā</w><w n="16" lemma="rā">rā </w><w n="17">a</w><w n="18">sa</w><w n="19" lemma="tyāḥ">tyās </w><w n="20">ta</w><w n="21" lemma="taḥ">to </w><w n="22">nya</w><w n="23" lemma="tsa">t sa</w><w n="24"></w><w n="25" lemma="tyaṃ">tyam </w><w n="26">i</w><w n="27" lemma="tyā">ty ā</w><w n="28"></w><w n="29"></w><w n="30" lemma="ha">ha || &#43256; || </w>
</text></TEI>
<TEI n="P">
<text>
<w n="0">ka</w><w n="1" lemma="thaṃ">thaṃ </w><w n="2">pu</w><w n="3" lemma="naḥ">nar </w><w n="4">e</w><w n="5">ta</w><w n="6"></w><w n="7"></w><w n="8" lemma="ta">d a</w><w n="9">va</w><w n="10">ga</w><w n="11"></w><w n="12">mya</w><w n="13" lemma="te">te </w><w n="14">ā</w><w n="15">kā</w><w n="16" lemma="rā">rā </w><w n="17">a</w><w n="18">sa</w><w n="19" lemma="tyāḥ">tyās </w><w n="20">ta</w><w n="21" lemma="taḥ">to </w><w n="22">nya</w><w n="23" lemma="ta">ta </w><w n="24">sa</w><w n="25" lemma="tyaṃ">tyam </w><w n="26">i</w><w n="27" lemma="tyā">ty ā</w><w n="28"></w><w n="29"></w><w n="30" lemma="ha">ha |</w>
</text></TEI>
<TEI n="M">
<text>
<w n="0">ka</w><w n="1" lemma="thaṃ">thaṃ </w><w n="2">pu</w><w n="3" lemma="naḥ">nar </w><w n="4">e</w><w n="5">ta</w><w n="6"></w><w n="7"></w><w n="8" lemma="ta">d a</w><w n="9">va</w><w n="10">ga</w><w n="11"></w><w n="12">mya</w><w n="13" lemma="te">te | </w><w n="14">ā</w><w n="15">kā</w><w n="16" lemma="rā">rā </w><w n="17">a</w><w n="18">sa</w><w n="19" lemma="tyāḥ">tyās </w><w n="20">ta</w><w n="21" lemma="taḥ">to </w><w n="22">nya</w><w n="23" lemma="tsa">t_ sa</w><w n="24"></w><w n="25" lemma="tyaṃ">tyam </w><w n="26">i</w><w n="27" lemma="tyā">ty ā</w><w n="28"></w><w n="29"></w><w n="30" lemma="ha">ha || </w>
</text></TEI>
<TEI n="G2">
<text>
<w n="0">ka</w><w n="1" lemma="tha">tha </w><w n="2">pu</w><w n="3" lemma="naḥ">nar </w><w n="4">e</w><w n="5">ta</w><w n="6"></w><w n="7"></w><w n="8" lemma="ta">d a</w><w n="9">nyā</w><w n="10"></w><w n="11"></w><w n="12">mya</w><w n="13" lemma="te">te </w><w n="14">ā</w><w n="15">kā</w><w n="16" lemma="rā">rā </w><w n="17">a</w><w n="18">sa</w><w n="19" lemma="tyāḥ">tyās </w><w n="20">ta</w><w n="21" lemma="taḥ">to </w><w n="22">nya</w><w n="23" lemma="tsa">t sa</w><w n="24"></w><w n="25" lemma="tvaṃ">tvam </w><w n="26">i</w><w n="27" lemma="tyā">ty ā</w><w n="28"></w><w n="29"></w><w n="30" lemma="ha">ha | </w>
</text></TEI>
<TEI n="G1">
<text>
<w n="0">ka</w><w n="1" lemma="tha">tha </w><w n="2">pu</w><w n="3" lemma="naḥ">nar </w><w n="4">e</w><w n="5">ta</w><w n="6"></w><w n="7"></w><w n="8" lemma="ta">d a</w><w n="9">nyā</w><w n="10"></w><w n="11"></w><w n="12">mya</w><w n="13" lemma="te">te </w><w n="14">ā</w><w n="15">kā</w><w n="16" lemma="rā">rā </w><w n="17">a</w><w n="18">sa</w><w n="19" lemma="tyāḥ">tyās </w><w n="20">ta</w><w n="21" lemma="taḥ">to </w><w n="22">nya</w><w n="23" lemma="tsa">t sa</w><w n="24"></w><w n="25" lemma="tvaṃ">tvam </w><w n="26">i</w><w n="27" lemma="tyā">ty ā</w><w n="28"></w><w n="29"></w><w n="30" lemma="ha">ha | </w>
</text></TEI>
<TEI n="L">
<text>
<w n="0">ka</w><w n="1" lemma="thaṃ">thaṃ </w><w n="2">pu</w><w n="3" lemma="naḥ">nar </w><w n="4">e</w><w n="5">ta</w><w n="6"></w><w n="7"></w><w n="8" lemma="ta">d a</w><w n="9">nu</w><w n="10">ga</w><w n="11">ma</w><w n="12">mya</w><w n="13" lemma="te">te </w><w n="14">ā</w><w n="15">kā</w><w n="16" lemma="rā">rā </w><w n="17">a</w><w n="18">sa</w><w n="19" lemma="tyāḥ">tyās </w><w n="20">ta</w><w n="21" lemma="taḥ">to </w><w n="22">nya</w><w n="23" lemma="tsa">t sa</w><w n="24"></w><w n="25" lemma="tyaṃ">tyam </w><w n="26">i</w><w n="27" lemma="tyā">ty ā</w><w n="28"></w><w n="29"></w><w n="30" lemma="ha">ha || </w>
</text></TEI>
<TEI n="O">
<text>
<w n="0">ka</w><w n="1" lemma="thaṃ">thaṃ </w><w n="2">pu</w><w n="3" lemma="naḥ">nar </w><w n="4">e</w><w n="5">ta</w><w n="6"></w><w n="7"></w><w n="8" lemma="ta">d a</w><w n="9">va</w><w n="10">ga</w><w n="11"></w><w n="12">mya</w><w n="13" lemma="te">te </w><w n="14">ā</w><w n="15">kā</w><w n="16" lemma="rā">rā </w><w n="17">a</w><w n="18">sa</w><w n="19" lemma="tyāḥ">tyāḥ </w><w n="20">ta</w><w n="21" lemma="taḥ">to </w><w n="22">nya</w><w n="23" lemma="tsa">t sa</w><w n="24"></w><w n="25" lemma="tyaṃ">tyam </w><w n="26">i</w><w n="27" lemma="tya">ty a</w><w n="28" lemma="ta">ta </w><w n="29">ā</w><w n="30" lemma="ha">ha || </w>
</text></TEI>
<TEI n="A">
<text>
<w n="0">ka</w><w n="1" lemma="thaṃ">thaṃ </w><w n="2">pu</w><w n="3" lemma="naḥ">nar </w><w n="4">e</w><w n="5">ta</w><w n="6"></w><w n="7"></w><w n="8" lemma="ta">d a</w><w n="9">va</w><w n="10">ga</w><w n="11"></w><w n="12">mya</w><w n="13" lemma="te">te </w><w n="14">ā</w><w n="15">kā</w><w n="16" lemma="rā">rā </w><w n="17">a</w><w n="18">sa</w><w n="19" lemma="tyāḥ">tyās </w><w n="20">ta</w><w n="21" lemma="taḥ">to </w><w n="22">nya</w><w n="23" lemma="tsa">t sa</w><w n="24"></w><w n="25" lemma="tyaṃ">tyam </w><w n="26">i</w><w n="27" lemma="tyā">ty ā</w><w n="28"></w><w n="29"></w><w n="30" lemma="ha">ha || </w>
</text></TEI>
<TEI n="V">
<text>
<w n="0">ka</w><w n="1" lemma="thaṃ">thaṃ </w><w n="2">pu</w><w n="3" lemma="naḥ">nar </w><w n="4">e</w><w n="5">ta</w><w n="6"></w><w n="7"></w><w n="8" lemma="ta">d a</w><w n="9">va</w><w n="10">ga</w><w n="11"></w><w n="12">mya</w><w n="13" lemma="te">te </w><w n="14">ā</w><w n="15">kā</w><w n="16" lemma="rā">rā </w><w n="17">a</w><w n="18">sa</w><w n="19" lemma="tyāḥ">tyās </w><w n="20">ta</w><w n="21" lemma="taḥ">to </w><w n="22">nya</w><w n="23" lemma="tsa">t sa</w><w n="24"></w><w n="25" lemma="tyaṃ">tyam </w><w n="26">i</w><w n="27" lemma="tyā">ty ā</w><w n="28"></w><w n="29"></w><w n="30" lemma="ha">ha </w>
</text></TEI>
<TEI n="K">
<text>
<w n="0">ka</w><w n="1" lemma="thaṃ">thaṃ </w><w n="2">pu</w><w n="3" lemma="naḥ">nar </w><w n="4">e</w><w n="5">ta</w><w n="6"></w><w n="7"></w><w n="8" lemma="ta">d a</w><w n="9">va</w><w n="10">ga</w><w n="11"></w><w n="12">mya</w><w n="13" lemma="te">te </w><w n="14">ā</w><w n="15">kā</w><w n="16" lemma="rā">rā </w><w n="17">a</w><w n="18">sa</w><w n="19" lemma="tyāḥ">tyās </w><w n="20">ta</w><w n="21" lemma="taḥ">to </w><w n="22">nya</w><w n="23" lemma="tsa">t sa</w><w n="24"></w><w n="25" lemma="tyaṃ">tyam </w><w n="26">i</w><w n="27" lemma="tyā">ty ā</w><w n="28"></w><w n="29"></w><w n="30" lemma="ha">ha || </w>
</text></TEI>
<TEI n="D">
<text>
<w n="0">ka</w><w n="1" lemma="thaṃ">thaṃ </w><w n="2">pu</w><w n="3" lemma="naḥ">nar </w><w n="4">e</w><w n="5">ta</w><w n="6"></w><w n="7"></w><w n="8" lemma="ta">d a</w><w n="9">va</w><w n="10">ga</w><w n="11"></w><w n="12">mya</w><w n="13" lemma="te">te </w><w n="14">ā</w><w n="15">kā</w><w n="16" lemma="rā">rā </w><w n="17">a</w><w n="18">sa</w><w n="19" lemma="tyāḥ">tyās </w><w n="20">ta</w><w n="21" lemma="taḥ">to </w><w n="22">nya</w><w n="23" lemma="tsa">t sa</w><w n="24"></w><w n="25" lemma="tyaṃ">tyam </w><w n="26">i</w><w n="27" lemma="tyā">ty ā</w><w n="28"></w><w n="29"></w><w n="30" lemma="ha">ha ||</w>
</text></TEI>
</teiCorpus>
