<?xml version="1.0" encoding="UTF-8"?>
<teiCorpus xmlns="http://www.tei-c.org/ns/1.0">

<TEI n="GV">
<text>
<w n="0"></w><w n="1"></w><w n="2"></w><w n="3"></w><w n="4"></w><w n="5"></w><w n="6"></w><w n="7"></w><w n="8"></w><w n="9"></w><w n="10"></w><w n="11"></w><w n="12"></w><w n="13"></w><w n="14"></w><w n="15"></w><w n="16"></w><w n="17"></w><w n="18"></w><w n="19"></w><w n="20"></w><w n="21"></w><w n="22"></w><w n="23"></w><w n="24"></w><w n="25"></w><w n="26"></w><w n="27"></w><w n="28"></w><w n="29"></w><w n="30"></w><w n="31"></w><w n="32"></w><w n="33"></w><w n="34"></w><w n="35"></w><w n="36"></w><w n="37"></w><w n="38"></w><w n="39"></w><w n="40"></w><w n="41"></w><w n="42"></w><w n="43"></w><w n="44"></w><w n="45"></w><w n="46"></w><w n="47"></w><w n="48"></w><w n="49"></w><w n="50"></w><w n="51"></w><w n="52"></w><w n="53"></w><w n="54"></w><w n="55"></w><w n="56"></w><w n="57"></w><w n="58"></w><w n="59"></w><w n="60"></w><w n="61"></w><w n="62"></w><w n="63"></w><w n="64"></w><w n="65"></w><w n="66"></w><w n="67"></w><w n="68"></w><w n="69"></w>
</text></TEI>
<TEI n="CT">
<text>
<w n="0">na</w><w n="1" lemma="nu">nu </w><w n="2" lemma="ceṃ">cen</w><w n="3">dra</w><w n="4">jā</w><w n="5" lemma="laṃ">lam </w><w n="6">i</w><w n="7" lemma="daṃ">daṃ </w><w n="8">ya</w><w n="9" lemma="ta">d a</w><w n="10">va</w><w n="11" lemma="dhṛ">dhṛ-</w><w n="12">ta</w><w n="13">rū</w><w n="14">pa</w><w n="15">bhe</w><w n="16">dā</w><w n="17" lemma="nāṃ">nām </w><w n="18">a</w><w n="19" lemma="pi">pi </w><w n="20"></w><w n="21">bhā</w><w n="22">vā</w><w n="23"></w><w n="24"></w><w n="25"></w><w n="26"></w><w n="27"></w><w n="28"></w><w n="29" lemma="nāṃ">nām </w><w n="30">a</w><w n="31">nā</w><w n="32">dṛ</w><w n="33" lemma="tya">tya </w><w n="34">ta</w><w n="35" lemma="tāṃ">tām </w><w n="36">a</w><w n="37" lemma="na">na-</w><w n="38">va</w><w n="39">sī</w><w n="40">ya</w><w n="41">mā</w><w n="42">nā</w><w n="43">bhe</w><w n="44">da</w><w n="45">pa</w><w n="46">ra</w><w n="47">mā</w><w n="48">rtha</w><w n="49">ko</w><w n="50">pa</w><w n="51"></w><w n="52">de</w><w n="53">śa</w><w n="54" lemma="naṃ">nam </w><w n="55">i</w><w n="56" lemma="tyā">ty ā</w><w n="57" lemma="śaṃ">śaṅ-</w><w n="58" lemma="kya">kya </w><w n="59">dṛ</w><w n="60" lemma="ṣṭāṃ">ṣṭān</w><w n="61">te</w><w n="62">nai</w><w n="63">ta</w><w n="64" lemma="tsā">t sā</w><w n="65">dha</w><w n="66">yi</w><w n="67" lemma="tuṃ">tum </w><w n="68">ā</w><w n="69" lemma="ha">ha&#8212;</w>
</text></TEI>
<TEI n="T">
<text>
<w n="0">na</w><w n="1" lemma="nu">nu </w><w n="2" lemma="ceṃ">cen</w><w n="3">dra</w><w n="4">jā</w><w n="5" lemma="laṃ">lam </w><w n="6">i</w><w n="7" lemma="daṃ">daṃ </w><w n="8">ya</w><w n="9" lemma="ta">d a</w><w n="10">va</w><w n="11">dhṛ</w><w n="12">ta</w><w n="13">rū</w><w n="14">pa</w><w n="15">bhe</w><w n="16">dā</w><w n="17" lemma="nāṃ">nām </w><w n="18">a</w><w n="19" lemma="pi">pi </w><w n="20"></w><w n="21">bhā</w><w n="22">vā</w><w n="23"></w><w n="24"></w><w n="25"></w><w n="26"></w><w n="27"></w><w n="28"></w><w n="29" lemma="nāṃ">nām </w><w n="30">a</w><w n="31">nā</w><w n="32">dṛ</w><w n="33" lemma="śya">śya </w><w n="34">ta</w><w n="35" lemma="tvaṃ">tvam </w><w n="36">a</w><w n="37">na</w><w n="38">va</w><w n="39">sī</w><w n="40">ya</w><w n="41">mā</w><w n="42">nā</w><w n="43">bhe</w><w n="44">da</w><w n="45">pa</w><w n="46">ra</w><w n="47">mā</w><w n="48" lemma="rtha">rttha</w><w n="49">to</w><w n="50">pa</w><w n="51"></w><w n="52">de</w><w n="53">śa</w><w n="54" lemma="naṃ">nam </w><w n="55">i</w><w n="56" lemma="tyā">ty ā</w><w n="57">śaṃ</w><w n="58" lemma="kya">kya </w><w n="59">dṛ</w><w n="60" lemma="ṣṭāṃ">ṣṭān</w><w n="61">te</w><w n="62">nai</w><w n="63">ta</w><w n="64" lemma="tsā">t sā</w><w n="65">dha</w><w n="66">yi</w><w n="67" lemma="tuṃ">tum </w><w n="68">ā</w><w n="69" lemma="ha">ha </w>
</text></TEI>
<TEI n="H">
<text>
<w n="0">na</w><w n="1" lemma="nu">nu </w><w n="2">ceṃ</w><w n="3">dra</w><w n="4">jā</w><w n="5" lemma="laṃ">lam </w><w n="6">i</w><w n="7" lemma="daṃ">daṃ | </w><w n="8">ya</w><w n="9" lemma="ta">d a</w><w n="10">va</w><w n="11">dhṛ</w><w n="12">ta</w><w n="13">rū</w><w n="14">pa</w><w n="15">bhe</w><w n="16">dā</w><w n="17" lemma="nāṃ">nām </w><w n="18">a</w><w n="19" lemma="pi">pi </w><w n="20"></w><w n="21">bhā</w><w n="22">va</w><w n="23"></w><w n="24"></w><w n="25"></w><w n="26"></w><w n="27"></w><w n="28"></w><w n="29" lemma="nāṃ">nām </w><w n="30">a</w><w n="31">nā</w><w n="32">vṛ</w><w n="33" lemma="tya">tya </w><w n="34">ta</w><w n="35" lemma="tvaṃ">ttvam </w><w n="36">a</w><w n="37"></w><w n="38">va</w><w n="39">sī</w><w n="40">ya</w><w n="41">mā</w><w n="42">nā</w><w n="43">bhe</w><w n="44">da</w><w n="45">pa</w><w n="46">ra</w><w n="47">mā</w><w n="48">rtha</w><w n="49">to</w><w n="50">pa</w><w n="51"></w><w n="52">de</w><w n="53">śa</w><w n="54" lemma="naṃ">nam </w><w n="55">i</w><w n="56" lemma="tyā">ty ā</w><w n="57">śaṃ</w><w n="58" lemma="kya">kya </w><w n="59">dṛ</w><w n="60" lemma="ṣṭāṃ">ṣṭān</w><w n="61">te</w><w n="62">nai</w><w n="63">va</w><w n="64" lemma="tsā">t sā</w><w n="65">dha</w><w n="66">yi</w><w n="67" lemma="tuṃ">tum </w><w n="68">ā</w><w n="69" lemma="ha">ha || &#43256; || </w>
</text></TEI>
<TEI n="P">
<text>
<w n="0">na</w><w n="1" lemma="nu">nu </w><w n="2">ceṃ</w><w n="3">dra</w><w n="4">jā</w><w n="5" lemma="laṃ">lam </w><w n="6">i</w><w n="7" lemma="daṃ">daṃ </w><w n="8">ya</w><w n="9" lemma="ta">d a</w><w n="10">va</w><w n="11">dhṛ</w><w n="12" lemma="taṃ">tam </w><w n="13">u</w><w n="14">pa</w><w n="15">bhe</w><w n="16">dā</w><w n="17" lemma="nāṃ">nām </w><w n="18">a</w><w n="19" lemma="pi">pi </w><w n="20">saṃ</w><w n="21">bhā</w><w n="22">va</w><w n="23">nā</w><w n="24">sā</w><w n="25">dhya</w><w n="26">saṃ</w><w n="27">bhā</w><w n="28">va</w><w n="29" lemma="nāṃ">nām </w><w n="30">a</w><w n="31">nā</w><w n="32">dṛ</w><w n="33" lemma="tya">tya </w><w n="34">ta</w><w n="35" lemma="tvaṃ">tvam </w><w n="36">a</w><w n="37"></w><w n="38">va</w><w n="39">sī</w><w n="40">ya</w><w n="41">mā</w><w n="42">nā</w><w n="43"></w><w n="44"></w><w n="45">pa</w><w n="46">ra</w><w n="47">mā</w><w n="48">rtha</w><w n="49">to</w><w n="50">pa</w><w n="51">na</w><w n="52">de</w><w n="53">śa</w><w n="54" lemma="naṃ">nam </w><w n="55">i</w><w n="56" lemma="tyā">ty ā</w><w n="57">śaṃ</w><w n="58" lemma="kya">kya </w><w n="59">dṛ</w><w n="60">ṣṭāṃ</w><w n="61">te</w><w n="62">nai</w><w n="63">ta</w><w n="64" lemma="tsā">t sā</w><w n="65">dha</w><w n="66">yi</w><w n="67" lemma="tuṃ">tum </w><w n="68">ā</w><w n="69" lemma="ha">ha | </w>
</text></TEI>
<TEI n="M">
<text>
<w n="0">na</w><w n="1" lemma="nu">nu </w><w n="2">ceṃ</w><w n="3">dra</w><w n="4">jā</w><w n="5" lemma="laṃ">lam </w><w n="6">i</w><w n="7" lemma="daṃ">daṃ </w><w n="8">ya</w><w n="9" lemma="ta">d a</w><w n="10">va</w><w n="11">dhṛ</w><w n="12" lemma="taṃ">tam </w><w n="13">u</w><w n="14">pa</w><w n="15">bhe</w><w n="16">dā</w><w n="17" lemma="nāṃ">nām </w><w n="18">a</w><w n="19" lemma="pi">pi </w><w n="20">saṃ</w><w n="21">bhā</w><w n="22">va</w><w n="23">nā</w><w n="24">sā</w><w n="25">dhya</w><w n="26">saṃ</w><w n="27">bhā</w><w n="28">va</w><w n="29" lemma="nāṃ">nām </w><w n="30">a</w><w n="31">nā</w><w n="32">dṛ</w><w n="33" lemma="tya">tya </w><w n="34">ta</w><w n="35" lemma="tvaṃ">tvam </w><w n="36">a</w><w n="37"></w><w n="38">va</w><w n="39">sī</w><w n="40">ya</w><w n="41">mā</w><w n="42">nā</w><w n="43"></w><w n="44"></w><w n="45">pa</w><w n="46">ra</w><w n="47">mā</w><w n="48">rtha</w><w n="49">to</w><w n="50">pa</w><w n="51"></w><w n="52">de</w><w n="53">śa</w><w n="54" lemma="naṃ">nam </w><w n="55">i</w><w n="56" lemma="tyā">ty ā</w><w n="57">śaṃ</w><w n="58" lemma="kya">kya </w><w n="59">dṛ</w><w n="60">ṣṭāṃ</w><w n="61">te</w><w n="62">nai</w><w n="63">ta</w><w n="64" lemma="tsā">t sā</w><w n="65">dha</w><w n="66">yi</w><w n="67" lemma="tuṃ">tum </w><w n="68">ā</w><w n="69" lemma="ha">ha || </w>
</text></TEI>
<TEI n="G2">
<text>
<w n="0"></w><w n="1"></w><w n="2"></w><w n="3"></w><w n="4"></w><w n="5"></w><w n="6"></w><w n="7"></w><w n="8"></w><w n="9"></w><w n="10"></w><w n="11"></w><w n="12"></w><w n="13"></w><w n="14"></w><w n="15"></w><w n="16"></w><w n="17"></w><w n="18"></w><w n="19"></w><w n="20"></w><w n="21"></w><w n="22"></w><w n="23"></w><w n="24"></w><w n="25"></w><w n="26"></w><w n="27"></w><w n="28"></w><w n="29"></w><w n="30"></w><w n="31"></w><w n="32"></w><w n="33"></w><w n="34"></w><w n="35"></w><w n="36"></w><w n="37"></w><w n="38"></w><w n="39"></w><w n="40"></w><w n="41"></w><w n="42"></w><w n="43"></w><w n="44"></w><w n="45"></w><w n="46"></w><w n="47"></w><w n="48"></w><w n="49"></w><w n="50"></w><w n="51"></w><w n="52"></w><w n="53"></w><w n="54"></w><w n="55"></w><w n="56"></w><w n="57"></w><w n="58"></w><w n="59"></w><w n="60"></w><w n="61"></w><w n="62"></w><w n="63"></w><w n="64"></w><w n="65"></w><w n="66"></w><w n="67"></w><w n="68"></w><w n="69"></w>
</text></TEI>
<TEI n="G1">
<text>
<w n="0"></w><w n="1"></w><w n="2"></w><w n="3"></w><w n="4"></w><w n="5"></w><w n="6"></w><w n="7"></w><w n="8"></w><w n="9"></w><w n="10"></w><w n="11"></w><w n="12"></w><w n="13"></w><w n="14"></w><w n="15"></w><w n="16"></w><w n="17"></w><w n="18"></w><w n="19"></w><w n="20"></w><w n="21"></w><w n="22"></w><w n="23"></w><w n="24"></w><w n="25"></w><w n="26"></w><w n="27"></w><w n="28"></w><w n="29"></w><w n="30"></w><w n="31"></w><w n="32"></w><w n="33"></w><w n="34"></w><w n="35"></w><w n="36"></w><w n="37"></w><w n="38"></w><w n="39"></w><w n="40"></w><w n="41"></w><w n="42"></w><w n="43"></w><w n="44"></w><w n="45"></w><w n="46"></w><w n="47"></w><w n="48"></w><w n="49"></w><w n="50"></w><w n="51"></w><w n="52"></w><w n="53"></w><w n="54"></w><w n="55"></w><w n="56"></w><w n="57"></w><w n="58"></w><w n="59"></w><w n="60"></w><w n="61"></w><w n="62"></w><w n="63"></w><w n="64"></w><w n="65"></w><w n="66"></w><w n="67"></w><w n="68"></w><w n="69"></w>
</text></TEI>
<TEI n="L">
<text>
<w n="0">na</w><w n="1" lemma="nu">nu </w><w n="2">ceṃ</w><w n="3">dra</w><w n="4">jā</w><w n="5" lemma="laṃ">lam </w><w n="6">i</w><w n="7" lemma="draṃ">draṃ </w><w n="8">pa</w><w n="9">da</w><w n="10">vi</w><w n="11">vṛ</w><w n="12">ta</w><w n="13">rū</w><w n="14">pa</w><w n="15">bhe</w><w n="16">dā</w><w n="17" lemma="nāṃ">nām </w><w n="18">a</w><w n="19" lemma="pi">pi </w><w n="20"></w><w n="21">bhā</w><w n="22">vā</w><w n="23"></w><w n="24"></w><w n="25"></w><w n="26"></w><w n="27"></w><w n="28"></w><w n="29" lemma="nāṃ">nām </w><w n="30">a</w><w n="31">nā</w><w n="32">vṛ</w><w n="33" lemma="tya">tya </w><w n="34">ta</w><w n="35" lemma="tvaṃ">ttvam </w><w n="36">a</w><w n="37"></w><w n="38">va</w><w n="39">sī</w><w n="40" lemma="ya">ya&#166;</w><w n="41">mā</w><w n="42">nā</w><w n="43"></w><w n="44"></w><w n="45">pa</w><w n="46">ra</w><w n="47">mā</w><w n="48">rtha</w><w n="49">to</w><w n="50">pa</w><w n="51"></w><w n="52">de</w><w n="53">śa</w><w n="54" lemma="naṃ">nam </w><w n="55">i</w><w n="56" lemma="tyā">ty ā</w><w n="57">śaṃ</w><w n="58" lemma="kya">kya </w><w n="59">dṛ</w><w n="60">ṣṭāṃ</w><w n="61">te</w><w n="62">nai</w><w n="63">ta</w><w n="64" lemma="tsā">t sā</w><w n="65">dha</w><w n="66">yi</w><w n="67" lemma="tuṃ">tum </w><w n="68">ā</w><w n="69" lemma="ha">ha || </w>
</text></TEI>
<TEI n="O">
<text>
<w n="0">na</w><w n="1" lemma="nu">nu </w><w n="2">ceṃ</w><w n="3">dra</w><w n="4">jā</w><w n="5" lemma="laṃ">lam </w><w n="6">i</w><w n="7" lemma="daṃ">daṃ </w><w n="8">pa</w><w n="9">da</w><w n="10">va</w><w n="11">vṛ</w><w n="12">ta</w><w n="13">rū</w><w n="14">pa</w><w n="15">bhe</w><w n="16">dā</w><w n="17" lemma="nāṃ">nām </w><w n="18">a</w><w n="19" lemma="pi">pi </w><w n="20"></w><w n="21">bhā</w><w n="22">vā</w><w n="23"></w><w n="24"></w><w n="25"></w><w n="26"></w><w n="27"></w><w n="28"></w><w n="29" lemma="nāṃ">nām </w><w n="30">a</w><w n="31">nā</w><w n="32">dṛ</w><w n="33"></w><w n="34">ta</w><w n="35" lemma="tvaṃ">tvam </w><w n="36">a</w><w n="37"></w><w n="38">va</w><w n="39">nī</w><w n="40">ya</w><w n="41">mā</w><w n="42">nā</w><w n="43"></w><w n="44"></w><w n="45">pa</w><w n="46">ra</w><w n="47">mā</w><w n="48" lemma="rtha">rttha</w><w n="49">to</w><w n="50">pa</w><w n="51"></w><w n="52">de</w><w n="53">śa</w><w n="54" lemma="naṃ">nam </w><w n="55">i</w><w n="56" lemma="tyā">ty ā</w><w n="57">śaṃ</w><w n="58" lemma="kya">kya </w><w n="59">dṛ</w><w n="60">ṣṭāṃ</w><w n="61">te</w><w n="62">nai</w><w n="63">ta</w><w n="64" lemma="tsā">t sā</w><w n="65">dha</w><w n="66">yi</w><w n="67" lemma="tuṃ">tum </w><w n="68">ā</w><w n="69" lemma="ha">ha || </w>
</text></TEI>
<TEI n="A">
<text>
<w n="0">na</w><w n="1" lemma="nu">nu </w><w n="2">ce</w><w n="3">dra</w><w n="4">jā</w><w n="5" lemma="laṃ">lam </w><w n="6">i</w><w n="7" lemma="daṃ">daṃ </w><w n="8">ya</w><w n="9" lemma="ta">d a</w><w n="10">va</w><w n="11">vṛ</w><w n="12">ta</w><w n="13">rū</w><w n="14">pa</w><w n="15">bhe</w><w n="16">dā</w><w n="17" lemma="nāṃ">nām </w><w n="18">a</w><w n="19" lemma="pi">pi </w><w n="20"></w><w n="21">bhā</w><w n="22">vā</w><w n="23"></w><w n="24"></w><w n="25"></w><w n="26"></w><w n="27"></w><w n="28"></w><w n="29" lemma="nāṃ">nām </w><w n="30">a</w><w n="31">nā</w><w n="32">vṛ</w><w n="33" lemma="tya">tya </w><w n="34">ta</w><w n="35" lemma="tvaṃ">tvam </w><w n="36">a</w><w n="37"></w><w n="38">va</w><w n="39">sī</w><w n="40">ya</w><w n="41">mā</w><w n="42">nā</w><w n="43"></w><w n="44"></w><w n="45">pa</w><w n="46">ra</w><w n="47">mā</w><w n="48">rtha</w><w n="49">to</w><w n="50">pa</w><w n="51"></w><w n="52">de</w><w n="53">śa</w><w n="54" lemma="naṃ">nam </w><w n="55">i</w><w n="56" lemma="tyā">ty ā</w><w n="57">śaṃ</w><w n="58" lemma="kya">kya </w><w n="59">dṛ</w><w n="60">ṣṭāṃ</w><w n="61">te</w><w n="62">nai</w><w n="63">ta</w><w n="64" lemma="tsā">t sā</w><w n="65">dha</w><w n="66">yi</w><w n="67" lemma="tuṃ">tum </w><w n="68">ā</w><w n="69" lemma="ha">ha || </w>
</text></TEI>
<TEI n="V">
<text>
<w n="0">na</w><w n="1" lemma="nu">nu </w><w n="2">ce</w><w n="3">draṃ</w><w n="4">jā</w><w n="5" lemma="laṃ">lam </w><w n="6">i</w><w n="7" lemma="daṃ">daṃ </w><w n="8">ya</w><w n="9" lemma="ta">d a</w><w n="10">va</w><w n="11">vṛ</w><w n="12" lemma="ta">tta</w><w n="13">rū</w><w n="14">pa</w><w n="15">bhe</w><w n="16">dā</w><w n="17" lemma="nāṃ">nām </w><w n="18">a</w><w n="19" lemma="pi">pi </w><w n="20"></w><w n="21">bhā</w><w n="22">vā</w><w n="23"></w><w n="24"></w><w n="25"></w><w n="26"></w><w n="27"></w><w n="28"></w><w n="29" lemma="nāṃ">nām </w><w n="30">a</w><w n="31">nā</w><w n="32">vṛ</w><w n="33" lemma="tya">tya </w><w n="34">ta</w><w n="35" lemma="tvaṃ">tvam </w><w n="36">a</w><w n="37"></w><w n="38">va</w><w n="39">sī</w><w n="40">ya</w><w n="41">mā</w><w n="42">nā</w><w n="43"></w><w n="44"></w><w n="45">pa</w><w n="46">ra</w><w n="47">mā</w><w n="48">rtha</w><w n="49">to</w><w n="50">pa</w><w n="51"></w><w n="52">de</w><w n="53">śa</w><w n="54" lemma="naṃ">nam </w><w n="55">i</w><w n="56" lemma="tyā">ty ā</w><w n="57">śaṃ</w><w n="58" lemma="kya">kya </w><w n="59">dṛ</w><w n="60">ṣṭāṃ</w><w n="61">te</w><w n="62">ne</w><w n="63">ta</w><w n="64" lemma="tsā">t sā</w><w n="65">dha</w><w n="66">yi</w><w n="67" lemma="tuṃ">tum </w><w n="68">ā</w><w n="69" lemma="ha">ha </w>
</text></TEI>
<TEI n="K">
<text>
<w n="0">na</w><w n="1" lemma="nu">nu </w><w n="2">ce</w><w n="3">draṃ</w><w n="4">jā</w><w n="5" lemma="laṃ">lam </w><w n="6">i</w><w n="7" lemma="daṃ">daṃ </w><w n="8">ya</w><w n="9" lemma="ta">d a</w><w n="10">va</w><w n="11">vṛ</w><w n="12">ta</w><w n="13">rū</w><w n="14">pa</w><w n="15">bhe</w><w n="16">dā</w><w n="17" lemma="nāṃ">nām </w><w n="18">a</w><w n="19" lemma="pi">pi </w><w n="20"></w><w n="21">bhā</w><w n="22">vā</w><w n="23"></w><w n="24"></w><w n="25"></w><w n="26"></w><w n="27"></w><w n="28"></w><w n="29" lemma="nāṃ">nām </w><w n="30">a</w><w n="31">nā</w><w n="32">vṛ</w><w n="33" lemma="tya">tya </w><w n="34">ta</w><w n="35" lemma="tvaṃ">tvam </w><w n="36">a</w><w n="37"></w><w n="38">va</w><w n="39">sī</w><w n="40">ya</w><w n="41">mā</w><w n="42">nā</w><w n="43"></w><w n="44"></w><w n="45">pa</w><w n="46">ra</w><w n="47">mā</w><w n="48">rtha</w><w n="49">to</w><w n="50">pa</w><w n="51"></w><w n="52">de</w><w n="53">śa</w><w n="54" lemma="naṃ">nam </w><w n="55">i</w><w n="56" lemma="tyā">ty ā</w><w n="57">śaṃ</w><w n="58" lemma="kya">kya </w><w n="59">dṛ</w><w n="60">ṣṭāṃ</w><w n="61">te</w><w n="62">nai</w><w n="63">ta</w><w n="64" lemma="tsā">t sā</w><w n="65">dha</w><w n="66">yi</w><w n="67" lemma="tuṃ">tum </w><w n="68">ā</w><w n="69" lemma="ha">ha || </w>
</text></TEI>
<TEI n="D">
<text>
<w n="0">na</w><w n="1" lemma="nu">nu </w><w n="2">ceṃ</w><w n="3">dra</w><w n="4">jā</w><w n="5" lemma="laṃ">lam </w><w n="6">i</w><w n="7" lemma="daṃ">daṃ </w><w n="8">ya</w><w n="9" lemma="ta">d a</w><w n="10">va</w><w n="11">vṛ</w><w n="12">ta</w><w n="13">rū</w><w n="14">pa</w><w n="15">bhe</w><w n="16">dā</w><w n="17" lemma="nāṃ">nām </w><w n="18">a</w><w n="19" lemma="pi">pi </w><w n="20"></w><w n="21">bhā</w><w n="22">vā</w><w n="23"></w><w n="24"></w><w n="25"></w><w n="26"></w><w n="27"></w><w n="28"></w><w n="29" lemma="nāṃ">nām </w><w n="30">a</w><w n="31">nā</w><w n="32">vṛ</w><w n="33" lemma="tya">tya </w><w n="34">ta</w><w n="35" lemma="tvaṃ">tvam </w><w n="36">a</w><w n="37"></w><w n="38">va</w><w n="39">sī</w><w n="40">ya</w><w n="41">mā</w><w n="42">nā</w><w n="43"></w><w n="44"></w><w n="45">pa</w><w n="46">ra</w><w n="47">mā</w><w n="48">rtha</w><w n="49">to</w><w n="50">pa</w><w n="51"></w><w n="52">de</w><w n="53">śa</w><w n="54" lemma="naṃ">nam </w><w n="55">i</w><w n="56" lemma="tyā">ty ā</w><w n="57">śaṃ</w><w n="58" lemma="kya">kya </w><w n="59">dṛ</w><w n="60">ṣṭāṃ</w><w n="61">te</w><w n="62">nai</w><w n="63">ta</w><w n="64" lemma="tsā">t sā</w><w n="65">dha</w><w n="66">yi</w><w n="67" lemma="tuṃ">tum </w><w n="68">ā</w><w n="69" lemma="ha">ha || </w>
</text></TEI>
</teiCorpus>
