<?xml version="1.0" encoding="UTF-8"?>
<teiCorpus xmlns="http://www.tei-c.org/ns/1.0">

<TEI n="GV">
<text>
<w n="0"></w><w n="1"></w><w n="2"></w><w n="3"></w><w n="4"></w><w n="5"></w><w n="6"></w><w n="7"></w><w n="8"></w><w n="9"></w><w n="10"></w><w n="11"></w><w n="12"></w><w n="13"></w><w n="14"></w><w n="15"></w><w n="16"></w><w n="17"></w><w n="18"></w><w n="19"></w><w n="20"></w><w n="21"></w><w n="22"></w><w n="23"></w><w n="24"></w><w n="25"></w><w n="26"></w><w n="27"></w><w n="28"></w><w n="29"></w><w n="30"></w><w n="31"></w><w n="32"></w><w n="33"></w><w n="34"></w><w n="35"></w><w n="36"></w><w n="37"></w><w n="38"></w><w n="39"></w><w n="40"></w><w n="41"></w><w n="42"></w><w n="43"></w><w n="44"></w><w n="45"></w><w n="46"></w><w n="47"></w><w n="48"></w><w n="49"></w><w n="50"></w><w n="51"></w><w n="52"></w><w n="53"></w><w n="54"></w><w n="55"></w><w n="56"></w><w n="57"></w><w n="58"></w><w n="59"></w><w n="60"></w><w n="61"></w><w n="62"></w><w n="63"></w><w n="64"></w><w n="65"></w><w n="66"></w><w n="67"></w><w n="68"></w><w n="69"></w><w n="70"></w><w n="71"></w><w n="72"></w><w n="73"></w><w n="74"></w><w n="75"></w><w n="76"></w><w n="77"></w><w n="78"></w><w n="79"></w><w n="80"></w><w n="81"></w><w n="82"></w><w n="83"></w><w n="84"></w><w n="85"></w><w n="86"></w><w n="87"></w><w n="88"></w><w n="89"></w><w n="90"></w><w n="91"></w><w n="92"></w><w n="93"></w><w n="94"></w><w n="95"></w><w n="96"></w><w n="97"></w><w n="98"></w><w n="99"></w><w n="100"></w><w n="101"></w><w n="102"></w><w n="103"></w><w n="104"></w><w n="105"></w><w n="106"></w><w n="107"></w><w n="108"></w><w n="109"></w><w n="110"></w><w n="111"></w><w n="112"></w><w n="113"></w><w n="114"></w><w n="115"></w><w n="116"></w><w n="117"></w><w n="118"></w><w n="119"></w><w n="120"></w><w n="121"></w><w n="122"></w><w n="123"></w><w n="124"></w><w n="125"></w><w n="126"></w><w n="127"></w><w n="128"></w><w n="129"></w><w n="130"></w><w n="131"></w><w n="132"></w><w n="133"></w><w n="134"></w><w n="135"></w><w n="136"></w><w n="137"></w><w n="138"></w><w n="139"></w><w n="140"></w><w n="141"></w><w n="142"></w><w n="143"></w><w n="144"></w><w n="145"></w><w n="146"></w><w n="147"></w><w n="148"></w><w n="149"></w><w n="150"></w><w n="151"></w><w n="152"></w><w n="153"></w><w n="154"></w><w n="155"></w><w n="156"></w><w n="157"></w><w n="158"></w><w n="159"></w><w n="160"></w><w n="161"></w><w n="162"></w><w n="163"></w><w n="164"></w><w n="165"></w>
</text></TEI>
<TEI n="CT">
<text>
<w n="0">sva</w><w n="1">pnā</w><w n="2">va</w><w n="3">sthā</w><w n="4">ga</w><w n="5">ta</w><w n="6">pra</w><w n="7" lemma="paṃ">pañ</w><w n="8" lemma="caḥ">co </w><w n="9">jā</w><w n="10">ga</w><w n="11" lemma="ra">ra-</w><w n="12" lemma="yā">yā </w><w n="13">bu</w><w n="14" lemma="dhyā">ddhyā</w><w n="15">mā</w><w n="16">na</w><w n="17" lemma="tvā">tvā </w><w n="18"></w><w n="19"></w><w n="20"></w><w n="21"></w><w n="22"></w><w n="23"></w><w n="24"></w><w n="25"></w><w n="26"></w><w n="27"></w><w n="28"></w><w n="29"></w><w n="30"></w><w n="31"></w><w n="32"></w><w n="33"></w><w n="34"></w><w n="35"></w><w n="36"></w><w n="37"></w><w n="38"></w><w n="39"></w><w n="40"></w><w n="41"></w><w n="42"></w><w n="43"></w><w n="44"></w><w n="45">bhā</w><w n="46" lemma="va">va-</w><w n="47">bhe</w><w n="48" lemma="daḥ">das </w><w n="49">tu</w><w n="50"></w><w n="51">rya</w><w n="52"></w><w n="53">da</w><w n="54">śā</w><w n="55" lemma="yāṃ">yām </w><w n="56">a</w><w n="57">na</w><w n="58"></w><w n="59">nu</w><w n="60"></w><w n="61">vṛ</w><w n="62" lemma="teḥ">tter </w><w n="63">a</w><w n="64">sa</w><w n="65" lemma="tyaḥ">tyo </w><w n="66">vya</w><w n="67">va</w><w n="68" lemma="sthā">sthā-</w><w n="69">pya</w><w n="70" lemma="te">te | </w><w n="71">ya</w><w n="72" lemma="tki">t_ ki</w><w n="73" lemma="la">la </w><w n="74">sa</w><w n="75">rvā</w><w n="76">va</w><w n="77">sthā</w><w n="78" lemma="sva">sv a</w><w n="79">nu</w><w n="80">ga</w><w n="81" lemma="taṃ">taṃ </w><w n="82">ta</w><w n="83" lemma="te">d e</w><w n="84" lemma="va">va </w><w n="85">sa</w><w n="86" lemma="tyaṃ">tyam&#183; </w><w n="87">ta</w><w n="88" lemma="tca">c ca </w><w n="89">saṃ</w><w n="90" lemma="viṃ">vin</w><w n="91">mā</w><w n="92" lemma="traṃ">traṃ </w><w n="93">rū</w><w n="94" lemma="paṃ">pam </w><w n="95">a</w><w n="96">bu</w><w n="97" lemma="dhya">ddhya</w><w n="98">mā</w><w n="99" lemma="naḥ">naḥ </w><w n="100">a</w><w n="101" lemma="va">va-</w><w n="102">sthā</w><w n="103">bhe</w><w n="104" lemma="daḥ">das </w><w n="105" lemma="tvā">tv ā</w><w n="106">ga</w><w n="107">mā</w><w n="108">pā</w><w n="109">yi</w><w n="110">tvā</w><w n="111" lemma="tbā">t_ bā</w><w n="112">dhi</w><w n="113" lemma="to">to </w><w n="114">sa</w><w n="115" lemma="tsu">t_ su-</w><w n="116">kha</w><w n="117">duḥ</w><w n="118">khā</w><w n="119">di</w><w n="120">va</w><w n="121" lemma="tta">t&#183; ta</w><w n="122" lemma="thā">thā </w><w n="123" lemma="hi">hi </w><w n="124">rā</w><w n="125">gā</w><w n="126">da</w><w n="127" lemma="yaḥ">yaḥ </w><w n="128"></w><w n="129">su</w><w n="130">khā</w><w n="131">da</w><w n="132" lemma="yaḥ">ya-ś </w><w n="133">cā</w><w n="134" lemma="sva">sva </w><w n="135"></w><w n="136"></w><w n="137"></w><w n="138"></w><w n="139"></w><w n="140"></w><w n="141"></w><w n="142"></w><w n="143"></w><w n="144"></w><w n="145"></w><w n="146"></w><w n="147"></w><w n="148"></w><w n="149"></w><w n="150"></w><w n="151"></w><w n="152"></w><w n="153"></w><w n="154"></w><w n="155"></w><w n="156">ne</w><w n="157">kā</w><w n="158">kā</w><w n="159">ra</w><w n="160">kā</w><w n="161" lemma="lu">lu-</w><w n="162">ṣyo</w><w n="163">pa</w><w n="164">ha</w><w n="165">taḥ</w>
</text></TEI>
<TEI n="T">
<text>
<w n="0">sva</w><w n="1">pnā</w><w n="2">va</w><w n="3">sthā</w><w n="4">ga</w><w n="5" lemma="taḥ">taḥ </w><w n="6">pra</w><w n="7" lemma="paṃ">pañ</w><w n="8" lemma="caḥ">co </w><w n="9">jā</w><w n="10">ga</w><w n="11">ra</w><w n="12" lemma="ṇa">ṇa </w><w n="13">bā</w><w n="14" lemma="dhya">ddhya</w><w n="15">mā</w><w n="16">na</w><w n="17">tvā</w><w n="18" lemma="ta">d a</w><w n="19">sa</w><w n="20" lemma="tya">tya </w><w n="21">i</w><w n="22" lemma="ti">ti </w><w n="23">sa</w><w n="24" lemma="rva">rvva</w><w n="25">vā</w><w n="26">dya</w><w n="27">bhyu</w><w n="28">pa</w><w n="29">ga</w><w n="30" lemma="maḥ">maḥ </w><w n="31">te</w><w n="32">nai</w><w n="33" lemma="va">va </w><w n="34"></w><w n="35">dṛ</w><w n="36" lemma="ṣṭāṃ">ṣṭān</w><w n="37">te</w><w n="38" lemma="na">na </w><w n="39">jā</w><w n="40">ga</w><w n="41">rā</w><w n="42" lemma="yāṃ">yām </w><w n="43">a</w><w n="44" lemma="pi">pi </w><w n="45">bhā</w><w n="46">va</w><w n="47">bhe</w><w n="48" lemma="daḥ">das </w><w n="49">tu</w><w n="50"></w><w n="51" lemma="rya">ryya</w><w n="52"></w><w n="53">da</w><w n="54">śā</w><w n="55" lemma="yāṃ">yām </w><w n="56">a</w><w n="57">na</w><w n="58"></w><w n="59">nu</w><w n="60"></w><w n="61">vṛ</w><w n="62" lemma="teḥ">tter </w><w n="63">a</w><w n="64">sa</w><w n="65" lemma="tyaḥ">tyo </w><w n="66">vya</w><w n="67">va</w><w n="68">sthā</w><w n="69">pya</w><w n="70" lemma="te">te </w><w n="71">ya</w><w n="72" lemma="tki">t_ ki</w><w n="73" lemma="la">la </w><w n="74">sa</w><w n="75" lemma="rvā">rvvā</w><w n="76">va</w><w n="77">sthā</w><w n="78" lemma="sva">sv a</w><w n="79">nu</w><w n="80">ga</w><w n="81">ta</w><w n="82" lemma="nta">n ta</w><w n="83" lemma="te">d e</w><w n="84" lemma="va">va </w><w n="85">sa</w><w n="86" lemma="tyaṃ">tyaṃ </w><w n="87">ta</w><w n="88" lemma="tca">c ca </w><w n="89">saṃ</w><w n="90" lemma="viṃ">vin</w><w n="91">mā</w><w n="92" lemma="traṃ">traṃ </w><w n="93">rū</w><w n="94" lemma="paṃ">pam </w><w n="95">a</w><w n="96">bā</w><w n="97" lemma="dhya">ddhya</w><w n="98">mā</w><w n="99" lemma="naṃ">naṃ </w><w n="100">a</w><w n="101">va</w><w n="102">sthā</w><w n="103">bhe</w><w n="104" lemma="daḥ">das </w><w n="105" lemma="tvā">tv ā</w><w n="106">ga</w><w n="107">mā</w><w n="108">pā</w><w n="109">yi</w><w n="110">tvā</w><w n="111" lemma="tbā">t_ bā</w><w n="112">dhi</w><w n="113" lemma="to">to </w><w n="114">sa</w><w n="115" lemma="nsu">n_ su</w><w n="116">kha</w><w n="117">duḥ</w><w n="118">khā</w><w n="119">di</w><w n="120">va</w><w n="121" lemma="tta">t_ ta</w><w n="122" lemma="thā">thā </w><w n="123" lemma="hi">hi </w><w n="124">rā</w><w n="125">gā</w><w n="126">da</w><w n="127" lemma="yaḥ">yaś </w><w n="128" lemma="ca">ca </w><w n="129">su</w><w n="130">khā</w><w n="131">da</w><w n="132" lemma="yaḥ">yaś </w><w n="133">cā</w><w n="134">sva</w><w n="135">bhā</w><w n="136">va</w><w n="137">tvā</w><w n="138" lemma="tsaṃ">t_ saṃ</w><w n="139" lemma="viṃ">vin</w><w n="140">mā</w><w n="141" lemma="traṃ">traṃ </w><w n="142">rū</w><w n="143" lemma="paṃ">paṃ </w><w n="144" lemma="na">na </w><w n="145">vi</w><w n="146">ku</w><w n="147" lemma="rvaṃ">rvvan</w><w n="148" lemma="ti">ti </w><w n="149">ta</w><w n="150">thā</w><w n="151">va</w><w n="152">sthā</w><w n="153">bhe</w><w n="154" lemma="do">do </w><w n="155" lemma="pya">py a</w><w n="156">ne</w><w n="157">kā</w><w n="158">kā</w><w n="159">ra</w><w n="160">kā</w><w n="161">lu</w><w n="162">ṣyo</w><w n="163">pa</w><w n="164">hi</w><w n="165" lemma="taḥ">taḥ </w>
</text></TEI>
<TEI n="H">
<text>
<w n="0">sva</w><w n="1">pnā</w><w n="2">va</w><w n="3">sthā</w><w n="4">ga</w><w n="5" lemma="taḥ">taḥ </w><w n="6">pra</w><w n="7">paṃ</w><w n="8" lemma="caḥ">co </w><w n="9">jā</w><w n="10">ga</w><w n="11">ra</w><w n="12" lemma="yā">yā </w><w n="13">bā</w><w n="14" lemma="dhya">ddhya</w><w n="15"></w><w n="16">na</w><w n="17">tvā</w><w n="18" lemma="ta">d a</w><w n="19">sa</w><w n="20" lemma="tya">tya </w><w n="21">i</w><w n="22" lemma="ti">ti </w><w n="23">sa</w><w n="24">rva</w><w n="25">vā</w><w n="26">dya</w><w n="27">bhyu</w><w n="28">pa</w><w n="29">ga</w><w n="30" lemma="maḥ">maḥ | </w><w n="31">te</w><w n="32">nai</w><w n="33" lemma="va">va </w><w n="34" lemma="ca">ca </w><w n="35">dṛ</w><w n="36">ṣṭāṃ</w><w n="37">ta</w><w n="38" lemma="na">na </w><w n="39">jā</w><w n="40">ga</w><w n="41">rā</w><w n="42" lemma="yāṃ">yām </w><w n="43">a</w><w n="44" lemma="pi">pi </w><w n="45">bhā</w><w n="46">va</w><w n="47">bhe</w><w n="48" lemma="daṃ">daṃ </w><w n="49">tu</w><w n="50">rī</w><w n="51">ya</w><w n="52"></w><w n="53">da</w><w n="54">śā</w><w n="55" lemma="yāṃ">yām </w><w n="56">a</w><w n="57">na</w><w n="58"></w><w n="59">nu</w><w n="60"></w><w n="61">vṛ</w><w n="62" lemma="teḥ">tter </w><w n="63">a</w><w n="64">sa</w><w n="65" lemma="tyo">tyo </w><w n="66"></w><w n="67">pa</w><w n="68">sthā</w><w n="69">pya</w><w n="70" lemma="te">te | </w><w n="71">ya</w><w n="72" lemma="tki">t ki</w><w n="73" lemma="la">la </w><w n="74">sa</w><w n="75">rvā</w><w n="76">va</w><w n="77">sthā</w><w n="78" lemma="sva">sv a</w><w n="79">nu</w><w n="80">ga</w><w n="81" lemma="taṃ">taṃ </w><w n="82">ta</w><w n="83" lemma="te">d e</w><w n="84" lemma="va">va </w><w n="85">sa</w><w n="86" lemma="tyaṃ">tyaṃ </w><w n="87">ta</w><w n="88" lemma="tca">c ca </w><w n="89">saṃ</w><w n="90" lemma="viṃ">vin</w><w n="91">mā</w><w n="92">tra</w><w n="93">rū</w><w n="94" lemma="paṃ">pam </w><w n="95">a</w><w n="96">bā</w><w n="97" lemma="dhya">ddhya</w><w n="98">mā</w><w n="99" lemma="naṃ">nam </w><w n="100">a</w><w n="101">va</w><w n="102">sthā</w><w n="103">bhe</w><w n="104" lemma="daḥ">das </w><w n="105" lemma="tvā">tv ā</w><w n="106">ga</w><w n="107">mā</w><w n="108">pā</w><w n="109">yi</w><w n="110">tvā</w><w n="111" lemma="tbā">d bā</w><w n="112">vi</w><w n="113" lemma="to">to </w><w n="114">sa</w><w n="115" lemma="nmu">n mu</w><w n="116">kha</w><w n="117">duḥ</w><w n="118">khā</w><w n="119">di</w><w n="120">va</w><w n="121" lemma="tta">t ta</w><w n="122" lemma="thā">thā </w><w n="123" lemma="hi">hi </w><w n="124">rā</w><w n="125">gā</w><w n="126">da</w><w n="127" lemma="yaḥ">yaḥ </w><w n="128"></w><w n="129">mu</w><w n="130">khā</w><w n="131">da</w><w n="132" lemma="yaḥ">yaś </w><w n="133">cā</w><w n="134">sva</w><w n="135">bhā</w><w n="136">va</w><w n="137">tvā</w><w n="138" lemma="tsaṃ">t saṃ</w><w n="139" lemma="viṃ">vin</w><w n="140">mā</w><w n="141">tra</w><w n="142">rū</w><w n="143" lemma="paṃ">paṃ </w><w n="144" lemma="na">na </w><w n="145">vi</w><w n="146">ku</w><w n="147">rvaṃ</w><w n="148" lemma="ti">ti | </w><w n="149">ta</w><w n="150">thā</w><w n="151">va</w><w n="152">sthā</w><w n="153">bhe</w><w n="154" lemma="do">do </w><w n="155" lemma="pya">py a</w><w n="156">ne</w><w n="157">kā</w><w n="158">kā</w><w n="159">ra</w><w n="160">kā</w><w n="161" lemma="ttu">t tu</w><w n="162">ṣṭo</w><w n="163">pa</w><w n="164">ha</w><w n="165" lemma="taḥ">tas </w>
</text></TEI>
<TEI n="P">
<text>
<w n="0" lemma="sva">| sva</w><w n="1">pnā</w><w n="2">va</w><w n="3">sthā</w><w n="4">ga</w><w n="5" lemma="taḥ">taḥ </w><w n="6">pra</w><w n="7">paṃ</w><w n="8" lemma="caḥ">co </w><w n="9">jā</w><w n="10">ga</w><w n="11">ra</w><w n="12" lemma="yā">yā </w><w n="13">bā</w><w n="14">dhya</w><w n="15">mā</w><w n="16">na</w><w n="17">tvā</w><w n="18" lemma="tsa">t sa</w><w n="19"></w><w n="20" lemma="tya">tya </w><w n="21">i</w><w n="22" lemma="ti">ti </w><w n="23">sa</w><w n="24">rva</w><w n="25">bā</w><w n="26">dhā</w><w n="27">bhyu</w><w n="28">pa</w><w n="29">ga</w><w n="30" lemma="maḥ">maḥ </w><w n="31">te</w><w n="32">nai</w><w n="33" lemma="va">va </w><w n="34"></w><w n="35">dṛ</w><w n="36">ṣṭāṃ</w><w n="37">te</w><w n="38" lemma="na">na </w><w n="39">jā</w><w n="40">ga</w><w n="41">rī</w><w n="42" lemma="yāṃ">yām </w><w n="43">a</w><w n="44" lemma="pi">pi </w><w n="45">bhā</w><w n="46">va</w><w n="47">bhe</w><w n="48" lemma="daḥ">daḥ </w><w n="49">tu</w><w n="50">rī</w><w n="51">ya</w><w n="52"></w><w n="53">da</w><w n="54">śā</w><w n="55" lemma="yāṃ">yām </w><w n="56">a</w><w n="57">na</w><w n="58"></w><w n="59">na</w><w n="60">na</w><w n="61">vṛ</w><w n="62" lemma="teḥ">ter </w><w n="63">a</w><w n="64">sa</w><w n="65" lemma="tyaḥ">tyo </w><w n="66">vya</w><w n="67">va</w><w n="68">sthā</w><w n="69">pya</w><w n="70" lemma="te">te </w><w n="71">ya</w><w n="72" lemma="tki">t ki</w><w n="73" lemma="la">la </w><w n="74">sa</w><w n="75">rva</w><w n="76">va</w><w n="77">sthā</w><w n="78" lemma="sva">sv a</w><w n="79">nu</w><w n="80">ga</w><w n="81" lemma="taṃ">taṃ </w><w n="82">ta</w><w n="83" lemma="te">d e</w><w n="84" lemma="va">va </w><w n="85">sa</w><w n="86" lemma="tyaṃ">tyaṃ </w><w n="87">ta</w><w n="88" lemma="tca">c ca </w><w n="89" lemma="sa">sa&#166;</w><w n="90" lemma="viṃ">vin</w><w n="91">mā</w><w n="92" lemma="traṃ">traṃ </w><w n="93">rū</w><w n="94" lemma="paṃ">pam </w><w n="95">a</w><w n="96">vā</w><w n="97">dhya</w><w n="98">mā</w><w n="99" lemma="naṃ">nam </w><w n="100">a</w><w n="101">va</w><w n="102">sthā</w><w n="103">bhe</w><w n="104" lemma="daḥ">das </w><w n="105" lemma="tvā">tv ā</w><w n="106">ga</w><w n="107">mā</w><w n="108">yā</w><w n="109">yi</w><w n="110">tvā</w><w n="111" lemma="tbā">d bā</w><w n="112">dhi</w><w n="113" lemma="to">to </w><w n="114">sa</w><w n="115" lemma="tsu">t su</w><w n="116">kha</w><w n="117">duḥ</w><w n="118">khā</w><w n="119">di</w><w n="120">va</w><w n="121" lemma="tta">t ta</w><w n="122" lemma="thā">thā </w><w n="123" lemma="hi">hi </w><w n="124">rā</w><w n="125">gā</w><w n="126">da</w><w n="127" lemma="yaḥ">yaḥ </w><w n="128"></w><w n="129">su</w><w n="130">khā</w><w n="131">da</w><w n="132" lemma="yaḥ">yaś </w><w n="133" lemma="ca">ca </w><w n="134">sva</w><w n="135">bhā</w><w n="136">va</w><w n="137">tvā</w><w n="138" lemma="tsa">t sa</w><w n="139" lemma="viṃ">vin</w><w n="140">mā</w><w n="141" lemma="traṃ">traṃ </w><w n="142">rū</w><w n="143" lemma="paṃ">paṃ </w><w n="144" lemma="na">na </w><w n="145"></w><w n="146">ku</w><w n="147">rvaṃ</w><w n="148" lemma="ti">ti </w><w n="149">ta</w><w n="150" lemma="thā">thā </w><w n="151"></w><w n="152"></w><w n="153">bhe</w><w n="154" lemma="do">do </w><w n="155" lemma="pya">py a</w><w n="156">ne</w><w n="157">kā</w><w n="158">kā</w><w n="159">ra</w><w n="160"></w><w n="161">tu</w><w n="162">ṣṭyo</w><w n="163">pa</w><w n="164">ha</w><w n="165" lemma="taḥ">taḥ </w>
</text></TEI>
<TEI n="M">
<text>
<w n="0" lemma="sva">|| sva</w><w n="1">pnā</w><w n="2">va</w><w n="3">sthā</w><w n="4">ga</w><w n="5" lemma="taḥ">taḥ </w><w n="6">pra</w><w n="7">paṃ</w><w n="8" lemma="caḥ">co </w><w n="9">jā</w><w n="10">ga</w><w n="11">ra</w><w n="12" lemma="yā">yā </w><w n="13">bā</w><w n="14">dhya</w><w n="15">mā</w><w n="16">na</w><w n="17">tvā</w><w n="18" lemma="ta">d a</w><w n="19">sa</w><w n="20" lemma="tya">tya </w><w n="21">i</w><w n="22" lemma="ti">ti </w><w n="23">sa</w><w n="24">rva</w><w n="25">bā</w><w n="26">dhā</w><w n="27">bhyu</w><w n="28">pa</w><w n="29">ga</w><w n="30" lemma="maḥ">maḥ | </w><w n="31">te</w><w n="32">nai</w><w n="33" lemma="va">va </w><w n="34"></w><w n="35">dṛ</w><w n="36">ṣṭāṃ</w><w n="37">te</w><w n="38" lemma="na">na </w><w n="39">jā</w><w n="40">ga</w><w n="41">rā</w><w n="42" lemma="yāṃ">yām </w><w n="43">a</w><w n="44" lemma="pi">pi </w><w n="45">bhā</w><w n="46">va</w><w n="47">bhe</w><w n="48" lemma="daḥ">daḥ | </w><w n="49">tu</w><w n="50">rī</w><w n="51">ya</w><w n="52"></w><w n="53">da</w><w n="54">śā</w><w n="55" lemma="yāṃ">yām </w><w n="56">a</w><w n="57">na</w><w n="58">na</w><w n="59">nu</w><w n="60"></w><w n="61">vṛ</w><w n="62" lemma="teḥ">tter </w><w n="63">a</w><w n="64">sa</w><w n="65" lemma="tyaḥ">tyo </w><w n="66">vya</w><w n="67">va</w><w n="68">sthā</w><w n="69">pya</w><w n="70" lemma="te">te | </w><w n="71">ya</w><w n="72" lemma="tki">t ki</w><w n="73" lemma="la">la </w><w n="74">sa</w><w n="75">rvā</w><w n="76">va</w><w n="77">sthā</w><w n="78" lemma="sva">sv a</w><w n="79">nu</w><w n="80">ga</w><w n="81" lemma="taṃ">taṃ </w><w n="82">ta</w><w n="83" lemma="te">d e</w><w n="84" lemma="va">va </w><w n="85">sa</w><w n="86" lemma="tyaṃ">tyaṃ </w><w n="87">ta</w><w n="88" lemma="tca">c ca </w><w n="89">saṃ</w><w n="90" lemma="viṃ">vin</w><w n="91">mā</w><w n="92" lemma="traṃ">traṃ </w><w n="93">rū</w><w n="94" lemma="paṃ">pam </w><w n="95">a</w><w n="96">bā</w><w n="97">dhya</w><w n="98">mā</w><w n="99" lemma="naṃ">nam </w><w n="100">a</w><w n="101">va</w><w n="102">sthā</w><w n="103">bhe</w><w n="104" lemma="daḥ">das </w><w n="105" lemma="tvā">tv ā</w><w n="106">ga</w><w n="107">mā</w><w n="108">pā</w><w n="109">yi</w><w n="110">tvā</w><w n="111" lemma="tbā">d bā</w><w n="112">dhi</w><w n="113" lemma="to">to </w><w n="114">sa</w><w n="115" lemma="tsu">t su</w><w n="116">kha</w><w n="117">duḥ</w><w n="118">khā</w><w n="119">di</w><w n="120">va</w><w n="121" lemma="tta">t | ta</w><w n="122" lemma="thā">thā </w><w n="123" lemma="hi">hi | </w><w n="124">rā</w><w n="125">gā</w><w n="126">da</w><w n="127" lemma="yaḥ">yaḥ </w><w n="128"></w><w n="129">su</w><w n="130">khā</w><w n="131">da</w><w n="132" lemma="yaḥ">yaś </w><w n="133" lemma="ca">ca </w><w n="134">sva</w><w n="135">bhā</w><w n="136">va</w><w n="137">tvā</w><w n="138" lemma="tsaṃ">t saṃ</w><w n="139" lemma="viṃ">vin</w><w n="140">mā</w><w n="141" lemma="traṃ">traṃ </w><w n="142">rū</w><w n="143" lemma="paṃ">paṃ </w><w n="144" lemma="na">na </w><w n="145">vi</w><w n="146">ku</w><w n="147">rvaṃ</w><w n="148" lemma="ti">ti | </w><w n="149">ta</w><w n="150" lemma="thā">thā </w><w n="151"></w><w n="152"></w><w n="153">bhe</w><w n="154" lemma="do">do </w><w n="155" lemma="pya">py a</w><w n="156">ne</w><w n="157">kā</w><w n="158">kā</w><w n="159">ra</w><w n="160"></w><w n="161">tu</w><w n="162">ṣṭyo</w><w n="163">pa</w><w n="164">ha</w><w n="165" lemma="taḥ">taḥ | </w>
</text></TEI>
<TEI n="G2">
<text>
<w n="0"></w><w n="1"></w><w n="2"></w><w n="3"></w><w n="4"></w><w n="5"></w><w n="6"></w><w n="7"></w><w n="8"></w><w n="9"></w><w n="10"></w><w n="11"></w><w n="12"></w><w n="13"></w><w n="14"></w><w n="15"></w><w n="16"></w><w n="17"></w><w n="18"></w><w n="19"></w><w n="20"></w><w n="21"></w><w n="22"></w><w n="23"></w><w n="24"></w><w n="25"></w><w n="26"></w><w n="27"></w><w n="28"></w><w n="29"></w><w n="30"></w><w n="31"></w><w n="32"></w><w n="33"></w><w n="34"></w><w n="35"></w><w n="36"></w><w n="37"></w><w n="38"></w><w n="39"></w><w n="40"></w><w n="41"></w><w n="42"></w><w n="43"></w><w n="44"></w><w n="45"></w><w n="46"></w><w n="47"></w><w n="48"></w><w n="49"></w><w n="50"></w><w n="51"></w><w n="52"></w><w n="53"></w><w n="54"></w><w n="55"></w><w n="56"></w><w n="57"></w><w n="58"></w><w n="59"></w><w n="60"></w><w n="61"></w><w n="62"></w><w n="63"></w><w n="64"></w><w n="65"></w><w n="66"></w><w n="67"></w><w n="68"></w><w n="69"></w><w n="70"></w><w n="71"></w><w n="72"></w><w n="73"></w><w n="74"></w><w n="75"></w><w n="76"></w><w n="77"></w><w n="78"></w><w n="79"></w><w n="80"></w><w n="81"></w><w n="82"></w><w n="83"></w><w n="84"></w><w n="85"></w><w n="86"></w><w n="87"></w><w n="88"></w><w n="89"></w><w n="90"></w><w n="91"></w><w n="92"></w><w n="93"></w><w n="94"></w><w n="95"></w><w n="96"></w><w n="97"></w><w n="98"></w><w n="99"></w><w n="100"></w><w n="101"></w><w n="102"></w><w n="103"></w><w n="104"></w><w n="105"></w><w n="106"></w><w n="107"></w><w n="108"></w><w n="109"></w><w n="110"></w><w n="111"></w><w n="112"></w><w n="113"></w><w n="114"></w><w n="115"></w><w n="116"></w><w n="117"></w><w n="118"></w><w n="119"></w><w n="120"></w><w n="121"></w><w n="122"></w><w n="123"></w><w n="124"></w><w n="125"></w><w n="126"></w><w n="127"></w><w n="128"></w><w n="129"></w><w n="130"></w><w n="131"></w><w n="132"></w><w n="133"></w><w n="134"></w><w n="135"></w><w n="136"></w><w n="137"></w><w n="138"></w><w n="139"></w><w n="140"></w><w n="141"></w><w n="142"></w><w n="143"></w><w n="144"></w><w n="145"></w><w n="146"></w><w n="147"></w><w n="148"></w><w n="149"></w><w n="150"></w><w n="151"></w><w n="152"></w><w n="153"></w><w n="154"></w><w n="155"></w><w n="156"></w><w n="157"></w><w n="158"></w><w n="159"></w><w n="160"></w><w n="161"></w><w n="162"></w><w n="163"></w><w n="164"></w><w n="165"></w>
</text></TEI>
<TEI n="G1">
<text>
<w n="0"></w><w n="1"></w><w n="2"></w><w n="3"></w><w n="4"></w><w n="5"></w><w n="6"></w><w n="7"></w><w n="8"></w><w n="9"></w><w n="10"></w><w n="11"></w><w n="12"></w><w n="13"></w><w n="14"></w><w n="15"></w><w n="16"></w><w n="17"></w><w n="18"></w><w n="19"></w><w n="20"></w><w n="21"></w><w n="22"></w><w n="23"></w><w n="24"></w><w n="25"></w><w n="26"></w><w n="27"></w><w n="28"></w><w n="29"></w><w n="30"></w><w n="31"></w><w n="32"></w><w n="33"></w><w n="34"></w><w n="35"></w><w n="36"></w><w n="37"></w><w n="38"></w><w n="39"></w><w n="40"></w><w n="41"></w><w n="42"></w><w n="43"></w><w n="44"></w><w n="45"></w><w n="46"></w><w n="47"></w><w n="48"></w><w n="49"></w><w n="50"></w><w n="51"></w><w n="52"></w><w n="53"></w><w n="54"></w><w n="55"></w><w n="56"></w><w n="57"></w><w n="58"></w><w n="59"></w><w n="60"></w><w n="61"></w><w n="62"></w><w n="63"></w><w n="64"></w><w n="65"></w><w n="66"></w><w n="67"></w><w n="68"></w><w n="69"></w><w n="70"></w><w n="71"></w><w n="72"></w><w n="73"></w><w n="74"></w><w n="75"></w><w n="76"></w><w n="77"></w><w n="78"></w><w n="79"></w><w n="80"></w><w n="81"></w><w n="82"></w><w n="83"></w><w n="84"></w><w n="85"></w><w n="86"></w><w n="87"></w><w n="88"></w><w n="89"></w><w n="90"></w><w n="91"></w><w n="92"></w><w n="93"></w><w n="94"></w><w n="95"></w><w n="96"></w><w n="97"></w><w n="98"></w><w n="99"></w><w n="100"></w><w n="101"></w><w n="102"></w><w n="103"></w><w n="104"></w><w n="105"></w><w n="106"></w><w n="107"></w><w n="108"></w><w n="109"></w><w n="110"></w><w n="111"></w><w n="112"></w><w n="113"></w><w n="114"></w><w n="115"></w><w n="116"></w><w n="117"></w><w n="118"></w><w n="119"></w><w n="120"></w><w n="121"></w><w n="122"></w><w n="123"></w><w n="124"></w><w n="125"></w><w n="126"></w><w n="127"></w><w n="128"></w><w n="129"></w><w n="130"></w><w n="131"></w><w n="132"></w><w n="133"></w><w n="134"></w><w n="135"></w><w n="136"></w><w n="137"></w><w n="138"></w><w n="139"></w><w n="140"></w><w n="141"></w><w n="142"></w><w n="143"></w><w n="144"></w><w n="145"></w><w n="146"></w><w n="147"></w><w n="148"></w><w n="149"></w><w n="150"></w><w n="151"></w><w n="152"></w><w n="153"></w><w n="154"></w><w n="155"></w><w n="156"></w><w n="157"></w><w n="158"></w><w n="159"></w><w n="160"></w><w n="161"></w><w n="162"></w><w n="163"></w><w n="164"></w><w n="165"></w>
</text></TEI>
<TEI n="L">
<text>
<w n="0">sva</w><w n="1">pnā</w><w n="2">va</w><w n="3">sthā</w><w n="4">ga</w><w n="5" lemma="taḥ">taḥ </w><w n="6">pra</w><w n="7">paṃ</w><w n="8" lemma="caḥ">co </w><w n="9">jā</w><w n="10">ga</w><w n="11">ra</w><w n="12" lemma="yā">yā </w><w n="13">bā</w><w n="14">dhya</w><w n="15">mā</w><w n="16">na</w><w n="17">tvā</w><w n="18" lemma="ta">d a</w><w n="19">sa</w><w n="20" lemma="tya">tya </w><w n="21">i</w><w n="22" lemma="ti">ti </w><w n="23">sa</w><w n="24">rva</w><w n="25">vā</w><w n="26">dya</w><w n="27">bhyu</w><w n="28">pa</w><w n="29">ga</w><w n="30" lemma="maḥ">maḥ | </w><w n="31">te</w><w n="32">nai</w><w n="33" lemma="va">va </w><w n="34"></w><w n="35">dṛ</w><w n="36">ṣṭāṃ</w><w n="37">te</w><w n="38" lemma="na">na </w><w n="39">jā</w><w n="40">ga</w><w n="41">rā</w><w n="42" lemma="yāṃ">yām </w><w n="43">a</w><w n="44" lemma="pi">pi </w><w n="45">bhā</w><w n="46">va</w><w n="47">bhe</w><w n="48">da</w><w n="49">pu</w><w n="50">rī</w><w n="51">ta</w><w n="52" lemma="ti">ti </w><w n="53">da</w><w n="54">śā</w><w n="55" lemma="yāṃ">yām </w><w n="56">a</w><w n="57">na</w><w n="58"></w><w n="59">nu</w><w n="60"></w><w n="61">vṛ</w><w n="62" lemma="teḥ">tter </w><w n="63">a</w><w n="64">sa</w><w n="65" lemma="tyaḥ">tyo </w><w n="66"></w><w n="67">va</w><w n="68">sthā</w><w n="69">pya</w><w n="70" lemma="te">te || </w><w n="71">ya</w><w n="72" lemma="tki">t ki</w><w n="73" lemma="la">la </w><w n="74">sa</w><w n="75">rvā</w><w n="76">va</w><w n="77">sthā</w><w n="78" lemma="sva">sv a</w><w n="79">nu</w><w n="80">ga</w><w n="81" lemma="taṃ">taṃ </w><w n="82">ta</w><w n="83" lemma="te">d e</w><w n="84" lemma="va">va </w><w n="85">sa</w><w n="86" lemma="tyaṃ">tyaṃ </w><w n="87">ta</w><w n="88" lemma="tca">c ca </w><w n="89">saṃ</w><w n="90" lemma="viṃ">vin</w><w n="91">mā</w><w n="92" lemma="traṃ">traṃ </w><w n="93">rū</w><w n="94" lemma="paṃ">pam </w><w n="95">a</w><w n="96">bā</w><w n="97">dhya</w><w n="98">mā</w><w n="99" lemma="naṃ">nam </w><w n="100">a</w><w n="101">va</w><w n="102">sthā</w><w n="103">bhe</w><w n="104" lemma="daḥ">das </w><w n="105" lemma="tvā">tv ā</w><w n="106">ga</w><w n="107">mā</w><w n="108">pā</w><w n="109">yi</w><w n="110">tvā</w><w n="111" lemma="tbā">d bā</w><w n="112">dhi</w><w n="113" lemma="te">te </w><w n="114">sa</w><w n="115" lemma="tsu">t su</w><w n="116">kha</w><w n="117">duḥ</w><w n="118" lemma="khā">khā&#166;</w><w n="119">di</w><w n="120">va</w><w n="121" lemma="tta">t || ta</w><w n="122" lemma="thā">thā </w><w n="123" lemma="hi">hi </w><w n="124">rā</w><w n="125">gā</w><w n="126">da</w><w n="127" lemma="yaḥ">yaḥ </w><w n="128"></w><w n="129">su</w><w n="130">khā</w><w n="131">da</w><w n="132" lemma="yaḥ">yaś </w><w n="133">cā</w><w n="134">sva</w><w n="135">bhā</w><w n="136">va</w><w n="137">tvā</w><w n="138" lemma="tsaṃ">t saṃ</w><w n="139" lemma="viṃ">vin</w><w n="140">mā</w><w n="141" lemma="traṃ">traṃ </w><w n="142">rū</w><w n="143" lemma="paṃ">paṃ </w><w n="144" lemma="na">na </w><w n="145">vi</w><w n="146">ku</w><w n="147">rva</w><w n="148" lemma="ti">ti | </w><w n="149">ta</w><w n="150">thā</w><w n="151">va</w><w n="152">sthā</w><w n="153">bhe</w><w n="154" lemma="do">do </w><w n="155" lemma="pya">py a</w><w n="156">ne</w><w n="157">kā</w><w n="158">kā</w><w n="159">ra</w><w n="160"></w><w n="161">mu</w><w n="162">ṣyo</w><w n="163">pa</w><w n="164">ha</w><w n="165" lemma="taḥ">taḥ || </w>
</text></TEI>
<TEI n="O">
<text>
<w n="0">sva</w><w n="1">pnā</w><w n="2">va</w><w n="3">sthā</w><w n="4">ga</w><w n="5" lemma="taḥ">taḥ </w><w n="6">pra</w><w n="7">paṃ</w><w n="8" lemma="caḥ">co </w><w n="9">jā</w><w n="10">ga</w><w n="11">ra</w><w n="12" lemma="yā">yā </w><w n="13">bā</w><w n="14">dhyā</w><w n="15">mā</w><w n="16">na</w><w n="17">tvā</w><w n="18" lemma="ta">d a</w><w n="19">sa</w><w n="20" lemma="tya">tya </w><w n="21">i</w><w n="22" lemma="ti">ti </w><w n="23">sa</w><w n="24">rva</w><w n="25">vā</w><w n="26">dya</w><w n="27">bhyu</w><w n="28">pa</w><w n="29">ga</w><w n="30" lemma="maḥ">maḥ | </w><w n="31">te</w><w n="32">nai</w><w n="33" lemma="va">va </w><w n="34"></w><w n="35">dṛ</w><w n="36">ṣṭāṃ</w><w n="37">te</w><w n="38" lemma="na">na </w><w n="39">jā</w><w n="40">ga</w><w n="41">rā</w><w n="42" lemma="yāṃ">yām </w><w n="43">a</w><w n="44" lemma="pi">pi </w><w n="45">bhā</w><w n="46">va</w><w n="47">bhe</w><w n="48" lemma="daḥ">das </w><w n="49">tu</w><w n="50">rī</w><w n="51">ya</w><w n="52"></w><w n="53">da</w><w n="54">śā</w><w n="55" lemma="yāṃ">yām </w><w n="56">a</w><w n="57">na</w><w n="58"></w><w n="59">nu</w><w n="60"></w><w n="61">vṛ</w><w n="62" lemma="teḥ">tter </w><w n="63">a</w><w n="64">sa</w><w n="65" lemma="tyaḥ">tyo </w><w n="66"></w><w n="67">va</w><w n="68">sthā</w><w n="69">pya</w><w n="70" lemma="te">te </w><w n="71">ya</w><w n="72" lemma="tki">t ki</w><w n="73" lemma="la">la </w><w n="74">sa</w><w n="75">rvā</w><w n="76">va</w><w n="77">sthā</w><w n="78" lemma="sva">sv a</w><w n="79">nu</w><w n="80">ga</w><w n="81" lemma="taṃ">taṃ </w><w n="82">ta</w><w n="83" lemma="te">d e</w><w n="84" lemma="va">va </w><w n="85">sa</w><w n="86" lemma="tyaṃ">tyaṃ </w><w n="87">ta</w><w n="88" lemma="tca">c ca </w><w n="89">saṃ</w><w n="90" lemma="viṃ">vin</w><w n="91">mā</w><w n="92" lemma="traṃ">traṃ </w><w n="93">rū</w><w n="94" lemma="paṃ">pam </w><w n="95">a</w><w n="96">bā</w><w n="97">dhya</w><w n="98">mā</w><w n="99" lemma="naṃ">nam </w><w n="100">a</w><w n="101">va</w><w n="102">sthā</w><w n="103">bhe</w><w n="104" lemma="daḥ">das </w><w n="105" lemma="tvā">tv ā</w><w n="106">ga</w><w n="107">mā</w><w n="108">pā</w><w n="109">yi</w><w n="110">tvā</w><w n="111" lemma="tbhā">d bhā</w><w n="112">di</w><w n="113" lemma="te">te </w><w n="114">sa</w><w n="115" lemma="tsu">t su</w><w n="116">kha</w><w n="117">duḥ</w><w n="118">khā</w><w n="119">di</w><w n="120">va</w><w n="121" lemma="tta">t | ta</w><w n="122" lemma="thā">thā </w><w n="123" lemma="hi">hi </w><w n="124">rā</w><w n="125">gā</w><w n="126">da</w><w n="127" lemma="yaḥ">yaḥ </w><w n="128"></w><w n="129">su</w><w n="130">khā</w><w n="131">da</w><w n="132" lemma="yaḥ">yaś </w><w n="133" lemma="ca">ca </w><w n="134">sva</w><w n="135">bhā</w><w n="136">va</w><w n="137">tvā</w><w n="138" lemma="tsaṃ">t saṃ</w><w n="139" lemma="viṃ">vin</w><w n="140">mā</w><w n="141" lemma="traṃ">traṃ </w><w n="142">rū</w><w n="143" lemma="paṃ">paṃ </w><w n="144" lemma="na">na </w><w n="145">vi</w><w n="146">ku</w><w n="147">rvaṃ</w><w n="148" lemma="ti">ti </w><w n="149">ta</w><w n="150">thā</w><w n="151">va</w><w n="152">sthā</w><w n="153">bhe</w><w n="154" lemma="do">do </w><w n="155" lemma="pya">py a</w><w n="156">ne</w><w n="157">kā</w><w n="158">kā</w><w n="159">ra</w><w n="160"></w><w n="161">mu</w><w n="162">ṣyo</w><w n="163">pa</w><w n="164">ha</w><w n="165" lemma="taḥ">taḥ </w>
</text></TEI>
<TEI n="A">
<text>
<w n="0">svu</w><w n="1">pnā</w><w n="2">va</w><w n="3">sthā</w><w n="4" lemma="ga">ga&#166;</w><w n="5" lemma="taḥ">taḥ </w><w n="6">pra</w><w n="7">paṃ</w><w n="8" lemma="caḥ">co </w><w n="9">jā</w><w n="10">ga</w><w n="11">ra</w><w n="12" lemma="yā">yā </w><w n="13">bā</w><w n="14">dhya</w><w n="15">mā</w><w n="16">na</w><w n="17">tvā</w><w n="18" lemma="ta">d a</w><w n="19">sa</w><w n="20" lemma="tya">tya </w><w n="21">i</w><w n="22" lemma="ti">ti </w><w n="23">sa</w><w n="24">rva</w><w n="25">vā</w><w n="26">dya</w><w n="27">bhyu</w><w n="28">pa</w><w n="29">ga</w><w n="30" lemma="maḥ">maḥ </w><w n="31">te</w><w n="32">nai</w><w n="33" lemma="va">va </w><w n="34"></w><w n="35">dṛ</w><w n="36">ṣṭāṃ</w><w n="37">te</w><w n="38" lemma="na">na </w><w n="39">jā</w><w n="40">ga</w><w n="41">rā</w><w n="42" lemma="yāṃ">yām </w><w n="43">a</w><w n="44" lemma="pi">pi </w><w n="45">bhā</w><w n="46">va</w><w n="47">bhe</w><w n="48" lemma="ddaḥ">ddas </w><w n="49">tu</w><w n="50">rī</w><w n="51">ya</w><w n="52"></w><w n="53">da</w><w n="54">śā</w><w n="55" lemma="yāṃ">yām </w><w n="56">a</w><w n="57">na</w><w n="58"></w><w n="59">nu</w><w n="60"></w><w n="61">vṛ</w><w n="62" lemma="teḥ">tter </w><w n="63">a</w><w n="64">sa</w><w n="65" lemma="tyaḥ">tyo </w><w n="66"></w><w n="67">va</w><w n="68">sthā</w><w n="69">pya</w><w n="70" lemma="te">te </w><w n="71">ya</w><w n="72" lemma="tkiṃ">t kiṃ</w><w n="73" lemma="la">la </w><w n="74">sa</w><w n="75">rvā</w><w n="76">va</w><w n="77">sthā</w><w n="78" lemma="sva">sv a</w><w n="79">nu</w><w n="80">rā</w><w n="81" lemma="taṃ">taṃ </w><w n="82">ta</w><w n="83" lemma="te">d e</w><w n="84" lemma="va">va </w><w n="85">sa</w><w n="86" lemma="tyaṃ">tyaṃ </w><w n="87">ta</w><w n="88" lemma="tca">c ca </w><w n="89">saṃ</w><w n="90" lemma="viṃ">vi&#166;n</w><w n="91">mā</w><w n="92" lemma="traṃ">traṃ </w><w n="93">rū</w><w n="94" lemma="paṃ">pam </w><w n="95">a</w><w n="96">bā</w><w n="97">dhya</w><w n="98">mā</w><w n="99" lemma="naṃ">naṃ </w><w n="100">a</w><w n="101">va</w><w n="102">sthā</w><w n="103">bhe</w><w n="104" lemma="daḥ">das </w><w n="105" lemma="tvā">tv ā</w><w n="106">ga</w><w n="107">mā</w><w n="108">pā</w><w n="109">yi</w><w n="110">tvā</w><w n="111" lemma="tbā">d bā</w><w n="112">dhi</w><w n="113" lemma="taḥ">taḥ </w><w n="114">sa</w><w n="115" lemma="tsu">t su</w><w n="116">kha</w><w n="117">duḥ</w><w n="118">khā</w><w n="119">di</w><w n="120">va</w><w n="121" lemma="tta">t_ ta</w><w n="122" lemma="thā">thā </w><w n="123" lemma="hi">hi </w><w n="124">rā</w><w n="125">gā</w><w n="126">da</w><w n="127" lemma="yaḥ">yaḥ </w><w n="128"></w><w n="129">su</w><w n="130">khā</w><w n="131">da</w><w n="132" lemma="yaḥ">yaś </w><w n="133">cā</w><w n="134">sva</w><w n="135">bhā</w><w n="136">va</w><w n="137">tvā</w><w n="138" lemma="tsaṃ">t saṃ</w><w n="139" lemma="dhiṃ">dhin</w><w n="140">mā</w><w n="141" lemma="traṃ">traṃ </w><w n="142">rū</w><w n="143" lemma="paṃ">paṃ </w><w n="144" lemma="na">na </w><w n="145">vi</w><w n="146">ku</w><w n="147">rvaṃ</w><w n="148" lemma="ti">ti </w><w n="149">ta</w><w n="150">thā</w><w n="151">va</w><w n="152">sthā</w><w n="153">bhe</w><w n="154" lemma="do">do </w><w n="155" lemma="pya">py a</w><w n="156">ne</w><w n="157">kā</w><w n="158">kā</w><w n="159">ra</w><w n="160"></w><w n="161">bu</w><w n="162" lemma="dhyo">ddhyo</w><w n="163">pa</w><w n="164">ha</w><w n="165" lemma="taḥ">taḥ </w>
</text></TEI>
<TEI n="V">
<text>
<w n="0">sva</w><w n="1">pnā</w><w n="2">va</w><w n="3">sthā</w><w n="4">ga</w><w n="5" lemma="taḥ">taḥ </w><w n="6">pra</w><w n="7">paṃ</w><w n="8" lemma="caḥ">co </w><w n="9">jā</w><w n="10">ga</w><w n="11">ra</w><w n="12" lemma="yā">yā </w><w n="13">bā</w><w n="14">dhya</w><w n="15">mā</w><w n="16">na</w><w n="17">tvā</w><w n="18" lemma="ta">d a</w><w n="19">sa</w><w n="20" lemma="tya">tya </w><w n="21">i</w><w n="22" lemma="ti">ti </w><w n="23">sa</w><w n="24">rva</w><w n="25">vā</w><w n="26">dya</w><w n="27">bhyu</w><w n="28">pa</w><w n="29">ga</w><w n="30" lemma="maḥ">maḥ </w><w n="31">te</w><w n="32">nai</w><w n="33" lemma="va">va </w><w n="34"></w><w n="35">dṛ</w><w n="36">ṣṭāṃ</w><w n="37">te</w><w n="38" lemma="na">na </w><w n="39">jā</w><w n="40">ga</w><w n="41">rā</w><w n="42" lemma="yāṃ">yām </w><w n="43">a</w><w n="44" lemma="pi">pi </w><w n="45">bhā</w><w n="46">va</w><w n="47">bhe</w><w n="48" lemma="daḥ">das </w><w n="49">tu</w><w n="50">rā</w><w n="51">ya</w><w n="52"></w><w n="53">da</w><w n="54">sā</w><w n="55" lemma="yāṃ">yām </w><w n="56">a</w><w n="57">na</w><w n="58"></w><w n="59">nu</w><w n="60"></w><w n="61">vṛ</w><w n="62" lemma="teḥ">tter </w><w n="63">a</w><w n="64">sa</w><w n="65" lemma="tyaḥ">tyo </w><w n="66"></w><w n="67">va</w><w n="68">sthā</w><w n="69">pya</w><w n="70" lemma="te">te </w><w n="71">ya</w><w n="72" lemma="tki">t ki</w><w n="73" lemma="tsa">tsa </w><w n="74">sa</w><w n="75">rvā</w><w n="76">va</w><w n="77">sthā</w><w n="78" lemma="sva">sv a</w><w n="79">nu</w><w n="80">ga</w><w n="81" lemma="taṃ">taṃ </w><w n="82">ta</w><w n="83" lemma="te">d e</w><w n="84" lemma="va">va </w><w n="85">sa</w><w n="86" lemma="tyaṃ">tyaṃ </w><w n="87">ta</w><w n="88" lemma="tca">c ca </w><w n="89">saṃ</w><w n="90" lemma="viṃ">vin</w><w n="91">mā</w><w n="92" lemma="traṃ">traṃ </w><w n="93">rū</w><w n="94" lemma="paṃ">pam </w><w n="95">a</w><w n="96">bā</w><w n="97">dhya</w><w n="98">mā</w><w n="99" lemma="naṃ">naṃ </w><w n="100">a</w><w n="101">va</w><w n="102">sthā</w><w n="103">bhe</w><w n="104" lemma="daḥ">das </w><w n="105" lemma="tvā">tv ā</w><w n="106">ga</w><w n="107">mā</w><w n="108">pā</w><w n="109">yi</w><w n="110">tvā</w><w n="111" lemma="tbā">d bā</w><w n="112" lemma="dhi">dhi&#166;</w><w n="113" lemma="taḥ">taḥ </w><w n="114">sa</w><w n="115" lemma="tsu">t su</w><w n="116">kha</w><w n="117">duḥ</w><w n="118">khā</w><w n="119">di</w><w n="120">va</w><w n="121" lemma="tta">t_ ta</w><w n="122" lemma="thā">thā </w><w n="123" lemma="hi">hi </w><w n="124">rā</w><w n="125">gā</w><w n="126">da</w><w n="127" lemma="yaḥ">yaḥ </w><w n="128"></w><w n="129">su</w><w n="130">khā</w><w n="131">da</w><w n="132" lemma="yaḥ">yaś </w><w n="133">cā</w><w n="134">sva</w><w n="135">bhā</w><w n="136">va</w><w n="137">tvā</w><w n="138" lemma="tsaṃ">t saṃ</w><w n="139" lemma="viṃ">vin</w><w n="140">mā</w><w n="141" lemma="traṃ">traṃ </w><w n="142">rū</w><w n="143" lemma="paṃ">paṃ </w><w n="144" lemma="na">na </w><w n="145">vi</w><w n="146">ku</w><w n="147">rvaṃ</w><w n="148" lemma="ti">ti </w><w n="149">ta</w><w n="150">thā</w><w n="151">va</w><w n="152">sthā</w><w n="153">bhe</w><w n="154" lemma="do">do </w><w n="155" lemma="pya">py a</w><w n="156">ne</w><w n="157">kā</w><w n="158">kā</w><w n="159">ra</w><w n="160"></w><w n="161">bu</w><w n="162" lemma="dhyo">ddhyo</w><w n="163">pa</w><w n="164">ha</w><w n="165" lemma="taḥ">taḥ </w>
</text></TEI>
<TEI n="K">
<text>
<w n="0" lemma="sva">|| sva</w><w n="1">pnā</w><w n="2">va</w><w n="3">sthā</w><w n="4">ga</w><w n="5" lemma="taḥ">taḥ </w><w n="6">pra</w><w n="7">paṃ</w><w n="8" lemma="caḥ">co </w><w n="9">jā</w><w n="10">ga</w><w n="11">ra</w><w n="12" lemma="yā">yā </w><w n="13">bā</w><w n="14">dhya</w><w n="15">mā</w><w n="16">na</w><w n="17">tvā</w><w n="18" lemma="ta">d a</w><w n="19">sa</w><w n="20" lemma="tya">tya </w><w n="21">i</w><w n="22" lemma="ti">ti </w><w n="23">sa</w><w n="24">rva</w><w n="25">vā</w><w n="26">dya</w><w n="27">bhyu</w><w n="28">pa</w><w n="29">ga</w><w n="30" lemma="maḥ">maḥ </w><w n="31">te</w><w n="32">nai</w><w n="33" lemma="va">va </w><w n="34"></w><w n="35">dṛ</w><w n="36">ṣṭāṃ</w><w n="37">te</w><w n="38" lemma="na">na </w><w n="39">jā</w><w n="40">ga</w><w n="41">rā</w><w n="42" lemma="yāṃ">yām </w><w n="43">a</w><w n="44" lemma="pi">pi </w><w n="45">bhā</w><w n="46">va</w><w n="47">bhe</w><w n="48" lemma="daḥ">das </w><w n="49">tu</w><w n="50">rā</w><w n="51">ya</w><w n="52"></w><w n="53">da</w><w n="54">śā</w><w n="55" lemma="yāṃ">yām </w><w n="56">a</w><w n="57">na</w><w n="58"></w><w n="59">nu</w><w n="60"></w><w n="61">vṛ</w><w n="62" lemma="teḥ">tter </w><w n="63">a</w><w n="64">sa</w><w n="65" lemma="tyaḥ">tyo </w><w n="66"></w><w n="67">va</w><w n="68">sthā</w><w n="69">pya</w><w n="70" lemma="te">te </w><w n="71">ya</w><w n="72" lemma="tki">t ki</w><w n="73" lemma="tma">tma </w><w n="74">sa</w><w n="75">rvā</w><w n="76">va</w><w n="77">sthā</w><w n="78" lemma="sva">sv a</w><w n="79">nu</w><w n="80">ga</w><w n="81" lemma="taṃ">taṃ </w><w n="82">ta</w><w n="83" lemma="te">d e</w><w n="84" lemma="va">va </w><w n="85">sa</w><w n="86" lemma="tyaṃ">tyaṃ </w><w n="87">ta</w><w n="88" lemma="tca">c ca </w><w n="89">saṃ</w><w n="90" lemma="viṃ">vin</w><w n="91">mā</w><w n="92" lemma="traṃ">traṃ </w><w n="93">rū</w><w n="94" lemma="paṃ">pam </w><w n="95">a</w><w n="96">bā</w><w n="97">dhya</w><w n="98">mā</w><w n="99" lemma="naṃ">naṃ </w><w n="100">a</w><w n="101">va</w><w n="102">sthā</w><w n="103">bhe</w><w n="104" lemma="daḥ">das </w><w n="105" lemma="tvā">tv ā</w><w n="106">ga</w><w n="107">mā</w><w n="108">pā</w><w n="109">yi</w><w n="110">tvā</w><w n="111" lemma="tbā">d bā</w><w n="112">dhi</w><w n="113" lemma="taḥ">taḥ </w><w n="114">sa</w><w n="115" lemma="tsu">t su</w><w n="116">kha</w><w n="117">duḥ</w><w n="118">khā</w><w n="119">di</w><w n="120">va</w><w n="121" lemma="tla">t_ la</w><w n="122" lemma="thā">thā </w><w n="123" lemma="hi">hi </w><w n="124">rā</w><w n="125">gā</w><w n="126">da</w><w n="127" lemma="yaḥ">yaḥ </w><w n="128"></w><w n="129">su</w><w n="130">khā</w><w n="131">da</w><w n="132" lemma="yaḥ">yaś </w><w n="133">cā</w><w n="134">sva</w><w n="135">bhā</w><w n="136">va</w><w n="137">tvā</w><w n="138" lemma="tsaṃ">t saṃ</w><w n="139" lemma="viṃ">vin</w><w n="140">mā</w><w n="141" lemma="traṃ">traṃ </w><w n="142">rū</w><w n="143" lemma="paṃ">paṃ </w><w n="144" lemma="na">na </w><w n="145">vi</w><w n="146">ku</w><w n="147">rvaṃ</w><w n="148" lemma="ti">ti </w><w n="149">ta</w><w n="150">thā</w><w n="151">va</w><w n="152">sthā</w><w n="153">bhe</w><w n="154" lemma="do">do </w><w n="155" lemma="pya">py a</w><w n="156">ne</w><w n="157">kā</w><w n="158">kā</w><w n="159">ra</w><w n="160"></w><w n="161">bu</w><w n="162">dhyo</w><w n="163">pa</w><w n="164">ha</w><w n="165" lemma="taḥ">taḥ </w>
</text></TEI>
<TEI n="D">
<text>
<w n="0" lemma="sva">|| sva</w><w n="1">pnā</w><w n="2">va</w><w n="3">sthā</w><w n="4">ga</w><w n="5" lemma="taḥ">taḥ </w><w n="6">pra</w><w n="7">paṃ</w><w n="8" lemma="caḥ">co </w><w n="9">jā</w><w n="10">ga</w><w n="11">ra</w><w n="12" lemma="yā">yā </w><w n="13">bā</w><w n="14">dhya</w><w n="15">mā</w><w n="16">na</w><w n="17">tvā</w><w n="18" lemma="ta">d a</w><w n="19">sa</w><w n="20" lemma="tya">tya </w><w n="21">i</w><w n="22" lemma="ti">ti </w><w n="23">sa</w><w n="24">rva</w><w n="25">vā</w><w n="26">dya</w><w n="27">bhyu</w><w n="28">pa</w><w n="29">ga</w><w n="30" lemma="maḥ">maḥ | </w><w n="31">te</w><w n="32">nai</w><w n="33" lemma="va">va </w><w n="34"></w><w n="35">dṛ</w><w n="36">ṣṭāṃ</w><w n="37">te</w><w n="38" lemma="na">na </w><w n="39">jā</w><w n="40">ga</w><w n="41">rā</w><w n="42" lemma="yāṃ">yām </w><w n="43">a</w><w n="44" lemma="pi">pi </w><w n="45">bhā</w><w n="46">va</w><w n="47">bhe</w><w n="48" lemma="daḥ">das </w><w n="49">tu</w><w n="50">rī</w><w n="51">ya</w><w n="52"></w><w n="53">da</w><w n="54">śā</w><w n="55" lemma="yāṃ">yām </w><w n="56">a</w><w n="57">na</w><w n="58"></w><w n="59">nu</w><w n="60"></w><w n="61">vṛ</w><w n="62" lemma="teḥ">tter </w><w n="63">a</w><w n="64">sa</w><w n="65" lemma="tyaḥ">tyo </w><w n="66"></w><w n="67">va</w><w n="68">sthā</w><w n="69">pya</w><w n="70" lemma="te">te </w><w n="71">ya</w><w n="72" lemma="tki">t ki</w><w n="73" lemma="la">la </w><w n="74">sa</w><w n="75">rvā</w><w n="76">va</w><w n="77">sthā</w><w n="78" lemma="sva">sv a</w><w n="79">nu</w><w n="80">ga</w><w n="81" lemma="taṃ">taṃ </w><w n="82">ta</w><w n="83" lemma="te">d e</w><w n="84" lemma="va">va </w><w n="85">sa</w><w n="86" lemma="tyaṃ">tyaṃ </w><w n="87">ta</w><w n="88" lemma="tca">c ca </w><w n="89">saṃ</w><w n="90" lemma="viṃ">vin</w><w n="91">mā</w><w n="92" lemma="traṃ">traṃ </w><w n="93">rū</w><w n="94" lemma="paṃ">pam </w><w n="95">a</w><w n="96">bā</w><w n="97">dhya</w><w n="98">mā</w><w n="99" lemma="naṃ">naṃ </w><w n="100">a</w><w n="101">va</w><w n="102">sthā</w><w n="103">bhe</w><w n="104" lemma="daḥ">das </w><w n="105" lemma="tvā">tv ā</w><w n="106">ga</w><w n="107">mā</w><w n="108">pā</w><w n="109">yi</w><w n="110">tvā</w><w n="111" lemma="tbā">d bā</w><w n="112">dhi</w><w n="113" lemma="taḥ">taḥ </w><w n="114">sa</w><w n="115" lemma="tsu">t su</w><w n="116">kha</w><w n="117">duḥ</w><w n="118">khā</w><w n="119">di</w><w n="120">va</w><w n="121" lemma="tta">t | ta</w><w n="122" lemma="thā">thā </w><w n="123" lemma="hi">hi </w><w n="124">rā</w><w n="125">gā</w><w n="126">da</w><w n="127" lemma="yaḥ">yaḥ </w><w n="128"></w><w n="129">su</w><w n="130">khā</w><w n="131">da</w><w n="132" lemma="yaḥ">yaś </w><w n="133">cā</w><w n="134">sva</w><w n="135">bhā</w><w n="136">va</w><w n="137">tvā</w><w n="138" lemma="tsaṃ">t saṃ</w><w n="139" lemma="viṃ">vin</w><w n="140">mā</w><w n="141" lemma="traṃ">traṃ </w><w n="142">rū</w><w n="143" lemma="paṃ">paṃ </w><w n="144" lemma="na">na </w><w n="145">vi</w><w n="146">ku</w><w n="147">rvaṃ</w><w n="148" lemma="ti">ti </w><w n="149">ta</w><w n="150">thā</w><w n="151">va</w><w n="152">sthā</w><w n="153">bhe</w><w n="154" lemma="do">do </w><w n="155" lemma="pya">py a</w><w n="156">ne</w><w n="157">kā</w><w n="158">kā</w><w n="159">ra</w><w n="160"></w><w n="161">bu</w><w n="162" lemma="dhyo">ddhyo</w><w n="163">pa</w><w n="164">ha</w><w n="165" lemma="taḥ">taḥ </w>
</text></TEI>
</teiCorpus>
