<?xml version="1.0" encoding="UTF-8"?>
<teiCorpus xmlns="http://www.tei-c.org/ns/1.0">

<TEI n="GV">
<text>
<w n="0">pa</w><w n="1">rī</w><w n="2">ṇā</w><w n="3">ma</w><w n="4">ni</w><w n="5">ṣe</w><w n="6">dhe</w><w n="7" lemma="na">na </w><w n="8">vi</w><w n="9">va</w><w n="10">rtā</w><w n="11">bhyu</w><w n="12">pa</w><w n="13">ga</w><w n="14">mā</w><w n="15" lemma="nna">n na </w><w n="16">vi</w><w n="17">kṛ</w><w n="18" lemma="taṃ">taṃ | </w><w n="19">a</w><w n="20">ne</w><w n="21" lemma="kaṃ">kam </w><w n="22">ā</w><w n="23">va</w><w n="24">grā</w><w n="25">ma</w><w n="26">rū</w><w n="27">pa</w><w n="28">ta</w><w n="29" lemma="yā">yā </w><w n="30">vā</w><w n="31">tya</w><w n="32">dbhu</w><w n="33">ta</w><w n="34" lemma="yā">yā </w><w n="35">vṛ</w><w n="36" lemma="tyā">tyā </w><w n="37">vi</w><w n="38">va</w><w n="39">rta</w><w n="40">nā</w><w n="41" lemma="ta">d a</w><w n="42">vi</w><w n="43">kṛ</w><w n="44" lemma="taṃ">tam </w><w n="45">i</w><w n="46" lemma="tya">ty a</w><w n="47"></w><w n="48" lemma="pi">pi </w><w n="49" lemma="na">na </w><w n="50">śa</w><w n="51">kya</w><w n="52" lemma="te">te </w><w n="53">vya</w><w n="54">va</w><w n="55">ha</w><w n="56" lemma="rtuṃ">rtum </w><w n="57">i</w><w n="58"></w><w n="59" lemma="ti">ti </w><w n="60">sa</w><w n="61">rva</w><w n="62">vya</w><w n="63">pa</w><w n="64">de</w><w n="65">śā</w><w n="66">tī</w><w n="67"></w><w n="68">ta</w><w n="69"></w><w n="70" lemma="tvaṃ">tvaṃ </w><w n="71">pa</w><w n="72" lemma="raṃ">raṃ </w><w n="73">vra</w><w n="74" lemma="hma">hma |</w>
</text></TEI>
<TEI n="CT">
<text>
<w n="0">pa</w><w n="1">ri</w><w n="2">ṇā</w><w n="3">ma</w><w n="4">ni</w><w n="5">ṣe</w><w n="6">dhe</w><w n="7" lemma="na">na </w><w n="8">vi</w><w n="9">ka</w><w n="10">rtā</w><w n="11">bhyu</w><w n="12">pa</w><w n="13">ga</w><w n="14">mā</w><w n="15" lemma="nna">n na </w><w n="16">vi</w><w n="17">kṛ</w><w n="18" lemma="taṃ">tam&#183; </w><w n="19">a</w><w n="20">ne</w><w n="21">ka</w><w n="22">bhā</w><w n="23" lemma="va">va-</w><w n="24">grā</w><w n="25">ma</w><w n="26">rū</w><w n="27">pa</w><w n="28">ta</w><w n="29" lemma="yā">yā </w><w n="30">cā</w><w n="31">tyu</w><w n="32">bhu</w><w n="33">ta</w><w n="34" lemma="yā">yā </w><w n="35">vṛ</w><w n="36" lemma="tyā">tyā </w><w n="37">vi</w><w n="38">va</w><w n="39">rta</w><w n="40" lemma="nā">nā-</w><w n="41" lemma="ta">d a</w><w n="42" lemma="pi">pi </w><w n="43">kṛ</w><w n="44" lemma="taṃ">tam </w><w n="45">i</w><w n="46" lemma="tya">ty a</w><w n="47"></w><w n="48" lemma="pi">pi </w><w n="49" lemma="na">na </w><w n="50">śa</w><w n="51">kya</w><w n="52" lemma="te">te </w><w n="53">vya</w><w n="54">va</w><w n="55">ha</w><w n="56" lemma="rtuṃ">rtum </w><w n="57">i</w><w n="58" lemma="tya">ty a</w><w n="59">ti</w><w n="60">sa</w><w n="61">rva</w><w n="62">vya</w><w n="63">pa</w><w n="64">de</w><w n="65">śā</w><w n="66">tī</w><w n="67"></w><w n="68">ta</w><w n="69">ta</w><w n="70" lemma="tvaṃ">tvaṃ </w><w n="71">pa</w><w n="72" lemma="raṃ">raṃ </w><w n="73">bra</w><w n="74" lemma="hma">hma&#183;</w>
</text></TEI>
<TEI n="T">
<text>
<w n="0">pa</w><w n="1">ri</w><w n="2">ṇā</w><w n="3">ma</w><w n="4">ni</w><w n="5">ṣe</w><w n="6">dhe</w><w n="7" lemma="na">na </w><w n="8">vi</w><w n="9">va</w><w n="10" lemma="rtā">rttā</w><w n="11">bhyu</w><w n="12">pa</w><w n="13">ga</w><w n="14">mā</w><w n="15" lemma="nna">t_ na </w><w n="16">vi</w><w n="17">kṛ</w><w n="18" lemma="taṃ">taṃ </w><w n="19">a</w><w n="20">ne</w><w n="21">ka</w><w n="22">bhā</w><w n="23">va</w><w n="24">grā</w><w n="25">ma</w><w n="26">rū</w><w n="27">pa</w><w n="28">ta</w><w n="29" lemma="yā">yā </w><w n="30">cā</w><w n="31">tya</w><w n="32" lemma="tbhu">t_bhu</w><w n="33" lemma="tā">tā </w><w n="34"></w><w n="35">vṛ</w><w n="36" lemma="tyā">ttyā </w><w n="37">vi</w><w n="38">va</w><w n="39" lemma="rta">rtta</w><w n="40">nā</w><w n="41" lemma="ta">d a</w><w n="42">vi</w><w n="43">kṛ</w><w n="44" lemma="taṃ">tam </w><w n="45">i</w><w n="46" lemma="tya">ty a</w><w n="47"></w><w n="48" lemma="pi">pi </w><w n="49" lemma="na">na </w><w n="50">śa</w><w n="51">kya</w><w n="52" lemma="te">te </w><w n="53">vya</w><w n="54">va</w><w n="55">ha</w><w n="56" lemma="rtuṃ">rttum </w><w n="57">i</w><w n="58"></w><w n="59" lemma="ti">ti </w><w n="60">sa</w><w n="61" lemma="rva">rvva</w><w n="62">vya</w><w n="63">pa</w><w n="64">de</w><w n="65">śā</w><w n="66">tī</w><w n="67" lemma="taṃ">taṃ </w><w n="68">ta</w><w n="69"></w><w n="70" lemma="tvaṃ">tvaṃ </w><w n="71">pa</w><w n="72" lemma="raṃ">raṃ </w><w n="73">bra</w><w n="74" lemma="hma">hma | </w>
</text></TEI>
<TEI n="H">
<text>
<w n="0">pa</w><w n="1">ri</w><w n="2">ṇā</w><w n="3">ma</w><w n="4">ni</w><w n="5"></w><w n="6">dhe</w><w n="7" lemma="na">na </w><w n="8">vi</w><w n="9">va</w><w n="10" lemma="rtā">rttā</w><w n="11">bhyu</w><w n="12">pa</w><w n="13">ga</w><w n="14">mā</w><w n="15" lemma="nna">n na </w><w n="16">vi</w><w n="17">kṛ</w><w n="18" lemma="taṃ">tam </w><w n="19">a</w><w n="20">ne</w><w n="21">ka</w><w n="22">bhā</w><w n="23">va</w><w n="24">grā</w><w n="25">ma</w><w n="26">rū</w><w n="27">pa</w><w n="28">ta</w><w n="29" lemma="yā">yā </w><w n="30">cā</w><w n="31"></w><w n="32">dbhu</w><w n="33">ta</w><w n="34" lemma="yā">yā </w><w n="35">vṛ</w><w n="36" lemma="tyā">tyā </w><w n="37">vi</w><w n="38">va</w><w n="39" lemma="rta">rtta</w><w n="40">nā</w><w n="41" lemma="ta">d a</w><w n="42"></w><w n="43">kṛ</w><w n="44" lemma="taṃ">tam </w><w n="45">i</w><w n="46" lemma="tya">ty a</w><w n="47"></w><w n="48" lemma="pi">pi </w><w n="49" lemma="na">na </w><w n="50">śa</w><w n="51">kya</w><w n="52" lemma="te">te </w><w n="53">vya</w><w n="54">va</w><w n="55">ha</w><w n="56" lemma="rtuṃ">rttum </w><w n="57">i</w><w n="58"></w><w n="59" lemma="ni">ni </w><w n="60">sa</w><w n="61">rva</w><w n="62">vya</w><w n="63">pa</w><w n="64">de</w><w n="65">śā</w><w n="66">tī</w><w n="67" lemma="taṃ">taṃ </w><w n="68">ta</w><w n="69"></w><w n="70" lemma="tvaṃ">ttvaṃ </w><w n="71">pa</w><w n="72">ra</w><w n="73">bra</w><w n="74" lemma="hma">hma </w>
</text></TEI>
<TEI n="P">
<text>
<w n="0">pa</w><w n="1">rī</w><w n="2">ṇā</w><w n="3">ma</w><w n="4">ni</w><w n="5">ṣe</w><w n="6">dhe</w><w n="7" lemma="na">na </w><w n="8">vi</w><w n="9">va</w><w n="10" lemma="rtā">rttā</w><w n="11">bhyu</w><w n="12">pa</w><w n="13">ga</w><w n="14">mā</w><w n="15" lemma="nna">n na </w><w n="16">vi</w><w n="17">kṛ</w><w n="18" lemma="taṃ">taṃ </w><w n="19">a</w><w n="20">ne</w><w n="21" lemma="kaṃ">kam </w><w n="22">ā</w><w n="23">va</w><w n="24">grā</w><w n="25">ma</w><w n="26">rū</w><w n="27">pa</w><w n="28">ta</w><w n="29" lemma="yā">yā </w><w n="30">vā</w><w n="31">tya</w><w n="32" lemma="dbhu">dbhu&#166;</w><w n="33">ta</w><w n="34" lemma="yā">yā </w><w n="35">vṛ</w><w n="36" lemma="tyā">tyā </w><w n="37">vi</w><w n="38">va</w><w n="39">rta</w><w n="40">nā</w><w n="41" lemma="ta">d a</w><w n="42">vi</w><w n="43">kṛ</w><w n="44" lemma="taṃ">tam </w><w n="45">i</w><w n="46" lemma="tya">ty a</w><w n="47"></w><w n="48" lemma="pi">pi </w><w n="49" lemma="na">na </w><w n="50">śa</w><w n="51">kya</w><w n="52" lemma="te">te </w><w n="53">vya</w><w n="54">va</w><w n="55">ha</w><w n="56" lemma="rtuṃ">rttum </w><w n="57">i</w><w n="58"></w><w n="59" lemma="ti">ti </w><w n="60">sa</w><w n="61">rva</w><w n="62">vya</w><w n="63">pa</w><w n="64">de</w><w n="65">śā</w><w n="66">tī</w><w n="67"></w><w n="68">ta</w><w n="69"></w><w n="70" lemma="tvaṃ">tvaṃ </w><w n="71">pa</w><w n="72" lemma="raṃ">raṃ </w><w n="73">bra</w><w n="74">hma</w>
</text></TEI>
<TEI n="M">
<text>
<w n="0">pa</w><w n="1">ri</w><w n="2">ṇā</w><w n="3">ma</w><w n="4">ni</w><w n="5">ṣe</w><w n="6">dhe</w><w n="7" lemma="na">na </w><w n="8">vi</w><w n="9">va</w><w n="10" lemma="rtā">rttā</w><w n="11">bhyu</w><w n="12">pa</w><w n="13">ga</w><w n="14">mā</w><w n="15" lemma="nna">n na </w><w n="16">vi</w><w n="17">kṛ</w><w n="18" lemma="taṃ">taṃ | </w><w n="19">a</w><w n="20">ne</w><w n="21">ka</w><w n="22">bhā</w><w n="23">va</w><w n="24">grā</w><w n="25">ma</w><w n="26">rū</w><w n="27">pa</w><w n="28">ta</w><w n="29" lemma="yā">yā </w><w n="30">vā</w><w n="31">tya</w><w n="32">dbhu</w><w n="33">ta</w><w n="34" lemma="yā">yā </w><w n="35">vṛ</w><w n="36" lemma="tyā">ttyā </w><w n="37">vi</w><w n="38">va</w><w n="39" lemma="rta">rtta</w><w n="40">nā</w><w n="41" lemma="ta">d a</w><w n="42">vi</w><w n="43">kṛ</w><w n="44" lemma="taṃ">tam </w><w n="45">i</w><w n="46" lemma="tya">ty a</w><w n="47"></w><w n="48" lemma="pi">pi </w><w n="49" lemma="na">na </w><w n="50">śa</w><w n="51">kya</w><w n="52" lemma="te">te </w><w n="53">vya</w><w n="54">va</w><w n="55">ha</w><w n="56" lemma="rtuṃ">rttum </w><w n="57">i</w><w n="58"></w><w n="59" lemma="ti">ti </w><w n="60">sa</w><w n="61">rva</w><w n="62">vya</w><w n="63">pa</w><w n="64">de</w><w n="65">śā</w><w n="66">tī</w><w n="67"></w><w n="68">ta</w><w n="69"></w><w n="70" lemma="tvaṃ">tvaṃ </w><w n="71">pa</w><w n="72" lemma="raṃ">raṃ </w><w n="73">bra</w><w n="74" lemma="hma">hma |</w>
</text></TEI>
<TEI n="G2">
<text>
<w n="0">pa</w><w n="1">ri</w><w n="2">ṇā</w><w n="3">ma</w><w n="4">ni</w><w n="5">ṣe</w><w n="6">dhe</w><w n="7" lemma="na">na </w><w n="8">vi</w><w n="9">va</w><w n="10" lemma="rtā">rttā</w><w n="11">bhu</w><w n="12">pa</w><w n="13">ga</w><w n="14">mā</w><w n="15" lemma="nna">n na </w><w n="16">vi</w><w n="17">kṛṃ</w><w n="18" lemma="ta">ta </w><w n="19">a</w><w n="20">ne</w><w n="21">ka</w><w n="22">dhā</w><w n="23">va</w><w n="24">śrī</w><w n="25">ma</w><w n="26">rū</w><w n="27">pa</w><w n="28" lemma="ta">tta</w><w n="29" lemma="yā">yā </w><w n="30">vā</w><w n="31"></w><w n="32">dbhu</w><w n="33">ta</w><w n="34" lemma="yā">yā </w><w n="35">vṛ</w><w n="36" lemma="tyā">ttyā </w><w n="37">vi</w><w n="38">va</w><w n="39" lemma="rta">rtta</w><w n="40">nā</w><w n="41">di</w><w n="42">vi</w><w n="43">kṛ</w><w n="44" lemma="taṃ">tam </w><w n="45">i</w><w n="46" lemma="tya">ty a</w><w n="47"></w><w n="48" lemma="pi">pi </w><w n="49" lemma="na">na </w><w n="50">śa</w><w n="51">kya</w><w n="52" lemma="te">te </w><w n="53">vya</w><w n="54">va</w><w n="55">ha</w><w n="56" lemma="rtuṃ">rtum </w><w n="57">i</w><w n="58"></w><w n="59" lemma="ti">ti </w><w n="60">sa</w><w n="61">rva</w><w n="62">vya</w><w n="63">pa</w><w n="64">de</w><w n="65">śā</w><w n="66">tī</w><w n="67"></w><w n="68">ta</w><w n="69"></w><w n="70" lemma="tvaṃ">tvaṃ </w><w n="71">pa</w><w n="72" lemma="raṃ">raṃ </w><w n="73">bra</w><w n="74" lemma="hma">hma </w>
</text></TEI>
<TEI n="G1">
<text>
<w n="0">pa</w><w n="1">ri</w><w n="2">ṇā</w><w n="3">ma</w><w n="4">ni</w><w n="5">ṣe</w><w n="6">dhe</w><w n="7" lemma="na">na </w><w n="8">vi</w><w n="9">va</w><w n="10" lemma="rtā">rttā</w><w n="11">bhu</w><w n="12">pa</w><w n="13">ga</w><w n="14">mā</w><w n="15" lemma="nna">n na </w><w n="16">vi</w><w n="17">kṛṃ</w><w n="18" lemma="ta">ta </w><w n="19">a</w><w n="20">ne</w><w n="21">ka</w><w n="22">dhā</w><w n="23">va</w><w n="24">śrī</w><w n="25">ma</w><w n="26">rū</w><w n="27">pa</w><w n="28" lemma="ta">tta</w><w n="29" lemma="yā">yā </w><w n="30">vā</w><w n="31"></w><w n="32">dbhu</w><w n="33">ta</w><w n="34" lemma="yā">yā </w><w n="35">vṛ</w><w n="36" lemma="tyā">ttyā </w><w n="37">vi</w><w n="38">va</w><w n="39" lemma="rta">rtta</w><w n="40">nā</w><w n="41">di</w><w n="42">vi</w><w n="43">kṛ</w><w n="44" lemma="taṃ">tam </w><w n="45">i</w><w n="46" lemma="tya">ty a</w><w n="47"></w><w n="48" lemma="pi">pi </w><w n="49" lemma="na">na </w><w n="50">śa</w><w n="51">kya</w><w n="52" lemma="te">te </w><w n="53">vya</w><w n="54">va</w><w n="55">ha</w><w n="56" lemma="rtuṃ">rtum </w><w n="57">i</w><w n="58"></w><w n="59" lemma="ti">ti </w><w n="60">sa</w><w n="61">rva</w><w n="62">vya</w><w n="63">pa</w><w n="64">de</w><w n="65">śā</w><w n="66">tī</w><w n="67"></w><w n="68">ta</w><w n="69"></w><w n="70" lemma="tvaṃ">tvaṃ </w><w n="71">pa</w><w n="72" lemma="raṃ">raṃ </w><w n="73">bra</w><w n="74" lemma="hma">hma </w>
</text></TEI>
<TEI n="L">
<text>
<w n="0">pa</w><w n="1">ri</w><w n="2">mā</w><w n="3">ṇa</w><w n="4">ni</w><w n="5">ṣe</w><w n="6">dhe</w><w n="7" lemma="na">na </w><w n="8">vi</w><w n="9">va</w><w n="10">rtā</w><w n="11">bhyu</w><w n="12">pa</w><w n="13">ga</w><w n="14">mā</w><w n="15" lemma="nna">t_ na </w><w n="16">vi</w><w n="17">kṛ</w><w n="18" lemma="taṃ">taṃ </w><w n="19">a</w><w n="20">ne</w><w n="21">ka</w><w n="22">bhā</w><w n="23">va</w><w n="24">grā</w><w n="25">ma</w><w n="26">rū</w><w n="27">pa</w><w n="28">ta</w><w n="29" lemma="yā">yā </w><w n="30">cā</w><w n="31"></w><w n="32">dbhu</w><w n="33">ta</w><w n="34" lemma="sya">sya </w><w n="35">vṛ</w><w n="36" lemma="tyā">ttyā </w><w n="37">vi</w><w n="38">va</w><w n="39">rta</w><w n="40">nā</w><w n="41" lemma="ta">d a</w><w n="42">dhi</w><w n="43">kṛ</w><w n="44" lemma="taṃ">tam </w><w n="45">i</w><w n="46" lemma="tyu">ty u</w><w n="47"></w><w n="48"></w><w n="49"></w><w n="50"></w><w n="51">cya</w><w n="52" lemma="te">te </w><w n="53">vya</w><w n="54">va</w><w n="55">ha</w><w n="56" lemma="rtuṃ">rtum </w><w n="57">i</w><w n="58"></w><w n="59" lemma="ti">ti </w><w n="60">sa</w><w n="61">rva</w><w n="62">vya</w><w n="63">pa</w><w n="64">de</w><w n="65">śā</w><w n="66">tī</w><w n="67"></w><w n="68">ta</w><w n="69"></w><w n="70" lemma="tvaṃ">tvaṃ </w><w n="71">pa</w><w n="72" lemma="raṃ">raṃ </w><w n="73">bra</w><w n="74">hma</w>
</text></TEI>
<TEI n="O">
<text>
<w n="0">pa</w><w n="1">ri</w><w n="2">ṇā</w><w n="3">ma</w><w n="4">ni</w><w n="5">ṣe</w><w n="6">dhe</w><w n="7" lemma="na">na </w><w n="8">vi</w><w n="9">va</w><w n="10">rtā</w><w n="11">bhyu</w><w n="12">pa</w><w n="13">ga</w><w n="14">mā</w><w n="15" lemma="nna">n na </w><w n="16">vi</w><w n="17">kṛ</w><w n="18" lemma="taṃ">taṃ </w><w n="19">a</w><w n="20">ne</w><w n="21">ka</w><w n="22">bhā</w><w n="23">va</w><w n="24">grā</w><w n="25">ma</w><w n="26">rū</w><w n="27">pa</w><w n="28">ta</w><w n="29" lemma="yā">yā </w><w n="30">cā</w><w n="31"></w><w n="32">dbhu</w><w n="33">ta</w><w n="34" lemma="yā">yā </w><w n="35">vṛ</w><w n="36" lemma="tyā">tyā </w><w n="37">vi</w><w n="38">va</w><w n="39">rta</w><w n="40">nā</w><w n="41" lemma="ta">d a</w><w n="42">vi</w><w n="43">kṛ</w><w n="44" lemma="taṃ">tam </w><w n="45">i</w><w n="46" lemma="tya">ty a</w><w n="47"></w><w n="48" lemma="pi">pi </w><w n="49" lemma="na">na </w><w n="50">śa</w><w n="51">kya</w><w n="52" lemma="te">te </w><w n="53">vya</w><w n="54">va</w><w n="55">ha</w><w n="56" lemma="rtuṃ">rtum </w><w n="57">i</w><w n="58"></w><w n="59" lemma="ti">ti- </w><w n="60">sa</w><w n="61">rva</w><w n="62">vya</w><w n="63">pa</w><w n="64">de</w><w n="65">śā</w><w n="66">nī</w><w n="67"></w><w n="68">ta</w><w n="69"></w><w n="70" lemma="tvaṃ">tvaṃ </w><w n="71">pa</w><w n="72" lemma="raṃ">raṃ </w><w n="73">bra</w><w n="74" lemma="hma">hma </w>
</text></TEI>
<TEI n="A">
<text>
<w n="0">pa</w><w n="1">ri</w><w n="2">ṇā</w><w n="3">ma</w><w n="4">ni</w><w n="5">ṣe</w><w n="6">dhe</w><w n="7" lemma="na">na </w><w n="8">vi</w><w n="9">va</w><w n="10" lemma="rtā">rttā</w><w n="11">bhyu</w><w n="12">pa</w><w n="13">ga</w><w n="14">mā</w><w n="15" lemma="nna">n na </w><w n="16">vi</w><w n="17">kṛ</w><w n="18" lemma="taṃ">taṃ </w><w n="19">a</w><w n="20">ne</w><w n="21">ka</w><w n="22">bhā</w><w n="23">va</w><w n="24">grā</w><w n="25">ma</w><w n="26">rū</w><w n="27">pa</w><w n="28">ta</w><w n="29" lemma="yā">yā </w><w n="30">cā</w><w n="31"></w><w n="32">dbhu</w><w n="33">ta</w><w n="34" lemma="yā">yā </w><w n="35">vṛ</w><w n="36" lemma="tyā">ttyā </w><w n="37">vi</w><w n="38">va</w><w n="39" lemma="rta">rtta</w><w n="40">nā</w><w n="41" lemma="ta">d a</w><w n="42">vi</w><w n="43">kṛ</w><w n="44" lemma="taṃ">tam </w><w n="45">i</w><w n="46">tya</w><w n="47" lemma="ya">y a</w><w n="48" lemma="pi">pi </w><w n="49" lemma="na">na </w><w n="50">śa</w><w n="51">kya</w><w n="52" lemma="te">te </w><w n="53">vya</w><w n="54">va</w><w n="55">ha</w><w n="56" lemma="rtuṃ">rtum </w><w n="57">i</w><w n="58"></w><w n="59" lemma="ti">ti </w><w n="60">sa</w><w n="61">rva</w><w n="62">vya</w><w n="63">pa</w><w n="64">daṃ</w><w n="65">śā</w><w n="66">tī</w><w n="67"></w><w n="68" lemma="taṃ">taṃ </w><w n="69"></w><w n="70" lemma="tvaṃ">tvaṃ </w><w n="71">pa</w><w n="72" lemma="raṃ">raṃ </w><w n="73">bra</w><w n="74" lemma="hma">hma | </w>
</text></TEI>
<TEI n="V">
<text>
<w n="0">pa</w><w n="1">ri</w><w n="2">ṇā</w><w n="3">ma</w><w n="4">ni</w><w n="5">ṣe</w><w n="6">dhe</w><w n="7" lemma="na">na </w><w n="8">vi</w><w n="9">va</w><w n="10">rtā</w><w n="11">bhyu</w><w n="12">pa</w><w n="13">ga</w><w n="14">mā</w><w n="15" lemma="nna">n na </w><w n="16">vi</w><w n="17">kṛ</w><w n="18" lemma="taṃ">taṃ </w><w n="19">a</w><w n="20">ne</w><w n="21">ka</w><w n="22">bhā</w><w n="23">va</w><w n="24">grā</w><w n="25">ma</w><w n="26">rū</w><w n="27">pa</w><w n="28">ta</w><w n="29" lemma="yā">yā </w><w n="30">vā</w><w n="31"></w><w n="32">du</w><w n="33">ta</w><w n="34" lemma="yā">yā </w><w n="35">vṛ</w><w n="36" lemma="tyā">tyā </w><w n="37">vi</w><w n="38">va</w><w n="39">rta</w><w n="40">nā</w><w n="41" lemma="ta">d a</w><w n="42">vi</w><w n="43">kṛ</w><w n="44" lemma="taṃ">tam </w><w n="45">i</w><w n="46" lemma="tya">ty a</w><w n="47"></w><w n="48" lemma="pi">pi </w><w n="49" lemma="na">na </w><w n="50">śa</w><w n="51">kya</w><w n="52" lemma="te">te </w><w n="53">vya</w><w n="54">va</w><w n="55">ha</w><w n="56" lemma="rvaṃ">rvam </w><w n="57">i</w><w n="58"></w><w n="59" lemma="ti">ti </w><w n="60">sa</w><w n="61">rva</w><w n="62">vya</w><w n="63">pa</w><w n="64">de</w><w n="65">śā</w><w n="66">tī</w><w n="67"></w><w n="68">ta</w><w n="69"></w><w n="70" lemma="tvaṃ">tvaṃ </w><w n="71">pa</w><w n="72" lemma="raṃ">raṃ </w><w n="73">bra</w><w n="74" lemma="hma">hma </w>
</text></TEI>
<TEI n="K">
<text>
<w n="0">pa</w><w n="1">ri</w><w n="2">ṇā</w><w n="3">ma</w><w n="4">ni</w><w n="5">ṣe</w><w n="6">dhe</w><w n="7" lemma="na">na </w><w n="8">vi</w><w n="9">va</w><w n="10" lemma="rtā">rttā</w><w n="11">bhyu</w><w n="12">pa</w><w n="13">ga</w><w n="14">mā</w><w n="15" lemma="nna">n na </w><w n="16">vi</w><w n="17">kṛ</w><w n="18" lemma="taṃ">taṃ </w><w n="19">a</w><w n="20">ne</w><w n="21">ka</w><w n="22">bhā</w><w n="23">va</w><w n="24">grā</w><w n="25">ma</w><w n="26">rū</w><w n="27">pa</w><w n="28">ta</w><w n="29" lemma="yā">yā </w><w n="30">vā</w><w n="31"></w><w n="32">dbhu</w><w n="33">ta</w><w n="34" lemma="yā">yā </w><w n="35">vṛ</w><w n="36" lemma="tyā">tyā </w><w n="37">vi</w><w n="38">va</w><w n="39">rta</w><w n="40">nā</w><w n="41" lemma="ta">d a</w><w n="42">vi</w><w n="43">kṛ</w><w n="44" lemma="taṃ">tam </w><w n="45">i</w><w n="46" lemma="tya">ty a</w><w n="47"></w><w n="48" lemma="pi">pi </w><w n="49" lemma="na">na </w><w n="50">śa</w><w n="51">kya</w><w n="52" lemma="te">te </w><w n="53">vya</w><w n="54">va</w><w n="55">ha</w><w n="56" lemma="rvaṃ">rvam </w><w n="57">i</w><w n="58"></w><w n="59" lemma="ti">ti </w><w n="60">sa</w><w n="61">rva</w><w n="62">vya</w><w n="63">pa</w><w n="64">de</w><w n="65">śā</w><w n="66">tī</w><w n="67"></w><w n="68">ta</w><w n="69"></w><w n="70" lemma="tvaṃ">tvaṃ </w><w n="71">pa</w><w n="72" lemma="raṃ">raṃ </w><w n="73">bra</w><w n="74" lemma="hma">hma </w>
</text></TEI>
<TEI n="D">
<text>
<w n="0">pa</w><w n="1">ri</w><w n="2">ṇā</w><w n="3">ma</w><w n="4">ni</w><w n="5">ṣe</w><w n="6">dhe</w><w n="7" lemma="na">na </w><w n="8">vi</w><w n="9">va</w><w n="10" lemma="rtā">rttā</w><w n="11">bhyu</w><w n="12">pa</w><w n="13">ga</w><w n="14">mā</w><w n="15" lemma="nna">n na </w><w n="16">vi</w><w n="17">kṛ</w><w n="18" lemma="taṃ">taṃ </w><w n="19">a</w><w n="20">ne</w><w n="21">ka</w><w n="22">bhā</w><w n="23">va</w><w n="24">grā</w><w n="25">ma</w><w n="26">rū</w><w n="27">pa</w><w n="28">ta</w><w n="29" lemma="yā">yā </w><w n="30">cā</w><w n="31"></w><w n="32">dbhu</w><w n="33">ta</w><w n="34" lemma="yā">yā </w><w n="35">vṛ</w><w n="36" lemma="tyā">ttyā </w><w n="37">vi</w><w n="38">va</w><w n="39">rta</w><w n="40">nā</w><w n="41" lemma="ta">d a</w><w n="42">vi</w><w n="43">kṛ</w><w n="44" lemma="taṃ">tam </w><w n="45">i</w><w n="46" lemma="tya">ty a</w><w n="47"></w><w n="48" lemma="pi">pi </w><w n="49" lemma="na">na </w><w n="50">śa</w><w n="51">kya</w><w n="52" lemma="te">te </w><w n="53">vya</w><w n="54">va</w><w n="55">ha</w><w n="56" lemma="rtuṃ">rtum </w><w n="57">i</w><w n="58"></w><w n="59" lemma="ti">ti </w><w n="60">sa</w><w n="61">rva</w><w n="62">vya</w><w n="63">pa</w><w n="64">de</w><w n="65">śā</w><w n="66">tī</w><w n="67"></w><w n="68">ta</w><w n="69"></w><w n="70" lemma="tvaṃ">tvaṃ </w><w n="71">pa</w><w n="72" lemma="raṃ">raṃ </w><w n="73">bra</w><w n="74" lemma="hma">hma </w>
</text></TEI>
</teiCorpus>
