<?xml version="1.0" encoding="UTF-8"?>
<teiCorpus xmlns="http://www.tei-c.org/ns/1.0">

<TEI n="GV">
<text>
<w n="0"></w><w n="1"></w><w n="2"></w><w n="3"></w><w n="4"></w><w n="5"></w><w n="6"></w><w n="7"></w><w n="8"></w><w n="9"></w><w n="10"></w><w n="11"></w><w n="12"></w><w n="13"></w><w n="14"></w><w n="15"></w><w n="16"></w><w n="17"></w><w n="18"></w><w n="19"></w><w n="20"></w><w n="21"></w><w n="22"></w><w n="23"></w><w n="24"></w><w n="25"></w><w n="26"></w><w n="27"></w><w n="28"></w><w n="29"></w><w n="30"></w><w n="31"></w><w n="32"></w><w n="33"></w><w n="34"></w><w n="35"></w><w n="36"></w><w n="37"></w><w n="38"></w><w n="39"></w><w n="40"></w><w n="41"></w><w n="42"></w><w n="43"></w><w n="44"></w><w n="45"></w><w n="46"></w><w n="47"></w><w n="48"></w><w n="49"></w><w n="50"></w><w n="51"></w><w n="52"></w><w n="53"></w><w n="54"></w><w n="55"></w><w n="56"></w><w n="57"></w><w n="58"></w><w n="59"></w><w n="60"></w><w n="61"></w><w n="62"></w><w n="63"></w><w n="64"></w><w n="65"></w><w n="66"></w><w n="67"></w><w n="68"></w><w n="69"></w><w n="70"></w><w n="71"></w><w n="72"></w><w n="73"></w><w n="74"></w><w n="75"></w><w n="76"></w><w n="77"></w><w n="78"></w><w n="79"></w><w n="80"></w><w n="81"></w><w n="82"></w><w n="83"></w><w n="84"></w><w n="85"></w><w n="86"></w><w n="87"></w>
</text></TEI>
<TEI n="CT">
<text>
<w n="0">sa</w><w n="1">rva</w><w n="2">bhā</w><w n="3">ve</w><w n="4" lemma="ṣu">ṣu </w><w n="5">bra</w><w n="6">hma</w><w n="7" lemma="ṇaḥ">ṇo </w><w n="8">dra</w><w n="9">vya</w><w n="10">la</w><w n="11" lemma="kṣa">kṣa-</w><w n="12">ṇa</w><w n="13">syā</w><w n="14">bhe</w><w n="15">dā</w><w n="16" lemma="tta">t_ ta</w><w n="17">da</w><w n="18">bhi</w><w n="19">dhā</w><w n="20">yi</w><w n="21" lemma="tve">tve </w><w n="22">śa</w><w n="23">bdā</w><w n="24" lemma="nāṃ">nāṃ </w><w n="25">sa</w><w n="26">rva</w><w n="27" lemma="tra">tra </w><w n="28">ta</w><w n="29" lemma="sya">sya </w><w n="30">bhā</w><w n="31">vā</w><w n="32" lemma="tsā">t_ sā</w><w n="33">rvā</w><w n="34" lemma="rthyaṃ">rthyaṃ </w><w n="35">śa</w><w n="36" lemma="bdāṃ">bdān</w><w n="37">ta</w><w n="38">rā</w><w n="39">bhi</w><w n="40">dhī</w><w n="41">ya</w><w n="42">mā</w><w n="43" lemma="nā">nā-</w><w n="44">rtha</w><w n="45" lemma="tvaṃ">tvaṃ </w><w n="46">sāṃ</w><w n="47">ka</w><w n="48" lemma="ryaṃ">ryaṃ </w><w n="49">pra</w><w n="50">sa</w><w n="51">jye</w><w n="52">te</w><w n="53" lemma="tya">ty a</w><w n="54">tre</w><w n="55" lemma="daṃ">dam </w><w n="56">u</w><w n="57">cya</w><w n="58" lemma="te">te | </w><w n="59">pra</w><w n="60">ti</w><w n="61">ni</w><w n="62" lemma="ya">ya-</w><w n="63">tā</w><w n="64">kā</w><w n="65">ra</w><w n="66">pa</w><w n="67">ri</w><w n="68" lemma="chiṃ">cchin</w><w n="69">na</w><w n="70">vṛ</w><w n="71" lemma="ti">tti</w><w n="72">tvā</w><w n="73" lemma="tsa">t_ sa</w><w n="74">rvā</w><w n="75">rtha</w><w n="76"></w><w n="77">pra</w><w n="78">ti</w><w n="79" lemma="baṃ">ban</w><w n="80" lemma="dhā">dhā-</w><w n="81" lemma="ta">d a</w><w n="82">saṃ</w><w n="83">ka</w><w n="84" lemma="ra">ra </w><w n="85">i</w><w n="86" lemma="tya">ty a</w><w n="87" lemma="rthaḥ">rthaḥ |</w>
</text></TEI>
<TEI n="T">
<text>
<w n="0">sa</w><w n="1" lemma="rva">rvva</w><w n="2">bhā</w><w n="3">ve</w><w n="4" lemma="ṣu">ṣu </w><w n="5">bra</w><w n="6">hma</w><w n="7" lemma="ṇaḥ">ṇo </w><w n="8">dra</w><w n="9">vya</w><w n="10">la</w><w n="11">kṣa</w><w n="12">ṇa</w><w n="13">syā</w><w n="14">bhe</w><w n="15">dā</w><w n="16" lemma="tta">t ta</w><w n="17">da</w><w n="18">bhi</w><w n="19">dhā</w><w n="20">yi</w><w n="21" lemma="tve">tve </w><w n="22">śa</w><w n="23">bdā</w><w n="24" lemma="nāṃ">nāṃ </w><w n="25">sa</w><w n="26" lemma="rva">rvva</w><w n="27" lemma="tra">tra </w><w n="28">ta</w><w n="29" lemma="sya">sya </w><w n="30">bhā</w><w n="31">vā</w><w n="32" lemma="tsā">t_ sā</w><w n="33" lemma="rvā">rvvā</w><w n="34" lemma="rthyaṃ">rtthyaṃ </w><w n="35">śa</w><w n="36" lemma="bdāṃ">bdān</w><w n="37">ta</w><w n="38">rā</w><w n="39">bhi</w><w n="40">dhī</w><w n="41">ya</w><w n="42">mā</w><w n="43">nā</w><w n="44" lemma="rtha">rttha</w><w n="45" lemma="tvaṃ">tvaṃ </w><w n="46">sāṃ</w><w n="47">ka</w><w n="48" lemma="ryaṃ">ryyaṃ </w><w n="49">pra</w><w n="50">sa</w><w n="51">jye</w><w n="52">te</w><w n="53" lemma="tya">ty a</w><w n="54">tre</w><w n="55" lemma="daṃ">dam </w><w n="56">u</w><w n="57">cya</w><w n="58" lemma="te">te </w><w n="59">pra</w><w n="60">ti</w><w n="61">ni</w><w n="62">ya</w><w n="63">tā</w><w n="64">kā</w><w n="65">ra</w><w n="66">pa</w><w n="67">ri</w><w n="68" lemma="chiṃ">cśin</w><w n="69">na</w><w n="70">vṛ</w><w n="71" lemma="ti">tti</w><w n="72">tvā</w><w n="73" lemma="tsa">t_ sa</w><w n="74" lemma="rvā">rvvā</w><w n="75" lemma="rtha">rttha</w><w n="76">tva</w><w n="77">pra</w><w n="78">ti</w><w n="79" lemma="baṃ">ban</w><w n="80">dhā</w><w n="81" lemma="ta">d a</w><w n="82">saṃ</w><w n="83">ka</w><w n="84" lemma="ra">ra </w><w n="85">i</w><w n="86" lemma="tya">ty a</w><w n="87" lemma="rthaḥ">rtthaḥ </w>
</text></TEI>
<TEI n="H">
<text>
<w n="0">sa</w><w n="1">rva</w><w n="2">bhā</w><w n="3">ve</w><w n="4" lemma="ṣu">ṣu </w><w n="5">bra</w><w n="6">hma</w><w n="7" lemma="ṇā">ṇā </w><w n="8">dra</w><w n="9">vya</w><w n="10">la</w><w n="11">kṣa</w><w n="12">ṇa</w><w n="13">syā</w><w n="14">bhe</w><w n="15">dā</w><w n="16" lemma="tta">t ta</w><w n="17">da</w><w n="18">bhi</w><w n="19">dhā</w><w n="20">yi</w><w n="21" lemma="tve">tve </w><w n="22">śa</w><w n="23">bdā</w><w n="24" lemma="nāṃ">nāṃ </w><w n="25">sa</w><w n="26">rva</w><w n="27" lemma="tra">tra </w><w n="28">ta</w><w n="29" lemma="sya">sya </w><w n="30">bhā</w><w n="31">vā</w><w n="32" lemma="tsā">t_ sā</w><w n="33">rvā</w><w n="34" lemma="rthyaṃ">rthyaṃ </w><w n="35">śa</w><w n="36">bdāṃ</w><w n="37">ta</w><w n="38">rā</w><w n="39">bhi</w><w n="40">dhī</w><w n="41">ya</w><w n="42">mā</w><w n="43">nā</w><w n="44">rtha</w><w n="45" lemma="tvaṃ">tvaṃ </w><w n="46">sāṃ</w><w n="47">ka</w><w n="48" lemma="ryaṃ">ryaṃ </w><w n="49">pra</w><w n="50">sa</w><w n="51">ṣve</w><w n="52">te</w><w n="53" lemma="tya">ty a</w><w n="54">tre</w><w n="55" lemma="daṃ">dam </w><w n="56">u</w><w n="57">cya</w><w n="58" lemma="te">te | </w><w n="59">pra</w><w n="60">ti</w><w n="61">ni</w><w n="62">ya</w><w n="63">tā</w><w n="64">kā</w><w n="65">ra</w><w n="66">pa</w><w n="67">ri</w><w n="68" lemma="chiṃ">chin</w><w n="69">na</w><w n="70">vṛ</w><w n="71" lemma="ti">tti</w><w n="72">tvā</w><w n="73" lemma="tsa">t sa</w><w n="74">rvā</w><w n="75">rtha</w><w n="76">tva</w><w n="77">pra</w><w n="78">ti</w><w n="79">baṃ</w><w n="80">dhā</w><w n="81" lemma="ta">d a</w><w n="82">saṃ</w><w n="83">ka</w><w n="84" lemma="ra">ra </w><w n="85">i</w><w n="86" lemma="tya">ty a</w><w n="87" lemma="rthaḥ">rthaḥ | </w>
</text></TEI>
<TEI n="P">
<text>
<w n="0">sa</w><w n="1">rva</w><w n="2">bhā</w><w n="3">ve</w><w n="4" lemma="ṣu">ṣu </w><w n="5">bra</w><w n="6">hma</w><w n="7" lemma="ṇaḥ">ṇo </w><w n="8">dra</w><w n="9">vya</w><w n="10">la</w><w n="11">kṣa</w><w n="12">ṇa</w><w n="13">syā</w><w n="14">bhe</w><w n="15">dā</w><w n="16" lemma="tta">t ta</w><w n="17">da</w><w n="18">bhi</w><w n="19">dhā</w><w n="20">yi</w><w n="21" lemma="tve">tve </w><w n="22">śa</w><w n="23">bdā</w><w n="24" lemma="nāṃ">nāṃ </w><w n="25">sa</w><w n="26">rva</w><w n="27" lemma="tra">tra </w><w n="28">ta</w><w n="29" lemma="sya">sya </w><w n="30">bhā</w><w n="31">vā</w><w n="32" lemma="tsa">t sa</w><w n="33">rvā</w><w n="34" lemma="rthyaṃ">rthyaṃ </w><w n="35">śa</w><w n="36">bdāṃ</w><w n="37">ta</w><w n="38">rā</w><w n="39">bhi</w><w n="40">dhī</w><w n="41">ya</w><w n="42">mā</w><w n="43">nā</w><w n="44">rtha</w><w n="45" lemma="tvaṃ">tvaṃ </w><w n="46">sāṃ</w><w n="47">ka</w><w n="48" lemma="ryaṃ">ryaṃ </w><w n="49">pra</w><w n="50">sa</w><w n="51">jya</w><w n="52" lemma="ta">ta </w><w n="53" lemma="tya">ty a</w><w n="54">tre</w><w n="55" lemma="daṃ">dam </w><w n="56">u</w><w n="57">cya</w><w n="58" lemma="te">te </w><w n="59">pra</w><w n="60">ti</w><w n="61">ni</w><w n="62">ya</w><w n="63">tā</w><w n="64">kā</w><w n="65">ra</w><w n="66">pa</w><w n="67">ri</w><w n="68" lemma="chiṃ">chin</w><w n="69">na</w><w n="70">vṛ</w><w n="71">ti</w><w n="72">tvā</w><w n="73" lemma="tsa">t sa</w><w n="74">rvā</w><w n="75">rtha</w><w n="76" lemma="tvaṃ">tvaṃ </w><w n="77">pra</w><w n="78">ti</w><w n="79">baṃ</w><w n="80">dhā</w><w n="81" lemma="ta">d a</w><w n="82">saṃ</w><w n="83">ka</w><w n="84" lemma="ra">ra </w><w n="85">i</w><w n="86" lemma="tya">ty a</w><w n="87" lemma="rthaḥ">rthaḥ </w>
</text></TEI>
<TEI n="M">
<text>
<w n="0" lemma="sa">|| sa</w><w n="1">rva</w><w n="2">bhā</w><w n="3">ve</w><w n="4" lemma="ṣu">ṣu </w><w n="5">bra</w><w n="6">hma</w><w n="7" lemma="ṇaḥ">ṇo </w><w n="8">dra</w><w n="9">vya</w><w n="10">la</w><w n="11">kṣa</w><w n="12">ṇa</w><w n="13">syā</w><w n="14">bhe</w><w n="15">dā</w><w n="16" lemma="tta">t | ta</w><w n="17">da</w><w n="18">bhi</w><w n="19">dhā</w><w n="20">yi</w><w n="21" lemma="tve">tve </w><w n="22">śa</w><w n="23">bdā</w><w n="24" lemma="nāṃ">nāṃ </w><w n="25">sa</w><w n="26">rva</w><w n="27" lemma="tra">tra </w><w n="28">ta</w><w n="29" lemma="sya">sya </w><w n="30">bhā</w><w n="31">vā</w><w n="32" lemma="tsā">t_ sā</w><w n="33">rvā</w><w n="34" lemma="rthyaṃ">rthyaṃ </w><w n="35">śa</w><w n="36">bdāṃ</w><w n="37">ta</w><w n="38">rā</w><w n="39">bhi</w><w n="40">dhī</w><w n="41">ya</w><w n="42">mā</w><w n="43">nā</w><w n="44">rtha</w><w n="45" lemma="tvaṃ">tvaṃ </w><w n="46">sāṃ</w><w n="47">ka</w><w n="48" lemma="ryaṃ">ryaṃ </w><w n="49">pra</w><w n="50" lemma="sa">sa&#166;</w><w n="51">jye</w><w n="52">te</w><w n="53" lemma="tya">ty a</w><w n="54">tre</w><w n="55" lemma="daṃ">dam </w><w n="56">u</w><w n="57">cya</w><w n="58" lemma="te">te | </w><w n="59">pra</w><w n="60">ti</w><w n="61">ni</w><w n="62">ya</w><w n="63">tā</w><w n="64">kā</w><w n="65">ra</w><w n="66">pa</w><w n="67">ri</w><w n="68" lemma="chiṃ">chin</w><w n="69">na</w><w n="70">vṛ</w><w n="71" lemma="ti">tti</w><w n="72">tvā</w><w n="73" lemma="tsa">t sa</w><w n="74">rvā</w><w n="75">rtha</w><w n="76">tva</w><w n="77">pra</w><w n="78">ti</w><w n="79">baṃ</w><w n="80">dhā</w><w n="81" lemma="ta">d a</w><w n="82">saṃ</w><w n="83">ka</w><w n="84" lemma="ra">ra </w><w n="85">i</w><w n="86" lemma="tya">ty a</w><w n="87" lemma="rthaḥ">rthaḥ | </w>
</text></TEI>
<TEI n="G2">
<text>
<w n="0">sa</w><w n="1">rva</w><w n="2">tā</w><w n="3">ve</w><w n="4" lemma="śu">śu </w><w n="5">bra</w><w n="6">hma</w><w n="7" lemma="ṇaḥ">ṇo </w><w n="8">dra</w><w n="9">vya</w><w n="10">la</w><w n="11">kṣa</w><w n="12">ṇa</w><w n="13">syā</w><w n="14">bhe</w><w n="15">da</w><w n="16" lemma="tta">t ta</w><w n="17">da</w><w n="18">ti</w><w n="19">dhā</w><w n="20">ti</w><w n="21" lemma="tve">tve </w><w n="22">śa</w><w n="23">bdā</w><w n="24" lemma="nāṃ">nāṃ </w><w n="25">sa</w><w n="26">rva</w><w n="27" lemma="tra">tra </w><w n="28">ta</w><w n="29" lemma="sya">sya </w><w n="30">bhā</w><w n="31" lemma="vā">vā </w><w n="32">sā</w><w n="33">rvā</w><w n="34" lemma="rthyaṃ">rthyaṃ </w><w n="35">śa</w><w n="36">bdāṃ</w><w n="37">ta</w><w n="38">rā</w><w n="39">ti</w><w n="40">dhī</w><w n="41">ya</w><w n="42">mā</w><w n="43">nā</w><w n="44">rtha</w><w n="45" lemma="tvaṃ">tvaṃ </w><w n="46">sāṃ</w><w n="47">ka</w><w n="48" lemma="ryaṃ">ryaṃ </w><w n="49">pra</w><w n="50">ma</w><w n="51">jye</w><w n="52">te</w><w n="53" lemma="tya">ty a</w><w n="54">tre</w><w n="55">da</w><w n="56" lemma="nu">n u</w><w n="57">cya</w><w n="58" lemma="te">te </w><w n="59">pra</w><w n="60">ti</w><w n="61">ni</w><w n="62">ya</w><w n="63">tā</w><w n="64">kā</w><w n="65">ra</w><w n="66">pa</w><w n="67">ri</w><w n="68">chi</w><w n="69">na</w><w n="70">vṛ</w><w n="71" lemma="ti">tti</w><w n="72" lemma="tvā">tvā </w><w n="73">sa</w><w n="74">rvā</w><w n="75">rtha</w><w n="76">tva</w><w n="77">pra</w><w n="78">ti</w><w n="79">baṃ</w><w n="80">dhā</w><w n="81" lemma="ta">d a</w><w n="82">saṃ</w><w n="83">ka</w><w n="84" lemma="ra">ra </w><w n="85">i</w><w n="86" lemma="tya">ty a</w><w n="87" lemma="rthaḥ">rthaḥ | </w>
</text></TEI>
<TEI n="G1">
<text>
<w n="0">sa</w><w n="1">rva</w><w n="2">tā</w><w n="3">ve</w><w n="4" lemma="śu">śu </w><w n="5">bra</w><w n="6">hma</w><w n="7" lemma="ṇaḥ">ṇo </w><w n="8">dra</w><w n="9">vya</w><w n="10">la</w><w n="11">kṣa</w><w n="12">ṇa</w><w n="13">syā</w><w n="14">bhe</w><w n="15">da</w><w n="16" lemma="tta">t ta</w><w n="17">da</w><w n="18">ti</w><w n="19">dhā</w><w n="20">ti</w><w n="21" lemma="tve">tve </w><w n="22">śa</w><w n="23">bdā</w><w n="24" lemma="nāṃ">nāṃ </w><w n="25">sa</w><w n="26">rva</w><w n="27" lemma="tra">tra </w><w n="28">ta</w><w n="29" lemma="sya">sya </w><w n="30">bhā</w><w n="31" lemma="vā">vā </w><w n="32">sā</w><w n="33">rvā</w><w n="34" lemma="rthyaṃ">rthyaṃ || </w><w n="35">śa</w><w n="36">bdāṃ</w><w n="37">ta</w><w n="38">rā</w><w n="39">ti</w><w n="40">dhī</w><w n="41">ya</w><w n="42">mā</w><w n="43">nā</w><w n="44">rtha</w><w n="45" lemma="tvaṃ">tvaṃ </w><w n="46">sāṃ</w><w n="47">ka</w><w n="48" lemma="ryaṃ">ryaṃ </w><w n="49">pra</w><w n="50">ma</w><w n="51">jye</w><w n="52">te</w><w n="53" lemma="tya">ty a</w><w n="54">tre</w><w n="55">da</w><w n="56" lemma="nu">n u</w><w n="57">cya</w><w n="58" lemma="te">te </w><w n="59">pra</w><w n="60">ti</w><w n="61">ni</w><w n="62">ya</w><w n="63">tā</w><w n="64">kā</w><w n="65">ra</w><w n="66">pa</w><w n="67">ri</w><w n="68">chi</w><w n="69">na</w><w n="70">vṛ</w><w n="71" lemma="ti">tti</w><w n="72" lemma="tvā">tvā </w><w n="73">sa</w><w n="74">rvā</w><w n="75">rtha</w><w n="76">tva</w><w n="77">pra</w><w n="78">ti</w><w n="79">baṃ</w><w n="80">dhā</w><w n="81" lemma="ta">d a</w><w n="82">saṃ</w><w n="83">ka</w><w n="84" lemma="ra">ra </w><w n="85">i</w><w n="86" lemma="tya">ty a</w><w n="87" lemma="rthaḥ">rthaḥ | || </w>
</text></TEI>
<TEI n="L">
<text>
<w n="0">sa</w><w n="1">rva</w><w n="2">bhā</w><w n="3">ve</w><w n="4" lemma="ṣu">ṣu </w><w n="5">bra</w><w n="6">hma</w><w n="7" lemma="ṇaḥ">ṇo </w><w n="8">dra</w><w n="9">vya</w><w n="10">la</w><w n="11">kṣa</w><w n="12">ṇa</w><w n="13">syā</w><w n="14">bhe</w><w n="15">dā</w><w n="16" lemma="tta">t ta</w><w n="17">da</w><w n="18">bhi</w><w n="19" lemma="dhā">dhā&#166;</w><w n="20">yi</w><w n="21" lemma="tve">tve </w><w n="22">śa</w><w n="23">bdā</w><w n="24" lemma="nāṃ">nāṃ </w><w n="25">sa</w><w n="26">rva</w><w n="27" lemma="tra">tra </w><w n="28">ta</w><w n="29" lemma="sya">sya </w><w n="30">bhā</w><w n="31">vā</w><w n="32" lemma="tsā">t sā</w><w n="33">rvā</w><w n="34" lemma="rthyaṃ">rthyaṃ </w><w n="35">śa</w><w n="36">bdā</w><w n="37"></w><w n="38"></w><w n="39">bhi</w><w n="40">dhī</w><w n="41">ya</w><w n="42">mā</w><w n="43">nā</w><w n="44">rtha</w><w n="45" lemma="tvaṃ">tvaṃ </w><w n="46">sāṃ</w><w n="47">ka</w><w n="48" lemma="ryaṃ">ryyaṃ </w><w n="49">pra</w><w n="50">sa</w><w n="51">jye</w><w n="52">te</w><w n="53" lemma="tya">ty a</w><w n="54">tre</w><w n="55" lemma="daṃ">dam </w><w n="56">u</w><w n="57">cya</w><w n="58" lemma="te">te </w><w n="59">pra</w><w n="60">ti</w><w n="61">ni</w><w n="62">ya</w><w n="63">ta</w><w n="64">kā</w><w n="65">ra</w><w n="66">pa</w><w n="67">ri</w><w n="68" lemma="chiṃ">chin</w><w n="69">na</w><w n="70">vṛ</w><w n="71" lemma="ti">tti</w><w n="72">tvā</w><w n="73" lemma="tsa">t sa</w><w n="74">rvā</w><w n="75">rtha</w><w n="76">tva</w><w n="77">pra</w><w n="78">ti</w><w n="79">baṃ</w><w n="80">dhā</w><w n="81" lemma="ta">d a</w><w n="82">saṃ</w><w n="83">ka</w><w n="84" lemma="ra">ra </w><w n="85">i</w><w n="86" lemma="tya">ty a</w><w n="87" lemma="rthaḥ">rthaḥ | </w>
</text></TEI>
<TEI n="O">
<text>
<w n="0">sa</w><w n="1">rva</w><w n="2">bhā</w><w n="3">ve</w><w n="4" lemma="ṣu">ṣu </w><w n="5">bra</w><w n="6">hma</w><w n="7" lemma="ṇaḥ">ṇo </w><w n="8">dra</w><w n="9">vya</w><w n="10">la</w><w n="11">kṣa</w><w n="12">ṇa</w><w n="13">syā</w><w n="14">bhe</w><w n="15">dā</w><w n="16" lemma="tta">t ta</w><w n="17">da</w><w n="18">bhi</w><w n="19">dhā</w><w n="20">yi</w><w n="21" lemma="tve">tve </w><w n="22">śa</w><w n="23">bdā</w><w n="24" lemma="nāṃ">nāṃ </w><w n="25">sa</w><w n="26">rva</w><w n="27" lemma="tra">tra </w><w n="28">ta</w><w n="29">syā</w><w n="30">bhā</w><w n="31">vā</w><w n="32" lemma="tsā">t sā</w><w n="33">rvā</w><w n="34" lemma="rthyaṃ">rtthyaṃ </w><w n="35">śa</w><w n="36">bdāṃ</w><w n="37">ta</w><w n="38">rā</w><w n="39">bhi</w><w n="40">dhī</w><w n="41">ya</w><w n="42">mā</w><w n="43">na</w><w n="44"></w><w n="45" lemma="tvaṃ">tvaṃ </w><w n="46">sāṃ</w><w n="47">ka</w><w n="48" lemma="ryaṃ">ryaṃ </w><w n="49">pra</w><w n="50">sa</w><w n="51">jye</w><w n="52">te</w><w n="53" lemma="tya">ty a</w><w n="54">tre</w><w n="55" lemma="daṃ">dam </w><w n="56">u</w><w n="57">cya</w><w n="58" lemma="te">te | </w><w n="59">pra</w><w n="60">ti</w><w n="61">ni</w><w n="62">ya</w><w n="63">tā</w><w n="64">kā</w><w n="65">ra</w><w n="66">pa</w><w n="67">ri</w><w n="68" lemma="chiṃ">cchin</w><w n="69">na</w><w n="70">vṛ</w><w n="71" lemma="ti">tti</w><w n="72">tvā</w><w n="73" lemma="tsa">t sa</w><w n="74">rvā</w><w n="75" lemma="rtha">rttha</w><w n="76">tva</w><w n="77">pra</w><w n="78">ti</w><w n="79">baṃ</w><w n="80">dhā</w><w n="81" lemma="ta">d a</w><w n="82">saṃ</w><w n="83">ka</w><w n="84" lemma="ra">ra </w><w n="85">i</w><w n="86" lemma="tya">ty a</w><w n="87" lemma="rthaḥ">rtthaḥ </w>
</text></TEI>
<TEI n="A">
<text>
<w n="0">sa</w><w n="1">rva</w><w n="2">bhā</w><w n="3">ve</w><w n="4" lemma="ṣu">ṣu </w><w n="5">bra</w><w n="6">hma</w><w n="7" lemma="ṇaḥ">ṇo </w><w n="8">dra</w><w n="9">vya</w><w n="10">la</w><w n="11">kṣa</w><w n="12">ṇa</w><w n="13">syā</w><w n="14">bhe</w><w n="15">dā</w><w n="16" lemma="tta">t ta</w><w n="17">da</w><w n="18">bhi</w><w n="19">dhā</w><w n="20">yi</w><w n="21" lemma="tve">tve </w><w n="22">śa</w><w n="23">bdā</w><w n="24" lemma="nāṃ">nāṃ </w><w n="25">sa</w><w n="26">rva</w><w n="27" lemma="tra">tra </w><w n="28">ta</w><w n="29" lemma="sya">sya </w><w n="30">bhā</w><w n="31">vā</w><w n="32" lemma="tsā">t sā</w><w n="33">rvā</w><w n="34" lemma="rthyaṃ">rthyaṃ </w><w n="35">śa</w><w n="36">bdāṃ</w><w n="37">ta</w><w n="38">rā</w><w n="39">bhi</w><w n="40">dhī</w><w n="41">ya</w><w n="42">mā</w><w n="43">nā</w><w n="44">rtha</w><w n="45" lemma="tvaṃ">tvaṃ </w><w n="46">sāṃ</w><w n="47">ka</w><w n="48" lemma="ryaṃ">ryaṃ </w><w n="49">pra</w><w n="50">sa</w><w n="51">jya</w><w n="52">te</w><w n="53" lemma="tya">ty a</w><w n="54">tre</w><w n="55" lemma="daṃ">dam </w><w n="56">u</w><w n="57">cya</w><w n="58" lemma="te">te </w><w n="59">pra</w><w n="60">ti</w><w n="61">ni</w><w n="62">ya</w><w n="63">tā</w><w n="64">kā</w><w n="65">ra</w><w n="66">pa</w><w n="67">ri</w><w n="68" lemma="chiṃ">chin</w><w n="69">na</w><w n="70">vṛ</w><w n="71" lemma="ti">tti</w><w n="72">tvā</w><w n="73" lemma="tsa">t sa</w><w n="74">rvā</w><w n="75">rtha</w><w n="76">tva</w><w n="77">pra</w><w n="78">ti</w><w n="79">baṃ</w><w n="80">dhā</w><w n="81" lemma="ta">d a</w><w n="82">saṃ</w><w n="83">ka</w><w n="84" lemma="ra">ra </w><w n="85">i</w><w n="86" lemma="tya">ty a</w><w n="87" lemma="rthaḥ">rthaḥ </w>
</text></TEI>
<TEI n="V">
<text>
<w n="0">sa</w><w n="1">rva</w><w n="2">bhā</w><w n="3">ve</w><w n="4" lemma="ṣu">ṣu </w><w n="5">bra</w><w n="6">hma</w><w n="7" lemma="ṇaḥ">ṇo </w><w n="8">dra</w><w n="9">vya</w><w n="10">la</w><w n="11">kṣa</w><w n="12">ṇa</w><w n="13">syā</w><w n="14">bhe</w><w n="15">dā</w><w n="16" lemma="tta">t ta</w><w n="17">da</w><w n="18">bhi</w><w n="19">dhā</w><w n="20">yi</w><w n="21" lemma="tve">tve </w><w n="22">śa</w><w n="23">bdā</w><w n="24" lemma="nāṃ">nāṃ </w><w n="25">sa</w><w n="26">rva</w><w n="27" lemma="tra">tra </w><w n="28">ta</w><w n="29" lemma="sya">sya </w><w n="30">bhā</w><w n="31">vā</w><w n="32" lemma="tsā">t sā</w><w n="33">rvā</w><w n="34" lemma="rthyaṃ">rthyaṃ </w><w n="35">śa</w><w n="36">bdāṃ</w><w n="37">ta</w><w n="38">rā</w><w n="39">bhi</w><w n="40">dhā</w><w n="41">ya</w><w n="42">mā</w><w n="43">nā</w><w n="44">rtha</w><w n="45" lemma="tvaṃ">tvaṃ </w><w n="46">sāṃ</w><w n="47">ka</w><w n="48" lemma="rya">rya </w><w n="49">pra</w><w n="50">sa</w><w n="51">tye</w><w n="52">te</w><w n="53" lemma="tya">ty a</w><w n="54">tre</w><w n="55" lemma="daṃ">dam </w><w n="56">u</w><w n="57">cya</w><w n="58" lemma="te">te </w><w n="59">pra</w><w n="60">ti</w><w n="61">ni</w><w n="62">ya</w><w n="63">tā</w><w n="64">kā</w><w n="65">ra</w><w n="66">pa</w><w n="67">ri</w><w n="68" lemma="chiṃ">chin</w><w n="69">na</w><w n="70">vṛ</w><w n="71">ti</w><w n="72">tvā</w><w n="73" lemma="tsa">t sa</w><w n="74">rvā</w><w n="75">rtha</w><w n="76" lemma="tvaṃ">tvaṃ </w><w n="77">pra</w><w n="78">ti</w><w n="79">baṃ</w><w n="80">dhā</w><w n="81" lemma="ta">d a</w><w n="82">saṃ</w><w n="83">ka</w><w n="84" lemma="ra">ra </w><w n="85">i</w><w n="86" lemma="tya">ty a</w><w n="87" lemma="rthaḥ">rthaḥ </w>
</text></TEI>
<TEI n="K">
<text>
<w n="0">sa</w><w n="1">rva</w><w n="2">bhā</w><w n="3">ve</w><w n="4" lemma="ṣu">ṣu </w><w n="5">bra</w><w n="6">hma</w><w n="7" lemma="ṇaḥ">ṇo </w><w n="8">dra</w><w n="9">vya</w><w n="10">la</w><w n="11">kṣa</w><w n="12">ṇa</w><w n="13">syā</w><w n="14">bhe</w><w n="15">dā</w><w n="16" lemma="tta">t ta</w><w n="17">da</w><w n="18">bhi</w><w n="19">dhā</w><w n="20">yi</w><w n="21" lemma="tve">tve </w><w n="22">śa</w><w n="23">bdā</w><w n="24" lemma="nāṃ">nāṃ </w><w n="25">sa</w><w n="26">rva</w><w n="27" lemma="tra">tra </w><w n="28">ta</w><w n="29" lemma="sya">sya </w><w n="30">bhā</w><w n="31">vā</w><w n="32" lemma="tsā">t sā</w><w n="33">rvā</w><w n="34" lemma="rthyaṃ">rthyaṃ </w><w n="35">śa</w><w n="36">bdāṃ</w><w n="37">ta</w><w n="38">rā</w><w n="39">bhi</w><w n="40">dhā</w><w n="41">ya</w><w n="42">mā</w><w n="43">nā</w><w n="44">rtha</w><w n="45" lemma="tvaṃ">tvaṃ </w><w n="46">sāṃ</w><w n="47">ka</w><w n="48" lemma="rya">rya </w><w n="49">pra</w><w n="50">sa</w><w n="51">jye</w><w n="52">te</w><w n="53" lemma="tya">ty a</w><w n="54">tre</w><w n="55" lemma="daṃ">dam </w><w n="56">u</w><w n="57">cya</w><w n="58" lemma="te">te </w><w n="59">pra</w><w n="60">ti</w><w n="61">ni</w><w n="62">ya</w><w n="63">tā</w><w n="64">kā</w><w n="65">ra</w><w n="66">pa</w><w n="67">ri</w><w n="68" lemma="chiṃ">chin</w><w n="69">na</w><w n="70">vṛ</w><w n="71" lemma="ti">tti</w><w n="72">tvā</w><w n="73" lemma="tsa">t sa</w><w n="74">rvā</w><w n="75">rtha</w><w n="76">tva</w><w n="77">pra</w><w n="78">ti</w><w n="79">baṃ</w><w n="80">dhā</w><w n="81" lemma="ta">d a</w><w n="82">saṃ</w><w n="83">ka</w><w n="84" lemma="ra">ra </w><w n="85">i</w><w n="86" lemma="tya">ty a</w><w n="87" lemma="rthaḥ">rthaḥ </w>
</text></TEI>
<TEI n="D">
<text>
<w n="0" lemma="sa">|| sa</w><w n="1">rva</w><w n="2">bhā</w><w n="3">ve</w><w n="4" lemma="ṣu">ṣu </w><w n="5">bra</w><w n="6">hma</w><w n="7" lemma="ṇaḥ">ṇo </w><w n="8">dra</w><w n="9">vya</w><w n="10">la</w><w n="11">kṣa</w><w n="12">ṇa</w><w n="13">syā</w><w n="14">bhe</w><w n="15">dā</w><w n="16" lemma="tta">t ta</w><w n="17">da</w><w n="18">bhi</w><w n="19">dhā</w><w n="20">yi</w><w n="21" lemma="tve">tve </w><w n="22">śa</w><w n="23">bdā</w><w n="24" lemma="nāṃ">nāṃ </w><w n="25">sa</w><w n="26">rva</w><w n="27" lemma="tra">tra </w><w n="28">ta</w><w n="29" lemma="sya">sya </w><w n="30">bhā</w><w n="31">vā</w><w n="32" lemma="tsā">t sā</w><w n="33">rvā</w><w n="34" lemma="rthyaṃ">rthyaṃ </w><w n="35">śa</w><w n="36">bdāṃ</w><w n="37">ta</w><w n="38">rā</w><w n="39">bhi</w><w n="40">dhī</w><w n="41">ya</w><w n="42">mā</w><w n="43">nā</w><w n="44">rtha</w><w n="45" lemma="tvaṃ">tvaṃ </w><w n="46">sāṃ</w><w n="47">ka</w><w n="48" lemma="ryaṃ">ryaṃ </w><w n="49">pra</w><w n="50">sa</w><w n="51">jye</w><w n="52">te</w><w n="53" lemma="tya">ty a</w><w n="54">tre</w><w n="55" lemma="daṃ">dam </w><w n="56">u</w><w n="57">cya</w><w n="58" lemma="te">te </w><w n="59">pra</w><w n="60">ti</w><w n="61">ni</w><w n="62">ya</w><w n="63">tā</w><w n="64">kā</w><w n="65">ra</w><w n="66">pa</w><w n="67">ri</w><w n="68" lemma="chiṃ">chin</w><w n="69">na</w><w n="70">vṛ</w><w n="71" lemma="ti">tti</w><w n="72">tvā</w><w n="73" lemma="tsa">t sa</w><w n="74">rvā</w><w n="75">rtha</w><w n="76">tva</w><w n="77">pra</w><w n="78">ti</w><w n="79">baṃ</w><w n="80">dhā</w><w n="81" lemma="ta">d a</w><w n="82">saṃ</w><w n="83">ka</w><w n="84" lemma="ra">ra </w><w n="85">i</w><w n="86" lemma="tya">ty a</w><w n="87" lemma="rthaḥ">rthaḥ </w>
</text></TEI>
</teiCorpus>
