<?xml version="1.0" encoding="UTF-8"?>
<teiCorpus xmlns="http://www.tei-c.org/ns/1.0">

<TEI n="GV">
<text>
<w n="0"></w><w n="1"></w><w n="2"></w><w n="3"></w><w n="4"></w><w n="5"></w><w n="6"></w><w n="7"></w><w n="8"></w><w n="9"></w><w n="10"></w><w n="11"></w><w n="12"></w><w n="13"></w><w n="14"></w><w n="15"></w><w n="16"></w><w n="17"></w><w n="18"></w><w n="19"></w><w n="20"></w><w n="21"></w><w n="22"></w><w n="23"></w><w n="24"></w><w n="25"></w><w n="26"></w><w n="27"></w><w n="28"></w><w n="29"></w><w n="30"></w><w n="31"></w><w n="32"></w><w n="33"></w><w n="34"></w><w n="35"></w><w n="36"></w><w n="37"></w><w n="38"></w><w n="39"></w><w n="40"></w><w n="41"></w><w n="42"></w><w n="43"></w><w n="44"></w><w n="45"></w><w n="46"></w><w n="47"></w><w n="48"></w><w n="49"></w><w n="50"></w><w n="51"></w><w n="52"></w><w n="53"></w><w n="54"></w><w n="55"></w><w n="56"></w><w n="57"></w><w n="58"></w><w n="59"></w><w n="60"></w><w n="61"></w><w n="62"></w><w n="63"></w><w n="64"></w><w n="65"></w><w n="66"></w><w n="67"></w><w n="68"></w><w n="69"></w><w n="70"></w><w n="71"></w><w n="72"></w><w n="73"></w><w n="74"></w><w n="75"></w><w n="76"></w><w n="77"></w><w n="78"></w><w n="79"></w><w n="80"></w><w n="81"></w><w n="82"></w><w n="83"></w><w n="84"></w><w n="85"></w><w n="86"></w><w n="87"></w><w n="88"></w><w n="89"></w><w n="90"></w><w n="91"></w><w n="92"></w><w n="93"></w><w n="94"></w><w n="95"></w><w n="96"></w><w n="97"></w><w n="98"></w><w n="99"></w><w n="100"></w><w n="101"></w><w n="102"></w><w n="103"></w><w n="104"></w><w n="105"></w><w n="106"></w><w n="107"></w><w n="108"></w><w n="109"></w><w n="110"></w><w n="111"></w><w n="112"></w><w n="113"></w><w n="114"></w><w n="115"></w><w n="116"></w><w n="117"></w><w n="118"></w><w n="119"></w><w n="120"></w><w n="121"></w><w n="122"></w><w n="123"></w><w n="124"></w><w n="125"></w><w n="126"></w><w n="127"></w><w n="128"></w><w n="129"></w><w n="130"></w><w n="131"></w><w n="132"></w><w n="133"></w><w n="134"></w><w n="135"></w><w n="136"></w><w n="137"></w><w n="138"></w><w n="139"></w><w n="140"></w><w n="141"></w><w n="142"></w><w n="143"></w><w n="144"></w><w n="145"></w><w n="146"></w><w n="147"></w><w n="148"></w><w n="149"></w><w n="150"></w><w n="151"></w><w n="152"></w><w n="153"></w><w n="154"></w><w n="155"></w><w n="156"></w><w n="157"></w><w n="158"></w><w n="159"></w><w n="160"></w><w n="161"></w><w n="162"></w><w n="163"></w><w n="164"></w><w n="165"></w><w n="166"></w><w n="167"></w><w n="168"></w><w n="169"></w><w n="170"></w><w n="171"></w><w n="172"></w><w n="173"></w><w n="174"></w><w n="175"></w><w n="176"></w><w n="177"></w><w n="178"></w><w n="179"></w><w n="180"></w><w n="181"></w><w n="182"></w><w n="183"></w><w n="184"></w><w n="185"></w><w n="186"></w><w n="187"></w><w n="188"></w><w n="189"></w><w n="190"></w><w n="191"></w><w n="192"></w><w n="193"></w><w n="194"></w><w n="195"></w><w n="196"></w><w n="197"></w><w n="198"></w><w n="199"></w><w n="200"></w><w n="201"></w><w n="202"></w><w n="203"></w><w n="204"></w><w n="205"></w><w n="206"></w><w n="207"></w><w n="208"></w><w n="209"></w><w n="210"></w><w n="211"></w><w n="212"></w><w n="213"></w><w n="214"></w><w n="215"></w><w n="216"></w><w n="217"></w><w n="218"></w><w n="219"></w><w n="220"></w><w n="221"></w><w n="222"></w><w n="223"></w><w n="224"></w><w n="225"></w><w n="226"></w>
</text></TEI>
<TEI n="CT">
<text>
<w n="0">dra</w><w n="1" lemma="vyaṃ">vyam </w><w n="2">i</w><w n="3" lemma="tya">ty a-</w><w n="4">sye</w><w n="5" lemma="ti">ti </w><w n="6">dra</w><w n="7">vyā</w><w n="8" lemma="nāṃ">nām </w><w n="9">a</w><w n="10" lemma="yaṃ">yaṃ </w><w n="11">pa</w><w n="12">dā</w><w n="13" lemma="rthaḥ">rthas </w><w n="14">ta</w><w n="15">syai</w><w n="16" lemma="ta">ta </w><w n="17">e</w><w n="18" lemma="va">va </w><w n="19">pa</w><w n="20">ryā</w><w n="21" lemma="yā">yāḥ </w><w n="22">e</w><w n="23">te</w><w n="24" lemma="ṣāṃ">ṣām </w><w n="25">e</w><w n="26" lemma="va">va </w><w n="27">pā</w><w n="28">ra</w><w n="29">mā</w><w n="30">rthi</w><w n="31">ka</w><w n="32">rū</w><w n="33">pā</w><w n="34"></w><w n="35">bhi</w><w n="36">dhā</w><w n="37">yi</w><w n="38"></w><w n="39">tvā</w><w n="40" lemma="nnā">t nā</w><w n="41" lemma="nye">nye </w><w n="42">gha</w><w n="43">ṭā</w><w n="44">di</w><w n="45">śa</w><w n="46" lemma="bdāḥ">bdāḥ </w><w n="47">sa</w><w n="48" lemma="tya">ty a</w><w n="49" lemma="pi">pi </w><w n="50">ta</w><w n="51">da</w><w n="52">bhi</w><w n="53">dhā</w><w n="54" lemma="yi">yi-</w><w n="55" lemma="tve">tve </w><w n="56">va</w><w n="57">kṣya</w><w n="58">mā</w><w n="59">ṇa</w><w n="60" lemma="na">na </w><w n="61"></w><w n="62"></w><w n="63"></w><w n="64"></w><w n="65"></w><w n="66"></w><w n="67"></w><w n="68"></w><w n="69"></w><w n="70"></w><w n="71"></w><w n="72"></w><w n="73"></w><w n="74"></w><w n="75"></w><w n="76"></w><w n="77"></w><w n="78"></w><w n="79"></w><w n="80"></w><w n="81"></w><w n="82">pra</w><w n="83">sa</w><w n="84">ra</w><w n="85" lemma="tāṃ">tām&#183; </w><w n="86">ta</w><w n="87" lemma="thā">thā </w><w n="88" lemma="ca">ca </w><w n="89">bhā</w><w n="90" lemma="ṣyaṃ">ṣyam&#183; </w><w n="91">e</w><w n="92" lemma="kaḥ">ko '</w><w n="93" lemma="yaṃ">yam </w><w n="94">ā</w><w n="95" lemma="tmā">tmā </w><w n="96">u</w><w n="97">da</w><w n="98" lemma="kaṃ">kaṃ </w><w n="99">nā</w><w n="100"></w><w n="101"></w><w n="102"></w><w n="103"></w><w n="104"></w><w n="105"></w><w n="106"></w><w n="107"></w><w n="108"></w><w n="109"></w><w n="110"></w><w n="111">me</w><w n="112" lemma="ti">ti </w><w n="113">a</w><w n="114" lemma="trā">trā-</w><w n="115">tma</w><w n="116">śa</w><w n="117" lemma="bda">bda </w><w n="118">u</w><w n="119">da</w><w n="120" lemma="ke">ke </w><w n="121">pra</w><w n="122">yu</w><w n="123">jya</w><w n="124">mā</w><w n="125" lemma="naḥ">no </w><w n="126">dra</w><w n="127">vya</w><w n="128">va</w><w n="129">ca</w><w n="130" lemma="na">naḥ </w><w n="131">ā</w><w n="132">kṛ</w><w n="133">ti</w><w n="134">dvā</w><w n="135">re</w><w n="136" lemma="ṇa">ṇa </w><w n="137">cā</w><w n="138" lemma="nye">nye </w><w n="139">śa</w><w n="140" lemma="bdā">bdā </w><w n="141">dra</w><w n="142" lemma="vye">vye </w><w n="143">va</w><w n="144" lemma="rtaṃ">rtan</w><w n="145" lemma="te">te | </w><w n="146">i</w><w n="147" lemma="me">me </w><w n="148"></w><w n="149" lemma="tu">tu </w><w n="150">ta</w><w n="151">tpa</w><w n="152">ri</w><w n="153">tyā</w><w n="154">ge</w><w n="155" lemma="na">na </w><w n="156">mu</w><w n="157">khya</w><w n="158" lemma="yā">yā </w><w n="159"></w><w n="160"></w><w n="161">vṛ</w><w n="162">tye</w><w n="163" lemma="ti">ti </w><w n="164" lemma="vi">vi-</w><w n="165">śe</w><w n="166" lemma="ṣaḥ">ṣaḥ </w><w n="167">si</w><w n="168" lemma="dhe">ddhe </w><w n="169">śa</w><w n="170">bdā</w><w n="171">rtha</w><w n="172" lemma="saṃ">sam</w><w n="173" lemma="baṃ">ban</w><w n="174" lemma="dha">dha </w><w n="175">i</w><w n="176" lemma="tya">ty a</w><w n="177" lemma="tra">tra </w><w n="178">dra</w><w n="179" lemma="vyaṃ">vyaṃ </w><w n="180" lemma="ni">ni-</w><w n="181" lemma="tya">tya </w><w n="182"></w><w n="183"></w><w n="184"></w><w n="185"></w><w n="186"></w><w n="187"></w><w n="188"></w><w n="189"></w><w n="190"></w><w n="191"></w><w n="192"></w><w n="193"></w><w n="194"></w><w n="195"></w><w n="196"></w><w n="197"></w><w n="198"></w><w n="199"></w><w n="200"></w><w n="201"></w><w n="202">ni</w><w n="203" lemma="tyaṃ">tyaṃ </w><w n="204">dra</w><w n="205" lemma="vyaṃ">vyaṃ </w><w n="206">smṛ</w><w n="207" lemma="taṃ">tam | </w><w n="208">saṃ</w><w n="209">gra</w><w n="210">ho</w><w n="211">kta</w><w n="212" lemma="sya">sya </w><w n="213" lemma="taṃ">tan</w><w n="214">trā</w><w n="215">rtha</w><w n="216">syā</w><w n="217">nu</w><w n="218">vā</w><w n="219">dā</w><w n="220"></w><w n="221" lemma="tsmṛ">t_ smṛ</w><w n="222"></w><w n="223" lemma="taṃ">tam </w><w n="224">i</w><w n="225" lemma="tyā">ty ā</w><w n="226" lemma="ha">ha&#8212; </w>
</text></TEI>
<TEI n="T">
<text>
<w n="0">dra</w><w n="1" lemma="vyaṃ">vyam </w><w n="2">i</w><w n="3" lemma="tya">ty a</w><w n="4">sye</w><w n="5" lemma="ti">ti </w><w n="6">dra</w><w n="7">vya</w><w n="8" lemma="nnā">n nā</w><w n="9" lemma="ma">ma </w><w n="10" lemma="yaḥ">yaḥ </w><w n="11">pa</w><w n="12">dā</w><w n="13" lemma="rthaḥ">rtthas </w><w n="14">ta</w><w n="15">syai</w><w n="16" lemma="ta">ta </w><w n="17">e</w><w n="18" lemma="va">va </w><w n="19">pa</w><w n="20" lemma="ryā">ryyā</w><w n="21" lemma="yā">yāḥ </w><w n="22">e</w><w n="23">te</w><w n="24" lemma="ṣāṃ">ṣām </w><w n="25">e</w><w n="26" lemma="va">va </w><w n="27">pā</w><w n="28">ra</w><w n="29">mā</w><w n="30" lemma="rthi">rtthi</w><w n="31">ka</w><w n="32">rū</w><w n="33">pā</w><w n="34"></w><w n="35"></w><w n="36"></w><w n="37">yi</w><w n="38">ta</w><w n="39">tvā</w><w n="40" lemma="nnā">t_ nā</w><w n="41" lemma="nye">nye </w><w n="42">gha</w><w n="43">ṭā</w><w n="44">di</w><w n="45">śa</w><w n="46" lemma="bdāḥ">bdās </w><w n="47">sa</w><w n="48" lemma="tya">ty a</w><w n="49" lemma="pi">pi </w><w n="50">ta</w><w n="51">da</w><w n="52">bhi</w><w n="53">dhā</w><w n="54">yi</w><w n="55" lemma="tve">tve </w><w n="56">va</w><w n="57">kṣya</w><w n="58">mā</w><w n="59">ṇa</w><w n="60">na</w><w n="61">ye</w><w n="62" lemma="na">na </w><w n="63">ā</w><w n="64">tmā</w><w n="65">di</w><w n="66">śa</w><w n="67">bdā</w><w n="68" lemma="nāṃ">nām </w><w n="69">e</w><w n="70" lemma="va">va </w><w n="71">sa</w><w n="72" lemma="rva">rvva</w><w n="73" lemma="tra">tra </w><w n="74">gha</w><w n="75">ṭā</w><w n="76">dā</w><w n="77" lemma="va">v a</w><w n="78">vyā</w><w n="79">ha</w><w n="80">ta</w><w n="81"></w><w n="82">pra</w><w n="83">sa</w><w n="84">ra</w><w n="85" lemma="tvaṃ">tvaṃ </w><w n="86">ta</w><w n="87" lemma="thā">thā </w><w n="88" lemma="ca">ca </w><w n="89">bhā</w><w n="90" lemma="ṣyaṃ">ṣyam </w><w n="91">e</w><w n="92" lemma="kaḥ">ko </w><w n="93" lemma="yaṃ">yam </w><w n="94">ā</w><w n="95" lemma="tmā">tmā </w><w n="96">u</w><w n="97">da</w><w n="98">ka</w><w n="99" lemma="nnā">n nā</w><w n="100"></w><w n="101"></w><w n="102"></w><w n="103"></w><w n="104"></w><w n="105"></w><w n="106"></w><w n="107"></w><w n="108"></w><w n="109"></w><w n="110"></w><w n="111">me</w><w n="112" lemma="ti">ti </w><w n="113">a</w><w n="114">trā</w><w n="115">tma</w><w n="116">śa</w><w n="117" lemma="bda">bda </w><w n="118">u</w><w n="119">da</w><w n="120" lemma="ke">ke </w><w n="121">pra</w><w n="122">yu</w><w n="123">jya</w><w n="124">mā</w><w n="125" lemma="naḥ">no </w><w n="126">dra</w><w n="127">vya</w><w n="128">va</w><w n="129">ca</w><w n="130" lemma="na">naḥ </w><w n="131">ā</w><w n="132">kṛ</w><w n="133">ti</w><w n="134">dvā</w><w n="135">re</w><w n="136" lemma="ṇa">ṇa </w><w n="137">cā</w><w n="138" lemma="nye">nye </w><w n="139">śa</w><w n="140" lemma="bde">bde </w><w n="141">dra</w><w n="142" lemma="vye">vye </w><w n="143">va</w><w n="144" lemma="rtaṃ">rttan</w><w n="145" lemma="te">te </w><w n="146">i</w><w n="147" lemma="me">me </w><w n="148"></w><w n="149" lemma="tu">tu </w><w n="150">ta</w><w n="151" lemma="tpa">t_pa</w><w n="152">ri</w><w n="153">tyā</w><w n="154" lemma="ge">ge </w><w n="155"></w><w n="156">mu</w><w n="157">khya</w><w n="158" lemma="yā">yā </w><w n="159"></w><w n="160"></w><w n="161">vṛ</w><w n="162">tye</w><w n="163" lemma="ti">ti </w><w n="164">vi</w><w n="165">śe</w><w n="166" lemma="ṣaḥ">ṣaḥ </w><w n="167">si</w><w n="168" lemma="dhe">ddhe </w><w n="169">śa</w><w n="170">bdā</w><w n="171" lemma="rtha">rttha</w><w n="172">saṃ</w><w n="173" lemma="baṃ">ban</w><w n="174" lemma="dha">dha </w><w n="175">i</w><w n="176" lemma="tya">ty a</w><w n="177" lemma="tra">tra </w><w n="178">dra</w><w n="179">vya</w><w n="180" lemma="nni">n ni</w><w n="181" lemma="tyaṃ">tyam </w><w n="182">ā</w><w n="183">kṛ</w><w n="184" lemma="tiḥ">tir </w><w n="185">a</w><w n="186" lemma="nyā">nyā </w><w n="187">cā</w><w n="188" lemma="nyā">nyā </w><w n="189" lemma="ca">ca </w><w n="190">bha</w><w n="191" lemma="vaṃ">van</w><w n="192">tī</w><w n="193" lemma="ti">ti </w><w n="194">va</w><w n="195">da</w><w n="196" lemma="tā">tā </w><w n="197">bhā</w><w n="198">ṣya</w><w n="199">kā</w><w n="200">re</w><w n="201" lemma="ṇa">ṇa </w><w n="202">ni</w><w n="203">tya</w><w n="204" lemma="ndra">n dra</w><w n="205" lemma="vyaṃ">vyaṃ </w><w n="206">smṛ</w><w n="207" lemma="taṃ">taṃ </w><w n="208">saṃ</w><w n="209">gra</w><w n="210">ho</w><w n="211">kta</w><w n="212" lemma="sya">sya </w><w n="213">ta</w><w n="214">trā</w><w n="215" lemma="rtha">rttha</w><w n="216">syā</w><w n="217">nu</w><w n="218">vā</w><w n="219">dā</w><w n="220"></w><w n="221" lemma="tsṛ">t sṛ</w><w n="222"></w><w n="223" lemma="taṃ">tam </w><w n="224">i</w><w n="225" lemma="tyā">ty ā</w><w n="226" lemma="ha">ha </w>
</text></TEI>
<TEI n="H">
<text>
<w n="0">dra</w><w n="1" lemma="vyaṃ">vyam </w><w n="2">i</w><w n="3">tyi</w><w n="4">sye</w><w n="5" lemma="ti">ti </w><w n="6">dra</w><w n="7" lemma="vyaṃ">vyaṃ </w><w n="8">nā</w><w n="9" lemma="ma">ma </w><w n="10" lemma="ya">ya </w><w n="11">pa</w><w n="12">dā</w><w n="13" lemma="rthaḥ">rthas </w><w n="14">ta</w><w n="15">syai</w><w n="16" lemma="ta">ta </w><w n="17">e</w><w n="18" lemma="va">va </w><w n="19">pa</w><w n="20">ryā</w><w n="21" lemma="yā">yāḥ </w><w n="22">e</w><w n="23">te</w><w n="24" lemma="ṣāṃ">ṣām </w><w n="25">e</w><w n="26" lemma="va">va </w><w n="27">pa</w><w n="28">ra</w><w n="29">mā</w><w n="30">rthi</w><w n="31">ka</w><w n="32">rū</w><w n="33">pa</w><w n="34">tvā</w><w n="35">bhi</w><w n="36">dhā</w><w n="37">yi</w><w n="38"></w><w n="39">tvā</w><w n="40" lemma="nnā">n nā</w><w n="41" lemma="nye">nye </w><w n="42">gha</w><w n="43">ṭā</w><w n="44">di</w><w n="45">śa</w><w n="46" lemma="bdaḥ">bdaḥ | </w><w n="47">sa</w><w n="48" lemma="tya">ty a</w><w n="49" lemma="pi">pi </w><w n="50">ta</w><w n="51">da</w><w n="52">bhi</w><w n="53">dhā</w><w n="54">yi</w><w n="55" lemma="tve">tve </w><w n="56">va</w><w n="57">kṣya</w><w n="58">mā</w><w n="59">ṇa</w><w n="60">na</w><w n="61">ye</w><w n="62">nā</w><w n="63"></w><w n="64">tmā</w><w n="65">di</w><w n="66">śa</w><w n="67">bdā</w><w n="68" lemma="nāṃ">nām </w><w n="69">e</w><w n="70" lemma="va">va </w><w n="71">sa</w><w n="72">rva</w><w n="73" lemma="tra">tra </w><w n="74">gha</w><w n="75">ṭā</w><w n="76">dā</w><w n="77" lemma="va">v a</w><w n="78">vyā</w><w n="79">ha</w><w n="80">ta</w><w n="81" lemma="sya">sya </w><w n="82">pra</w><w n="83">sa</w><w n="84">ra</w><w n="85" lemma="tyaṃ">tyaṃ | </w><w n="86">ta</w><w n="87" lemma="thā">thā </w><w n="88" lemma="ca">ca </w><w n="89">bhā</w><w n="90" lemma="ṣyaṃ">ṣyaṃ </w><w n="91"></w><w n="92" lemma="kaḥ">ko </w><w n="93" lemma="yaṃ">yam </w><w n="94">ā</w><w n="95" lemma="tmā">tmā | </w><w n="96">u</w><w n="97">da</w><w n="98" lemma="kaṃ">kaṃ </w><w n="99">nā</w><w n="100"></w><w n="101"></w><w n="102"></w><w n="103"></w><w n="104"></w><w n="105"></w><w n="106"></w><w n="107"></w><w n="108"></w><w n="109"></w><w n="110"></w><w n="111">me</w><w n="112" lemma="ti">ti | </w><w n="113">a</w><w n="114">trā</w><w n="115">tma</w><w n="116">śa</w><w n="117" lemma="bda">bda </w><w n="118">u</w><w n="119">da</w><w n="120" lemma="ke">ke </w><w n="121">pra</w><w n="122">yu</w><w n="123">cha</w><w n="124">mā</w><w n="125" lemma="naḥ">no </w><w n="126">dra</w><w n="127">vya</w><w n="128">va</w><w n="129">ca</w><w n="130" lemma="na">naḥ </w><w n="131">ā</w><w n="132">kṛ</w><w n="133">ti</w><w n="134">dvā</w><w n="135">re</w><w n="136" lemma="ṇa">ṇa </w><w n="137">cā</w><w n="138" lemma="nye">nye </w><w n="139">śa</w><w n="140" lemma="bdā">bdā </w><w n="141">dra</w><w n="142" lemma="vye">vye </w><w n="143">va</w><w n="144" lemma="rta">rtta</w><w n="145" lemma="te">te </w><w n="146">i</w><w n="147" lemma="me">me </w><w n="148" lemma="na">na </w><w n="149" lemma="tu">tu </w><w n="150">ta</w><w n="151">tpa</w><w n="152">ri</w><w n="153">tyā</w><w n="154">ge</w><w n="155" lemma="na">na </w><w n="156">mu</w><w n="157">khya</w><w n="158" lemma="yā">yā </w><w n="159"></w><w n="160"></w><w n="161">vṛ</w><w n="162">tye</w><w n="163" lemma="ti">ti </w><w n="164">vi</w><w n="165">śe</w><w n="166" lemma="ṣaḥ">ṣaḥ | </w><w n="167">si</w><w n="168" lemma="dhe">ddhe </w><w n="169">śa</w><w n="170">bdā</w><w n="171">rtha</w><w n="172">saṃ</w><w n="173">baṃ</w><w n="174" lemma="dha">dha </w><w n="175">i</w><w n="176" lemma="tya">ty a</w><w n="177" lemma="tra">tra </w><w n="178">dra</w><w n="179" lemma="vyaṃ">vyaṃ </w><w n="180">ni</w><w n="181" lemma="tyaṃ">tyam </w><w n="182">ā</w><w n="183">kṛ</w><w n="184" lemma="tiḥ">tir </w><w n="185">a</w><w n="186" lemma="vyā">vyā </w><w n="187">cā</w><w n="188" lemma="nyā">nyā </w><w n="189" lemma="ca">ca </w><w n="190">bha</w><w n="191">va</w><w n="192">tī</w><w n="193" lemma="ti">ti </w><w n="194">va</w><w n="195">da</w><w n="196" lemma="tā">tā </w><w n="197">bhā</w><w n="198">ṣya</w><w n="199">kā</w><w n="200">re</w><w n="201" lemma="ṇa">ṇa </w><w n="202">ni</w><w n="203" lemma="tyaṃ">tyaṃ </w><w n="204">dra</w><w n="205" lemma="vyaṃ">vyaṃ </w><w n="206">smṛ</w><w n="207" lemma="taṃ">taṃ | </w><w n="208">saṃ</w><w n="209">gra</w><w n="210">ho</w><w n="211">kta</w><w n="212" lemma="sya">sya </w><w n="213">ta</w><w n="214">trā</w><w n="215">rtha</w><w n="216">syā</w><w n="217">nu</w><w n="218">pā</w><w n="219">dā</w><w n="220" lemma="nāṃ">nāṃ </w><w n="221">smṛ</w><w n="222"></w><w n="223" lemma="taṃ">tam </w><w n="224">i</w><w n="225" lemma="tyā">ty ā</w><w n="226" lemma="ha">ha | </w>
</text></TEI>
<TEI n="P">
<text>
<w n="0">dra</w><w n="1" lemma="vyaṃ">vyam </w><w n="2">i</w><w n="3" lemma="tya">ty a</w><w n="4">syai</w><w n="5" lemma="ti">ti </w><w n="6">dra</w><w n="7" lemma="vyaṃ">vyaṃ </w><w n="8">nā</w><w n="9" lemma="ma">ma </w><w n="10" lemma="yaḥ">yaḥ </w><w n="11">pa</w><w n="12">dā</w><w n="13" lemma="rthaḥ">rthaḥs </w><w n="14">ta</w><w n="15">syai</w><w n="16" lemma="ta">ta </w><w n="17">e</w><w n="18" lemma="va">va </w><w n="19">pa</w><w n="20">ryā</w><w n="21" lemma="yā">yāḥ </w><w n="22">e</w><w n="23">te</w><w n="24" lemma="ṣāṃ">ṣām </w><w n="25">e</w><w n="26" lemma="ṣi">ṣi </w><w n="27">pā</w><w n="28">ra</w><w n="29">mā</w><w n="30">rthi</w><w n="31">ka</w><w n="32">rū</w><w n="33">pā</w><w n="34"></w><w n="35">bhi</w><w n="36">dhā</w><w n="37">yi</w><w n="38"></w><w n="39">tvā</w><w n="40" lemma="nnā">t nā</w><w n="41" lemma="nye">nye </w><w n="42">gha</w><w n="43">ṭā</w><w n="44">di</w><w n="45">śa</w><w n="46" lemma="bdaḥ">bdaḥ </w><w n="47">sa</w><w n="48" lemma="tya">ty a</w><w n="49" lemma="pi">pi </w><w n="50">ta</w><w n="51">da</w><w n="52">bhi</w><w n="53">dhā</w><w n="54">yi</w><w n="55" lemma="tve">tve </w><w n="56">va</w><w n="57">kṣya</w><w n="58">mā</w><w n="59">ṇa</w><w n="60">na</w><w n="61">ye</w><w n="62">nā</w><w n="63"></w><w n="64">tmā</w><w n="65">di</w><w n="66">śa</w><w n="67">bdā</w><w n="68" lemma="nāṃ">nām </w><w n="69">e</w><w n="70" lemma="va">va </w><w n="71">sa</w><w n="72">rva</w><w n="73" lemma="tra">tra </w><w n="74">gha</w><w n="75">ṭā</w><w n="76">dā</w><w n="77" lemma="va">v a</w><w n="78" lemma="pyā">py ā</w><w n="79">ha</w><w n="80">ta</w><w n="81" lemma="sya">sya </w><w n="82">pra</w><w n="83">tya</w><w n="84">kṣya</w><w n="85" lemma="tvaṃ">tvaṃ </w><w n="86">ta</w><w n="87" lemma="thā">thā </w><w n="88" lemma="ca">ca </w><w n="89">bhā</w><w n="90" lemma="ṣyaṃ">ṣyaṃ </w><w n="91">e</w><w n="92" lemma="kaḥ">ko </w><w n="93" lemma="yaṃ">yam </w><w n="94">ā</w><w n="95" lemma="tmā">tmā </w><w n="96">u</w><w n="97">da</w><w n="98" lemma="kaṃ">kaṃ </w><w n="99">nā</w><w n="100"></w><w n="101"></w><w n="102"></w><w n="103"></w><w n="104"></w><w n="105"></w><w n="106"></w><w n="107"></w><w n="108"></w><w n="109"></w><w n="110"></w><w n="111">me</w><w n="112" lemma="ti">ti </w><w n="113">a</w><w n="114">trā</w><w n="115">tma</w><w n="116">śa</w><w n="117" lemma="bda">bda </w><w n="118">u</w><w n="119">da</w><w n="120" lemma="ke">ke </w><w n="121">pra</w><w n="122">yu</w><w n="123">jya</w><w n="124">mā</w><w n="125" lemma="naḥ">no </w><w n="126">dra</w><w n="127">vya</w><w n="128">va</w><w n="129">ca</w><w n="130" lemma="na">naḥ </w><w n="131">ā</w><w n="132">kṛ</w><w n="133">ti</w><w n="134">dvā</w><w n="135">re</w><w n="136" lemma="ṇa">ṇa </w><w n="137">cā</w><w n="138" lemma="nye">nye </w><w n="139">śa</w><w n="140" lemma="bdā">bdāḥ </w><w n="141">dra</w><w n="142" lemma="vye">vye </w><w n="143">va</w><w n="144" lemma="rta">rtta</w><w n="145" lemma="te">te </w><w n="146">i</w><w n="147" lemma="me">me </w><w n="148"></w><w n="149" lemma="tu">tu </w><w n="150">ta</w><w n="151">tpa</w><w n="152">ri</w><w n="153">tyā</w><w n="154">ge</w><w n="155" lemma="na">na </w><w n="156">mu</w><w n="157">khya</w><w n="158" lemma="yā">yā </w><w n="159">dra</w><w n="160">vya</w><w n="161">vṛ</w><w n="162">tye</w><w n="163" lemma="ti">ti </w><w n="164">vi</w><w n="165">śe</w><w n="166" lemma="ṣaḥ">ṣaḥ </w><w n="167">si</w><w n="168" lemma="dhe">ddhe </w><w n="169">śa</w><w n="170">bdā</w><w n="171">rtha</w><w n="172">saṃ</w><w n="173">baṃ</w><w n="174" lemma="dha">dha </w><w n="175">i</w><w n="176" lemma="tya">ty a</w><w n="177" lemma="tra">tra </w><w n="178">dra</w><w n="179" lemma="vyaṃ">vyaṃ </w><w n="180">ni</w><w n="181" lemma="tyaṃ">tyam </w><w n="182">ā</w><w n="183">kṛ</w><w n="184" lemma="tiḥ">tir </w><w n="185">a</w><w n="186" lemma="nyā">nyā </w><w n="187">cā</w><w n="188" lemma="nyā">nyā </w><w n="189" lemma="ca">ca </w><w n="190">bha</w><w n="191">va</w><w n="192">tī</w><w n="193" lemma="ti">ti </w><w n="194">va</w><w n="195">da</w><w n="196" lemma="tā">tā </w><w n="197">bhā</w><w n="198">ṣya</w><w n="199">kā</w><w n="200">re</w><w n="201" lemma="ṇa">ṇa </w><w n="202">ni</w><w n="203" lemma="tyaṃ">tyaṃ </w><w n="204">dra</w><w n="205" lemma="vyaṃ">vyaṃ </w><w n="206">smṛ</w><w n="207" lemma="taṃ">taṃ </w><w n="208">saṃ</w><w n="209">gra</w><w n="210">ho</w><w n="211">kta</w><w n="212" lemma="sya">sya </w><w n="213">ta</w><w n="214">syā</w><w n="215">rtha</w><w n="216">syā</w><w n="217">nu</w><w n="218">vā</w><w n="219">dā</w><w n="220"></w><w n="221">ta</w><w n="222">sya</w><w n="223" lemma="taṃ">tam </w><w n="224">i</w><w n="225" lemma="tyā">ty ā</w><w n="226" lemma="ha">ha </w>
</text></TEI>
<TEI n="M">
<text>
<w n="0">dra</w><w n="1" lemma="vyaṃ">vyam </w><w n="2">i</w><w n="3" lemma="tya">ty a</w><w n="4">sye</w><w n="5" lemma="ti">ti | </w><w n="6">dra</w><w n="7" lemma="vyaṃ">vyaṃ </w><w n="8">nā</w><w n="9" lemma="ma">ma </w><w n="10" lemma="yaḥ">yaḥ </w><w n="11">pa</w><w n="12">dā</w><w n="13" lemma="rthaḥ">rthas </w><w n="14">ta</w><w n="15">syai</w><w n="16" lemma="ta">ta </w><w n="17">e</w><w n="18" lemma="va">va </w><w n="19">pa</w><w n="20">ryā</w><w n="21" lemma="yāḥ">yāḥ | </w><w n="22">e</w><w n="23">te</w><w n="24" lemma="ṣāṃ">ṣām </w><w n="25">e</w><w n="26" lemma="ṣi">ṣi </w><w n="27">pā</w><w n="28">ra</w><w n="29">mā</w><w n="30">rthi</w><w n="31">ka</w><w n="32">rū</w><w n="33">pā</w><w n="34"></w><w n="35">bhi</w><w n="36">dhā</w><w n="37">yi</w><w n="38"></w><w n="39">tvā</w><w n="40" lemma="tnā">t | nā</w><w n="41" lemma="nye">nye </w><w n="42">gha</w><w n="43">ṭā</w><w n="44">di</w><w n="45">śa</w><w n="46" lemma="bdāḥ">bdāḥ | </w><w n="47">sa</w><w n="48" lemma="tya">ty a</w><w n="49" lemma="pi">pi </w><w n="50">ta</w><w n="51">da</w><w n="52">bhi</w><w n="53">dhā</w><w n="54">yi</w><w n="55" lemma="tve">tve </w><w n="56">va</w><w n="57">kṣya</w><w n="58">mā</w><w n="59">ṇa</w><w n="60">na</w><w n="61">ye</w><w n="62">nā</w><w n="63"></w><w n="64">tmā</w><w n="65">di</w><w n="66">śa</w><w n="67">bdā</w><w n="68" lemma="nāṃ">nām </w><w n="69">e</w><w n="70" lemma="va">va </w><w n="71">sa</w><w n="72">rva</w><w n="73" lemma="tra">tra </w><w n="74">gha</w><w n="75">ṭā</w><w n="76">dā</w><w n="77" lemma="va">v a</w><w n="78" lemma="pyā">py ā</w><w n="79">ha</w><w n="80">ta</w><w n="81" lemma="sya">sya </w><w n="82">pra</w><w n="83">tya</w><w n="84">kṣa</w><w n="85" lemma="tvaṃ">tvaṃ | </w><w n="86">ta</w><w n="87" lemma="thā">thā </w><w n="88" lemma="ca">ca </w><w n="89">bhā</w><w n="90" lemma="ṣyaṃ">ṣyaṃ | </w><w n="91">e</w><w n="92" lemma="kaḥ">ko </w><w n="93" lemma="yaṃ">yam </w><w n="94">ā</w><w n="95" lemma="tmā">tmā </w><w n="96">u</w><w n="97">da</w><w n="98" lemma="kaṃ">kaṃ </w><w n="99">nā</w><w n="100"></w><w n="101"></w><w n="102"></w><w n="103"></w><w n="104"></w><w n="105"></w><w n="106"></w><w n="107"></w><w n="108"></w><w n="109"></w><w n="110"></w><w n="111">me</w><w n="112" lemma="ti">ti | </w><w n="113">a</w><w n="114">trā</w><w n="115">tma</w><w n="116">śa</w><w n="117" lemma="bda">bda </w><w n="118">u</w><w n="119">da</w><w n="120" lemma="ke">ke </w><w n="121">pra</w><w n="122">yu</w><w n="123">jya</w><w n="124">mā</w><w n="125" lemma="naḥ">no </w><w n="126">dra</w><w n="127">vya</w><w n="128">va</w><w n="129">ca</w><w n="130" lemma="naḥ">naḥ | </w><w n="131">ā</w><w n="132">kṛ</w><w n="133">ti</w><w n="134">dvā</w><w n="135">re</w><w n="136" lemma="ṇa">ṇa </w><w n="137">cā</w><w n="138" lemma="nye">nye </w><w n="139">śa</w><w n="140" lemma="bdā">bdāḥ </w><w n="141">dra</w><w n="142" lemma="vye">vye </w><w n="143">va</w><w n="144" lemma="rtaṃ">rttaṃ</w><w n="145" lemma="te">te </w><w n="146">i</w><w n="147" lemma="me">me </w><w n="148"></w><w n="149" lemma="tu">tu </w><w n="150">ta</w><w n="151">tpa</w><w n="152">ri</w><w n="153">tyā</w><w n="154">ge</w><w n="155" lemma="na">na </w><w n="156">mu</w><w n="157">khya</w><w n="158" lemma="yā">yā </w><w n="159">dra</w><w n="160">vya</w><w n="161">vṛ</w><w n="162" lemma="tye">ttye</w><w n="163" lemma="ti">ti </w><w n="164">vi</w><w n="165">śe</w><w n="166" lemma="ṣaḥ">ṣaḥ | </w><w n="167">si</w><w n="168" lemma="dhe">ddhe </w><w n="169">śa</w><w n="170">bdā</w><w n="171">rtha</w><w n="172">saṃ</w><w n="173">baṃ</w><w n="174" lemma="dha">dha </w><w n="175">i</w><w n="176" lemma="tya">ty a</w><w n="177" lemma="tra">tra </w><w n="178">dra</w><w n="179" lemma="vyaṃ">vyaṃ </w><w n="180">ni</w><w n="181" lemma="tyaṃ">tyam </w><w n="182">ā</w><w n="183">kṛ</w><w n="184" lemma="tiḥ">tir </w><w n="185">a</w><w n="186" lemma="nyā">nyā </w><w n="187">cā</w><w n="188" lemma="nyā">nyā </w><w n="189" lemma="ca">ca </w><w n="190">bha</w><w n="191">va</w><w n="192">tī</w><w n="193" lemma="ti">ti </w><w n="194">va</w><w n="195">da</w><w n="196" lemma="tā">tā </w><w n="197">bhā</w><w n="198">ṣya</w><w n="199">kā</w><w n="200">re</w><w n="201" lemma="ṇa">ṇa </w><w n="202">ni</w><w n="203" lemma="tyaṃ">tyaṃ </w><w n="204">dra</w><w n="205" lemma="vyaṃ">vyaṃ </w><w n="206">smṛ</w><w n="207" lemma="taṃ">taṃ | </w><w n="208">saṃ</w><w n="209">gra</w><w n="210">ho</w><w n="211">kta</w><w n="212" lemma="sya">sya </w><w n="213">ta</w><w n="214">syā</w><w n="215">rtha</w><w n="216">syā</w><w n="217">nu</w><w n="218">vā</w><w n="219">dā</w><w n="220"></w><w n="221" lemma="tsmṛ">t_ smṛ</w><w n="222"></w><w n="223" lemma="taṃ">tam </w><w n="224">i</w><w n="225" lemma="tyā">ty ā</w><w n="226" lemma="ha">ha | </w>
</text></TEI>
<TEI n="G2">
<text>
<w n="0"></w><w n="1" lemma="vyaṃ">vyam </w><w n="2">i</w><w n="3" lemma="tya">ty a</w><w n="4">sye</w><w n="5" lemma="ti">ti </w><w n="6">dra</w><w n="7"></w><w n="8"></w><w n="9"></w><w n="10"></w><w n="11"></w><w n="12"></w><w n="13"></w><w n="14"></w><w n="15"></w><w n="16"></w><w n="17"></w><w n="18"></w><w n="19"></w><w n="20"></w><w n="21"></w><w n="22"></w><w n="23"></w><w n="24"></w><w n="25"></w><w n="26"></w><w n="27"></w><w n="28"></w><w n="29"></w><w n="30"></w><w n="31"></w><w n="32"></w><w n="33"></w><w n="34"></w><w n="35">bhi</w><w n="36">dhā</w><w n="37">yi</w><w n="38"></w><w n="39"></w><w n="40"></w><w n="41"></w><w n="42"></w><w n="43"></w><w n="44"></w><w n="45"></w><w n="46"></w><w n="47"></w><w n="48"></w><w n="49"></w><w n="50"></w><w n="51"></w><w n="52"></w><w n="53"></w><w n="54"></w><w n="55" lemma="tve">tve </w><w n="56">va</w><w n="57">kṣya</w><w n="58">mā</w><w n="59">ṇa</w><w n="60">na</w><w n="61" lemma="ye">ye </w><w n="62">vā</w><w n="63"></w><w n="64">tmā</w><w n="65">di</w><w n="66">śa</w><w n="67">pdā</w><w n="68" lemma="nāṃ">nām </w><w n="69">e</w><w n="70" lemma="va">va </w><w n="71">sa</w><w n="72">rva</w><w n="73" lemma="tra">tra </w><w n="74">gha</w><w n="75">ṭā</w><w n="76">dā</w><w n="77" lemma="va">v a</w><w n="78">vyā</w><w n="79">ha</w><w n="80">ta</w><w n="81"></w><w n="82">pra</w><w n="83">sya</w><w n="84"></w><w n="85" lemma="tvaṃ">tvaṃ </w><w n="86">ta</w><w n="87" lemma="thā">thā </w><w n="88" lemma="va">va </w><w n="89">bhā</w><w n="90" lemma="ṣyaṃ">ṣyaṃ </w><w n="91"></w><w n="92" lemma="kaḥ">ko </w><w n="93" lemma="yaṃ">yam </w><w n="94">ā</w><w n="95" lemma="tmā">tmā </w><w n="96">u</w><w n="97">da</w><w n="98" lemma="kaṃ">kaṃ </w><w n="99">nā</w><w n="100">tme</w><w n="101" lemma="ti">ti | </w><w n="102">a</w><w n="103">trā</w><w n="104">tma</w><w n="105">śa</w><w n="106" lemma="bda">bda </w><w n="107">u</w><w n="108">da</w><w n="109" lemma="ke">ke </w><w n="110">nā</w><w n="111">me</w><w n="112" lemma="ti">ti </w><w n="113">a</w><w n="114">trā</w><w n="115">tma</w><w n="116">śa</w><w n="117" lemma="bda">bda </w><w n="118">u</w><w n="119">da</w><w n="120" lemma="ke">ke </w><w n="121">pra</w><w n="122">yu</w><w n="123">jya</w><w n="124">mā</w><w n="125" lemma="naḥ">no </w><w n="126">dra</w><w n="127">vya</w><w n="128">va</w><w n="129">da</w><w n="130" lemma="naḥ">naḥ || </w><w n="131">sā</w><w n="132">kṛ</w><w n="133">ti</w><w n="134">dvā</w><w n="135">re</w><w n="136" lemma="ṇa">ṇa </w><w n="137">vā</w><w n="138" lemma="nye">nye </w><w n="139">śa</w><w n="140" lemma="bdāḥ">bdāḥ || </w><w n="141">dra</w><w n="142" lemma="vye">vye </w><w n="143">va</w><w n="144" lemma="rta">rtta</w><w n="145" lemma="te">te </w><w n="146">i</w><w n="147" lemma="me">me </w><w n="148"></w><w n="149" lemma="tu">tu </w><w n="150">ta</w><w n="151">tpa</w><w n="152">ri</w><w n="153">tyā</w><w n="154">ge</w><w n="155" lemma="na">na </w><w n="156">mu</w><w n="157">khya</w><w n="158" lemma="yā">yā </w><w n="159"></w><w n="160"></w><w n="161">vṛ</w><w n="162" lemma="tye">ttye</w><w n="163" lemma="ti">ti </w><w n="164">vi</w><w n="165">śe</w><w n="166" lemma="ṣaḥ">ṣaḥ </w><w n="167">si</w><w n="168" lemma="dhe">ddhe </w><w n="169">śa</w><w n="170">bdā</w><w n="171">rtha</w><w n="172">saṃ</w><w n="173">baṃ</w><w n="174" lemma="dha">dha </w><w n="175">i</w><w n="176" lemma="tya">ty a</w><w n="177" lemma="tra">tra </w><w n="178">dra</w><w n="179" lemma="vyaṃ">vyaṃ </w><w n="180">ni</w><w n="181" lemma="tyaṃ">tyaṃm </w><w n="182">ā</w><w n="183">kṛ</w><w n="184" lemma="tiḥ">tir </w><w n="185">a</w><w n="186" lemma="nyā">nyā </w><w n="187">vā</w><w n="188">nyā</w><w n="189">va</w><w n="190">bha</w><w n="191">va</w><w n="192">tī</w><w n="193" lemma="ti">ti </w><w n="194">va</w><w n="195">da</w><w n="196" lemma="tā">tā </w><w n="197">bhā</w><w n="198">ṣya</w><w n="199">kā</w><w n="200">re</w><w n="201" lemma="ṇa">ṇa </w><w n="202">niṃ</w><w n="203" lemma="tyaṃ">tyaṃ </w><w n="204">dra</w><w n="205" lemma="vyaṃ">vyaṃ </w><w n="206">smṛ</w><w n="207">ti</w><w n="208">saṃ</w><w n="209">gra</w><w n="210">ho</w><w n="211">kta</w><w n="212" lemma="sya">sya </w><w n="213">ta</w><w n="214">syā</w><w n="215">rtha</w><w n="216">syā</w><w n="217">vu</w><w n="218">vā</w><w n="219" lemma="dā">dā </w><w n="220"></w><w n="221">smṛ</w><w n="222"></w><w n="223" lemma="taṃ">tam </w><w n="224">i</w><w n="225" lemma="tyā">ty ā</w><w n="226" lemma="hā">hā </w>
</text></TEI>
<TEI n="G1">
<text>
<w n="0"></w><w n="1" lemma="vyaṃ">vyam </w><w n="2">i</w><w n="3" lemma="tya">ty a</w><w n="4">sye</w><w n="5" lemma="ti">ti </w><w n="6">dra</w><w n="7"></w><w n="8"></w><w n="9"></w><w n="10"></w><w n="11"></w><w n="12"></w><w n="13"></w><w n="14"></w><w n="15"></w><w n="16"></w><w n="17"></w><w n="18"></w><w n="19"></w><w n="20"></w><w n="21"></w><w n="22"></w><w n="23"></w><w n="24"></w><w n="25"></w><w n="26"></w><w n="27"></w><w n="28"></w><w n="29"></w><w n="30"></w><w n="31"></w><w n="32"></w><w n="33"></w><w n="34"></w><w n="35">bhi</w><w n="36">dhā</w><w n="37">yi</w><w n="38"></w><w n="39"></w><w n="40"></w><w n="41"></w><w n="42"></w><w n="43"></w><w n="44"></w><w n="45"></w><w n="46"></w><w n="47"></w><w n="48"></w><w n="49"></w><w n="50"></w><w n="51"></w><w n="52"></w><w n="53"></w><w n="54"></w><w n="55" lemma="tve">tve </w><w n="56">va</w><w n="57">kṣya</w><w n="58">mā</w><w n="59">ṇa</w><w n="60">na</w><w n="61" lemma="ye">ye </w><w n="62">vā</w><w n="63"></w><w n="64">tmā</w><w n="65">di</w><w n="66">śa</w><w n="67">pdā</w><w n="68" lemma="nāṃ">nām </w><w n="69">e</w><w n="70" lemma="va">va </w><w n="71">sa</w><w n="72">rva</w><w n="73" lemma="tra">tra </w><w n="74">gha</w><w n="75">ṭā</w><w n="76">dā</w><w n="77" lemma="va">v a</w><w n="78">vyā</w><w n="79">ha</w><w n="80">ta</w><w n="81"></w><w n="82">pra</w><w n="83">sya</w><w n="84"></w><w n="85" lemma="tvaṃ">tvaṃ </w><w n="86">ta</w><w n="87" lemma="thā">thā </w><w n="88" lemma="va">va </w><w n="89">bhā</w><w n="90" lemma="ṣyaṃ">ṣyaṃ </w><w n="91"></w><w n="92" lemma="kaḥ">ko </w><w n="93" lemma="yaṃ">yam </w><w n="94">ā</w><w n="95" lemma="tmā">tmā </w><w n="96">u</w><w n="97">da</w><w n="98" lemma="kaṃ">kaṃ </w><w n="99">nā</w><w n="100">tme</w><w n="101" lemma="ti">ti | </w><w n="102">a</w><w n="103">trā</w><w n="104">tma</w><w n="105">śa</w><w n="106" lemma="bda">bda </w><w n="107">u</w><w n="108">da</w><w n="109" lemma="ke">ke </w><w n="110">nā</w><w n="111">me</w><w n="112" lemma="ti">ti </w><w n="113">a</w><w n="114">trā</w><w n="115">tma</w><w n="116">śa</w><w n="117" lemma="bda">bda </w><w n="118">u</w><w n="119">da</w><w n="120" lemma="ke">ke </w><w n="121">pra</w><w n="122">yu</w><w n="123">jya</w><w n="124">mā</w><w n="125" lemma="naḥ">no </w><w n="126">dra</w><w n="127">vya</w><w n="128">va</w><w n="129">da</w><w n="130" lemma="naḥ">naḥ || </w><w n="131">sā</w><w n="132">kṛ</w><w n="133">ti</w><w n="134">dvā</w><w n="135">re</w><w n="136" lemma="ṇa">ṇa </w><w n="137">vā</w><w n="138" lemma="nye">nye </w><w n="139">śa</w><w n="140" lemma="bdāḥ">bdāḥ || </w><w n="141">dra</w><w n="142" lemma="vye">vye </w><w n="143">va</w><w n="144" lemma="rta">rtta</w><w n="145" lemma="te">te </w><w n="146">i</w><w n="147" lemma="me">me </w><w n="148"></w><w n="149" lemma="tu">tu </w><w n="150">ta</w><w n="151">tpa</w><w n="152">ri</w><w n="153">tyā</w><w n="154">ge</w><w n="155" lemma="na">na </w><w n="156">mu</w><w n="157">khya</w><w n="158" lemma="yā">yā </w><w n="159"></w><w n="160"></w><w n="161">vṛ</w><w n="162" lemma="tye">ttye</w><w n="163" lemma="ti">ti </w><w n="164">vi</w><w n="165">śe</w><w n="166" lemma="ṣaḥ">ṣaḥ </w><w n="167">si</w><w n="168" lemma="dhe">ddhe </w><w n="169">śa</w><w n="170">bdā</w><w n="171">rtha</w><w n="172">saṃ</w><w n="173">baṃ</w><w n="174" lemma="dha">dha </w><w n="175">i</w><w n="176" lemma="tya">ty a</w><w n="177" lemma="tra">tra </w><w n="178">dra</w><w n="179" lemma="vyaṃ">vyaṃ </w><w n="180">ni</w><w n="181" lemma="tyaṃ">tyaṃm </w><w n="182">ā</w><w n="183">kṛ</w><w n="184" lemma="tiḥ">tir </w><w n="185">a</w><w n="186" lemma="nyā">nyā </w><w n="187">vā</w><w n="188">nyā</w><w n="189">va</w><w n="190">bha</w><w n="191">va</w><w n="192">tī</w><w n="193" lemma="ti">ti </w><w n="194">va</w><w n="195">da</w><w n="196" lemma="tā">tā </w><w n="197">bhā</w><w n="198">ṣya</w><w n="199">kā</w><w n="200">re</w><w n="201" lemma="ṇa">ṇa </w><w n="202">niṃ</w><w n="203" lemma="tyaṃ">tyaṃ </w><w n="204">dra</w><w n="205" lemma="vyaṃ">vyaṃ </w><w n="206">smṛ</w><w n="207">ti</w><w n="208">saṃ</w><w n="209">gra</w><w n="210">ho</w><w n="211">kta</w><w n="212" lemma="sya">sya </w><w n="213">ta</w><w n="214">syā</w><w n="215">rtha</w><w n="216">syā</w><w n="217">vu</w><w n="218">vā</w><w n="219" lemma="dā">dā </w><w n="220"></w><w n="221">smṛ</w><w n="222"></w><w n="223" lemma="taṃ">tam </w><w n="224" lemma="i">i-</w><w n="225" lemma="tyā">ty ā</w><w n="226" lemma="hā">hā </w>
</text></TEI>
<TEI n="L">
<text>
<w n="0">dra</w><w n="1" lemma="vyaṃ">vyam </w><w n="2">i</w><w n="3" lemma="tya">ty a</w><w n="4">sye</w><w n="5" lemma="ti">ti </w><w n="6">dra</w><w n="7" lemma="vyaṃ">vyaṃ </w><w n="8">nā</w><w n="9" lemma="ma">ma </w><w n="10" lemma="yaḥ">yaḥ </w><w n="11">pa</w><w n="12">dā</w><w n="13" lemma="rthaḥ">rthaḥ || </w><w n="14">ta</w><w n="15">syai</w><w n="16" lemma="ta">ta </w><w n="17">e</w><w n="18" lemma="va">va </w><w n="19">pa</w><w n="20">ryā</w><w n="21" lemma="yā">yā </w><w n="22">e</w><w n="23">te</w><w n="24" lemma="ṣāṃ">ṣām </w><w n="25">e</w><w n="26" lemma="va">va </w><w n="27">pā</w><w n="28">ra</w><w n="29">mā</w><w n="30">rthi</w><w n="31">ka</w><w n="32">rū</w><w n="33">pā</w><w n="34"></w><w n="35">bhi</w><w n="36">dhā</w><w n="37">yi</w><w n="38"></w><w n="39">tvā</w><w n="40" lemma="nnā">t_ nā</w><w n="41" lemma="nye">nye </w><w n="42">gha</w><w n="43">ṭā</w><w n="44">di</w><w n="45">śa</w><w n="46" lemma="bdāḥ">bdāḥ || </w><w n="47">sa</w><w n="48" lemma="tya">ty a&#166;</w><w n="49" lemma="pi">pi </w><w n="50">ta</w><w n="51">da</w><w n="52">bhi</w><w n="53">dhā</w><w n="54">yi</w><w n="55" lemma="tve">tve </w><w n="56">va</w><w n="57">kṣya</w><w n="58">mā</w><w n="59">ṇa</w><w n="60">na</w><w n="61">ye</w><w n="62">nā</w><w n="63"></w><w n="64">tmā</w><w n="65">di</w><w n="66">śa</w><w n="67">bdā</w><w n="68" lemma="nāṃ">nām </w><w n="69">e</w><w n="70" lemma="va">va </w><w n="71">sa</w><w n="72">rva</w><w n="73" lemma="tra">tra </w><w n="74">gha</w><w n="75">ṭā</w><w n="76">dā</w><w n="77" lemma="va">v a</w><w n="78">vyā</w><w n="79">ha</w><w n="80">ta</w><w n="81"></w><w n="82">pra</w><w n="83">sya</w><w n="84"></w><w n="85" lemma="tvaṃ">tvaṃ </w><w n="86">ta</w><w n="87" lemma="thā">thā </w><w n="88" lemma="ca">ca </w><w n="89">bhā</w><w n="90" lemma="ṣyaṃ">ṣyaṃ || </w><w n="91">e</w><w n="92" lemma="kaḥ">ko </w><w n="93" lemma="yaṃ">yam </w><w n="94">ā</w><w n="95" lemma="tmā">tmā </w><w n="96">u</w><w n="97">da</w><w n="98" lemma="kaṃ">kaṃ </w><w n="99">nā</w><w n="100"></w><w n="101"></w><w n="102"></w><w n="103"></w><w n="104"></w><w n="105"></w><w n="106"></w><w n="107"></w><w n="108"></w><w n="109"></w><w n="110"></w><w n="111">me</w><w n="112" lemma="ti">ti </w><w n="113">a</w><w n="114">trā</w><w n="115">tma</w><w n="116">śa</w><w n="117" lemma="bda">bda </w><w n="118">u</w><w n="119">da</w><w n="120" lemma="ke">ke </w><w n="121">pra</w><w n="122">yu</w><w n="123">jya</w><w n="124">mā</w><w n="125" lemma="naḥ">no </w><w n="126">dra</w><w n="127">vya</w><w n="128">va</w><w n="129">ca</w><w n="130" lemma="naḥ">naḥ </w><w n="131">sā</w><w n="132">kṛ</w><w n="133">ti</w><w n="134">dvā</w><w n="135">re</w><w n="136" lemma="ṇa">ṇa </w><w n="137">cā</w><w n="138" lemma="nye">nye </w><w n="139">śa</w><w n="140" lemma="bdā">bdāḥ </w><w n="141">dra</w><w n="142" lemma="vye">vye </w><w n="143">va</w><w n="144">rtaṃ</w><w n="145" lemma="te">te || </w><w n="146">i</w><w n="147" lemma="me">me </w><w n="148"></w><w n="149" lemma="tu">tu </w><w n="150">ta</w><w n="151">tpa</w><w n="152">ri</w><w n="153">tyā</w><w n="154">ge</w><w n="155" lemma="na">na </w><w n="156">mu</w><w n="157">khya</w><w n="158" lemma="yā">yā </w><w n="159"></w><w n="160"></w><w n="161">vṛ</w><w n="162" lemma="tye">ttye</w><w n="163" lemma="ti">ti </w><w n="164">vi</w><w n="165">śe</w><w n="166" lemma="ṣaḥ">ṣaḥ || </w><w n="167">si</w><w n="168" lemma="dhe">ddhe </w><w n="169">śa</w><w n="170">bdā</w><w n="171">rtha</w><w n="172">saṃ</w><w n="173">baṃ</w><w n="174" lemma="dha">dha </w><w n="175">i</w><w n="176" lemma="tya">ty a</w><w n="177" lemma="tra">tra </w><w n="178">dra</w><w n="179" lemma="vyaṃ">vyaṃ </w><w n="180">ni</w><w n="181" lemma="tyaṃ">tyam </w><w n="182">ā</w><w n="183">kṛ</w><w n="184" lemma="tiḥ">tir </w><w n="185">a</w><w n="186" lemma="nyā">nyā </w><w n="187">cā</w><w n="188" lemma="nyā">nyā </w><w n="189" lemma="ca">ca </w><w n="190">bha</w><w n="191">va</w><w n="192">tī</w><w n="193" lemma="ti">ti </w><w n="194">va</w><w n="195">da</w><w n="196" lemma="tā">tā </w><w n="197">bhā</w><w n="198">ṣya</w><w n="199">kā</w><w n="200">re</w><w n="201" lemma="ṇa">ṇa </w><w n="202">ni</w><w n="203" lemma="tyaṃ">tyaṃ </w><w n="204">dra</w><w n="205" lemma="vyaṃ">vyaṃ </w><w n="206">smṛ</w><w n="207" lemma="taṃ">taṃ </w><w n="208">saṃ</w><w n="209">gra</w><w n="210">ho</w><w n="211">kta</w><w n="212" lemma="sya">sya </w><w n="213">ta</w><w n="214">syā</w><w n="215">rtha</w><w n="216">syā</w><w n="217">nu</w><w n="218">vā</w><w n="219">dā</w><w n="220"></w><w n="221" lemma="tsmṛ">t smṛ</w><w n="222"></w><w n="223" lemma="taṃ">tam </w><w n="224">i</w><w n="225" lemma="tyā">ty ā</w><w n="226" lemma="ha">ha | </w>
</text></TEI>
<TEI n="O">
<text>
<w n="0">dra</w><w n="1" lemma="vyaṃ">vyam </w><w n="2">i</w><w n="3" lemma="tya">ty a</w><w n="4">sye</w><w n="5" lemma="ti">ti </w><w n="6">dra</w><w n="7" lemma="vyaṃ">vyaṃ </w><w n="8">nā</w><w n="9" lemma="ma">ma </w><w n="10" lemma="yaḥ">yaḥ </w><w n="11">pa</w><w n="12">dā</w><w n="13" lemma="rthaḥ">rtthaḥ </w><w n="14">ta</w><w n="15">syai</w><w n="16" lemma="ta">ta </w><w n="17">e</w><w n="18" lemma="va">va </w><w n="19">pa</w><w n="20">ryā</w><w n="21" lemma="yā">yāḥ </w><w n="22">e</w><w n="23">te</w><w n="24" lemma="ṣāṃ">ṣām </w><w n="25">e</w><w n="26" lemma="va">va </w><w n="27">pā</w><w n="28">ra</w><w n="29">mā</w><w n="30" lemma="rthi">rtthi</w><w n="31">ka</w><w n="32">rū</w><w n="33">pā</w><w n="34"></w><w n="35">bhi</w><w n="36">dhā</w><w n="37">yi</w><w n="38"></w><w n="39">tvā</w><w n="40" lemma="nnā">t_ nā</w><w n="41" lemma="nye">nye </w><w n="42">gha</w><w n="43">ṭā</w><w n="44">di</w><w n="45">śa</w><w n="46" lemma="bdāḥ">bdāḥ | </w><w n="47">sa</w><w n="48" lemma="tya">ty a</w><w n="49" lemma="pi">pi </w><w n="50">ta</w><w n="51">da</w><w n="52">bhi</w><w n="53">dhā</w><w n="54">yi</w><w n="55" lemma="tve">tve </w><w n="56">va</w><w n="57">kṣya</w><w n="58">mā</w><w n="59">ṇa</w><w n="60">na</w><w n="61" lemma="ye">ye </w><w n="62">ā</w><w n="63"></w><w n="64">tmā</w><w n="65">di</w><w n="66">śa</w><w n="67">bdā</w><w n="68" lemma="nāṃ">nām </w><w n="69">e</w><w n="70" lemma="va">va </w><w n="71">sa</w><w n="72">rva</w><w n="73" lemma="tra">tra </w><w n="74">gha</w><w n="75">ṭā</w><w n="76">dā</w><w n="77" lemma="va">v a</w><w n="78">vyā</w><w n="79">ha</w><w n="80">ta</w><w n="81"></w><w n="82">pra</w><w n="83">syaṃ</w><w n="84">da</w><w n="85" lemma="tvaṃ">tvaṃ </w><w n="86">ta</w><w n="87" lemma="thā">thā </w><w n="88" lemma="ca">ca </w><w n="89">bhā</w><w n="90" lemma="ṣyaṃ">ṣyaṃ </w><w n="91">e</w><w n="92" lemma="kaḥ">ko </w><w n="93" lemma="yaṃ">yam </w><w n="94">ā</w><w n="95" lemma="tmā">tmā </w><w n="96">u</w><w n="97">da</w><w n="98" lemma="kaṃ">kaṃ </w><w n="99">nā</w><w n="100"></w><w n="101"></w><w n="102"></w><w n="103"></w><w n="104"></w><w n="105"></w><w n="106"></w><w n="107"></w><w n="108"></w><w n="109"></w><w n="110"></w><w n="111">me</w><w n="112" lemma="ti">ti | </w><w n="113">a</w><w n="114">trā</w><w n="115">tma</w><w n="116">śa</w><w n="117" lemma="bda">bda </w><w n="118">u</w><w n="119">da</w><w n="120" lemma="ke">ke </w><w n="121">pra</w><w n="122">yu</w><w n="123">jya</w><w n="124">mā</w><w n="125" lemma="naḥ">no </w><w n="126">dra</w><w n="127">vya</w><w n="128">va</w><w n="129">ca</w><w n="130" lemma="naḥ">naḥ </w><w n="131">sā</w><w n="132">kṛ</w><w n="133">ti</w><w n="134">dvā</w><w n="135">re</w><w n="136" lemma="ṇa">ṇa </w><w n="137">vā</w><w n="138" lemma="nye">nye </w><w n="139">śa</w><w n="140" lemma="bdā">bdāḥ </w><w n="141">dra</w><w n="142" lemma="vye">vye </w><w n="143">va</w><w n="144">rtaṃ</w><w n="145" lemma="te">te </w><w n="146">i</w><w n="147" lemma="me">me </w><w n="148"></w><w n="149" lemma="tu">tu </w><w n="150">ta</w><w n="151">tpa</w><w n="152">ri</w><w n="153">tyā</w><w n="154">ge</w><w n="155" lemma="na">na </w><w n="156">mu</w><w n="157">khya</w><w n="158" lemma="yā">yā </w><w n="159"></w><w n="160"></w><w n="161">vṛ</w><w n="162">tye</w><w n="163" lemma="ti">ti </w><w n="164">vi</w><w n="165">śe</w><w n="166" lemma="ṣaḥ">ṣaḥ | </w><w n="167">si</w><w n="168" lemma="dhe">ddhe </w><w n="169">śa</w><w n="170">bdā</w><w n="171" lemma="rtha">rttha</w><w n="172">saṃ</w><w n="173">baṃ</w><w n="174" lemma="dha">dha </w><w n="175">i</w><w n="176" lemma="tya">ty a</w><w n="177" lemma="tra">tra </w><w n="178">dra</w><w n="179" lemma="vyaṃ">vyaṃ </w><w n="180">ni</w><w n="181" lemma="tyaṃ">tyaṃ </w><w n="182">ā</w><w n="183">kṛ</w><w n="184" lemma="tiḥ">tir </w><w n="185">a</w><w n="186" lemma="nyā">nyā </w><w n="187">cā</w><w n="188" lemma="nyā">nyā </w><w n="189" lemma="ca">ca </w><w n="190">bha</w><w n="191">va</w><w n="192">tī</w><w n="193" lemma="ti">ti </w><w n="194">va</w><w n="195">da</w><w n="196" lemma="tā">tā </w><w n="197">bhā</w><w n="198">ṣya</w><w n="199">kā</w><w n="200">re</w><w n="201" lemma="ṇa">ṇa </w><w n="202">ni</w><w n="203" lemma="tyaṃ">tyaṃ </w><w n="204">dra</w><w n="205" lemma="vyaṃ">vyaṃ </w><w n="206">smṛ</w><w n="207" lemma="taṃ">taṃ </w><w n="208">saṃ</w><w n="209">gra</w><w n="210">ho</w><w n="211">kta</w><w n="212" lemma="sya">sya </w><w n="213">ta</w><w n="214">syā</w><w n="215" lemma="rtha">rttha</w><w n="216">syā</w><w n="217">nu</w><w n="218">vā</w><w n="219">dā</w><w n="220"></w><w n="221" lemma="tsmṛ">t smṛ</w><w n="222"></w><w n="223" lemma="taṃ">tam </w><w n="224">i</w><w n="225" lemma="tyā">ty ā</w><w n="226" lemma="ha">ha | </w>
</text></TEI>
<TEI n="A">
<text>
<w n="0">dra</w><w n="1" lemma="vyaṃ">vyam </w><w n="2">i</w><w n="3" lemma="tya">ty a</w><w n="4">sye</w><w n="5" lemma="ti">ti </w><w n="6">dra</w><w n="7" lemma="vyaṃ">vyaṃ </w><w n="8">nā</w><w n="9" lemma="ma">ma </w><w n="10" lemma="yaḥ">yaḥ </w><w n="11">pa</w><w n="12">dā</w><w n="13" lemma="rthaḥ">rthaḥ </w><w n="14">ta</w><w n="15">syai</w><w n="16" lemma="ta">ta </w><w n="17">e</w><w n="18" lemma="va">va </w><w n="19">pa</w><w n="20">ryā</w><w n="21" lemma="yā">yāḥ </w><w n="22">e</w><w n="23">te</w><w n="24" lemma="ṣāḥ">ṣās </w><w n="25">e</w><w n="26" lemma="va">va </w><w n="27">pā</w><w n="28">ra</w><w n="29">mā</w><w n="30">rthi</w><w n="31">ka</w><w n="32">rū</w><w n="33">pā</w><w n="34"></w><w n="35">bhi</w><w n="36">dhā</w><w n="37">yi</w><w n="38"></w><w n="39">tvā</w><w n="40" lemma="nnā">t_ nā</w><w n="41" lemma="nye">nye </w><w n="42">gha</w><w n="43">ṭā</w><w n="44">di</w><w n="45">śa</w><w n="46" lemma="bdāḥ">bdāḥ </w><w n="47">sa</w><w n="48" lemma="tya">ty a</w><w n="49" lemma="pi">pi </w><w n="50">ta</w><w n="51">da</w><w n="52">bhi</w><w n="53">dhā</w><w n="54">yi</w><w n="55" lemma="tve">tve </w><w n="56">va</w><w n="57">kṣya</w><w n="58">mā</w><w n="59">ṇa</w><w n="60">na</w><w n="61">ye</w><w n="62">nā</w><w n="63"></w><w n="64">tmā</w><w n="65">di</w><w n="66">śa</w><w n="67">bdā</w><w n="68" lemma="nāṃ">nām </w><w n="69">e</w><w n="70" lemma="va">va </w><w n="71">sa</w><w n="72">rva</w><w n="73" lemma="tra">tra </w><w n="74">gha</w><w n="75">ṭā</w><w n="76">dā</w><w n="77" lemma="va">v a</w><w n="78">vyā</w><w n="79">ha</w><w n="80">ta</w><w n="81"></w><w n="82">pra</w><w n="83">sa</w><w n="84">ra</w><w n="85" lemma="tvaṃ">tvaṃ </w><w n="86">ta</w><w n="87" lemma="thā">thā </w><w n="88" lemma="ca">ca </w><w n="89">bhā</w><w n="90" lemma="ṣyaṃ">ṣyaṃ </w><w n="91">e</w><w n="92" lemma="kaḥ">ko </w><w n="93" lemma="yaṃ">yam </w><w n="94">ā</w><w n="95" lemma="tmā">tmā </w><w n="96">u</w><w n="97">da</w><w n="98" lemma="kaṃ">kaṃ </w><w n="99">nā</w><w n="100"></w><w n="101"></w><w n="102"></w><w n="103"></w><w n="104"></w><w n="105"></w><w n="106"></w><w n="107"></w><w n="108"></w><w n="109"></w><w n="110"></w><w n="111">me</w><w n="112" lemma="ti">ti </w><w n="113">a</w><w n="114">trā</w><w n="115">tma</w><w n="116">śa</w><w n="117" lemma="bda">bda </w><w n="118">u</w><w n="119">da</w><w n="120" lemma="ke">ke </w><w n="121">pra</w><w n="122">yu</w><w n="123">jya</w><w n="124">mā</w><w n="125" lemma="naḥ">no </w><w n="126">dra</w><w n="127">vya</w><w n="128">va</w><w n="129">ca</w><w n="130" lemma="na">naḥ </w><w n="131">ā</w><w n="132">kṛ</w><w n="133">ti</w><w n="134">dvā</w><w n="135">re</w><w n="136" lemma="ṇa">ṇa </w><w n="137">cā</w><w n="138" lemma="nye">nye </w><w n="139">śa</w><w n="140" lemma="bdā">bdāḥ </w><w n="141">dra</w><w n="142" lemma="vye">vye </w><w n="143">va</w><w n="144">rta</w><w n="145" lemma="te">te </w><w n="146">i</w><w n="147" lemma="me">me </w><w n="148"></w><w n="149" lemma="tu">tu </w><w n="150"></w><w n="151">tpa</w><w n="152">ri</w><w n="153">tyā</w><w n="154">ge</w><w n="155" lemma="na">na </w><w n="156">mu</w><w n="157">khya</w><w n="158" lemma="yā">yā </w><w n="159"></w><w n="160"></w><w n="161">vṛ</w><w n="162">tye</w><w n="163" lemma="ti">ti </w><w n="164">vi</w><w n="165">śe</w><w n="166" lemma="ṣaḥ">ṣaḥ </w><w n="167">si</w><w n="168" lemma="dhe">ddhe </w><w n="169">śa</w><w n="170">bdā</w><w n="171">rtha</w><w n="172">saṃ</w><w n="173" lemma="baṃ">ban</w><w n="174" lemma="dha">dha </w><w n="175">i</w><w n="176" lemma="tya">ty a</w><w n="177" lemma="tra">tra </w><w n="178">dra</w><w n="179" lemma="vyaṃ">vyaṃ </w><w n="180">ni</w><w n="181" lemma="tyaṃ">tyam </w><w n="182">ā</w><w n="183">kṛ</w><w n="184" lemma="tiḥ">tir </w><w n="185">a</w><w n="186" lemma="nyā">nyā </w><w n="187">cā</w><w n="188" lemma="nyā">nyā </w><w n="189" lemma="ca">ca </w><w n="190">bha</w><w n="191">va</w><w n="192">tī</w><w n="193" lemma="ti">ti </w><w n="194">va</w><w n="195">da</w><w n="196" lemma="tā">tā </w><w n="197">bhā</w><w n="198">ṣya</w><w n="199">kā</w><w n="200">re</w><w n="201" lemma="ṇa">ṇa </w><w n="202">ni</w><w n="203" lemma="tyaṃ">tyaṃ </w><w n="204">dra</w><w n="205" lemma="vyaṃ">vyaṃ </w><w n="206">smṛ</w><w n="207" lemma="taṃ">taṃ </w><w n="208">saṃ</w><w n="209">gra</w><w n="210">ho</w><w n="211">kta</w><w n="212" lemma="sya">sya </w><w n="213">ta</w><w n="214">syā</w><w n="215">rtha</w><w n="216">syā</w><w n="217">nu</w><w n="218">vā</w><w n="219">dā</w><w n="220"></w><w n="221" lemma="tsmṛ">t smṛ</w><w n="222"></w><w n="223" lemma="taṃ">tam </w><w n="224">i</w><w n="225" lemma="tyā">ty ā</w><w n="226" lemma="ha">ha </w>
</text></TEI>
<TEI n="V">
<text>
<w n="0">dra</w><w n="1" lemma="vyaṃ">vyam </w><w n="2">i</w><w n="3" lemma="tya">ty a</w><w n="4">sye</w><w n="5" lemma="ti">ti </w><w n="6">dra</w><w n="7" lemma="vyaṃ">vyaṃ </w><w n="8">nā</w><w n="9" lemma="ma">ma </w><w n="10" lemma="yaḥ">yaḥ </w><w n="11">pa</w><w n="12">dā</w><w n="13" lemma="rthaḥ">rthaḥ </w><w n="14">ta</w><w n="15">syai</w><w n="16" lemma="va">va </w><w n="17">e</w><w n="18" lemma="va">va </w><w n="19">pa</w><w n="20">ryā</w><w n="21" lemma="yā">yāḥ </w><w n="22">e</w><w n="23">te</w><w n="24" lemma="ṣāṃ">ṣām </w><w n="25">e</w><w n="26" lemma="va">va </w><w n="27">pā</w><w n="28">ra</w><w n="29">mā</w><w n="30">rthi</w><w n="31">ka</w><w n="32">rū</w><w n="33">pā</w><w n="34"></w><w n="35">bhi</w><w n="36">dhā</w><w n="37">yi</w><w n="38"></w><w n="39">tvā</w><w n="40" lemma="nnā">t_ nā</w><w n="41" lemma="nye">nye </w><w n="42">gha</w><w n="43">ṭa</w><w n="44">di</w><w n="45">śa</w><w n="46" lemma="bdāḥ">bdāḥ </w><w n="47">sa</w><w n="48" lemma="tya">ty a</w><w n="49" lemma="pi">pi </w><w n="50">ta</w><w n="51">da</w><w n="52">bhi</w><w n="53">dhā</w><w n="54">yi</w><w n="55" lemma="tve">tve </w><w n="56">va</w><w n="57">kṣya</w><w n="58">mā</w><w n="59">ṇa</w><w n="60">na</w><w n="61">ye</w><w n="62">nā</w><w n="63"></w><w n="64">tmā</w><w n="65">di</w><w n="66">śa</w><w n="67">bdā</w><w n="68" lemma="nāṃ">nām </w><w n="69">e</w><w n="70" lemma="va">va </w><w n="71">sa</w><w n="72">rva</w><w n="73" lemma="tra">tra </w><w n="74">gha</w><w n="75">ṭā</w><w n="76">dā</w><w n="77" lemma="va">v a</w><w n="78">vyā</w><w n="79">ha</w><w n="80">ta</w><w n="81"></w><w n="82">pra</w><w n="83">sa</w><w n="84">ra</w><w n="85" lemma="tvaṃ">tvaṃ </w><w n="86">ta</w><w n="87" lemma="thā">thā </w><w n="88" lemma="ca">ca </w><w n="89">bhā</w><w n="90" lemma="ṣyaṃ">ṣyaṃ </w><w n="91">e</w><w n="92" lemma="kaḥ">ko </w><w n="93" lemma="yaṃ">yam </w><w n="94">ā</w><w n="95" lemma="tmā">tmā </w><w n="96">u</w><w n="97">da</w><w n="98" lemma="kaṃ">kaṃ </w><w n="99">nā</w><w n="100"></w><w n="101"></w><w n="102"></w><w n="103"></w><w n="104"></w><w n="105"></w><w n="106"></w><w n="107"></w><w n="108"></w><w n="109"></w><w n="110"></w><w n="111">me</w><w n="112" lemma="ti">ti </w><w n="113">a</w><w n="114">trā</w><w n="115">tma</w><w n="116">śa</w><w n="117" lemma="bda">bda </w><w n="118">u</w><w n="119">da</w><w n="120" lemma="ke">ke </w><w n="121">pra</w><w n="122">pra</w><w n="123">jya</w><w n="124">mā</w><w n="125" lemma="naḥ">no </w><w n="126">dra</w><w n="127">vya</w><w n="128">va</w><w n="129">ca</w><w n="130" lemma="na">naḥ </w><w n="131">ā</w><w n="132">kṛ</w><w n="133">ti</w><w n="134">dvā</w><w n="135">re</w><w n="136" lemma="ṇa">ṇa </w><w n="137">cā</w><w n="138" lemma="nye">nye </w><w n="139">śa</w><w n="140" lemma="bdā">bdāḥ </w><w n="141">dra</w><w n="142" lemma="vye">vye </w><w n="143">va</w><w n="144">rta</w><w n="145" lemma="te">te </w><w n="146">i</w><w n="147" lemma="me">me </w><w n="148"></w><w n="149" lemma="tu">tu </w><w n="150">ta</w><w n="151">tpa</w><w n="152">ri</w><w n="153">tyā</w><w n="154">ge</w><w n="155" lemma="na">na </w><w n="156">mu</w><w n="157">khya</w><w n="158" lemma="yā">yā </w><w n="159"></w><w n="160"></w><w n="161">vṛ</w><w n="162" lemma="te">tte</w><w n="163" lemma="ti">ti </w><w n="164">vi</w><w n="165">śe</w><w n="166" lemma="ṣaḥ">ṣaḥ </w><w n="167">si</w><w n="168" lemma="dhe">ddhe </w><w n="169">śa</w><w n="170">bdā</w><w n="171">rtha</w><w n="172">saṃ</w><w n="173" lemma="baṃ">ban</w><w n="174" lemma="dha">dha </w><w n="175">i</w><w n="176" lemma="tya">ty a</w><w n="177" lemma="tra">tra </w><w n="178">dra</w><w n="179" lemma="vyaṃ">vyaṃ </w><w n="180">ni</w><w n="181" lemma="tyaṃ">tyam </w><w n="182">ā</w><w n="183">ka</w><w n="184" lemma="tiḥ">tir </w><w n="185">a</w><w n="186" lemma="nyā">nyā </w><w n="187">cā</w><w n="188" lemma="nyā">nyā </w><w n="189" lemma="ca">ca </w><w n="190">bha</w><w n="191">va</w><w n="192">tī</w><w n="193" lemma="ti">ti </w><w n="194">va</w><w n="195">da</w><w n="196" lemma="tā">tā </w><w n="197">bhā</w><w n="198">ṣya</w><w n="199">kā</w><w n="200">re</w><w n="201" lemma="ṇa">ṇa </w><w n="202">ni</w><w n="203" lemma="tyaṃ">tyaṃ </w><w n="204">dra</w><w n="205" lemma="vyaṃ">vyaṃ </w><w n="206">smṛ</w><w n="207" lemma="taṃ">taṃ </w><w n="208">saṃ</w><w n="209">gra</w><w n="210" lemma="ho">ho&#166;</w><w n="211">kta</w><w n="212" lemma="sya">sya </w><w n="213">ta</w><w n="214">syā</w><w n="215">rtha</w><w n="216">syā</w><w n="217">nu</w><w n="218">vā</w><w n="219">dā</w><w n="220"></w><w n="221" lemma="tsmṛ">t smṛ</w><w n="222"></w><w n="223" lemma="taṃ">tam </w><w n="224">i</w><w n="225" lemma="tyā">ty ā</w><w n="226" lemma="ha">ha </w>
</text></TEI>
<TEI n="K">
<text>
<w n="0">dra</w><w n="1" lemma="vyaṃ">vyam </w><w n="2">i</w><w n="3" lemma="tya">ty a</w><w n="4">sye</w><w n="5" lemma="ti">ti </w><w n="6">dra</w><w n="7" lemma="vyaṃ">vyaṃ </w><w n="8">nā</w><w n="9" lemma="ma">ma </w><w n="10" lemma="yaḥ">yaḥ </w><w n="11">pa</w><w n="12">dā</w><w n="13" lemma="rthaḥ">rthaḥ </w><w n="14">ta</w><w n="15">syai</w><w n="16" lemma="ta">ta </w><w n="17">e</w><w n="18" lemma="va">va </w><w n="19">pa</w><w n="20">ryā</w><w n="21" lemma="yā">yāḥ </w><w n="22">e</w><w n="23">te</w><w n="24" lemma="ṣāṃ">ṣām </w><w n="25">e</w><w n="26" lemma="va">va </w><w n="27">pā</w><w n="28">ra</w><w n="29">mā</w><w n="30">rthi</w><w n="31">ka</w><w n="32">rū</w><w n="33">pā</w><w n="34"></w><w n="35">bhi</w><w n="36">dhā</w><w n="37">yi</w><w n="38"></w><w n="39">tvā</w><w n="40" lemma="nnā">t_ nā</w><w n="41" lemma="nye">nye </w><w n="42">gha</w><w n="43">ṭa</w><w n="44">di</w><w n="45">śa</w><w n="46" lemma="bdāḥ">bdāḥ </w><w n="47">sa</w><w n="48" lemma="tya">ty a</w><w n="49" lemma="pi">pi </w><w n="50">ta</w><w n="51">da</w><w n="52">bhi</w><w n="53">dhā</w><w n="54">yi</w><w n="55" lemma="tve">tve </w><w n="56">va</w><w n="57">kṣya</w><w n="58">mā</w><w n="59">ṇa</w><w n="60">na</w><w n="61">ye</w><w n="62">nā</w><w n="63"></w><w n="64">tmā</w><w n="65">di</w><w n="66">śa</w><w n="67">bdā</w><w n="68" lemma="nāṃ">nām </w><w n="69">e</w><w n="70" lemma="va">va </w><w n="71">sa</w><w n="72">rva</w><w n="73" lemma="tra">tra </w><w n="74">gha</w><w n="75">ṭā</w><w n="76">dā</w><w n="77" lemma="va">v a</w><w n="78">vyā</w><w n="79">ha</w><w n="80">ta</w><w n="81"></w><w n="82">pra</w><w n="83">sa</w><w n="84">ra</w><w n="85" lemma="tvaṃ">tvaṃ </w><w n="86">ta</w><w n="87" lemma="thā">thā </w><w n="88" lemma="ca">ca </w><w n="89">bhā</w><w n="90" lemma="ṣyaṃ">ṣyaṃ </w><w n="91">e</w><w n="92" lemma="kaḥ">ko </w><w n="93" lemma="yaṃ">yam </w><w n="94">ā</w><w n="95" lemma="tmā">tmā </w><w n="96">u</w><w n="97">da</w><w n="98" lemma="kaṃ">kaṃ </w><w n="99">nā</w><w n="100"></w><w n="101"></w><w n="102"></w><w n="103"></w><w n="104"></w><w n="105"></w><w n="106"></w><w n="107"></w><w n="108"></w><w n="109"></w><w n="110"></w><w n="111">me</w><w n="112" lemma="ti">ti </w><w n="113">a</w><w n="114">trā</w><w n="115">tma</w><w n="116">śa</w><w n="117" lemma="bda">bda </w><w n="118">u</w><w n="119">da</w><w n="120" lemma="ke">ke </w><w n="121">pra</w><w n="122">pra</w><w n="123">jya</w><w n="124">mā</w><w n="125" lemma="naḥ">no </w><w n="126">dra</w><w n="127">vya</w><w n="128">va</w><w n="129">ca</w><w n="130" lemma="na">naḥ </w><w n="131">ā</w><w n="132">kṛ</w><w n="133">ti</w><w n="134">dvā</w><w n="135">re</w><w n="136" lemma="ṇa">ṇa </w><w n="137">cā</w><w n="138" lemma="nye">nye </w><w n="139">śa</w><w n="140" lemma="bdā">bdāḥ </w><w n="141">dra</w><w n="142" lemma="vye">vye </w><w n="143">vaṃ</w><w n="144">rta</w><w n="145" lemma="te">te </w><w n="146">i</w><w n="147" lemma="me">me </w><w n="148"></w><w n="149" lemma="tu">tu </w><w n="150">ta</w><w n="151">tpa</w><w n="152">ri</w><w n="153">tyā</w><w n="154">ge</w><w n="155" lemma="na">na </w><w n="156">mu</w><w n="157">khya</w><w n="158" lemma="yā">yā </w><w n="159"></w><w n="160"></w><w n="161">vṛ</w><w n="162" lemma="tye">ttye</w><w n="163" lemma="ti">ti </w><w n="164">vi</w><w n="165">śe</w><w n="166" lemma="ṣaḥ">ṣaḥ </w><w n="167">si</w><w n="168" lemma="dhe">ddhe </w><w n="169">śa</w><w n="170">bdā</w><w n="171">rtha</w><w n="172">saṃ</w><w n="173" lemma="baṃ">ban</w><w n="174" lemma="dha">dha </w><w n="175">i</w><w n="176" lemma="tya">ty a</w><w n="177" lemma="tra">tra </w><w n="178">dra</w><w n="179" lemma="vyaṃ">vyaṃ </w><w n="180">ni</w><w n="181" lemma="tyaṃ">tyam </w><w n="182">ā</w><w n="183">ka</w><w n="184" lemma="tiḥ">tir </w><w n="185">a</w><w n="186" lemma="nyā">nyā </w><w n="187">cā</w><w n="188" lemma="nyā">nyā </w><w n="189" lemma="ca">ca </w><w n="190">bha</w><w n="191">va</w><w n="192">tī</w><w n="193" lemma="ti">ti </w><w n="194">va</w><w n="195">da</w><w n="196" lemma="tā">tā </w><w n="197">bhā</w><w n="198">ṣya</w><w n="199">kā</w><w n="200">re</w><w n="201" lemma="ṇa">ṇa </w><w n="202">ni</w><w n="203" lemma="tyaṃ">tyaṃ </w><w n="204">dra</w><w n="205" lemma="vyaṃ">vyaṃ </w><w n="206">smṛ</w><w n="207" lemma="taṃ">taṃ </w><w n="208">saṃ</w><w n="209">gra</w><w n="210">ho</w><w n="211">kta</w><w n="212" lemma="sya">sya </w><w n="213">ta</w><w n="214">syā</w><w n="215">rtha</w><w n="216">syā</w><w n="217">nu</w><w n="218">vā</w><w n="219">dā</w><w n="220"></w><w n="221" lemma="tsmṛ">t smṛ</w><w n="222"></w><w n="223" lemma="taṃ">tam </w><w n="224">i</w><w n="225" lemma="tyā">ty ā</w><w n="226" lemma="ha">ha </w>
</text></TEI>
<TEI n="D">
<text>
<w n="0">dra</w><w n="1" lemma="vyaṃ">vyam </w><w n="2">i</w><w n="3" lemma="tya">ty a</w><w n="4">sye</w><w n="5" lemma="ti">ti </w><w n="6">dra</w><w n="7" lemma="vyaṃ">vyaṃ </w><w n="8">nā</w><w n="9" lemma="ma">ma </w><w n="10" lemma="yaḥ">yaḥ </w><w n="11">pa</w><w n="12">dā</w><w n="13" lemma="rthaḥ">rthaḥ </w><w n="14">ta</w><w n="15">syai</w><w n="16" lemma="ta">ta </w><w n="17">e</w><w n="18" lemma="va">va </w><w n="19">pa</w><w n="20">ryā</w><w n="21" lemma="yā">yāḥ </w><w n="22">e</w><w n="23">te</w><w n="24" lemma="ṣāṃ">ṣām </w><w n="25">e</w><w n="26" lemma="va">va </w><w n="27">pā</w><w n="28">ra</w><w n="29">mā</w><w n="30">rthi</w><w n="31">ka</w><w n="32">rū</w><w n="33">pā</w><w n="34"></w><w n="35">bhi</w><w n="36">dhā</w><w n="37">yi</w><w n="38"></w><w n="39">tvā</w><w n="40" lemma="nnā">t_ nā</w><w n="41" lemma="nye">nye </w><w n="42">gha</w><w n="43">ṭa</w><w n="44">di</w><w n="45">śa</w><w n="46" lemma="bdāḥ">bdāḥ | </w><w n="47">sa</w><w n="48" lemma="tya">ty a</w><w n="49" lemma="pi">pi </w><w n="50">ta</w><w n="51">da</w><w n="52">bhi</w><w n="53">dhā</w><w n="54">yi</w><w n="55" lemma="tve">tve </w><w n="56">va</w><w n="57">kṣya</w><w n="58">mā</w><w n="59">ṇa</w><w n="60">na</w><w n="61">ye</w><w n="62">nā</w><w n="63"></w><w n="64">tmā</w><w n="65">di</w><w n="66">śa</w><w n="67">bdā</w><w n="68" lemma="nāṃ">nām </w><w n="69">e</w><w n="70" lemma="va">va </w><w n="71">sa</w><w n="72">rva</w><w n="73" lemma="tra">tra </w><w n="74">gha</w><w n="75">ṭā</w><w n="76">dā</w><w n="77" lemma="va">v a</w><w n="78">vyā</w><w n="79">ha</w><w n="80">ta</w><w n="81"></w><w n="82">pra</w><w n="83">sa</w><w n="84">ra</w><w n="85" lemma="tvaṃ">tvaṃ </w><w n="86">ta</w><w n="87" lemma="thā">thā </w><w n="88" lemma="ca">ca </w><w n="89">bhā</w><w n="90" lemma="ṣyaṃ">ṣyaṃ </w><w n="91">e</w><w n="92" lemma="kaḥ">ko </w><w n="93" lemma="yaṃ">yam </w><w n="94">ā</w><w n="95" lemma="tmā">tmā </w><w n="96">u</w><w n="97">da</w><w n="98" lemma="kaṃ">kaṃ </w><w n="99">nā</w><w n="100"></w><w n="101"></w><w n="102"></w><w n="103"></w><w n="104"></w><w n="105"></w><w n="106"></w><w n="107"></w><w n="108"></w><w n="109"></w><w n="110"></w><w n="111">me</w><w n="112" lemma="ti">ti </w><w n="113">a</w><w n="114">trā</w><w n="115">tma</w><w n="116">śa</w><w n="117" lemma="bda">bda </w><w n="118">u</w><w n="119">da</w><w n="120" lemma="ke">ke </w><w n="121">pra</w><w n="122">yu</w><w n="123">jya</w><w n="124">mā</w><w n="125" lemma="naḥ">no </w><w n="126">dra</w><w n="127">vya</w><w n="128">va</w><w n="129">ca</w><w n="130" lemma="na">naḥ </w><w n="131">ā</w><w n="132">kṛ</w><w n="133">ti</w><w n="134">dvā</w><w n="135">re</w><w n="136" lemma="ṇa">ṇa </w><w n="137">cā</w><w n="138" lemma="nye">nye </w><w n="139">śa</w><w n="140" lemma="bdā">bdāḥ </w><w n="141">dra</w><w n="142" lemma="vye">vye </w><w n="143">va</w><w n="144">rtaṃ</w><w n="145" lemma="te">te </w><w n="146">i</w><w n="147" lemma="me">me </w><w n="148"></w><w n="149" lemma="tu">tu </w><w n="150">ta</w><w n="151">tpa</w><w n="152">ri</w><w n="153">tyā</w><w n="154">ge</w><w n="155" lemma="na">na </w><w n="156">mu</w><w n="157">khya</w><w n="158" lemma="yā">yā </w><w n="159"></w><w n="160"></w><w n="161">vṛ</w><w n="162" lemma="tye">ttye</w><w n="163" lemma="ti">ti </w><w n="164">vi</w><w n="165">śe</w><w n="166" lemma="ṣaḥ">ṣaḥ | </w><w n="167">si</w><w n="168" lemma="dhe">ddhe </w><w n="169">śa</w><w n="170">bdā</w><w n="171">rtha</w><w n="172">saṃ</w><w n="173" lemma="baṃ">ban</w><w n="174" lemma="dha">dha </w><w n="175">i</w><w n="176" lemma="tya">ty a</w><w n="177" lemma="tra">tra </w><w n="178">dra</w><w n="179" lemma="vyaṃ">vyaṃ </w><w n="180">ni</w><w n="181" lemma="tyaṃ">tyam </w><w n="182">ā</w><w n="183">kṛ</w><w n="184" lemma="tiḥ">tir </w><w n="185">a</w><w n="186" lemma="nyā">nyā </w><w n="187">cā</w><w n="188" lemma="nyā">nyā </w><w n="189" lemma="ca">ca </w><w n="190">bha</w><w n="191">va</w><w n="192">tī</w><w n="193" lemma="ti">ti </w><w n="194">va</w><w n="195">da</w><w n="196" lemma="tā">tā </w><w n="197">bhā</w><w n="198">ṣya</w><w n="199">kā</w><w n="200">re</w><w n="201" lemma="ṇa">ṇa </w><w n="202">ni</w><w n="203" lemma="tyaṃ">tyaṃ </w><w n="204">dra</w><w n="205" lemma="vyaṃ">vyaṃ </w><w n="206">smṛ</w><w n="207" lemma="taṃ">taṃ </w><w n="208">saṃ</w><w n="209">gra</w><w n="210">ho</w><w n="211">kta</w><w n="212" lemma="sya">sya </w><w n="213">ta</w><w n="214">syā</w><w n="215">rtha</w><w n="216">syā</w><w n="217">nu</w><w n="218">vā</w><w n="219">dā</w><w n="220"></w><w n="221" lemma="tsmṛ">t smṛ</w><w n="222"></w><w n="223" lemma="taṃ">tam </w><w n="224">i</w><w n="225" lemma="tyā">ty ā</w><w n="226" lemma="ha">ha </w>
</text></TEI>
</teiCorpus>
