<?xml version="1.0" encoding="UTF-8"?>
<teiCorpus xmlns="http://www.tei-c.org/ns/1.0">

<TEI n="GV">
<text>
<w n="0"></w><w n="1"></w><w n="2"></w><w n="3"></w><w n="4"></w><w n="5"></w><w n="6"></w><w n="7"></w><w n="8"></w><w n="9"></w><w n="10"></w><w n="11"></w><w n="12"></w><w n="13"></w><w n="14"></w><w n="15"></w><w n="16"></w><w n="17"></w><w n="18"></w><w n="19"></w><w n="20"></w>
</text></TEI>
<TEI n="CT">
<text>
<w n="0">va</w><w n="1" lemma="stu">stu </w><w n="2">sva</w><w n="3">la</w><w n="4">kṣa</w><w n="5"></w><w n="6" lemma="ṇaṃ">ṇam </w><w n="7">a</w><w n="8">rtha</w><w n="9">kri</w><w n="10">yā</w><w n="11" lemma="kā">kā-</w><w n="12" lemma="ri">ri </w><w n="13">dra</w><w n="14" lemma="vyaṃ">vyam </w><w n="15">i</w><w n="16" lemma="ti">ti </w><w n="17">śā</w><w n="18" lemma="kyaiḥ">kyair </w><w n="19">u</w><w n="20" lemma="ktaṃ">ktam |</w>
</text></TEI>
<TEI n="T">
<text>
<w n="0">va</w><w n="1" lemma="stu">stu </w><w n="2">sva</w><w n="3">la</w><w n="4">kṣa</w><w n="5"></w><w n="6" lemma="ṇaṃ">ṇam </w><w n="7">a</w><w n="8" lemma="rtha">rttha</w><w n="9">kri</w><w n="10">yā</w><w n="11">kā</w><w n="12" lemma="ri">ri </w><w n="13">dra</w><w n="14" lemma="vyaṃ">vyam </w><w n="15">i</w><w n="16" lemma="ti">ti </w><w n="17">śā</w><w n="18" lemma="kyaiḥ">kyair </w><w n="19">u</w><w n="20" lemma="ktaṃ">ktaṃ </w>
</text></TEI>
<TEI n="H">
<text>
<w n="0">sva</w><w n="1"></w><w n="2"></w><w n="3">la</w><w n="4">kṣa</w><w n="5">mā</w><w n="6" lemma="ṇaṃ">ṇam </w><w n="7">a</w><w n="8">rtha</w><w n="9">kri</w><w n="10">yā</w><w n="11">kā</w><w n="12" lemma="ri">ri </w><w n="13">dra</w><w n="14" lemma="vyaṃ">vyam </w><w n="15">i</w><w n="16" lemma="ti">ti </w><w n="17">śā</w><w n="18" lemma="kyaiḥ">kyair </w><w n="19">u</w><w n="20" lemma="ktaṃ">ktaṃ | </w>
</text></TEI>
<TEI n="P">
<text>
<w n="0">va</w><w n="1" lemma="stu">stu </w><w n="2">sva</w><w n="3">la</w><w n="4">kṣa</w><w n="5"></w><w n="6">ṇa</w><w n="7"></w><w n="8"></w><w n="9">kri</w><w n="10">yā</w><w n="11">kā</w><w n="12" lemma="ri">ri </w><w n="13">dra</w><w n="14" lemma="vyaṃ">vyam </w><w n="15" lemma="i">i&#166;</w><w n="16" lemma="ti">ti </w><w n="17">ślo</w><w n="18" lemma="kaiḥ">kair </w><w n="19">u</w><w n="20" lemma="ktaṃ">ktaṃ </w>
</text></TEI>
<TEI n="M">
<text>
<w n="0">va</w><w n="1" lemma="stu">stu </w><w n="2">sva</w><w n="3">la</w><w n="4">kṣa</w><w n="5"></w><w n="6">ṇa</w><w n="7"></w><w n="8"></w><w n="9">kri</w><w n="10">yā</w><w n="11">kā</w><w n="12" lemma="ri">ri </w><w n="13">dra</w><w n="14" lemma="vyaṃ">vyam </w><w n="15">i</w><w n="16" lemma="ti">ti </w><w n="17">śrau</w><w n="18" lemma="kaiḥ">kair </w><w n="19">u</w><w n="20" lemma="ktaṃ">ktaṃ | </w>
</text></TEI>
<TEI n="G2">
<text>
<w n="0">va</w><w n="1" lemma="sta">sta </w><w n="2">sva</w><w n="3">la</w><w n="4">kṣa</w><w n="5"></w><w n="6" lemma="ṇaṃ">ṇam </w><w n="7">a</w><w n="8">rtha</w><w n="9">kri</w><w n="10">yā</w><w n="11">kā</w><w n="12" lemma="ri">ri </w><w n="13">dra</w><w n="14" lemma="vyaṃ">vyam </w><w n="15">i</w><w n="16" lemma="ti">ti- </w><w n="17">śā</w><w n="18" lemma="kyaiḥ">kyair </w><w n="19">u</w><w n="20" lemma="ktaṃ">ktaṃ </w>
</text></TEI>
<TEI n="G1">
<text>
<w n="0">va</w><w n="1" lemma="sta">sta </w><w n="2">sva</w><w n="3">la</w><w n="4">kṣa</w><w n="5"></w><w n="6" lemma="ṇaṃ">ṇam </w><w n="7">a</w><w n="8">rtha</w><w n="9">kri</w><w n="10">yā</w><w n="11">kā</w><w n="12" lemma="ri">ri </w><w n="13">dra</w><w n="14" lemma="vyaṃ">vyam </w><w n="15">i</w><w n="16" lemma="ti">ti </w><w n="17">śā</w><w n="18" lemma="kyaiḥ">kyair </w><w n="19">u</w><w n="20">ktaṃ</w>
</text></TEI>
<TEI n="L">
<text>
<w n="0">va</w><w n="1" lemma="stu">stu </w><w n="2">sva</w><w n="3">rū</w><w n="4"></w><w n="5"></w><w n="6" lemma="paṃ">pam </w><w n="7">a</w><w n="8">rtha</w><w n="9">kri</w><w n="10">yā</w><w n="11">kā</w><w n="12" lemma="ri">ri </w><w n="13">dra</w><w n="14" lemma="vyaṃ">vyam </w><w n="15">i</w><w n="16" lemma="ti">ti </w><w n="17">śā</w><w n="18" lemma="kyaiḥ">kyair </w><w n="19">u</w><w n="20">ktaṃ</w>
</text></TEI>
<TEI n="O">
<text>
<w n="0">va</w><w n="1" lemma="stu">stu </w><w n="2">sva</w><w n="3">la</w><w n="4">kṣa</w><w n="5"></w><w n="6" lemma="ṇaṃ">ṇaṃ </w><w n="7">a</w><w n="8" lemma="rtha">rttha</w><w n="9">kri</w><w n="10">yā</w><w n="11">kā</w><w n="12" lemma="ri">ri </w><w n="13">dra</w><w n="14" lemma="vyaṃ">vyam </w><w n="15">i</w><w n="16" lemma="ti">ti </w><w n="17">śā</w><w n="18" lemma="kyaiḥ">kyair </w><w n="19">u</w><w n="20" lemma="ktaṃ">ktaṃ </w>
</text></TEI>
<TEI n="A">
<text>
<w n="0">va</w><w n="1" lemma="stu">stu </w><w n="2">sva</w><w n="3">la</w><w n="4">kṣa</w><w n="5"></w><w n="6" lemma="ṇaṃ">ṇam </w><w n="7">a</w><w n="8">rtha</w><w n="9">kri</w><w n="10">yā</w><w n="11">kā</w><w n="12" lemma="ri">ri </w><w n="13">dra</w><w n="14" lemma="vyaṃ">vyam </w><w n="15">i</w><w n="16" lemma="ti">ti </w><w n="17">śā</w><w n="18" lemma="kyaiḥ">kyair </w><w n="19">u</w><w n="20" lemma="ktaṃ">ktaṃ </w>
</text></TEI>
<TEI n="V">
<text>
<w n="0">va</w><w n="1" lemma="stu">stu </w><w n="2">sva</w><w n="3">la</w><w n="4">kṣa</w><w n="5"></w><w n="6" lemma="ṇaṃ">ṇam </w><w n="7">a</w><w n="8">rtha</w><w n="9">kri</w><w n="10">yā</w><w n="11">kā</w><w n="12" lemma="ri">ri </w><w n="13">dra</w><w n="14" lemma="vyaṃ">vyam </w><w n="15">i</w><w n="16" lemma="ti">ti </w><w n="17"></w><w n="18" lemma="kaiḥ">kair </w><w n="19">u</w><w n="20" lemma="ktaṃ">ktaṃ </w>
</text></TEI>
<TEI n="K">
<text>
<w n="0">va</w><w n="1" lemma="stu">stu </w><w n="2">sva</w><w n="3">la</w><w n="4">kṣa</w><w n="5"></w><w n="6" lemma="ṇaṃ">ṇam </w><w n="7">a</w><w n="8">rtha</w><w n="9">kri</w><w n="10">yā</w><w n="11">kā</w><w n="12" lemma="ri">ri </w><w n="13">dra</w><w n="14" lemma="vyaṃ">vyam </w><w n="15">i</w><w n="16" lemma="ti">ti </w><w n="17"></w><w n="18" lemma="kyaiḥ">kyair </w><w n="19">u</w><w n="20" lemma="ktaṃ">ktaṃ </w>
</text></TEI>
<TEI n="D">
<text>
<w n="0">va</w><w n="1" lemma="stu">stu </w><w n="2">sva</w><w n="3">la</w><w n="4">kṣa</w><w n="5"></w><w n="6" lemma="ṇaṃ">ṇam </w><w n="7">a</w><w n="8">rtha</w><w n="9">kri</w><w n="10">yā</w><w n="11">kā</w><w n="12" lemma="ri">ri </w><w n="13">dra</w><w n="14" lemma="vyaṃ">vyam </w><w n="15">i</w><w n="16" lemma="ti">ti </w><w n="17">śā</w><w n="18" lemma="kyaiḥ">kyair </w><w n="19">u</w><w n="20" lemma="ktaṃ">ktaṃ </w>
</text></TEI>
</teiCorpus>
