<?xml version="1.0" encoding="UTF-8"?>
<teiCorpus xmlns="http://www.tei-c.org/ns/1.0">

<TEI n="GV">
<text>
<w n="0"></w><w n="1"></w><w n="2">ta</w><w n="3" lemma="tra">tra </w><w n="4"></w><w n="5" lemma="sa">sa </w><w n="6">rū</w><w n="7">pa</w><w n="8">ta</w><w n="9" lemma="yā">yā </w><w n="10" lemma="ca">ca </w><w n="11">ta</w><w n="12">syai</w><w n="13" lemma="va">va </w><w n="14">vi</w><w n="15">va</w><w n="16" lemma="rtaḥ">rtaḥ | </w><w n="17">ta</w><w n="18" lemma="thā">thā </w><w n="19" lemma="hi">hi </w><w n="20">dṛ</w><w n="21" lemma="śya">śya </w><w n="22">tā</w><w n="23">va</w><w n="24" lemma="tbhā">d bhā</w><w n="25">va</w><w n="26">jā</w><w n="27" lemma="taṃ">taṃ </w><w n="28">saṃ</w><w n="29">vi</w><w n="30"></w><w n="31"></w><w n="32"></w><w n="33">drū</w><w n="34"></w><w n="35"></w><w n="36"></w><w n="37"></w><w n="38"></w><w n="39" lemma="paṃ">paṃ </w><w n="40">ve</w><w n="41">dya</w><w n="42">tvā</w><w n="43" lemma="te">t | e</w><w n="44" lemma="vaṃ">vaṃ </w><w n="45">ce</w><w n="46" lemma="daṃ">dam </w><w n="47">a</w><w n="48">ne</w><w n="49">ka</w><w n="50"></w><w n="51">pra</w><w n="52">kā</w><w n="53">śa</w><w n="54"></w><w n="55">pa</w><w n="56">ra</w><w n="57">mā</w><w n="58">rtha</w><w n="59" lemma="sya">sya </w><w n="60">pra</w><w n="61">kā</w><w n="62">śa</w><w n="63"></w><w n="64"></w><w n="65"></w><w n="66">yo</w><w n="67">gā</w><w n="68" lemma="ti">d i</w><w n="69" lemma="tiḥ">tiḥ </w><w n="70">pū</w><w n="71">rva</w><w n="72">kāṃ</w><w n="73">ḍai</w><w n="74"></w><w n="75">ta</w><w n="76"></w><w n="77">si</w><w n="78" lemma="dhau">ddhau </w><w n="79" lemma="ta">ta </w><w n="80">vī</w><w n="81">ta</w><w n="82" lemma="tya">tya </w><w n="83">vi</w><w n="84">cā</w><w n="85">ri</w><w n="86" lemma="taṃ">taṃ | </w><w n="87">dṛ</w><w n="88" lemma="ṣṭā">ṣṭā </w><w n="89" lemma="tu">tu </w><w n="90">jī</w><w n="91">vā</w><w n="92" lemma="tmā">tmā </w><w n="93">a</w><w n="94" lemma="pi">pi </w><w n="95">cā</w><w n="96">kṛ</w><w n="97">tā</w><w n="98">va</w><w n="99">che</w><w n="100" lemma="daḥ">do </w><w n="101">ni</w><w n="102">ya</w><w n="103" lemma="taḥ">taḥ </w><w n="104">sa</w><w n="105">tva</w><w n="106">saṃ</w><w n="107">sā</w><w n="108" lemma="rī">rī </w><w n="109">bho</w><w n="110" lemma="ktā">ktā </w><w n="111">vra</w><w n="112">hmai</w><w n="113" lemma="va">va </w><w n="114">ce</w><w n="115">ta</w><w n="116">na</w><w n="117">tvā</w><w n="118" lemma="tta">t | ta</w><w n="119"></w><w n="120" lemma="taḥ">to </w><w n="121">bhe</w><w n="122" lemma="daḥ">do </w><w n="123">nu</w><w n="124">pa</w><w n="125">pa</w><w n="126" lemma="teḥ">ter </w><w n="127">i</w><w n="128" lemma="ti">ti </w><w n="129">ta</w><w n="130">trai</w><w n="131">vo</w><w n="132">pa</w><w n="133">pā</w><w n="134">di</w><w n="135" lemma="taṃ">taṃ | </w><w n="136">a</w><w n="137">ne</w><w n="138" lemma="na">na </w><w n="139" lemma="ca">ca </w><w n="140">pra</w><w n="141">dhā</w><w n="142">na</w><w n="143">ka</w><w n="144">rtṛ</w><w n="145">ka</w><w n="146">rma</w><w n="147">rū</w><w n="148">pa</w><w n="149">kā</w><w n="150">ra</w><w n="151">ka</w><w n="152">ni</w><w n="153">śca</w><w n="154">ye</w><w n="155" lemma="na">na </w><w n="156">kā</w><w n="157">ra</w><w n="158">kā</w><w n="159">ta</w><w n="160"></w><w n="161">syā</w><w n="162">rū</w><w n="163">pa</w><w n="164"></w><w n="165">si</w><w n="166" lemma="dha">ddha</w><w n="167">rū</w><w n="168" lemma="paḥ">po </w><w n="169">vi</w><w n="170">va</w><w n="171">rta</w><w n="172"></w><w n="173"></w><w n="174">pā</w><w n="175">di</w><w n="176" lemma="taḥ">taḥ | </w>
</text></TEI>
<TEI n="CT">
<text>
<w n="0"></w><w n="1"></w><w n="2">dṛ</w><w n="3">ṣṭa</w><w n="4">dṛ</w><w n="5">śya</w><w n="6">rū</w><w n="7">pa</w><w n="8">ta</w><w n="9" lemma="yā">yā </w><w n="10" lemma="cā">cā </w><w n="11">ta</w><w n="12">syai</w><w n="13" lemma="va">va </w><w n="14">vi</w><w n="15">va</w><w n="16" lemma="rtaḥ">rtaḥ | </w><w n="17">ta</w><w n="18" lemma="thā">thā </w><w n="19" lemma="hi">hi </w><w n="20">dṛ</w><w n="21" lemma="śyaṃ">śyaṃ </w><w n="22">tā</w><w n="23">va</w><w n="24" lemma="tbhā">t_ bhā</w><w n="25">va</w><w n="26">jā</w><w n="27" lemma="taṃ">taṃ </w><w n="28">saṃ</w><w n="29">vi</w><w n="30">du</w><w n="31">pā</w><w n="32"></w><w n="33">rū</w><w n="34"></w><w n="35" lemma="ḍhaṃ">ḍhaṃ </w><w n="36">ve</w><w n="37" lemma="dya">dya-</w><w n="38">mā</w><w n="39">nā</w><w n="40">ve</w><w n="41">dya</w><w n="42">tvā</w><w n="43" lemma="te">d e</w><w n="44" lemma="va">va </w><w n="45">ve</w><w n="46">da</w><w n="47"></w><w n="48">nai</w><w n="49">ka</w><w n="50">pa</w><w n="51">ra</w><w n="52">mā</w><w n="53" lemma="rthaṃ">rtham </w><w n="54">a</w><w n="55">pra</w><w n="56"></w><w n="57" lemma="kā">kā-</w><w n="58">śa</w><w n="59" lemma="sya">sya </w><w n="60">pra</w><w n="61">kā</w><w n="62">śa</w><w n="63">mā</w><w n="64">na</w><w n="65">ta</w><w n="66">yo</w><w n="67">gā</w><w n="68" lemma="ti">d i</w><w n="69" lemma="ti">ti </w><w n="70">pū</w><w n="71">rva</w><w n="72" lemma="kāṃ">kāṇ</w><w n="73" lemma="ḍe">ḍe '</w><w n="74">dva</w><w n="75"></w><w n="76">ya</w><w n="77">si</w><w n="78" lemma="dhau">ddhau </w><w n="79"></w><w n="80">vi</w><w n="81">ta</w><w n="82" lemma="tya">tya </w><w n="83">vi</w><w n="84">cā</w><w n="85">ri</w><w n="86" lemma="taṃ">tam | </w><w n="87">dra</w><w n="88">ṣṭā</w><w n="89" lemma="pi">pi </w><w n="90" lemma="jī">jī-</w><w n="91">vā</w><w n="92">tmā</w><w n="93"></w><w n="94">vi</w><w n="95">dyā</w><w n="96">kṛ</w><w n="97">tā</w><w n="98">va</w><w n="99" lemma="che">cche</w><w n="100" lemma="daḥ">do </w><w n="101">ni</w><w n="102">ya</w><w n="103" lemma="taḥ">tas </w><w n="104">saṃ</w><w n="105"></w><w n="106"></w><w n="107">sā</w><w n="108" lemma="rī">rī </w><w n="109">bho</w><w n="110" lemma="ktā">ktā </w><w n="111">bra</w><w n="112">hmai</w><w n="113" lemma="va">va </w><w n="114">ce</w><w n="115">ta</w><w n="116">na</w><w n="117">tvā</w><w n="118" lemma="tbhā">t_ bhā</w><w n="119">va</w><w n="120" lemma="taḥ">to </w><w n="121">bhe</w><w n="122">dā</w><w n="123" lemma="nu">nu-</w><w n="124">pa</w><w n="125">pa</w><w n="126" lemma="teḥ">tter </w><w n="127">i</w><w n="128" lemma="ti">ti </w><w n="129">ta</w><w n="130">trai</w><w n="131">vā</w><w n="132">ve</w><w n="133"></w><w n="134">di</w><w n="135" lemma="taṃ">tam | </w><w n="136">a</w><w n="137">ne</w><w n="138" lemma="na">na </w><w n="139" lemma="ca">ca </w><w n="140">pra</w><w n="141" lemma="dhā">dhā-</w><w n="142">na</w><w n="143">ka</w><w n="144">rtṛ</w><w n="145">ka</w><w n="146">rma</w><w n="147">rū</w><w n="148">pa</w><w n="149">kā</w><w n="150">ra</w><w n="151">ka</w><w n="152">ni</w><w n="153">rde</w><w n="154">śe</w><w n="155" lemma="na">na </w><w n="156">kā</w><w n="157">ra</w><w n="158" lemma="kāṃ">kān</w><w n="159" lemma="ta">ta-</w><w n="160">ra</w><w n="161">syā</w><w n="162" lemma="pyā">py ā</w><w n="163">kṣe</w><w n="164">pā</w><w n="165" lemma="tsi">t si</w><w n="166" lemma="dha">ddha</w><w n="167">rū</w><w n="168" lemma="paḥ">po </w><w n="169">vi</w><w n="170">va</w><w n="171" lemma="rtaḥ">rtaḥ </w><w n="172">pra</w><w n="173">ti</w><w n="174">pā</w><w n="175" lemma="di">di-</w><w n="176" lemma="taḥ">taḥ |</w>
</text></TEI>
<TEI n="T">
<text>
<w n="0">dra</w><w n="1">ṣṭṛ</w><w n="2">dṛ</w><w n="3"></w><w n="4"></w><w n="5">śya</w><w n="6">rū</w><w n="7">pa</w><w n="8">ta</w><w n="9" lemma="yā">yā </w><w n="10" lemma="ca">ca </w><w n="11">ta</w><w n="12">syai</w><w n="13" lemma="va">va </w><w n="14">vi</w><w n="15">va</w><w n="16" lemma="rtaḥ">rttaḥ </w><w n="17">ta</w><w n="18" lemma="thā">thā </w><w n="19" lemma="hi">hi </w><w n="20">dṛ</w><w n="21">śya</w><w n="22" lemma="ntā">n tā</w><w n="23">va</w><w n="24" lemma="tbhā">t_ bhā</w><w n="25">va</w><w n="26">jā</w><w n="27" lemma="taṃ">taṃ </w><w n="28">saṃ</w><w n="29">vi</w><w n="30">du</w><w n="31">pā</w><w n="32"></w><w n="33">rū</w><w n="34"></w><w n="35" lemma="ḍhaṃ">ḍhaṃ </w><w n="36">ve</w><w n="37">dya</w><w n="38">mā</w><w n="39">nā</w><w n="40">ve</w><w n="41">dya</w><w n="42">tvā</w><w n="43" lemma="te">d e</w><w n="44" lemma="va">va </w><w n="45">ve</w><w n="46">de</w><w n="47"></w><w n="48">nai</w><w n="49">ka</w><w n="50">pa</w><w n="51">ra</w><w n="52">mā</w><w n="53" lemma="rthaṃ">rttham </w><w n="54">a</w><w n="55">pra</w><w n="56"></w><w n="57">kā</w><w n="58">śa</w><w n="59" lemma="sya">sya </w><w n="60">pra</w><w n="61">kā</w><w n="62">śa</w><w n="63">mā</w><w n="64">na</w><w n="65">tā</w><w n="66">yo</w><w n="67">gā</w><w n="68" lemma="ti">d i</w><w n="69" lemma="ti">ti </w><w n="70">pū</w><w n="71" lemma="rva">rvva</w><w n="72" lemma="kāṃ">kāṇ</w><w n="73" lemma="ḍe">ḍe </w><w n="74">dva</w><w n="75"></w><w n="76">ya</w><w n="77">si</w><w n="78" lemma="dhau">ddhau </w><w n="79"></w><w n="80">vi</w><w n="81">ta</w><w n="82" lemma="tya">tya </w><w n="83">vi</w><w n="84">cā</w><w n="85">ri</w><w n="86" lemma="taṃ">taṃ </w><w n="87">dra</w><w n="88">ṣṭā</w><w n="89" lemma="pi">pi </w><w n="90">jī</w><w n="91">vā</w><w n="92">tmā</w><w n="93"></w><w n="94">vi</w><w n="95">dyā</w><w n="96">kṛ</w><w n="97">tā</w><w n="98">va</w><w n="99" lemma="che">cśe</w><w n="100" lemma="daḥ">do </w><w n="101">ni</w><w n="102">ya</w><w n="103">ta</w><w n="104">saṃ</w><w n="105"></w><w n="106"></w><w n="107">sā</w><w n="108" lemma="rī">rī </w><w n="109">bho</w><w n="110" lemma="ktā">ktā </w><w n="111">bra</w><w n="112">hmai</w><w n="113" lemma="va">va </w><w n="114">ce</w><w n="115">ta</w><w n="116">na</w><w n="117">tvā</w><w n="118" lemma="tbhā">t_ bhā</w><w n="119">va</w><w n="120" lemma="taḥ">to </w><w n="121">bhe</w><w n="122">dā</w><w n="123">nu</w><w n="124">pa</w><w n="125">pa</w><w n="126" lemma="teḥ">tter </w><w n="127">i</w><w n="128" lemma="ti">ti </w><w n="129">ta</w><w n="130">trai</w><w n="131">vā</w><w n="132">ve</w><w n="133"></w><w n="134">di</w><w n="135" lemma="taṃ">taṃ </w><w n="136">a</w><w n="137">ne</w><w n="138" lemma="na">na </w><w n="139" lemma="ca">ca </w><w n="140">pra</w><w n="141">dhā</w><w n="142">na</w><w n="143">ka</w><w n="144" lemma="rtṛ">rttṛ</w><w n="145">ka</w><w n="146" lemma="rma">rmma</w><w n="147">rū</w><w n="148">pa</w><w n="149">kā</w><w n="150">ra</w><w n="151">ka</w><w n="152">ni</w><w n="153" lemma="rde">rdde</w><w n="154">śe</w><w n="155" lemma="na">na </w><w n="156">kā</w><w n="157">ra</w><w n="158" lemma="kāṃ">kān</w><w n="159">ta</w><w n="160">ra</w><w n="161">syā</w><w n="162" lemma="pyā">py ā</w><w n="163">kṣe</w><w n="164">pā</w><w n="165" lemma="tsi">t si</w><w n="166" lemma="dha">ddha</w><w n="167">rū</w><w n="168" lemma="paḥ">po </w><w n="169">vi</w><w n="170">va</w><w n="171" lemma="rtaḥ">rttaḥ </w><w n="172">pra</w><w n="173">ti</w><w n="174">pā</w><w n="175">di</w><w n="176" lemma="taḥ">taḥ </w>
</text></TEI>
<TEI n="H">
<text>
<w n="0">dra</w><w n="1">ṣṭa</w><w n="2">dṛ</w><w n="3"></w><w n="4"></w><w n="5">śya</w><w n="6">rū</w><w n="7">pa</w><w n="8">ta</w><w n="9" lemma="yā">yā </w><w n="10"></w><w n="11">ta</w><w n="12">syai</w><w n="13" lemma="va">va </w><w n="14">vi</w><w n="15">va</w><w n="16" lemma="rtaḥ">rttas </w><w n="17">ta</w><w n="18" lemma="thā">thā </w><w n="19" lemma="hi">hi </w><w n="20">dṛ</w><w n="21" lemma="śyaṃ">śyaṃ </w><w n="22">bhā</w><w n="23">va</w><w n="24" lemma="tbhā">d bhā</w><w n="25">va</w><w n="26">jā</w><w n="27" lemma="ta">ta </w><w n="28">saṃ</w><w n="29">vi</w><w n="30">drū</w><w n="31">pā</w><w n="32">kā</w><w n="33" lemma="ra">ra </w><w n="34">i</w><w n="35" lemma="chaṃ">chaṃ </w><w n="36">ve</w><w n="37">dya</w><w n="38">mā</w><w n="39" lemma="naṃ">naṃ </w><w n="40">ve</w><w n="41">dya</w><w n="42">tvā</w><w n="43" lemma="te">d e</w><w n="44" lemma="va">va </w><w n="45">ce</w><w n="46" lemma="daṃ">dam </w><w n="47">a</w><w n="48">ne</w><w n="49">ka</w><w n="50">pa</w><w n="51">ra</w><w n="52">mā</w><w n="53" lemma="rthaṃ">rtham </w><w n="54">a</w><w n="55">pra</w><w n="56"></w><w n="57">kā</w><w n="58">śa</w><w n="59" lemma="sya">sya </w><w n="60">pra</w><w n="61">kā</w><w n="62">śa</w><w n="63">nā</w><w n="64"></w><w n="65"></w><w n="66">yo</w><w n="67">gā</w><w n="68" lemma="ti">d i</w><w n="69" lemma="ti">ti </w><w n="70">pū</w><w n="71">rva</w><w n="72">kāṃ</w><w n="73">ḍa</w><w n="74">dva</w><w n="75"></w><w n="76">ya</w><w n="77">vi</w><w n="78" lemma="dhau">ddhau </w><w n="79">pra</w><w n="80">vi</w><w n="81">ta</w><w n="82" lemma="tya">tya </w><w n="83">vi</w><w n="84">cā</w><w n="85">ri</w><w n="86" lemma="taṃ">taṃ | </w><w n="87">dra</w><w n="88">ṣṭā</w><w n="89" lemma="pi">pi </w><w n="90">jī</w><w n="91">vā</w><w n="92" lemma="tmā">tmā'</w><w n="93"></w><w n="94">vi</w><w n="95">dyā</w><w n="96">kṛ</w><w n="97">tā</w><w n="98">va</w><w n="99">che</w><w n="100" lemma="daḥ">do </w><w n="101">ni</w><w n="102">ya</w><w n="103" lemma="taḥ">taḥ </w><w n="104">saṃ</w><w n="105"></w><w n="106"></w><w n="107">sā</w><w n="108" lemma="rī">rī </w><w n="109">bho</w><w n="110" lemma="ktā">ktā </w><w n="111">bra</w><w n="112">hmai</w><w n="113" lemma="va">va </w><w n="114">ce</w><w n="115">ta</w><w n="116">na</w><w n="117">tvā</w><w n="118" lemma="ttā">t tā</w><w n="119">va</w><w n="120" lemma="taḥ">to </w><w n="121">bhe</w><w n="122">dā</w><w n="123">nu</w><w n="124">pa</w><w n="125">pa</w><w n="126" lemma="teḥ">tter </w><w n="127">i</w><w n="128" lemma="tī">tī </w><w n="129">ta</w><w n="130">trai</w><w n="131">vā</w><w n="132">ve</w><w n="133"></w><w n="134">di</w><w n="135" lemma="taṃ">taṃ | </w><w n="136">a</w><w n="137">ne</w><w n="138" lemma="na">na </w><w n="139" lemma="ca">ca </w><w n="140">pra</w><w n="141">dhā</w><w n="142">na</w><w n="143">ka</w><w n="144">rtṛ</w><w n="145">ka</w><w n="146">rma</w><w n="147">rū</w><w n="148">pa</w><w n="149">kā</w><w n="150">ra</w><w n="151">ka</w><w n="152">ni</w><w n="153">rde</w><w n="154">śe</w><w n="155" lemma="na">na </w><w n="156">kā</w><w n="157">ra</w><w n="158">kāṃ</w><w n="159">ta</w><w n="160">ra</w><w n="161">syā</w><w n="162"></w><w n="163">kṣe</w><w n="164">pā</w><w n="165" lemma="tsi">t si</w><w n="166" lemma="dha">ddha</w><w n="167">rū</w><w n="168" lemma="paḥ">po </w><w n="169">vi</w><w n="170">va</w><w n="171" lemma="rtaḥ">rttaḥ </w><w n="172">pra</w><w n="173">ti</w><w n="174">pā</w><w n="175">di</w><w n="176" lemma="to">to </w>
</text></TEI>
<TEI n="P">
<text>
<w n="0"></w><w n="1"></w><w n="2">ta</w><w n="3" lemma="tra">tra </w><w n="4"></w><w n="5" lemma="sa">sa </w><w n="6">rū</w><w n="7">pa</w><w n="8">ta</w><w n="9" lemma="yā">yā </w><w n="10" lemma="ca">ca </w><w n="11">ta</w><w n="12">syai</w><w n="13" lemma="va">va </w><w n="14">vi</w><w n="15">va</w><w n="16" lemma="rtaḥ">rttaḥ </w><w n="17">ta</w><w n="18" lemma="thā">thā </w><w n="19" lemma="hi">hi </w><w n="20">dṛ</w><w n="21" lemma="śya">śya </w><w n="22">tā</w><w n="23">va</w><w n="24" lemma="tbhā">d bhā</w><w n="25">va</w><w n="26">jā</w><w n="27" lemma="taṃ">taṃ </w><w n="28">saṃ</w><w n="29">vi</w><w n="30"></w><w n="31"></w><w n="32"></w><w n="33">drū</w><w n="34"></w><w n="35"></w><w n="36"></w><w n="37"></w><w n="38"></w><w n="39" lemma="paṃ">paṃ </w><w n="40">vai</w><w n="41">dya</w><w n="42">tvā</w><w n="43" lemma="te">t e</w><w n="44" lemma="vaṃ">vaṃ </w><w n="45">ce</w><w n="46" lemma="daṃ">dam </w><w n="47">a</w><w n="48">ne</w><w n="49">ka</w><w n="50"></w><w n="51">pra</w><w n="52">kā</w><w n="53">śa</w><w n="54"></w><w n="55">pa</w><w n="56">ra</w><w n="57">mā</w><w n="58">rtha</w><w n="59" lemma="sya">sya </w><w n="60">pra</w><w n="61">kā</w><w n="62">śa</w><w n="63"></w><w n="64"></w><w n="65"></w><w n="66">yo</w><w n="67">gā</w><w n="68" lemma="ti">d i</w><w n="69" lemma="tiḥ">tiḥ </w><w n="70">pū</w><w n="71">rva</w><w n="72">kāṃ</w><w n="73">ḍai</w><w n="74"></w><w n="75">ta</w><w n="76"></w><w n="77">si</w><w n="78" lemma="dhau">ddhau </w><w n="79" lemma="ta">ta </w><w n="80">vī</w><w n="81">ta</w><w n="82" lemma="tya">tya </w><w n="83">vi</w><w n="84">cā</w><w n="85">ri</w><w n="86" lemma="taṃ">taṃ </w><w n="87" lemma="dṛ">dṛ&#166;</w><w n="88" lemma="ṣṭā">ṣṭā </w><w n="89"></w><w n="90">jī</w><w n="91">vā</w><w n="92" lemma="tmā">tmā '</w><w n="93"></w><w n="94" lemma="pi">pi </w><w n="95">cā</w><w n="96">kṛ</w><w n="97">tā</w><w n="98">va</w><w n="99">che</w><w n="100" lemma="daḥ">do </w><w n="101">ni</w><w n="102">ya</w><w n="103" lemma="taḥ">taḥ </w><w n="104">sa</w><w n="105">tva</w><w n="106">saṃ</w><w n="107">sā</w><w n="108" lemma="rī">rī </w><w n="109">bho</w><w n="110" lemma="ktā">ktā </w><w n="111">bra</w><w n="112">hmai</w><w n="113" lemma="va">va </w><w n="114">ce</w><w n="115">ta</w><w n="116">na</w><w n="117">tvā</w><w n="118" lemma="tta">t ta</w><w n="119"></w><w n="120" lemma="taḥ">to </w><w n="121">bhe</w><w n="122" lemma="daḥ">do </w><w n="123">nu</w><w n="124">pa</w><w n="125">pa</w><w n="126" lemma="teḥ">tter </w><w n="127">i</w><w n="128" lemma="ti">ti </w><w n="129"></w><w n="130">trai</w><w n="131">vo</w><w n="132">pa</w><w n="133">pā</w><w n="134">di</w><w n="135" lemma="taṃ">taṃ </w><w n="136">a</w><w n="137">ne</w><w n="138" lemma="na">na </w><w n="139" lemma="ca">ca </w><w n="140">pra</w><w n="141">dhā</w><w n="142">na</w><w n="143">ka</w><w n="144">rtṛ</w><w n="145">ka</w><w n="146">rma</w><w n="147">rū</w><w n="148">pa</w><w n="149">kā</w><w n="150">ra</w><w n="151">ka</w><w n="152">ni</w><w n="153">śca</w><w n="154">ye</w><w n="155" lemma="na">na </w><w n="156">kā</w><w n="157">ra</w><w n="158">kā</w><w n="159">ta</w><w n="160"></w><w n="161">syā</w><w n="162">rū</w><w n="163">pa</w><w n="164"></w><w n="165">si</w><w n="166" lemma="dha">ddha</w><w n="167">rū</w><w n="168" lemma="paḥ">po </w><w n="169">vi</w><w n="170">va</w><w n="171">rta</w><w n="172"></w><w n="173"></w><w n="174">pā</w><w n="175">di</w><w n="176" lemma="taḥ">taḥ </w>
</text></TEI>
<TEI n="M">
<text>
<w n="0"></w><w n="1"></w><w n="2">ta</w><w n="3" lemma="tra">tra </w><w n="4"></w><w n="5" lemma="sa">sa </w><w n="6">rū</w><w n="7">pa</w><w n="8">ta</w><w n="9" lemma="yā">yā </w><w n="10" lemma="ca">ca </w><w n="11">ta</w><w n="12">syai</w><w n="13" lemma="va">va </w><w n="14">vi</w><w n="15">va</w><w n="16" lemma="rtaḥ">rttaḥ | </w><w n="17">ta</w><w n="18" lemma="thā">thā </w><w n="19" lemma="hi">hi | </w><w n="20">dṛ</w><w n="21" lemma="śyaṃ">śyaṃ </w><w n="22">tā</w><w n="23">va</w><w n="24" lemma="tbhā">d bhā</w><w n="25">va</w><w n="26">jā</w><w n="27" lemma="taṃ">taṃ </w><w n="28">saṃ</w><w n="29">vi</w><w n="30"></w><w n="31"></w><w n="32"></w><w n="33">drū</w><w n="34"></w><w n="35" lemma="paṃ">paṃ </w><w n="36">ve</w><w n="37">dya</w><w n="38"></w><w n="39"></w><w n="40"></w><w n="41"></w><w n="42">tvā</w><w n="43" lemma="te">t | e</w><w n="44" lemma="vaṃ">vaṃ </w><w n="45">ce</w><w n="46" lemma="daṃ">dam </w><w n="47">a</w><w n="48">ne</w><w n="49">ka</w><w n="50"></w><w n="51">pra</w><w n="52">kā</w><w n="53">śa</w><w n="54"></w><w n="55">pa</w><w n="56">ra</w><w n="57">mā</w><w n="58">rtha</w><w n="59" lemma="sya">sya </w><w n="60">pra</w><w n="61">kā</w><w n="62">śa</w><w n="63"></w><w n="64"></w><w n="65"></w><w n="66">yo</w><w n="67">gā</w><w n="68" lemma="ti">d i</w><w n="69" lemma="ti">ti </w><w n="70">pū</w><w n="71">rva</w><w n="72">kāṃ</w><w n="73" lemma="ḍe">ḍe </w><w n="74">dvai</w><w n="75">ta</w><w n="76"></w><w n="77">si</w><w n="78" lemma="dhau">ddhau </w><w n="79" lemma="ca">ca </w><w n="80">vi</w><w n="81">ta</w><w n="82" lemma="tya">tya </w><w n="83">vi</w><w n="84">cā</w><w n="85">ri</w><w n="86" lemma="taṃ">taṃ | </w><w n="87">dra</w><w n="88">ṣṭā</w><w n="89" lemma="ttu">t tu </w><w n="90">jī</w><w n="91">vā</w><w n="92" lemma="tmā">tmā </w><w n="93">a</w><w n="94" lemma="pi">pi </w><w n="95">cā</w><w n="96">kṛ</w><w n="97">tā</w><w n="98">va</w><w n="99">che</w><w n="100" lemma="daḥ">do </w><w n="101">ni</w><w n="102">ya</w><w n="103" lemma="taḥ">taḥ | </w><w n="104">sa</w><w n="105">tva</w><w n="106">saṃ</w><w n="107">sā</w><w n="108" lemma="rī">rī </w><w n="109">bho</w><w n="110" lemma="ktā">ktā </w><w n="111">bra</w><w n="112">hmai</w><w n="113" lemma="va">va | </w><w n="114">ce</w><w n="115">ta</w><w n="116">na</w><w n="117">tvā</w><w n="118" lemma="tta">t | ta</w><w n="119"></w><w n="120" lemma="taḥ">to </w><w n="121">bhe</w><w n="122">dā</w><w n="123">nu</w><w n="124">pa</w><w n="125">pa</w><w n="126" lemma="teḥ">tter </w><w n="127">i</w><w n="128" lemma="ti">ti </w><w n="129">ta</w><w n="130">trai</w><w n="131">vo</w><w n="132">pa</w><w n="133">pā</w><w n="134">di</w><w n="135" lemma="taṃ">taṃ | </w><w n="136">a</w><w n="137">ne</w><w n="138" lemma="na">na </w><w n="139" lemma="ca">ca </w><w n="140">pra</w><w n="141">dhā</w><w n="142">na</w><w n="143">ka</w><w n="144">rtṛ</w><w n="145">ka</w><w n="146">rma</w><w n="147">rū</w><w n="148">pa</w><w n="149">kā</w><w n="150">ra</w><w n="151">ka</w><w n="152">ni</w><w n="153">śca</w><w n="154">ye</w><w n="155" lemma="na">na </w><w n="156">kā</w><w n="157">ra</w><w n="158">kāṃ</w><w n="159">ta</w><w n="160">ra</w><w n="161">syā</w><w n="162">kṣe</w><w n="163">pa</w><w n="164"></w><w n="165">si</w><w n="166" lemma="dha">ddha</w><w n="167">rū</w><w n="168" lemma="paḥ">po </w><w n="169">vi</w><w n="170">va</w><w n="171" lemma="rtaḥ">rttaḥ </w><w n="172">pra</w><w n="173">ti</w><w n="174">pā</w><w n="175" lemma="di">di&#166;</w><w n="176" lemma="taḥ">taḥ | </w>
</text></TEI>
<TEI n="G2">
<text>
<w n="0"></w><w n="1"></w><w n="2">dṛ</w><w n="3"></w><w n="4"></w><w n="5">śya</w><w n="6">rū</w><w n="7">pa</w><w n="8">ta</w><w n="9" lemma="yā">yā </w><w n="10" lemma="va">va </w><w n="11">ta</w><w n="12">syai</w><w n="13" lemma="va">va </w><w n="14">vi</w><w n="15">va</w><w n="16" lemma="rtaḥ">rttaḥ || </w><w n="17">ta</w><w n="18" lemma="thā">thā </w><w n="19" lemma="hi">hi </w><w n="20">dṛ</w><w n="21" lemma="śyaṃ">śyaṃ </w><w n="22">tā</w><w n="23">va</w><w n="24">hā</w><w n="25">va</w><w n="26">jāṃ</w><w n="27" lemma="ta">ta </w><w n="28">saṃ</w><w n="29">vi</w><w n="30">ru</w><w n="31">pā</w><w n="32"></w><w n="33">rū</w><w n="34"></w><w n="35" lemma="ḍhaṃ">ḍhaṃ </w><w n="36">ve</w><w n="37">dya</w><w n="38">mā</w><w n="39" lemma="naṃ">naṃ </w><w n="40">ve</w><w n="41">dya</w><w n="42">tvā</w><w n="43" lemma="te">d e</w><w n="44" lemma="va">va </w><w n="45">ve</w><w n="46" lemma="daṃ">dam </w><w n="47">a</w><w n="48">ne</w><w n="49" lemma="kaṃ">kam </w><w n="50">a</w><w n="51">pa</w><w n="52">rā</w><w n="53" lemma="rtha">rtha </w><w n="54"></w><w n="55">pra</w><w n="56"></w><w n="57">kā</w><w n="58">śa</w><w n="59" lemma="sya">sya </w><w n="60">pra</w><w n="61">kā</w><w n="62">śa</w><w n="63">mā</w><w n="64">na</w><w n="65">tā</w><w n="66">yo</w><w n="67">gā</w><w n="68" lemma="ti">d i</w><w n="69" lemma="ti">ti </w><w n="70">pū</w><w n="71">rva</w><w n="72">kāṃ</w><w n="73" lemma="ḍe">ḍe </w><w n="74">dvi</w><w n="75">tī</w><w n="76">ya</w><w n="77">si</w><w n="78" lemma="ddau">ddau </w><w n="79" lemma="va">va </w><w n="80">vi</w><w n="81">ta</w><w n="82" lemma="tya">tya </w><w n="83">vi</w><w n="84">cā</w><w n="85">ri</w><w n="86" lemma="taṃ">taṃ </w><w n="87">dra</w><w n="88">ṣṭā</w><w n="89" lemma="pi">pi </w><w n="90">jī</w><w n="91">vā</w><w n="92" lemma="tmā">tmā </w><w n="93">a</w><w n="94">vi</w><w n="95">dyā</w><w n="96">kṛ</w><w n="97">tā</w><w n="98">va</w><w n="99">che</w><w n="100" lemma="daḥ">do </w><w n="101">ni</w><w n="102">ya</w><w n="103" lemma="taḥ">taḥ || </w><w n="104">sa</w><w n="105" lemma="tvaṃ">tvaṃ </w><w n="106"></w><w n="107">sā</w><w n="108" lemma="rī">rī </w><w n="109">bho</w><w n="110" lemma="ktā">ktā </w><w n="111">bra</w><w n="112">hmai</w><w n="113" lemma="va">va </w><w n="114">ve</w><w n="115">ta</w><w n="116">na</w><w n="117">tvā</w><w n="118">hrā</w><w n="119">va</w><w n="120" lemma="taḥ">to </w><w n="121">bhe</w><w n="122">dā</w><w n="123">nu</w><w n="124">pa</w><w n="125">pa</w><w n="126" lemma="teḥ">tter </w><w n="127">i</w><w n="128" lemma="ti">ti </w><w n="129">ta</w><w n="130">tre</w><w n="131">vā</w><w n="132">ve</w><w n="133"></w><w n="134">kṣi</w><w n="135" lemma="taṃ">taṃ </w><w n="136">a</w><w n="137">ne</w><w n="138" lemma="na">na </w><w n="139" lemma="va">va </w><w n="140">pra</w><w n="141">dhā</w><w n="142">va</w><w n="143">ka</w><w n="144">rtṛ</w><w n="145">ka</w><w n="146">rma</w><w n="147">rū</w><w n="148">pa</w><w n="149">kā</w><w n="150">ra</w><w n="151">ka</w><w n="152">ni</w><w n="153">śva</w><w n="154">ye</w><w n="155" lemma="na">na </w><w n="156">kā</w><w n="157">ra</w><w n="158">ka</w><w n="159">ti</w><w n="160">ra</w><w n="161">syā</w><w n="162">pe</w><w n="163">kṣa</w><w n="164"></w><w n="165">si</w><w n="166" lemma="dha">ddha</w><w n="167">rū</w><w n="168" lemma="paḥ">po </w><w n="169">vi</w><w n="170">va</w><w n="171" lemma="rtaḥ">rttaḥ || </w><w n="172">pra</w><w n="173">ti</w><w n="174">pā</w><w n="175">di</w><w n="176" lemma="taḥ">taḥ || </w>
</text></TEI>
<TEI n="G1">
<text>
<w n="0"></w><w n="1"></w><w n="2">dṛ</w><w n="3"></w><w n="4"></w><w n="5">śya</w><w n="6">rū</w><w n="7">pa</w><w n="8">ta</w><w n="9" lemma="yā">yā </w><w n="10" lemma="va">va </w><w n="11">ta</w><w n="12">syai</w><w n="13" lemma="va">va </w><w n="14">vi</w><w n="15">va</w><w n="16" lemma="rtaḥ">rttaḥ || </w><w n="17">ta</w><w n="18" lemma="thā">thā </w><w n="19" lemma="hi">hi </w><w n="20">dṛ</w><w n="21" lemma="śyaṃ">śyaṃ </w><w n="22">tā</w><w n="23">va</w><w n="24">hā</w><w n="25">va</w><w n="26">jāṃ</w><w n="27" lemma="ta">ta </w><w n="28">saṃ</w><w n="29">vi</w><w n="30">ru</w><w n="31">pā</w><w n="32"></w><w n="33">rū</w><w n="34"></w><w n="35" lemma="ḍhaṃ">ḍhaṃ </w><w n="36">ve</w><w n="37">dya</w><w n="38">mā</w><w n="39" lemma="naṃ">naṃ </w><w n="40">ve</w><w n="41">dya</w><w n="42">tvā</w><w n="43" lemma="te">d e</w><w n="44" lemma="va">va </w><w n="45">ve</w><w n="46" lemma="daṃ">dam </w><w n="47">a</w><w n="48">ne</w><w n="49" lemma="kaṃ">kam </w><w n="50">a</w><w n="51">pa</w><w n="52">rā</w><w n="53" lemma="rtha">rtha </w><w n="54"></w><w n="55">pra</w><w n="56"></w><w n="57">kā</w><w n="58">śa</w><w n="59" lemma="sya">sya </w><w n="60">pra</w><w n="61">kā</w><w n="62">śa</w><w n="63">mā</w><w n="64">na</w><w n="65">tā</w><w n="66">yo</w><w n="67">gā</w><w n="68" lemma="ti">d i</w><w n="69" lemma="ti">ti </w><w n="70">pū</w><w n="71">rva</w><w n="72">kāṃ</w><w n="73" lemma="ḍe">ḍe </w><w n="74">dvi</w><w n="75">tī</w><w n="76">ya</w><w n="77">si</w><w n="78" lemma="ddau">ddau </w><w n="79" lemma="va">va </w><w n="80">vi</w><w n="81">ta</w><w n="82" lemma="tya">tya </w><w n="83">vi</w><w n="84">cā</w><w n="85">ri</w><w n="86" lemma="taṃ">taṃ </w><w n="87">dra</w><w n="88">ṣṭā</w><w n="89" lemma="pi">pi </w><w n="90">jī</w><w n="91">vā</w><w n="92" lemma="tmā">tmā </w><w n="93">a</w><w n="94">vi</w><w n="95">dyā</w><w n="96">kṛ</w><w n="97">tā</w><w n="98">va</w><w n="99">che</w><w n="100" lemma="daḥ">do </w><w n="101">ni</w><w n="102">ya</w><w n="103" lemma="taḥ">taḥ || </w><w n="104">sa</w><w n="105" lemma="tyaṃ">tyaṃ </w><w n="106"></w><w n="107">sā</w><w n="108" lemma="rā">rā </w><w n="109">bho</w><w n="110" lemma="ktā">ktā </w><w n="111">bra</w><w n="112">hmai</w><w n="113" lemma="va">va </w><w n="114">ve</w><w n="115">ta</w><w n="116">na</w><w n="117">tvā</w><w n="118">hrā</w><w n="119">va</w><w n="120" lemma="taḥ">to </w><w n="121">bhe</w><w n="122">dā</w><w n="123">nu</w><w n="124">pa</w><w n="125">pa</w><w n="126" lemma="rtaḥ">rttar </w><w n="127">i</w><w n="128" lemma="ti">ti </w><w n="129">ta</w><w n="130">tre</w><w n="131">vā</w><w n="132">ve</w><w n="133"></w><w n="134">kṣi</w><w n="135" lemma="taṃ">taṃ </w><w n="136">a</w><w n="137">ne</w><w n="138" lemma="na">na </w><w n="139" lemma="va">va </w><w n="140">pra</w><w n="141">dhā</w><w n="142">va</w><w n="143">ka</w><w n="144">rtṛ</w><w n="145">ka</w><w n="146">rma</w><w n="147">rū</w><w n="148">pa</w><w n="149">kā</w><w n="150">ra</w><w n="151">ka</w><w n="152">ni</w><w n="153">śva</w><w n="154">ye</w><w n="155" lemma="na">na </w><w n="156">kā</w><w n="157">ra</w><w n="158">ka</w><w n="159">ti</w><w n="160">ra</w><w n="161">syā</w><w n="162">pe</w><w n="163">kṣa</w><w n="164"></w><w n="165">si</w><w n="166" lemma="dha">ddha</w><w n="167">rū</w><w n="168" lemma="paḥ">po </w><w n="169">vi</w><w n="170">va</w><w n="171" lemma="rtaḥ">rttaḥ || </w><w n="172">pra</w><w n="173">ti</w><w n="174">pā</w><w n="175">di</w><w n="176" lemma="taḥ">taḥ || </w>
</text></TEI>
<TEI n="L">
<text>
<w n="0"></w><w n="1"></w><w n="2">dṛ</w><w n="3"></w><w n="4"></w><w n="5">śya</w><w n="6">rū</w><w n="7">pa</w><w n="8">ta</w><w n="9" lemma="yā">yā </w><w n="10"></w><w n="11">ta</w><w n="12">syai</w><w n="13" lemma="va">va </w><w n="14">vi</w><w n="15">va</w><w n="16" lemma="rtaḥ">rtaḥ || </w><w n="17">ta</w><w n="18" lemma="thā">thā </w><w n="19" lemma="hi">hi </w><w n="20">dṛ</w><w n="21" lemma="śyaṃ">śyaṃ </w><w n="22">tā</w><w n="23">va</w><w n="24" lemma="tbhā">d bhā</w><w n="25">va</w><w n="26">jā</w><w n="27" lemma="taṃ">taṃ </w><w n="28">saṃ</w><w n="29">vi</w><w n="30">drū</w><w n="31">pā</w><w n="32"></w><w n="33">rū</w><w n="34"></w><w n="35" lemma="ḍha">ḍha </w><w n="36">ve</w><w n="37">dya</w><w n="38"></w><w n="39"></w><w n="40"></w><w n="41"></w><w n="42">tvā</w><w n="43" lemma="te">d e</w><w n="44" lemma="va">va </w><w n="45">ce</w><w n="46" lemma="daṃ">dam </w><w n="47"></w><w n="48">e</w><w n="49" lemma="kaṃ">kam </w><w n="50">a</w><w n="51">pa</w><w n="52">rā</w><w n="53">rtha</w><w n="54"></w><w n="55">pra</w><w n="56"></w><w n="57">kā</w><w n="58">śa</w><w n="59" lemma="sya">sya </w><w n="60">pra</w><w n="61">kā</w><w n="62">śa</w><w n="63"></w><w n="64">ta</w><w n="65" lemma="yā">yā </w><w n="66">yo</w><w n="67">gā</w><w n="68" lemma="ti">d i</w><w n="69" lemma="ti">ti </w><w n="70">pū</w><w n="71">rva</w><w n="72">kāṃ</w><w n="73" lemma="ḍe">ḍe </w><w n="74">dvi</w><w n="75">tī</w><w n="76">ya</w><w n="77">si</w><w n="78" lemma="dhau">ddhau </w><w n="79" lemma="ca">ca </w><w n="80">vi</w><w n="81">ta</w><w n="82" lemma="tya">tya </w><w n="83">vi</w><w n="84">cā</w><w n="85">ri</w><w n="86" lemma="taṃ">taṃ </w><w n="87">dra</w><w n="88">ṣṭā</w><w n="89" lemma="pi">pi </w><w n="90">jī</w><w n="91">vā</w><w n="92" lemma="tmā">tmā </w><w n="93">a</w><w n="94">vi</w><w n="95">dyā</w><w n="96">kṛ</w><w n="97">tā</w><w n="98">va</w><w n="99">che</w><w n="100" lemma="daḥ">do </w><w n="101">ni</w><w n="102">ya</w><w n="103" lemma="taḥ">taḥ </w><w n="104">sa</w><w n="105" lemma="tvaṃ">tvaṃ </w><w n="106"></w><w n="107">sā</w><w n="108" lemma="rī">rī </w><w n="109">bho</w><w n="110" lemma="ktā">ktā </w><w n="111">bra</w><w n="112">hmai</w><w n="113" lemma="va">va </w><w n="114">ce</w><w n="115">ta</w><w n="116">na</w><w n="117">tvā</w><w n="118" lemma="tbhā">d bhā</w><w n="119">va</w><w n="120" lemma="taḥ">to </w><w n="121">bhe</w><w n="122">dā</w><w n="123">nu</w><w n="124">pa</w><w n="125">pa</w><w n="126" lemma="teḥ">tter </w><w n="127">i</w><w n="128" lemma="ti">ti | </w><w n="129">ta</w><w n="130">trai</w><w n="131">vā</w><w n="132">ve</w><w n="133"></w><w n="134">di</w><w n="135" lemma="taṃ">taṃ || </w><w n="136">a</w><w n="137">ne</w><w n="138" lemma="na">na </w><w n="139" lemma="ca">ca </w><w n="140">pra</w><w n="141">dhā</w><w n="142">na</w><w n="143">ka</w><w n="144">rtṛ</w><w n="145">ka</w><w n="146">rma</w><w n="147">rū</w><w n="148">pa</w><w n="149">kā</w><w n="150">ra</w><w n="151">ka</w><w n="152">ni</w><w n="153">śca</w><w n="154">ye</w><w n="155" lemma="na">na </w><w n="156">kā</w><w n="157">ra</w><w n="158">ka</w><w n="159">ti</w><w n="160">ra</w><w n="161">syā</w><w n="162">pe</w><w n="163">kṣa</w><w n="164"></w><w n="165" lemma="nsi">n_ si&#166;</w><w n="166" lemma="dha">ddha</w><w n="167">rū</w><w n="168" lemma="paḥ">po </w><w n="169">vi</w><w n="170">va</w><w n="171" lemma="rtaḥ">rtaḥ </w><w n="172">pra</w><w n="173">ti</w><w n="174">pā</w><w n="175">di</w><w n="176" lemma="taḥ">taḥ || </w>
</text></TEI>
<TEI n="O">
<text>
<w n="0"></w><w n="1"></w><w n="2">dṛ</w><w n="3"></w><w n="4"></w><w n="5">śya</w><w n="6">rū</w><w n="7">pa</w><w n="8">ta</w><w n="9" lemma="yā">yā </w><w n="10" lemma="ca">ca </w><w n="11">ta</w><w n="12">syai</w><w n="13" lemma="va">va </w><w n="14">vi</w><w n="15">va</w><w n="16" lemma="rtaḥ">rtaḥ | </w><w n="17">ta</w><w n="18" lemma="thā">thā </w><w n="19" lemma="hi">hi </w><w n="20">dṛ</w><w n="21" lemma="śyaṃ">śyaṃ </w><w n="22">tā</w><w n="23">va</w><w n="24" lemma="tbhā">d bhā</w><w n="25">va</w><w n="26">jā</w><w n="27" lemma="taṃ">taṃ </w><w n="28">saṃ</w><w n="29">vi</w><w n="30">du</w><w n="31">pā</w><w n="32"></w><w n="33">rū</w><w n="34"></w><w n="35" lemma="ḍhaṃ">ḍhaṃ </w><w n="36">ve</w><w n="37">dya</w><w n="38">mā</w><w n="39" lemma="naṃ">naṃ </w><w n="40">ve</w><w n="41">dya</w><w n="42">tvā</w><w n="43" lemma="te">d e</w><w n="44" lemma="va">va </w><w n="45">ce</w><w n="46" lemma="daṃ">dam </w><w n="47">a</w><w n="48">ne</w><w n="49" lemma="kaṃ">kam </w><w n="50">a</w><w n="51">pa</w><w n="52">rā</w><w n="53" lemma="rtha">rttha</w><w n="54"></w><w n="55">pra</w><w n="56"></w><w n="57">kā</w><w n="58">śa</w><w n="59" lemma="sya">sya </w><w n="60">pra</w><w n="61">kā</w><w n="62">śa</w><w n="63">mā</w><w n="64">na</w><w n="65">tā</w><w n="66">yo</w><w n="67">gā</w><w n="68" lemma="ti">d i</w><w n="69" lemma="ti">ti </w><w n="70">pū</w><w n="71">rva</w><w n="72">kāṃ</w><w n="73" lemma="ḍe">ḍe </w><w n="74">dvi</w><w n="75">tī</w><w n="76">ya</w><w n="77">si</w><w n="78" lemma="dhau">ddhau </w><w n="79" lemma="ca">ca </w><w n="80">vi</w><w n="81">ta</w><w n="82" lemma="tya">tya </w><w n="83">vi</w><w n="84">cā</w><w n="85">ri</w><w n="86" lemma="taṃ">taṃ </w><w n="87">dra</w><w n="88">ṣṭā</w><w n="89" lemma="pi">pi </w><w n="90">jī</w><w n="91">vā</w><w n="92" lemma="tmā">tmā </w><w n="93">a</w><w n="94">vi</w><w n="95">dyā</w><w n="96">kṛ</w><w n="97">tā</w><w n="98">va</w><w n="99" lemma="che">cche</w><w n="100" lemma="daḥ">do </w><w n="101">ni</w><w n="102">ya</w><w n="103" lemma="taḥ">taḥ </w><w n="104">sa</w><w n="105" lemma="tvaṃ">tvaṃ </w><w n="106"></w><w n="107">sā</w><w n="108" lemma="rī">rī </w><w n="109">bho</w><w n="110" lemma="ktā">ktā </w><w n="111">bra</w><w n="112">hmai</w><w n="113" lemma="va">va </w><w n="114">ce</w><w n="115">ta</w><w n="116">na</w><w n="117">tvā</w><w n="118" lemma="tbhā">d bhā</w><w n="119">va</w><w n="120" lemma="taḥ">to </w><w n="121">bhe</w><w n="122">dā</w><w n="123">nu</w><w n="124">pa</w><w n="125">pa</w><w n="126" lemma="teḥ">tter </w><w n="127">i</w><w n="128" lemma="ti">ti </w><w n="129">ta</w><w n="130">trai</w><w n="131">vā</w><w n="132">ve</w><w n="133"></w><w n="134">di</w><w n="135" lemma="taṃ">taṃ | </w><w n="136">a</w><w n="137">ne</w><w n="138" lemma="na">na </w><w n="139" lemma="ca">ca </w><w n="140">pra</w><w n="141">dhā</w><w n="142">na</w><w n="143">ka</w><w n="144">rtṛ</w><w n="145">ka</w><w n="146">rma</w><w n="147">rū</w><w n="148">pa</w><w n="149">kā</w><w n="150">ra</w><w n="151">ka</w><w n="152">ni</w><w n="153">śca</w><w n="154">ye</w><w n="155" lemma="na">na </w><w n="156">kā</w><w n="157">ra</w><w n="158">ka</w><w n="159">ti</w><w n="160">ra</w><w n="161">syā</w><w n="162">pe</w><w n="163">kṣa</w><w n="164"></w><w n="165" lemma="tsi">t si</w><w n="166" lemma="dha">ddha</w><w n="167">rū</w><w n="168" lemma="paḥ">po </w><w n="169">vi</w><w n="170">va</w><w n="171" lemma="rtaḥ">rtaḥ </w><w n="172">pra</w><w n="173">ti</w><w n="174">pā</w><w n="175">di</w><w n="176" lemma="taḥ">taḥ </w>
</text></TEI>
<TEI n="A">
<text>
<w n="0"></w><w n="1"></w><w n="2">da</w><w n="3"></w><w n="4"></w><w n="5">thya</w><w n="6">rū</w><w n="7">pa</w><w n="8">ta</w><w n="9" lemma="yā">yā </w><w n="10" lemma="ca">ca </w><w n="11">ta</w><w n="12">syai</w><w n="13" lemma="va">va </w><w n="14">vi</w><w n="15">va</w><w n="16" lemma="rtaḥ">rtaḥ </w><w n="17">ta</w><w n="18" lemma="thā">thā </w><w n="19" lemma="hi">hi || </w><w n="20">dṛ</w><w n="21" lemma="śyaṃ">śyaṃ </w><w n="22">tā</w><w n="23">va</w><w n="24" lemma="tbhā">d bhā</w><w n="25">va</w><w n="26">jā</w><w n="27" lemma="taṃ">taṃ </w><w n="28">saṃ</w><w n="29">ci</w><w n="30">drū</w><w n="31">pā</w><w n="32"></w><w n="33">rū</w><w n="34"></w><w n="35" lemma="ṭhaṃ">ṭhaṃ </w><w n="36">ve</w><w n="37">dya</w><w n="38">mā</w><w n="39" lemma="naṃ">naṃ </w><w n="40">ve</w><w n="41">dya</w><w n="42">tvā</w><w n="43" lemma="te">d e</w><w n="44" lemma="va">va </w><w n="45">ve</w><w n="46" lemma="daṃ">dam </w><w n="47">a</w><w n="48">ne</w><w n="49" lemma="kaṃ">kam </w><w n="50">a</w><w n="51">pa</w><w n="52">rā</w><w n="53">rtha</w><w n="54"></w><w n="55">pra</w><w n="56"></w><w n="57">kā</w><w n="58">śa</w><w n="59" lemma="sya">sya </w><w n="60">pra</w><w n="61">kā</w><w n="62">śa</w><w n="63">mā</w><w n="64">na</w><w n="65">tā</w><w n="66">yo</w><w n="67">gā</w><w n="68" lemma="ti">d i</w><w n="69" lemma="ti">ti </w><w n="70">pū</w><w n="71">rva</w><w n="72">kāṃ</w><w n="73" lemma="ḍe">ḍe </w><w n="74">dvi</w><w n="75">tī</w><w n="76">ya</w><w n="77">si</w><w n="78" lemma="dhau">ddhau </w><w n="79" lemma="ca">ca </w><w n="80">vi</w><w n="81">ta</w><w n="82" lemma="tya">tya </w><w n="83">vi</w><w n="84">cā</w><w n="85">ri</w><w n="86" lemma="taṃ">taṃ </w><w n="87">dra</w><w n="88">ṣṭā</w><w n="89" lemma="pi">pi </w><w n="90">jī</w><w n="91">vā</w><w n="92" lemma="tmā">tmā </w><w n="93">a</w><w n="94">vi</w><w n="95">dyā</w><w n="96">kṛ</w><w n="97">tā</w><w n="98">va</w><w n="99">che</w><w n="100" lemma="daḥ">do </w><w n="101">ni</w><w n="102">ya</w><w n="103" lemma="taḥ">taḥ </w><w n="104">sa</w><w n="105" lemma="tvaṃ">tvaṃ </w><w n="106"></w><w n="107">sā</w><w n="108" lemma="rī">rī </w><w n="109">bho</w><w n="110" lemma="ktā">ktā </w><w n="111">bra</w><w n="112">hmai</w><w n="113" lemma="va">va </w><w n="114">ce</w><w n="115">ta</w><w n="116">na</w><w n="117">tvā</w><w n="118" lemma="tbhā">d bhā</w><w n="119">va</w><w n="120" lemma="taḥ">to </w><w n="121">bhe</w><w n="122">dā</w><w n="123">nu</w><w n="124">pa</w><w n="125">pa</w><w n="126" lemma="teḥ">tter </w><w n="127">i</w><w n="128" lemma="ti">ti </w><w n="129">ta</w><w n="130">trai</w><w n="131">vā</w><w n="132">ve</w><w n="133"></w><w n="134">di</w><w n="135" lemma="taṃ">taṃ </w><w n="136">a</w><w n="137">ne</w><w n="138" lemma="na">na </w><w n="139" lemma="ca">ca </w><w n="140">pra</w><w n="141">dhā</w><w n="142">na</w><w n="143">ka</w><w n="144">rtṛ</w><w n="145">ka</w><w n="146">rma</w><w n="147">rū</w><w n="148">pa</w><w n="149">kā</w><w n="150">ra</w><w n="151">ka</w><w n="152">ni</w><w n="153">śca</w><w n="154">ye</w><w n="155" lemma="na">na </w><w n="156">kā</w><w n="157">ra</w><w n="158">kāṃ</w><w n="159">ta</w><w n="160">ra</w><w n="161">syā</w><w n="162">pe</w><w n="163">kṣa</w><w n="164">ṇā</w><w n="165" lemma="tsi">t si</w><w n="166" lemma="dha">ddha</w><w n="167">rū</w><w n="168" lemma="paḥ">po </w><w n="169">vi</w><w n="170">va</w><w n="171" lemma="rtaḥ">rttaḥ </w><w n="172">pra</w><w n="173">ti</w><w n="174">pā</w><w n="175">di</w><w n="176" lemma="taḥ">taḥ </w>
</text></TEI>
<TEI n="V">
<text>
<w n="0"></w><w n="1"></w><w n="2">dṛ</w><w n="3"></w><w n="4"></w><w n="5">śya</w><w n="6">rū</w><w n="7">pa</w><w n="8">ta</w><w n="9" lemma="yā">yā </w><w n="10" lemma="va">va </w><w n="11">ta</w><w n="12">syai</w><w n="13" lemma="va">va </w><w n="14">vi</w><w n="15">va</w><w n="16" lemma="rtaḥ">rtaḥ </w><w n="17">ta</w><w n="18" lemma="thā">thā </w><w n="19" lemma="hi">hi </w><w n="20">dṛ</w><w n="21" lemma="śyaṃ">śyaṃ </w><w n="22">tā</w><w n="23">va</w><w n="24" lemma="tbhā">d bhā</w><w n="25">va</w><w n="26">jā</w><w n="27" lemma="taṃ">taṃ </w><w n="28">saṃ</w><w n="29">ci</w><w n="30">du</w><w n="31">pā</w><w n="32"></w><w n="33">rū</w><w n="34"></w><w n="35" lemma="ṭaṃ">ṭaṃ </w><w n="36">ve</w><w n="37">dya</w><w n="38">mā</w><w n="39" lemma="naṃ">naṃ </w><w n="40">ve</w><w n="41">ya</w><w n="42">tvā</w><w n="43" lemma="te">d e</w><w n="44" lemma="va">va </w><w n="45">ve</w><w n="46" lemma="daṃ">dam </w><w n="47">a</w><w n="48">ne</w><w n="49" lemma="kaṃ">kam </w><w n="50">a</w><w n="51">pa</w><w n="52">rā</w><w n="53">rtha</w><w n="54"></w><w n="55">pra</w><w n="56"></w><w n="57">kā</w><w n="58">śa</w><w n="59" lemma="sya">sya </w><w n="60">pra</w><w n="61">kā</w><w n="62">śa</w><w n="63">mā</w><w n="64">na</w><w n="65">tā</w><w n="66">yo</w><w n="67">gā</w><w n="68" lemma="ti">d i</w><w n="69" lemma="ti">ti </w><w n="70">pū</w><w n="71">rva</w><w n="72">kāṃ</w><w n="73" lemma="ḍaṃ">ḍaṃ </w><w n="74">dvi</w><w n="75">tī</w><w n="76">ya</w><w n="77">si</w><w n="78" lemma="dhau">ddhau </w><w n="79" lemma="ca">ca </w><w n="80">vi</w><w n="81">ta</w><w n="82" lemma="tya">tya </w><w n="83">vi</w><w n="84">cā</w><w n="85">ri</w><w n="86" lemma="taṃ">taṃ </w><w n="87"></w><w n="88">ṣṭā</w><w n="89" lemma="pi">pi </w><w n="90">jā</w><w n="91">vā</w><w n="92" lemma="tmā">tmā </w><w n="93">a</w><w n="94">vi</w><w n="95">dyā</w><w n="96">kṛ</w><w n="97">tā</w><w n="98">va</w><w n="99">che</w><w n="100" lemma="daḥ">do </w><w n="101">ni</w><w n="102">ya</w><w n="103" lemma="taḥ">taḥ </w><w n="104">sa</w><w n="105" lemma="tvaṃ">tvaṃ </w><w n="106"></w><w n="107">sā</w><w n="108" lemma="rī">rī </w><w n="109">bho</w><w n="110" lemma="ktā">ktā </w><w n="111">bra</w><w n="112">hmai</w><w n="113" lemma="va">va </w><w n="114">ce</w><w n="115">ta</w><w n="116">na</w><w n="117">tvā</w><w n="118" lemma="tbhā">d bhā</w><w n="119">va</w><w n="120" lemma="taḥ">to </w><w n="121">bhe</w><w n="122">dā</w><w n="123">nu</w><w n="124">pa</w><w n="125">pa</w><w n="126" lemma="teḥ">tter </w><w n="127">i</w><w n="128" lemma="ti">ti </w><w n="129">ta</w><w n="130">trai</w><w n="131">vā</w><w n="132">ve</w><w n="133"></w><w n="134">di</w><w n="135" lemma="taṃ">taṃ </w><w n="136">a</w><w n="137">ne</w><w n="138" lemma="na">na </w><w n="139" lemma="ca">ca </w><w n="140"></w><w n="141"></w><w n="142"></w><w n="143"></w><w n="144"></w><w n="145"></w><w n="146"></w><w n="147"></w><w n="148"></w><w n="149"></w><w n="150"></w><w n="151"></w><w n="152"></w><w n="153"></w><w n="154"></w><w n="155"></w><w n="156"></w><w n="157"></w><w n="158"></w><w n="159"></w><w n="160"></w><w n="161"></w><w n="162"></w><w n="163"></w><w n="164"></w><w n="165"></w><w n="166"></w><w n="167"></w><w n="168"></w><w n="169"></w><w n="170"></w><w n="171"></w><w n="172"></w><w n="173"></w><w n="174"></w><w n="175"></w><w n="176"></w>
</text></TEI>
<TEI n="K">
<text>
<w n="0"></w><w n="1"></w><w n="2">dṛ</w><w n="3"></w><w n="4"></w><w n="5">śya</w><w n="6">rū</w><w n="7">pa</w><w n="8">ta</w><w n="9" lemma="yā">yā </w><w n="10" lemma="va">va </w><w n="11">ta</w><w n="12">syai</w><w n="13" lemma="va">va </w><w n="14">vi</w><w n="15">va</w><w n="16" lemma="rtaḥ">rtaḥ </w><w n="17">ta</w><w n="18" lemma="thā">thā </w><w n="19" lemma="hi">hi </w><w n="20">dṛ</w><w n="21" lemma="śyaṃ">śyaṃ </w><w n="22">tā</w><w n="23">va</w><w n="24" lemma="tbhā">d bhā</w><w n="25">va</w><w n="26">jā</w><w n="27" lemma="taṃ">taṃ </w><w n="28">saṃ</w><w n="29">ci</w><w n="30">du</w><w n="31">pā</w><w n="32"></w><w n="33">rū</w><w n="34"></w><w n="35" lemma="ṭaṃ">ṭaṃ </w><w n="36">ve</w><w n="37">dya</w><w n="38">mā</w><w n="39" lemma="naṃ">naṃ </w><w n="40">ve</w><w n="41">ya</w><w n="42">tvā</w><w n="43" lemma="te">d e</w><w n="44" lemma="va">va </w><w n="45">ve</w><w n="46" lemma="daṃ">dam </w><w n="47">a</w><w n="48">ne</w><w n="49" lemma="kaṃ">kam </w><w n="50">a</w><w n="51">pa</w><w n="52">rā</w><w n="53">rtha</w><w n="54"></w><w n="55">pra</w><w n="56"></w><w n="57">kā</w><w n="58">śa</w><w n="59" lemma="sya">sya </w><w n="60">pra</w><w n="61">kā</w><w n="62">śa</w><w n="63">mā</w><w n="64">na</w><w n="65">tā</w><w n="66">yo</w><w n="67">gā</w><w n="68" lemma="ti">d i</w><w n="69" lemma="ti">ti </w><w n="70">pū</w><w n="71">rva</w><w n="72">kāṃ</w><w n="73" lemma="ḍaṃ">ḍaṃ </w><w n="74">dvi</w><w n="75">tī</w><w n="76">ya</w><w n="77">si</w><w n="78" lemma="dhau">ddhau </w><w n="79" lemma="ca">ca </w><w n="80">vi</w><w n="81">ta</w><w n="82" lemma="tya">tya </w><w n="83">vi</w><w n="84">cā</w><w n="85">ri</w><w n="86" lemma="taṃ">taṃ </w><w n="87"></w><w n="88">ṣṭā</w><w n="89" lemma="pi">pi </w><w n="90">jā</w><w n="91">vā</w><w n="92" lemma="tmā">tmā </w><w n="93">a</w><w n="94">vi</w><w n="95">dyā</w><w n="96">kṛ</w><w n="97">tā</w><w n="98">va</w><w n="99">che</w><w n="100" lemma="daḥ">do </w><w n="101">ni</w><w n="102">ya</w><w n="103" lemma="taḥ">taḥ </w><w n="104">sa</w><w n="105" lemma="tvaṃ">tvaṃ </w><w n="106"></w><w n="107">sā</w><w n="108" lemma="rī">rī </w><w n="109">bho</w><w n="110" lemma="ktā">ktā </w><w n="111">bra</w><w n="112">hmai</w><w n="113" lemma="va">va </w><w n="114">ce</w><w n="115">ta</w><w n="116">na</w><w n="117">tvā</w><w n="118" lemma="tbhā">d bhā</w><w n="119">va</w><w n="120" lemma="taḥ">to </w><w n="121">bhe</w><w n="122">dā</w><w n="123">nu</w><w n="124">pa</w><w n="125">pa</w><w n="126" lemma="teḥ">tter </w><w n="127">i</w><w n="128" lemma="ti">ti </w><w n="129">ta</w><w n="130">trai</w><w n="131">vā</w><w n="132">ve</w><w n="133"></w><w n="134">di</w><w n="135" lemma="taṃ">taṃ </w><w n="136">a</w><w n="137">ne</w><w n="138" lemma="na">na </w><w n="139" lemma="ca">ca </w><w n="140">pra</w><w n="141">dhā</w><w n="142">na</w><w n="143">ka</w><w n="144">rtṛ</w><w n="145">ka</w><w n="146">rma</w><w n="147">rū</w><w n="148">pa</w><w n="149">kā</w><w n="150">ra</w><w n="151">ka</w><w n="152">ni</w><w n="153">śca</w><w n="154">ye</w><w n="155" lemma="na">na </w><w n="156">kā</w><w n="157">ra</w><w n="158">kāṃ</w><w n="159">ta</w><w n="160">ra</w><w n="161">syā</w><w n="162">pe</w><w n="163">kṣa</w><w n="164">ṇā</w><w n="165" lemma="tsi">t si</w><w n="166" lemma="dha">ddha</w><w n="167">rū</w><w n="168" lemma="paḥ">po </w><w n="169">vi</w><w n="170">va</w><w n="171" lemma="rtaḥ">rttaḥ </w><w n="172">pra</w><w n="173">ti</w><w n="174">pā</w><w n="175">di</w><w n="176" lemma="taḥ">taḥ </w>
</text></TEI>
<TEI n="D">
<text>
<w n="0"></w><w n="1"></w><w n="2">dṛ</w><w n="3"></w><w n="4"></w><w n="5">śya</w><w n="6">rū</w><w n="7">pa</w><w n="8">ta</w><w n="9" lemma="yā">yā </w><w n="10" lemma="ca">ca </w><w n="11">ta</w><w n="12">syai</w><w n="13" lemma="va">va </w><w n="14">vi</w><w n="15">va</w><w n="16" lemma="rtaḥ">rtaḥ | </w><w n="17">ta</w><w n="18" lemma="thā">thā </w><w n="19" lemma="hi">hi </w><w n="20">dṛ</w><w n="21" lemma="śyaṃ">śyaṃ </w><w n="22">tā</w><w n="23">va</w><w n="24" lemma="tbhā">d bhā</w><w n="25">va</w><w n="26">jā</w><w n="27" lemma="taṃ">taṃ </w><w n="28">saṃ</w><w n="29">vi</w><w n="30">du</w><w n="31">pā</w><w n="32"></w><w n="33">rū</w><w n="34"></w><w n="35" lemma="ṭaṃ">ṭaṃ </w><w n="36">ve</w><w n="37">dya</w><w n="38">mā</w><w n="39" lemma="naṃ">naṃ </w><w n="40">ve</w><w n="41">dya</w><w n="42">tvā</w><w n="43" lemma="te">d e</w><w n="44" lemma="va">va </w><w n="45">ve</w><w n="46" lemma="daṃ">dam </w><w n="47">a</w><w n="48">ne</w><w n="49" lemma="kaṃ">kam </w><w n="50">a</w><w n="51">pa</w><w n="52">rā</w><w n="53">rtha</w><w n="54"></w><w n="55">pra</w><w n="56"></w><w n="57">kā</w><w n="58">śa</w><w n="59" lemma="sya">sya </w><w n="60">pra</w><w n="61">kā</w><w n="62">śa</w><w n="63">mā</w><w n="64">na</w><w n="65">tā</w><w n="66">yo</w><w n="67">gā</w><w n="68" lemma="ti">d i</w><w n="69" lemma="ti">ti </w><w n="70">pū</w><w n="71">rva</w><w n="72">kāṃ</w><w n="73" lemma="ḍe">ḍe </w><w n="74">dvi</w><w n="75">tī</w><w n="76">ya</w><w n="77">si</w><w n="78" lemma="dhau">ddhau </w><w n="79" lemma="ca">ca </w><w n="80">vi</w><w n="81">ta</w><w n="82" lemma="tya">tya </w><w n="83">vi</w><w n="84">cā</w><w n="85">ri</w><w n="86" lemma="taṃ">taṃ </w><w n="87">dra</w><w n="88">ṣṭā</w><w n="89" lemma="pi">pi </w><w n="90">jī</w><w n="91">vā</w><w n="92" lemma="tmā">tmā </w><w n="93">a</w><w n="94">vi</w><w n="95">dyā</w><w n="96">kṛ</w><w n="97">tā</w><w n="98">va</w><w n="99">che</w><w n="100" lemma="daḥ">do </w><w n="101">ni</w><w n="102">ya</w><w n="103" lemma="taḥ">taḥ </w><w n="104">sa</w><w n="105" lemma="tvaṃ">tvaṃ </w><w n="106"></w><w n="107">sā</w><w n="108" lemma="rī">rī </w><w n="109">bho</w><w n="110" lemma="ktā">ktā </w><w n="111">bra</w><w n="112">hmai</w><w n="113" lemma="va">va </w><w n="114">ce</w><w n="115">ta</w><w n="116">na</w><w n="117">tvā</w><w n="118" lemma="tbhā">d bhā</w><w n="119">va</w><w n="120" lemma="taḥ">to </w><w n="121">bhe</w><w n="122">dā</w><w n="123">nu</w><w n="124">pa</w><w n="125">pa</w><w n="126" lemma="teḥ">tter </w><w n="127">i</w><w n="128" lemma="ti">ti </w><w n="129">ta</w><w n="130">trai</w><w n="131">vā</w><w n="132">ve</w><w n="133"></w><w n="134">di</w><w n="135" lemma="taṃ">taṃ </w><w n="136">a</w><w n="137">ne</w><w n="138" lemma="na">na </w><w n="139" lemma="ca">ca </w><w n="140">pra</w><w n="141">dhā</w><w n="142">na</w><w n="143">ka</w><w n="144">rtṛ</w><w n="145">ka</w><w n="146">rma</w><w n="147">rū</w><w n="148">pa</w><w n="149">kā</w><w n="150">ra</w><w n="151">ka</w><w n="152">ni</w><w n="153">śca</w><w n="154">ye</w><w n="155" lemma="na">na </w><w n="156">kā</w><w n="157">ra</w><w n="158">kāṃ</w><w n="159">ta</w><w n="160">ra</w><w n="161">syā</w><w n="162">pe</w><w n="163">kṣa</w><w n="164">ṇā</w><w n="165" lemma="tsi">t si</w><w n="166" lemma="dha">ddha</w><w n="167">rū</w><w n="168" lemma="paḥ">po </w><w n="169">vi</w><w n="170">va</w><w n="171" lemma="rtaḥ">rttaḥ </w><w n="172">pra</w><w n="173">ti</w><w n="174">pā</w><w n="175">di</w><w n="176" lemma="taḥ">taḥ | </w>
</text></TEI>
</teiCorpus>
