<?xml version="1.0" encoding="UTF-8"?>
<teiCorpus xmlns="http://www.tei-c.org/ns/1.0">

<TEI n="GV">
<text>
<w n="0"></w><w n="1"></w><w n="2"></w><w n="3"></w><w n="4"></w><w n="5"></w><w n="6"></w><w n="7"></w><w n="8"></w><w n="9"></w><w n="10"></w><w n="11"></w><w n="12"></w><w n="13"></w><w n="14"></w><w n="15"></w><w n="16"></w><w n="17"></w><w n="18"></w><w n="19"></w><w n="20"></w><w n="21"></w><w n="22"></w><w n="23"></w><w n="24"></w><w n="25"></w><w n="26"></w><w n="27"></w><w n="28"></w><w n="29"></w><w n="30"></w><w n="31"></w><w n="32"></w><w n="33"></w><w n="34"></w><w n="35"></w><w n="36"></w><w n="37"></w><w n="38"></w><w n="39"></w><w n="40"></w><w n="41"></w><w n="42"></w><w n="43"></w><w n="44"></w><w n="45"></w><w n="46"></w><w n="47"></w><w n="48"></w><w n="49"></w><w n="50"></w><w n="51"></w><w n="52"></w><w n="53"></w><w n="54"></w><w n="55"></w><w n="56"></w><w n="57"></w><w n="58"></w><w n="59"></w><w n="60"></w><w n="61"></w><w n="62"></w><w n="63"></w><w n="64"></w><w n="65"></w><w n="66"></w><w n="67"></w><w n="68"></w><w n="69"></w><w n="70"></w><w n="71"></w><w n="72"></w><w n="73"></w><w n="74"></w><w n="75"></w><w n="76"></w><w n="77"></w><w n="78"></w><w n="79"></w><w n="80"></w><w n="81"></w><w n="82"></w><w n="83"></w><w n="84"></w><w n="85"></w><w n="86"></w><w n="87"></w><w n="88"></w><w n="89"></w><w n="90"></w><w n="91"></w><w n="92"></w><w n="93"></w><w n="94"></w><w n="95"></w><w n="96"></w><w n="97"></w><w n="98"></w><w n="99"></w><w n="100"></w><w n="101"></w><w n="102"></w><w n="103"></w><w n="104"></w><w n="105"></w><w n="106"></w><w n="107"></w><w n="108"></w><w n="109"></w><w n="110"></w><w n="111"></w><w n="112"></w><w n="113"></w><w n="114"></w><w n="115"></w><w n="116"></w><w n="117"></w><w n="118"></w><w n="119"></w><w n="120"></w><w n="121"></w><w n="122"></w><w n="123"></w><w n="124"></w><w n="125"></w><w n="126"></w><w n="127"></w><w n="128"></w><w n="129"></w><w n="130"></w><w n="131"></w><w n="132"></w><w n="133"></w><w n="134"></w><w n="135"></w><w n="136"></w><w n="137"></w><w n="138"></w><w n="139"></w><w n="140"></w><w n="141"></w><w n="142"></w><w n="143"></w><w n="144"></w><w n="145"></w><w n="146"></w><w n="147"></w><w n="148"></w><w n="149"></w><w n="150"></w><w n="151"></w><w n="152"></w>
</text></TEI>
<TEI n="CT">
<text>
<w n="0">i</w><w n="1">hā</w><w n="2">rtha</w><w n="3">kri</w><w n="4">yā</w><w n="5" lemma="yāṃ">yāṃ </w><w n="6">dra</w><w n="7" lemma="vyaṃ">vyam </w><w n="8">e</w><w n="9">vo</w><w n="10">pa</w><w n="11" lemma="yu">yu-</w><w n="12">jya</w><w n="13" lemma="ta">ta </w><w n="14">i</w><w n="15" lemma="ti">ti </w><w n="16">ta</w><w n="17" lemma="te">d e</w><w n="18" lemma="va">va </w><w n="19">pra</w><w n="20">va</w><w n="21">rta</w><w n="22" lemma="kaṃ">kam </w><w n="23">a</w><w n="24">rthi</w><w n="25" lemma="nāṃ">nāṃ </w><w n="26">a</w><w n="27" lemma="taḥ">taḥ </w><w n="28"></w><w n="29">śa</w><w n="30" lemma="bde">bde-</w><w n="31" lemma="na">na </w><w n="32">ta</w><w n="33" lemma="te">d e</w><w n="34">vo</w><w n="35">cya</w><w n="36" lemma="te">te | </w><w n="37">a</w><w n="38">na</w><w n="39">bhi</w><w n="40">dhī</w><w n="41">ya</w><w n="42">mā</w><w n="43" lemma="nā">nā </w><w n="44" lemma="tu">tu </w><w n="45">jā</w><w n="46" lemma="tiḥ">tir </w><w n="47" lemma="a">a-</w><w n="48">va</w><w n="49" lemma="che">cche</w><w n="50">di</w><w n="51" lemma="kā">kā </w><w n="52">gu</w><w n="53">ḍa</w><w n="54">śa</w><w n="55">bde</w><w n="56" lemma="na">na </w><w n="57">mā</w><w n="58">dhu</w><w n="59">ryā</w><w n="60">da</w><w n="61" lemma="ya">ya </w><w n="62">i</w><w n="63">ve</w><w n="64" lemma="ti">ti </w><w n="65">dra</w><w n="66">vya</w><w n="67">vā</w><w n="68">di</w><w n="69" lemma="nā">nā </w><w n="70"></w><w n="71"></w><w n="72"></w><w n="73"></w><w n="74"></w><w n="75"></w><w n="76"></w><w n="77"></w><w n="78"></w><w n="79"></w><w n="80"></w><w n="81"></w><w n="82"></w><w n="83"></w><w n="84"></w><w n="85"></w><w n="86">va</w><w n="87">hā</w><w n="88">ri</w><w n="89" lemma="kaṃ">kaṃ </w><w n="90" lemma="ca">ca </w><w n="91">ta</w><w n="92" lemma="tra">tra </w><w n="93">dvi</w><w n="94">tī</w><w n="95" lemma="yaṃ">yaṃ </w><w n="96"></w><w n="97"></w><w n="98">bhe</w><w n="99">dya</w><w n="100">bhe</w><w n="101">da</w><w n="102"></w><w n="103">pra</w><w n="104">stā</w><w n="105">ve</w><w n="106" lemma="na">na </w><w n="107">gu</w><w n="108">ṇa</w><w n="109">sa</w><w n="110">mu</w><w n="111">dde</w><w n="112" lemma="śe">śe </w><w n="113">va</w><w n="114">kṣya</w><w n="115" lemma="ti">ti </w><w n="116">va</w><w n="117">stū</w><w n="118"></w><w n="119">pa</w><w n="120">la</w><w n="121">kṣa</w><w n="122" lemma="ṇaṃ">ṇam | </w><w n="123">ya</w><w n="124">tre</w><w n="125">tyā</w><w n="126">di</w><w n="127" lemma="nā">nā </w><w n="128">a</w><w n="129">ne</w><w n="130" lemma="na">na </w><w n="131" lemma="ca">ca </w><w n="132" lemma="dra">dra-</w><w n="133">vye</w><w n="134" lemma="ṇa">ṇa </w><w n="135">vyā</w><w n="136">ḻi</w><w n="137">da</w><w n="138">rśa</w><w n="139" lemma="ne">ne </w><w n="140">sa</w><w n="141" lemma="rve">rve </w><w n="142">śa</w><w n="143" lemma="bdā">bdā </w><w n="144">dra</w><w n="145">vyā</w><w n="146">bhi</w><w n="147" lemma="dhā">dhā-</w><w n="148">yi</w><w n="149" lemma="naḥ">no </w><w n="150">bha</w><w n="151" lemma="vaṃ">van</w><w n="152" lemma="ti">ti | </w>
</text></TEI>
<TEI n="T">
<text>
<w n="0">i</w><w n="1">hā</w><w n="2" lemma="rtha">rttha</w><w n="3">kri</w><w n="4">yā</w><w n="5">yā</w><w n="6" lemma="ndra">n dra</w><w n="7" lemma="vyaṃ">vyam </w><w n="8">e</w><w n="9">vo</w><w n="10">pa</w><w n="11">yu</w><w n="12">jya</w><w n="13" lemma="ta">ta </w><w n="14">i</w><w n="15" lemma="ti">ti </w><w n="16">ta</w><w n="17" lemma="te">d e</w><w n="18" lemma="va">va </w><w n="19">pra</w><w n="20">va</w><w n="21" lemma="rta">rtta</w><w n="22" lemma="kaṃ">kam </w><w n="23">a</w><w n="24" lemma="rthi">rtthi</w><w n="25" lemma="nāṃ">nāṃ </w><w n="26">a</w><w n="27" lemma="taḥ">taś </w><w n="28"></w><w n="29">śa</w><w n="30">bde</w><w n="31" lemma="na">na </w><w n="32">ta</w><w n="33" lemma="te">d e</w><w n="34">vo</w><w n="35">cya</w><w n="36" lemma="te">te </w><w n="37">a</w><w n="38">na</w><w n="39">bhi</w><w n="40">dhī</w><w n="41">ya</w><w n="42">mā</w><w n="43" lemma="nā">nā </w><w n="44" lemma="tu">tu </w><w n="45">jā</w><w n="46" lemma="tiḥ">tir </w><w n="47">a</w><w n="48">va</w><w n="49" lemma="che">cśe</w><w n="50">di</w><w n="51" lemma="kā">kā </w><w n="52">gu</w><w n="53">ḍa</w><w n="54">śa</w><w n="55" lemma="bde">bde </w><w n="56"></w><w n="57">mā</w><w n="58">dhu</w><w n="59" lemma="ryā">ryyā</w><w n="60">da</w><w n="61" lemma="ya">ya </w><w n="62">i</w><w n="63">ve</w><w n="64" lemma="ti">ti </w><w n="65">dra</w><w n="66">vya</w><w n="67">vā</w><w n="68">di</w><w n="69">nā</w><w n="70" lemma="nda">n da</w><w n="71">rśa</w><w n="72" lemma="naṃ">naṃ </w><w n="73">dra</w><w n="74" lemma="vyaṃ">vyañ </w><w n="75" lemma="ca">ca </w><w n="76">dvi</w><w n="77">vi</w><w n="78" lemma="dhaṃ">dhaṃ </w><w n="79">pā</w><w n="80">ra</w><w n="81">mā</w><w n="82" lemma="rthi">rtthi</w><w n="83" lemma="kaṃ">kaṃ </w><w n="84">sāṃ</w><w n="85">vya</w><w n="86">va</w><w n="87">hā</w><w n="88">ri</w><w n="89" lemma="kaṃ">kañ </w><w n="90" lemma="ca">ca </w><w n="91">ta</w><w n="92" lemma="tra">tra </w><w n="93">dvi</w><w n="94">tī</w><w n="95" lemma="yaṃ">yaṃ </w><w n="96"></w><w n="97"></w><w n="98">bhe</w><w n="99">dya</w><w n="100">bhe</w><w n="101">da</w><w n="102">ka</w><w n="103">pra</w><w n="104">stā</w><w n="105">ve</w><w n="106" lemma="na">na </w><w n="107">gu</w><w n="108">ṇa</w><w n="109">sa</w><w n="110">mu</w><w n="111">dde</w><w n="112" lemma="śe">śe </w><w n="113">va</w><w n="114">kṣya</w><w n="115" lemma="ti">ti </w><w n="116">va</w><w n="117">stū</w><w n="118"></w><w n="119">pa</w><w n="120">la</w><w n="121">kṣa</w><w n="122" lemma="ṇaṃ">ṇaṃ </w><w n="123">ya</w><w n="124">tre</w><w n="125">tyā</w><w n="126">di</w><w n="127" lemma="nā">nā </w><w n="128">a</w><w n="129">ne</w><w n="130" lemma="na">na </w><w n="131" lemma="ca">ca </w><w n="132">dra</w><w n="133">vye</w><w n="134" lemma="ṇa">ṇa </w><w n="135">vyā</w><w n="136">ḻi</w><w n="137">da</w><w n="138">rśa</w><w n="139" lemma="ne">ne </w><w n="140">sa</w><w n="141" lemma="rve">rvve </w><w n="142">śa</w><w n="143" lemma="bdā">bdā </w><w n="144">dra</w><w n="145">vyā</w><w n="146">bhi</w><w n="147">dhā</w><w n="148">yi</w><w n="149" lemma="naḥ">no </w><w n="150">bha</w><w n="151" lemma="vaṃ">van</w><w n="152" lemma="ti">ti </w>
</text></TEI>
<TEI n="H">
<text>
<w n="0">i</w><w n="1">hā</w><w n="2">rtha</w><w n="3">kri</w><w n="4">yā</w><w n="5" lemma="yāṃ">yāṃ </w><w n="6">dra</w><w n="7" lemma="vyaṃ">vyam </w><w n="8">e</w><w n="9">vo</w><w n="10">pa</w><w n="11">yu</w><w n="12">jya</w><w n="13" lemma="ta">ta </w><w n="14">i</w><w n="15" lemma="ti">ti </w><w n="16">ta</w><w n="17" lemma="te">d e</w><w n="18" lemma="va">va </w><w n="19">pra</w><w n="20">va</w><w n="21" lemma="rta">rtta</w><w n="22" lemma="kaṃ">kam </w><w n="23">a</w><w n="24">rthi</w><w n="25" lemma="nāṃ">nām </w><w n="26">a</w><w n="27" lemma="taḥ">taś </w><w n="28" lemma="ca">ca </w><w n="29">śa</w><w n="30">bde</w><w n="31" lemma="na">na </w><w n="32">ta</w><w n="33" lemma="te">d e</w><w n="34">vo</w><w n="35">cya</w><w n="36" lemma="te">te '</w><w n="37"></w><w n="38">na</w><w n="39">bhi</w><w n="40">vī</w><w n="41">ya</w><w n="42">mā</w><w n="43" lemma="nā">nā </w><w n="44" lemma="tu">tu </w><w n="45">jā</w><w n="46" lemma="tiḥ">tir </w><w n="47">a</w><w n="48">va</w><w n="49">che</w><w n="50">di</w><w n="51" lemma="kā">kā </w><w n="52">gu</w><w n="53">ḍa</w><w n="54">śa</w><w n="55" lemma="bde">bde </w><w n="56"></w><w n="57">mā</w><w n="58">dhu</w><w n="59">ryā</w><w n="60">da</w><w n="61" lemma="ya">ya </w><w n="62">i</w><w n="63">ve</w><w n="64" lemma="ti">ti </w><w n="65">dra</w><w n="66">vya</w><w n="67">vā</w><w n="68">di</w><w n="69" lemma="nāṃ">nāṃ </w><w n="70">da</w><w n="71">rśa</w><w n="72" lemma="naṃ">naṃ | </w><w n="73">dra</w><w n="74" lemma="vya">vya </w><w n="75" lemma="ca">ca </w><w n="76">dvi</w><w n="77">vi</w><w n="78" lemma="vaṃ">vaṃ </w><w n="79">pā</w><w n="80">ra</w><w n="81">mā</w><w n="82">rthi</w><w n="83" lemma="kaṃ">kaṃ </w><w n="84">sā</w><w n="85">vya</w><w n="86">va</w><w n="87">hā</w><w n="88">ri</w><w n="89" lemma="kaṃ">kaṃ </w><w n="90" lemma="ca">ca | </w><w n="91">ta</w><w n="92" lemma="tra">tra </w><w n="93">dvi</w><w n="94">tī</w><w n="95" lemma="yaṃ">yaṃ </w><w n="96">dra</w><w n="97" lemma="vyaṃ">vyaṃ </w><w n="98">bhe</w><w n="99">dya</w><w n="100">bhe</w><w n="101">da</w><w n="102">ka</w><w n="103">pra</w><w n="104">stā</w><w n="105">ve</w><w n="106" lemma="na">na </w><w n="107">gu</w><w n="108">ṇa</w><w n="109">sa</w><w n="110">mu</w><w n="111">dde</w><w n="112" lemma="śe">śe </w><w n="113">va</w><w n="114">kṣya</w><w n="115" lemma="ti">ti </w><w n="116">va</w><w n="117">stū</w><w n="118"></w><w n="119">pa</w><w n="120">la</w><w n="121">kṣa</w><w n="122" lemma="ṇaṃ">ṇaṃ </w><w n="123">ya</w><w n="124">tre</w><w n="125">tyā</w><w n="126">di</w><w n="127" lemma="nā">nā | </w><w n="128">a</w><w n="129">ne</w><w n="130" lemma="na">na </w><w n="131" lemma="ca">ca </w><w n="132">dra</w><w n="133">vye</w><w n="134" lemma="ṇa">ṇa </w><w n="135">vyā</w><w n="136">ḍi</w><w n="137">da</w><w n="138">rśa</w><w n="139" lemma="ne">ne </w><w n="140">sa</w><w n="141" lemma="rve">rve </w><w n="142">śa</w><w n="143" lemma="bdā">bdā </w><w n="144">dra</w><w n="145">vyā</w><w n="146">bhi</w><w n="147">dhā</w><w n="148">yi</w><w n="149" lemma="naḥ">no </w><w n="150">bha</w><w n="151" lemma="vaṃ">van</w><w n="152" lemma="ti">ti | </w>
</text></TEI>
<TEI n="P">
<text>
<w n="0">i</w><w n="1">hā</w><w n="2">rtha</w><w n="3">kri</w><w n="4">yā</w><w n="5" lemma="yāṃ">yāṃ </w><w n="6">dra</w><w n="7" lemma="vyaṃ">vyam </w><w n="8">e</w><w n="9">vo</w><w n="10">pa</w><w n="11">yu</w><w n="12">jya</w><w n="13" lemma="ta">ta </w><w n="14">i</w><w n="15" lemma="ti">ti </w><w n="16">ta</w><w n="17" lemma="te">d e</w><w n="18" lemma="va">va </w><w n="19">pra</w><w n="20">va</w><w n="21" lemma="rta">rtta</w><w n="22" lemma="kaṃ">kam </w><w n="23">a</w><w n="24">rthi</w><w n="25" lemma="nāṃ">nāṃ </w><w n="26">a</w><w n="27" lemma="taḥ">taś </w><w n="28" lemma="ca">ca </w><w n="29">śa</w><w n="30">bde</w><w n="31" lemma="na">na </w><w n="32">ta</w><w n="33" lemma="te">d e</w><w n="34">vo</w><w n="35">cya</w><w n="36" lemma="te">te </w><w n="37">a</w><w n="38">na</w><w n="39">bhi</w><w n="40">dhī</w><w n="41">ya</w><w n="42">mā</w><w n="43" lemma="nā">nā </w><w n="44" lemma="tu">tu </w><w n="45">jā</w><w n="46" lemma="tiḥ">tir </w><w n="47">a</w><w n="48">va</w><w n="49" lemma="che">che&#166;</w><w n="50">di</w><w n="51" lemma="kā">kā </w><w n="52">guṃ</w><w n="53">ḍa</w><w n="54">śa</w><w n="55" lemma="bdeḥ">bder </w><w n="56"></w><w n="57">mā</w><w n="58">dhu</w><w n="59">ryā</w><w n="60">da</w><w n="61" lemma="ya">ya </w><w n="62">i</w><w n="63">ve</w><w n="64" lemma="ti">ti </w><w n="65">dra</w><w n="66">vya</w><w n="67">vā</w><w n="68">di</w><w n="69" lemma="nā">nā </w><w n="70">da</w><w n="71">rśa</w><w n="72" lemma="naṃ">naṃ </w><w n="73">dra</w><w n="74" lemma="vyaṃ">vyaṃ </w><w n="75" lemma="ca">ca </w><w n="76">dvi</w><w n="77">vi</w><w n="78" lemma="dhaṃ">dhaṃ </w><w n="79">pā</w><w n="80">ra</w><w n="81">mā</w><w n="82">rthi</w><w n="83" lemma="kaṃ">kaṃ </w><w n="84">sāṃ</w><w n="85">vya</w><w n="86">va</w><w n="87">hā</w><w n="88">ri</w><w n="89" lemma="kaṃ">kaṃ </w><w n="90" lemma="ca">ca </w><w n="91">ta</w><w n="92" lemma="tra">tra </w><w n="93">dvi</w><w n="94">tī</w><w n="95" lemma="yaṃ">yaṃ </w><w n="96"></w><w n="97"></w><w n="98">bhe</w><w n="99" lemma="dyaṃ">dyaṃ </w><w n="100">bhe</w><w n="101">da</w><w n="102">ka</w><w n="103">pra</w><w n="104">stā</w><w n="105">ve</w><w n="106" lemma="na">na </w><w n="107">gu</w><w n="108">ṇa</w><w n="109">sa</w><w n="110">mu</w><w n="111">dde</w><w n="112" lemma="śe">śe </w><w n="113">va</w><w n="114">kṣya</w><w n="115" lemma="ti">ti </w><w n="116">va</w><w n="117">stu</w><w n="118">rū</w><w n="119">pa</w><w n="120">la</w><w n="121">kṣa</w><w n="122" lemma="ṇaṃ">ṇam </w><w n="123"></w><w n="124">i</w><w n="125">tyā</w><w n="126">di</w><w n="127" lemma="nā">nā </w><w n="128">a</w><w n="129">ne</w><w n="130" lemma="na">na </w><w n="131" lemma="ca">ca </w><w n="132">dra</w><w n="133">vye</w><w n="134" lemma="ṇa">ṇa </w><w n="135">vyā</w><w n="136">ḍi</w><w n="137">da</w><w n="138">rśa</w><w n="139" lemma="ne">ne </w><w n="140">sa</w><w n="141" lemma="rve">rve </w><w n="142">śa</w><w n="143" lemma="bdā">bdā </w><w n="144">dra</w><w n="145">vyā</w><w n="146">bhi</w><w n="147">dhā</w><w n="148">yi</w><w n="149" lemma="naḥ">no </w><w n="150">bha</w><w n="151">vaṃ</w><w n="152" lemma="ti">ti </w>
</text></TEI>
<TEI n="M">
<text>
<w n="0">i</w><w n="1">hā</w><w n="2">rtha</w><w n="3">kri</w><w n="4">yā</w><w n="5" lemma="yāṃ">yāṃ </w><w n="6">dra</w><w n="7" lemma="vyaṃ">vyam </w><w n="8">e</w><w n="9">vo</w><w n="10">pa</w><w n="11">yu</w><w n="12">jya</w><w n="13" lemma="ta">ta </w><w n="14">i</w><w n="15" lemma="ti">ti </w><w n="16">ta</w><w n="17" lemma="te">d e</w><w n="18" lemma="va">va </w><w n="19">pra</w><w n="20">va</w><w n="21" lemma="rta">rtta</w><w n="22" lemma="kaṃ">kam </w><w n="23">a</w><w n="24">rthi</w><w n="25" lemma="nāṃ">nāṃ | </w><w n="26">a</w><w n="27" lemma="taḥ">taś </w><w n="28" lemma="ca">ca </w><w n="29">śa</w><w n="30">bde</w><w n="31" lemma="na">na </w><w n="32">ta</w><w n="33" lemma="te">d e</w><w n="34">vo</w><w n="35">cya</w><w n="36" lemma="te">te | </w><w n="37">a</w><w n="38">na</w><w n="39">bhi</w><w n="40">dhī</w><w n="41">ya</w><w n="42">mā</w><w n="43" lemma="nā">nā </w><w n="44" lemma="tu">tu </w><w n="45">jā</w><w n="46" lemma="tiḥ">tir </w><w n="47">a</w><w n="48">va</w><w n="49">che</w><w n="50">di</w><w n="51" lemma="kā">kā | </w><w n="52">gu</w><w n="53">ḍa</w><w n="54">śa</w><w n="55" lemma="bdeḥ">bder </w><w n="56"></w><w n="57">mā</w><w n="58">dhu</w><w n="59">ryā</w><w n="60">da</w><w n="61" lemma="ya">ya </w><w n="62">i</w><w n="63">ve</w><w n="64" lemma="ti">ti | </w><w n="65">dra</w><w n="66">vya</w><w n="67">vā</w><w n="68">di</w><w n="69" lemma="nāṃ">nāṃ </w><w n="70">da</w><w n="71">rśa</w><w n="72" lemma="naṃ">naṃ | </w><w n="73">dra</w><w n="74" lemma="vyaṃ">vyaṃ </w><w n="75" lemma="ca">ca </w><w n="76">dvi</w><w n="77">vi</w><w n="78" lemma="dhaṃ">dhaṃ | </w><w n="79">pā</w><w n="80">ra</w><w n="81">mā</w><w n="82">rthi</w><w n="83" lemma="kaṃ">kaṃ </w><w n="84">sāṃ</w><w n="85">vya</w><w n="86">va</w><w n="87">hā</w><w n="88">ri</w><w n="89" lemma="kaṃ">kaṃ </w><w n="90" lemma="ca">ca | </w><w n="91">ta</w><w n="92" lemma="tra">tra </w><w n="93">dvi</w><w n="94">tī</w><w n="95" lemma="yaṃ">yaṃ </w><w n="96"></w><w n="97"></w><w n="98">bhe</w><w n="99" lemma="dyaṃ">dyaṃ | </w><w n="100">bhe</w><w n="101">da</w><w n="102">ka</w><w n="103">pra</w><w n="104">stā</w><w n="105">ve</w><w n="106" lemma="na">na </w><w n="107">gu</w><w n="108">ṇa</w><w n="109">sa</w><w n="110">mu</w><w n="111">dde</w><w n="112" lemma="śe">śe </w><w n="113">va</w><w n="114">kṣya</w><w n="115" lemma="ti">ti | </w><w n="116">va</w><w n="117">stū</w><w n="118"></w><w n="119">pa</w><w n="120">la</w><w n="121">kṣa</w><w n="122" lemma="ṇaṃ">ṇaṃ </w><w n="123"></w><w n="124">i</w><w n="125">tyā</w><w n="126">di</w><w n="127" lemma="nā">nā | </w><w n="128">a</w><w n="129">ne</w><w n="130" lemma="na">na </w><w n="131" lemma="ca">ca </w><w n="132">dra</w><w n="133">vye</w><w n="134" lemma="ṇa">ṇa </w><w n="135">vyā</w><w n="136">ḍi</w><w n="137">da</w><w n="138">rśa</w><w n="139" lemma="ne">ne </w><w n="140">sa</w><w n="141" lemma="rve">rve </w><w n="142">śa</w><w n="143" lemma="bdā">bdā </w><w n="144">dra</w><w n="145">vyā</w><w n="146">bhi</w><w n="147">dhā</w><w n="148">yi</w><w n="149" lemma="naḥ">no </w><w n="150">bha</w><w n="151">vaṃ</w><w n="152" lemma="ti">ti | </w>
</text></TEI>
<TEI n="G2">
<text>
<w n="0">i</w><w n="1">hā</w><w n="2">rtha</w><w n="3">kri</w><w n="4">yā</w><w n="5" lemma="yāṃ">yāṃ </w><w n="6">dra</w><w n="7" lemma="vyaṃ">vyam </w><w n="8">e</w><w n="9">vo</w><w n="10">pa</w><w n="11">yu</w><w n="12">jya</w><w n="13" lemma="ta">ta </w><w n="14">i</w><w n="15" lemma="ti">ti </w><w n="16">ta</w><w n="17" lemma="te">d e</w><w n="18" lemma="va">va </w><w n="19">pra</w><w n="20">va</w><w n="21" lemma="rta">rtta</w><w n="22" lemma="kaṃ">kam </w><w n="23">a</w><w n="24">rthi</w><w n="25" lemma="nāṃ">nāṃ </w><w n="26">a</w><w n="27" lemma="taḥ">taḥ </w><w n="28"></w><w n="29">śa</w><w n="30">bde</w><w n="31" lemma="na">na </w><w n="32">ta</w><w n="33" lemma="te">d e</w><w n="34">vo</w><w n="35">vya</w><w n="36" lemma="te">te </w><w n="37">a</w><w n="38">na</w><w n="39">dhi</w><w n="40">dhī</w><w n="41">ya</w><w n="42">mā</w><w n="43" lemma="nā">nā </w><w n="44" lemma="tu">tu </w><w n="45">jā</w><w n="46" lemma="tiḥ">tir </w><w n="47">a</w><w n="48">va</w><w n="49">che</w><w n="50">di</w><w n="51" lemma="kā">kā </w><w n="52">gu</w><w n="53">ḍa</w><w n="54">śa</w><w n="55" lemma="bde">bde </w><w n="56"></w><w n="57">mā</w><w n="58">dhu</w><w n="59">ryā</w><w n="60">da</w><w n="61" lemma="ya">ya </w><w n="62">i</w><w n="63">ve</w><w n="64" lemma="ti">ti </w><w n="65">dra</w><w n="66">vya</w><w n="67">vā</w><w n="68">di</w><w n="69" lemma="nāṃ">nāṃ </w><w n="70" lemma="da">da </w><w n="71"></w><w n="72"></w><w n="73">dra</w><w n="74" lemma="vyaṃ">vyaṃ </w><w n="75" lemma="va">va </w><w n="76">dvi</w><w n="77">vi</w><w n="78" lemma="dhaṃ">dhaṃ </w><w n="79">pā</w><w n="80">ra</w><w n="81">mā</w><w n="82">rthi</w><w n="83" lemma="kaṃ">kaṃ </w><w n="84">sāṃ</w><w n="85">vya</w><w n="86">va</w><w n="87">hā</w><w n="88">ri</w><w n="89" lemma="kaṃ">kaṃ </w><w n="90" lemma="va">va </w><w n="91">ta</w><w n="92" lemma="tra">tra </w><w n="93">dvi</w><w n="94">tī</w><w n="95" lemma="yaṃ">yaṃ </w><w n="96"></w><w n="97"></w><w n="98">bha</w><w n="99">dya</w><w n="100">bhe</w><w n="101">da</w><w n="102">ka</w><w n="103">pra</w><w n="104">sta</w><w n="105">ve</w><w n="106" lemma="ma">ma </w><w n="107">gu</w><w n="108">ṇa</w><w n="109">sa</w><w n="110">mu</w><w n="111">dde</w><w n="112" lemma="śe">śe </w><w n="113">va</w><w n="114">kṣya</w><w n="115" lemma="ti">ti </w><w n="116">va</w><w n="117">sttū</w><w n="118"></w><w n="119">pa</w><w n="120">la</w><w n="121">kṣa</w><w n="122" lemma="ṇaṃ">ṇaṃ </w><w n="123">ya</w><w n="124">tre</w><w n="125">tyā</w><w n="126">di</w><w n="127" lemma="na">na </w><w n="128">a</w><w n="129">ne</w><w n="130" lemma="na">na </w><w n="131" lemma="va">va </w><w n="132">dra</w><w n="133">vye</w><w n="134" lemma="ṇa">ṇa </w><w n="135">vya</w><w n="136">ḍi</w><w n="137">da</w><w n="138">rśa</w><w n="139" lemma="ne">ne </w><w n="140">sa</w><w n="141" lemma="rve">rve </w><w n="142">śa</w><w n="143" lemma="bdā">bdā </w><w n="144">dra</w><w n="145">vyā</w><w n="146">bhi</w><w n="147">dhā</w><w n="148">yi</w><w n="149" lemma="ne">ne </w><w n="150">bha</w><w n="151">va</w><w n="152" lemma="ti">ti | </w>
</text></TEI>
<TEI n="G1">
<text>
<w n="0">i</w><w n="1">hā</w><w n="2">rtha</w><w n="3">kri</w><w n="4">yā</w><w n="5" lemma="yāṃ">yāṃ </w><w n="6">dra</w><w n="7" lemma="vyaṃ">vyam </w><w n="8">e</w><w n="9">vo</w><w n="10">pa</w><w n="11">yu</w><w n="12">jya</w><w n="13" lemma="ta">ta </w><w n="14">i</w><w n="15" lemma="ti">ti </w><w n="16">ta</w><w n="17" lemma="te">d e</w><w n="18" lemma="va">va </w><w n="19">pra</w><w n="20">va</w><w n="21" lemma="rta">rtta</w><w n="22" lemma="kaṃ">kam </w><w n="23">a</w><w n="24">rthi</w><w n="25" lemma="nāṃ">nāṃ </w><w n="26">a</w><w n="27" lemma="taḥ">taḥ || </w><w n="28"></w><w n="29">śa</w><w n="30">bde</w><w n="31" lemma="na">na </w><w n="32">ta</w><w n="33" lemma="te">d e</w><w n="34">vo</w><w n="35">vya</w><w n="36" lemma="te">te </w><w n="37">a</w><w n="38">na</w><w n="39">dyi</w><w n="40">dhī</w><w n="41">ya</w><w n="42">mā</w><w n="43" lemma="nā">nā </w><w n="44" lemma="tu">tu </w><w n="45">jā</w><w n="46" lemma="tiḥ">tir </w><w n="47">a</w><w n="48">va</w><w n="49">che</w><w n="50">di</w><w n="51" lemma="kā">kā </w><w n="52">gu</w><w n="53">ḍa</w><w n="54">śa</w><w n="55" lemma="bde">bde </w><w n="56"></w><w n="57">mā</w><w n="58">dhu</w><w n="59">ryā</w><w n="60">da</w><w n="61" lemma="ya">ya </w><w n="62">i</w><w n="63">ve</w><w n="64" lemma="ti">ti </w><w n="65">dra</w><w n="66">vya</w><w n="67">vā</w><w n="68">di</w><w n="69" lemma="nāṃ">nāṃ </w><w n="70" lemma="da">da </w><w n="71"></w><w n="72"></w><w n="73">dra</w><w n="74" lemma="vyaṃ">vyaṃ </w><w n="75" lemma="va">va </w><w n="76">dvi</w><w n="77">vi</w><w n="78" lemma="dhaṃ">dhaṃ </w><w n="79">pā</w><w n="80">ra</w><w n="81">mā</w><w n="82">rthi</w><w n="83" lemma="kaṃ">kaṃ </w><w n="84">sāṃ</w><w n="85">vya</w><w n="86">va</w><w n="87">hā</w><w n="88">ri</w><w n="89" lemma="kaṃ">kaṃ </w><w n="90" lemma="va">va </w><w n="91">ta</w><w n="92" lemma="tra">tra </w><w n="93">dvi</w><w n="94">tī</w><w n="95" lemma="yaṃ">yaṃ </w><w n="96"></w><w n="97"></w><w n="98">bha</w><w n="99">dya</w><w n="100">bhe</w><w n="101">da</w><w n="102">ka</w><w n="103">pra</w><w n="104">sta</w><w n="105">ve</w><w n="106" lemma="ma">ma </w><w n="107">gu</w><w n="108">ṇa</w><w n="109">sa</w><w n="110">mu</w><w n="111">dde</w><w n="112" lemma="śe">śe </w><w n="113">va</w><w n="114">kṣya</w><w n="115" lemma="ti">ti </w><w n="116">va</w><w n="117">sttū</w><w n="118"></w><w n="119">pa</w><w n="120">la</w><w n="121">kṣa</w><w n="122" lemma="ṇaṃ">ṇaṃ </w><w n="123">ya</w><w n="124">tre</w><w n="125">tyā</w><w n="126">di</w><w n="127" lemma="na">na || </w><w n="128">a</w><w n="129">ne</w><w n="130" lemma="na">na </w><w n="131" lemma="va">va </w><w n="132">dra</w><w n="133">vye</w><w n="134" lemma="ṇa">ṇa </w><w n="135">vya</w><w n="136">ḍi</w><w n="137">da</w><w n="138">rśa</w><w n="139" lemma="ne">ne </w><w n="140">sa</w><w n="141" lemma="rve">rve </w><w n="142">śa</w><w n="143" lemma="bdā">bdā </w><w n="144">dra</w><w n="145">vyā</w><w n="146">bhi</w><w n="147">dhā</w><w n="148">yi</w><w n="149" lemma="ne">ne </w><w n="150">bha</w><w n="151">va</w><w n="152" lemma="ti">ti | </w>
</text></TEI>
<TEI n="L">
<text>
<w n="0">i</w><w n="1">hā</w><w n="2">rtha</w><w n="3">kri</w><w n="4">yā</w><w n="5" lemma="yāṃ">yāṃ </w><w n="6">dra</w><w n="7" lemma="vyaṃ">vyam </w><w n="8">e</w><w n="9">vo</w><w n="10">pa</w><w n="11">yu</w><w n="12">jya</w><w n="13" lemma="ta">ta </w><w n="14">i</w><w n="15" lemma="ti">ti </w><w n="16">ta</w><w n="17" lemma="te">d e</w><w n="18" lemma="va">va </w><w n="19">pra</w><w n="20">va</w><w n="21">rta</w><w n="22" lemma="kaṃ">kam </w><w n="23">a</w><w n="24">rthi</w><w n="25" lemma="nāṃ">nāṃ || </w><w n="26">a</w><w n="27" lemma="taḥ">taḥ </w><w n="28"></w><w n="29">śa</w><w n="30">bde</w><w n="31" lemma="na">na </w><w n="32">ta</w><w n="33" lemma="te">d e</w><w n="34">vo</w><w n="35">cya</w><w n="36" lemma="te">te || </w><w n="37">a</w><w n="38">na</w><w n="39">bhi</w><w n="40">dhī</w><w n="41">ya</w><w n="42">mā</w><w n="43" lemma="nā">nā </w><w n="44" lemma="tu">tu </w><w n="45">jā</w><w n="46" lemma="tiḥ">tir </w><w n="47">a</w><w n="48">va</w><w n="49">che</w><w n="50">di</w><w n="51" lemma="kā">kā </w><w n="52">gu</w><w n="53">ḍa</w><w n="54">śa</w><w n="55" lemma="bde">bde </w><w n="56"></w><w n="57">mā</w><w n="58">dhu</w><w n="59">ryā</w><w n="60">da</w><w n="61" lemma="ya">ya </w><w n="62">i</w><w n="63">ve</w><w n="64" lemma="ti">ti </w><w n="65">dra</w><w n="66">vya</w><w n="67">vā</w><w n="68">di</w><w n="69" lemma="nāṃ">nāṃ </w><w n="70">da</w><w n="71">rśa</w><w n="72" lemma="naṃ">naṃ </w><w n="73">dra</w><w n="74" lemma="vyaṃ">vyaṃ </w><w n="75" lemma="ca">ca </w><w n="76">dvi</w><w n="77">vi</w><w n="78" lemma="dhaṃ">dhaṃ </w><w n="79">pā</w><w n="80">ra</w><w n="81">mā</w><w n="82">rthi</w><w n="83" lemma="kaṃ">kaṃ </w><w n="84">sāṃ</w><w n="85">vya</w><w n="86">va</w><w n="87">hā</w><w n="88">ri</w><w n="89" lemma="kaṃ">kaṃ </w><w n="90" lemma="ca">ca </w><w n="91">ta</w><w n="92" lemma="tra">tra </w><w n="93">dvi</w><w n="94">tī</w><w n="95" lemma="yaṃ">yaṃ </w><w n="96"></w><w n="97"></w><w n="98">bhe</w><w n="99">dya</w><w n="100">bhe</w><w n="101">da</w><w n="102">ka</w><w n="103">pra</w><w n="104">stā</w><w n="105">ve</w><w n="106" lemma="na">na </w><w n="107">gu</w><w n="108">ṇa</w><w n="109">sa</w><w n="110">mu</w><w n="111">dde</w><w n="112" lemma="śe">śe </w><w n="113">va</w><w n="114">kṣya</w><w n="115" lemma="ti">ti </w><w n="116">va</w><w n="117">stū</w><w n="118"></w><w n="119">pa</w><w n="120">la</w><w n="121">kṣa</w><w n="122" lemma="ṇaṃ">ṇaṃ </w><w n="123">ya</w><w n="124">tre</w><w n="125">tyā</w><w n="126">di</w><w n="127" lemma="nā">nā || </w><w n="128">a</w><w n="129">ne</w><w n="130" lemma="na">na </w><w n="131"></w><w n="132">dra</w><w n="133">vye</w><w n="134" lemma="ṇa">ṇa </w><w n="135">vyā</w><w n="136">ḍi</w><w n="137">da</w><w n="138">rśa</w><w n="139" lemma="ne">ne </w><w n="140">sa</w><w n="141" lemma="rve">rve </w><w n="142">śa</w><w n="143" lemma="bdā">bdā </w><w n="144">dra</w><w n="145">vyā</w><w n="146">bhi</w><w n="147">dhā</w><w n="148">yi</w><w n="149" lemma="naḥ">no </w><w n="150">bha</w><w n="151">vaṃ</w><w n="152" lemma="ti">ti || </w>
</text></TEI>
<TEI n="O">
<text>
<w n="0">i</w><w n="1">hā</w><w n="2" lemma="rtha">rttha</w><w n="3">kri</w><w n="4">yā</w><w n="5" lemma="yāṃ">yāṃ </w><w n="6">dra</w><w n="7" lemma="vyaṃ">vyam </w><w n="8">e</w><w n="9">vo</w><w n="10">pa</w><w n="11">yu</w><w n="12">jya</w><w n="13" lemma="ta">ta </w><w n="14">i</w><w n="15" lemma="ti">ti </w><w n="16">ta</w><w n="17" lemma="te">d e</w><w n="18" lemma="va">va </w><w n="19">pra</w><w n="20">va</w><w n="21">rta</w><w n="22" lemma="kaṃ">kam </w><w n="23">a</w><w n="24" lemma="rthi">rtthi</w><w n="25" lemma="nāṃ">nāṃ </w><w n="26">ta</w><w n="27" lemma="taḥ">taḥ </w><w n="28"></w><w n="29">śa</w><w n="30">bde</w><w n="31" lemma="na">na </w><w n="32">ta</w><w n="33" lemma="te">d e</w><w n="34">vo</w><w n="35">cya</w><w n="36" lemma="te">te </w><w n="37">a</w><w n="38">na</w><w n="39">bhi</w><w n="40">dhī</w><w n="41">ya</w><w n="42">mā</w><w n="43" lemma="nā">nā </w><w n="44" lemma="tu">tu </w><w n="45">jā</w><w n="46" lemma="tiḥ">tir </w><w n="47">a</w><w n="48">va</w><w n="49" lemma="che">cche</w><w n="50">di</w><w n="51" lemma="kā">kā </w><w n="52">gu</w><w n="53">ḍa</w><w n="54">śa</w><w n="55" lemma="bde">bde </w><w n="56"></w><w n="57">mā</w><w n="58">dhu</w><w n="59">ryā</w><w n="60">da</w><w n="61" lemma="ya">ya </w><w n="62">i</w><w n="63">ve</w><w n="64" lemma="ti">ti </w><w n="65">dra</w><w n="66">vya</w><w n="67">vā</w><w n="68">di</w><w n="69" lemma="nāṃ">nāṃ </w><w n="70">da</w><w n="71">rśa</w><w n="72" lemma="naṃ">naṃ </w><w n="73">dra</w><w n="74" lemma="vyaṃ">vyaṃ </w><w n="75" lemma="ca">ca </w><w n="76">dvi</w><w n="77">vi</w><w n="78" lemma="dhaṃ">dhaṃ </w><w n="79">pā</w><w n="80">ra</w><w n="81">mā</w><w n="82" lemma="rthi">rtthi</w><w n="83" lemma="kaṃ">kaṃ </w><w n="84">sāṃ</w><w n="85">vya</w><w n="86">va</w><w n="87">hā</w><w n="88">ri</w><w n="89" lemma="kaṃ">kaṃ </w><w n="90" lemma="ca">ca </w><w n="91">ta</w><w n="92" lemma="tra">tra </w><w n="93">dvi</w><w n="94">tī</w><w n="95" lemma="yaṃ">yaṃ </w><w n="96"></w><w n="97"></w><w n="98">bhe</w><w n="99">dya</w><w n="100">bhe</w><w n="101">da</w><w n="102">ka</w><w n="103">pra</w><w n="104">stā</w><w n="105">ve</w><w n="106" lemma="na">na </w><w n="107">gu</w><w n="108">ṇa</w><w n="109">sa</w><w n="110">mu</w><w n="111">dde</w><w n="112" lemma="śe">śe </w><w n="113">va</w><w n="114">kṣya</w><w n="115" lemma="ti">ti </w><w n="116">va</w><w n="117">stū</w><w n="118"></w><w n="119">pa</w><w n="120">la</w><w n="121">kṣa</w><w n="122" lemma="ṇaṃ">ṇaṃ </w><w n="123">ya</w><w n="124">tre</w><w n="125">tyā</w><w n="126">di</w><w n="127" lemma="nā">nā | </w><w n="128">a</w><w n="129">ne</w><w n="130" lemma="na">na </w><w n="131" lemma="ca">ca </w><w n="132">dra</w><w n="133">vye</w><w n="134" lemma="ṇa">ṇa </w><w n="135">vyā</w><w n="136">ḍi</w><w n="137">da</w><w n="138">rśa</w><w n="139" lemma="ne">ne </w><w n="140">sa</w><w n="141" lemma="rve">rve </w><w n="142">śa</w><w n="143" lemma="bdā">bdā </w><w n="144">dra</w><w n="145">vyā</w><w n="146">bhi</w><w n="147">dhā</w><w n="148">yi</w><w n="149" lemma="naḥ">no </w><w n="150">bha</w><w n="151">vaṃ</w><w n="152" lemma="ti">ti | </w>
</text></TEI>
<TEI n="A">
<text>
<w n="0">i</w><w n="1">hā</w><w n="2">rtha</w><w n="3">kri</w><w n="4"></w><w n="5" lemma="yāṃ">yāṃ </w><w n="6">dra</w><w n="7" lemma="vyaṃ">vyam </w><w n="8">e</w><w n="9">vo</w><w n="10">pa</w><w n="11">yu</w><w n="12">jya</w><w n="13" lemma="ta">ta </w><w n="14">i</w><w n="15" lemma="ti">ti </w><w n="16">ta</w><w n="17" lemma="te">d e</w><w n="18" lemma="va">va </w><w n="19">pra</w><w n="20">va</w><w n="21" lemma="rta">rtta</w><w n="22" lemma="kaṃ">kam </w><w n="23">a</w><w n="24">rthi</w><w n="25" lemma="nāṃ">nāṃ </w><w n="26">a</w><w n="27" lemma="taḥ">taḥ </w><w n="28"></w><w n="29">śa</w><w n="30">bde</w><w n="31" lemma="na">na </w><w n="32">ta</w><w n="33" lemma="te">d e</w><w n="34">vo</w><w n="35">cya</w><w n="36" lemma="te">te </w><w n="37">a</w><w n="38">na</w><w n="39">bhi</w><w n="40">dhī</w><w n="41">ya</w><w n="42">mā</w><w n="43" lemma="nā">nā </w><w n="44" lemma="tu">tu </w><w n="45">jā</w><w n="46" lemma="tiḥ">tir </w><w n="47">a</w><w n="48">va</w><w n="49">che</w><w n="50">di</w><w n="51" lemma="kā">kā </w><w n="52">gu</w><w n="53">ḍa</w><w n="54">śa</w><w n="55" lemma="bde">bde </w><w n="56"></w><w n="57">mā</w><w n="58">dhu</w><w n="59">ryā</w><w n="60">da</w><w n="61" lemma="ya">ya </w><w n="62">ra</w><w n="63">ve</w><w n="64" lemma="ti">ti </w><w n="65">dra</w><w n="66">vya</w><w n="67">vā</w><w n="68">di</w><w n="69" lemma="nāṃ">nāṃ </w><w n="70">da</w><w n="71">rśa</w><w n="72" lemma="naṃ">naṃ </w><w n="73">dra</w><w n="74" lemma="vyaṃ">vyaṃ </w><w n="75" lemma="ca">ca </w><w n="76">dvi</w><w n="77">vi</w><w n="78" lemma="dhaṃ">dhaṃ </w><w n="79">pā</w><w n="80">ra</w><w n="81">mā</w><w n="82">rthi</w><w n="83" lemma="kaṃ">kaṃ </w><w n="84">sāṃ</w><w n="85">vya</w><w n="86">va</w><w n="87">hā</w><w n="88">ri</w><w n="89" lemma="kaṃ">kaṃ </w><w n="90" lemma="ca">ca </w><w n="91" lemma="ta">ta </w><w n="92"></w><w n="93">dvi</w><w n="94">tī</w><w n="95" lemma="yaṃ">yaṃ </w><w n="96"></w><w n="97"></w><w n="98">bhe</w><w n="99">dya</w><w n="100">bhe</w><w n="101">da</w><w n="102">ka</w><w n="103">pra</w><w n="104">stā</w><w n="105">ve</w><w n="106" lemma="na">na </w><w n="107">gu</w><w n="108">ṇa</w><w n="109">sa</w><w n="110">mu</w><w n="111">de</w><w n="112" lemma="śe">śe </w><w n="113">va</w><w n="114">kṣya</w><w n="115" lemma="ti">ti </w><w n="116">va</w><w n="117">stū</w><w n="118"></w><w n="119">pa</w><w n="120">la</w><w n="121">kṣa</w><w n="122" lemma="ṇaṃ">ṇaṃ </w><w n="123">ya</w><w n="124">tre</w><w n="125">tyā</w><w n="126">di</w><w n="127" lemma="nā">nā </w><w n="128">a</w><w n="129">ne</w><w n="130" lemma="na">na </w><w n="131" lemma="ca">ca </w><w n="132">dra</w><w n="133">vye</w><w n="134" lemma="ṇa">ṇa </w><w n="135">vyā</w><w n="136">ḍi</w><w n="137">da</w><w n="138">rśa</w><w n="139" lemma="ne">ne </w><w n="140">sa</w><w n="141" lemma="rve">rve </w><w n="142">śa</w><w n="143" lemma="bdā">bdā </w><w n="144">dra</w><w n="145">vyā</w><w n="146">bhi</w><w n="147">dhā</w><w n="148">yi</w><w n="149" lemma="noṃ">noṃ </w><w n="150">bha</w><w n="151">vaṃ</w><w n="152" lemma="ti">ti </w>
</text></TEI>
<TEI n="V">
<text>
<w n="0">i</w><w n="1">hā</w><w n="2">rtha</w><w n="3">kri</w><w n="4">yā</w><w n="5" lemma="yāṃ">yāṃ </w><w n="6">dra</w><w n="7" lemma="vyaṃ">vyam </w><w n="8">e</w><w n="9">vo</w><w n="10">pa</w><w n="11">yu</w><w n="12">jya</w><w n="13" lemma="ta">ta </w><w n="14">i</w><w n="15" lemma="ti">ti </w><w n="16">ta</w><w n="17" lemma="te">d e</w><w n="18" lemma="va">va </w><w n="19">pra</w><w n="20">va</w><w n="21">rta</w><w n="22" lemma="kaṃ">kam </w><w n="23">a</w><w n="24">rthi</w><w n="25" lemma="nāṃ">nāṃ </w><w n="26">a</w><w n="27" lemma="taḥ">taḥ </w><w n="28"></w><w n="29">śa</w><w n="30">bde</w><w n="31" lemma="na">na </w><w n="32">ta</w><w n="33" lemma="te">d e</w><w n="34">vo</w><w n="35">cya</w><w n="36" lemma="te">te </w><w n="37">a</w><w n="38">na</w><w n="39">bhi</w><w n="40">dhī</w><w n="41">ya</w><w n="42">mā</w><w n="43" lemma="nā">nā </w><w n="44" lemma="tu">tu </w><w n="45">jā</w><w n="46" lemma="tiḥ">tir </w><w n="47">a</w><w n="48">va</w><w n="49">che</w><w n="50">di</w><w n="51" lemma="kā">kā </w><w n="52">gu</w><w n="53">ḍa</w><w n="54">śa</w><w n="55" lemma="bde">bde </w><w n="56"></w><w n="57">mā</w><w n="58">dhra</w><w n="59">rmā</w><w n="60">da</w><w n="61" lemma="ya">ya </w><w n="62">i</w><w n="63">ve</w><w n="64" lemma="ti">ti </w><w n="65">dra</w><w n="66">vya</w><w n="67">vā</w><w n="68">di</w><w n="69" lemma="nāṃ">nāṃ </w><w n="70">da</w><w n="71">rśa</w><w n="72" lemma="naṃ">naṃ </w><w n="73">dra</w><w n="74" lemma="vyaṃ">vyaṃ </w><w n="75" lemma="ca">ca </w><w n="76">dvi</w><w n="77">vi</w><w n="78" lemma="dha">dha </w><w n="79">pā</w><w n="80">ra</w><w n="81">mā</w><w n="82">rthi</w><w n="83" lemma="kaṃ">kaṃ </w><w n="84">sāṃ</w><w n="85">vya</w><w n="86">va</w><w n="87">hā</w><w n="88">ri</w><w n="89" lemma="kaṃ">kaṃ </w><w n="90" lemma="ca">ca </w><w n="91">ta</w><w n="92" lemma="tra">tra </w><w n="93">dvi</w><w n="94">tī</w><w n="95" lemma="yaṃ">yaṃ&#166; </w><w n="96"></w><w n="97"></w><w n="98">bhe</w><w n="99">dya</w><w n="100">bhe</w><w n="101">da</w><w n="102">ka</w><w n="103">ma</w><w n="104">hyā</w><w n="105">ve</w><w n="106" lemma="ma">ma </w><w n="107">gu</w><w n="108">ṇa</w><w n="109">sa</w><w n="110">mu</w><w n="111">dde</w><w n="112" lemma="śe">śe </w><w n="113">va</w><w n="114">kṣya</w><w n="115" lemma="ti">ti </w><w n="116">va</w><w n="117">stū</w><w n="118"></w><w n="119">pa</w><w n="120">la</w><w n="121">kṣa</w><w n="122" lemma="ṇaṃ">ṇaṃ </w><w n="123">ya</w><w n="124">tre</w><w n="125">tyā</w><w n="126">di</w><w n="127" lemma="nā">nā </w><w n="128">a</w><w n="129">ne</w><w n="130" lemma="na">na </w><w n="131" lemma="ca">ca </w><w n="132">dra</w><w n="133">vye</w><w n="134" lemma="ṇa">ṇa </w><w n="135">vyā</w><w n="136">ḍi</w><w n="137">da</w><w n="138">rśa</w><w n="139" lemma="ne">ne </w><w n="140">sa</w><w n="141" lemma="rve">rve </w><w n="142">śa</w><w n="143" lemma="bdā">bdā </w><w n="144">dva</w><w n="145">vyā</w><w n="146">bhi</w><w n="147">dhā</w><w n="148" lemma="yi">yi&#166;</w><w n="149" lemma="naḥ">no </w><w n="150">bha</w><w n="151">vaṃ</w><w n="152" lemma="ti">ti </w>
</text></TEI>
<TEI n="K">
<text>
<w n="0" lemma="i">|| i</w><w n="1">hā</w><w n="2">rtha</w><w n="3">kri</w><w n="4">yā</w><w n="5" lemma="yāṃ">yāṃ </w><w n="6">dra</w><w n="7" lemma="vyaṃ">vyam </w><w n="8">e</w><w n="9">vo</w><w n="10">pa</w><w n="11">yu</w><w n="12">jya</w><w n="13" lemma="ta">ta </w><w n="14">i</w><w n="15" lemma="ti">ti </w><w n="16">ta</w><w n="17" lemma="te">d e</w><w n="18" lemma="va">va </w><w n="19">pra</w><w n="20">va</w><w n="21" lemma="rta">rtta</w><w n="22" lemma="kaṃ">kam </w><w n="23">a</w><w n="24">rthi</w><w n="25" lemma="nāṃ">nāṃ | </w><w n="26">a</w><w n="27" lemma="taḥ">taḥ </w><w n="28"></w><w n="29">śa</w><w n="30">bde</w><w n="31" lemma="na">na </w><w n="32">ta</w><w n="33" lemma="te">d e</w><w n="34">vo</w><w n="35">cya</w><w n="36" lemma="te">te | </w><w n="37">a</w><w n="38">na</w><w n="39">bhi</w><w n="40">dhī</w><w n="41">ya</w><w n="42">mā</w><w n="43" lemma="nā">nā </w><w n="44" lemma="tu">tu </w><w n="45">jā</w><w n="46" lemma="tiḥ">tir </w><w n="47">a</w><w n="48">va</w><w n="49">che</w><w n="50">di</w><w n="51" lemma="kā">kā </w><w n="52">gu</w><w n="53">ḍa</w><w n="54">śa</w><w n="55" lemma="bde">bde </w><w n="56"></w><w n="57">mā</w><w n="58">dhra</w><w n="59">rmā</w><w n="60">da</w><w n="61" lemma="ya">ya </w><w n="62">i</w><w n="63">ve</w><w n="64" lemma="ti">ti </w><w n="65">dra</w><w n="66">vya</w><w n="67">vā</w><w n="68">di</w><w n="69" lemma="nāṃ">nāṃ </w><w n="70">da</w><w n="71">rśa</w><w n="72" lemma="naṃ">naṃ </w><w n="73">dra</w><w n="74" lemma="vyaṃ">vyaṃ </w><w n="75" lemma="ca">ca </w><w n="76">dvi</w><w n="77">vi</w><w n="78" lemma="dha">dha </w><w n="79">pā</w><w n="80">ra</w><w n="81">mā</w><w n="82">rthi</w><w n="83" lemma="kaṃ">kaṃ </w><w n="84">sāṃ</w><w n="85">vya</w><w n="86">va</w><w n="87">hā</w><w n="88">ri</w><w n="89" lemma="kaṃ">kaṃ </w><w n="90" lemma="ca">ca </w><w n="91">ta</w><w n="92" lemma="tra">tra </w><w n="93">dvi</w><w n="94">tī</w><w n="95" lemma="yaṃ">yaṃ </w><w n="96"></w><w n="97"></w><w n="98">bhe</w><w n="99">dya</w><w n="100">bhe</w><w n="101">da</w><w n="102">ka</w><w n="103">pra</w><w n="104">hyā</w><w n="105">ve</w><w n="106" lemma="na">na </w><w n="107">gu</w><w n="108">ṇa</w><w n="109">sa</w><w n="110">mu</w><w n="111">dde</w><w n="112" lemma="śe">śe </w><w n="113">va</w><w n="114">kṣya</w><w n="115" lemma="ti">ti </w><w n="116">va</w><w n="117">stū</w><w n="118"></w><w n="119">pa</w><w n="120">la</w><w n="121">kṣa</w><w n="122" lemma="ṇaṃ">ṇaṃ </w><w n="123">ya</w><w n="124">tre</w><w n="125">tyā</w><w n="126">di</w><w n="127" lemma="nā">nā | </w><w n="128">a</w><w n="129">ne</w><w n="130" lemma="na">na </w><w n="131" lemma="ca">ca </w><w n="132">dra</w><w n="133">vye</w><w n="134" lemma="ṇa">ṇa </w><w n="135">vyā</w><w n="136">ḍi</w><w n="137">da</w><w n="138">rśa</w><w n="139" lemma="ne">ne </w><w n="140">sa</w><w n="141" lemma="rve">rve </w><w n="142">śa</w><w n="143" lemma="bdā">bdā </w><w n="144">dva</w><w n="145">vyā</w><w n="146">bhi</w><w n="147">dhā</w><w n="148">yi</w><w n="149" lemma="naḥ">no </w><w n="150">bha</w><w n="151">vaṃ</w><w n="152" lemma="ti">ti </w>
</text></TEI>
<TEI n="D">
<text>
<w n="0">i</w><w n="1">hā</w><w n="2">rtha</w><w n="3">kri</w><w n="4">yā</w><w n="5" lemma="yāṃ">yāṃ </w><w n="6">dra</w><w n="7" lemma="vyaṃ">vyam </w><w n="8">e</w><w n="9">vo</w><w n="10">pa</w><w n="11">yu</w><w n="12">jya</w><w n="13" lemma="ta">ta </w><w n="14">i</w><w n="15" lemma="ti">ti </w><w n="16">ta</w><w n="17" lemma="te">d e</w><w n="18" lemma="va">va </w><w n="19">pra</w><w n="20">va</w><w n="21" lemma="rta">rtta</w><w n="22" lemma="kaṃ">kam </w><w n="23">a</w><w n="24">rthi</w><w n="25" lemma="nāṃ">nāṃ </w><w n="26">a</w><w n="27" lemma="taḥ">taḥ </w><w n="28"></w><w n="29">śa</w><w n="30">bde</w><w n="31" lemma="na">na </w><w n="32">ta</w><w n="33" lemma="te">d e</w><w n="34">vo</w><w n="35">cya</w><w n="36" lemma="te">te </w><w n="37">a</w><w n="38">na</w><w n="39">bhi</w><w n="40">dhī</w><w n="41">ya</w><w n="42">mā</w><w n="43" lemma="nā">nā </w><w n="44" lemma="tu">tu </w><w n="45">jā</w><w n="46" lemma="tiḥ">tir </w><w n="47">a</w><w n="48">va</w><w n="49">che</w><w n="50">di</w><w n="51" lemma="kā">kā </w><w n="52">gu</w><w n="53">ḍa</w><w n="54">śa</w><w n="55" lemma="bde">bde </w><w n="56"></w><w n="57">mā</w><w n="58">dhu</w><w n="59">ryā</w><w n="60">da</w><w n="61" lemma="ya">ya </w><w n="62">i</w><w n="63">ve</w><w n="64" lemma="ti">ti </w><w n="65">dra</w><w n="66">vya</w><w n="67">vā</w><w n="68">di</w><w n="69" lemma="nāṃ">nāṃ </w><w n="70">da</w><w n="71">rśa</w><w n="72" lemma="naṃ">naṃ </w><w n="73">dra</w><w n="74" lemma="vyaṃ">vyaṃ </w><w n="75" lemma="ca">ca </w><w n="76">dvi</w><w n="77">vi</w><w n="78" lemma="dhaṃ">dhaṃ </w><w n="79">pā</w><w n="80">ra</w><w n="81">mā</w><w n="82">rthi</w><w n="83" lemma="kaṃ">kaṃ </w><w n="84">sāṃ</w><w n="85">vya</w><w n="86">va</w><w n="87">hā</w><w n="88">ri</w><w n="89" lemma="kaṃ">kaṃ </w><w n="90" lemma="ca">ca </w><w n="91">ta</w><w n="92" lemma="tra">tra </w><w n="93">dvi</w><w n="94">tī</w><w n="95" lemma="yaṃ">yaṃ </w><w n="96"></w><w n="97"></w><w n="98">bhe</w><w n="99">dya</w><w n="100">bhe</w><w n="101">da</w><w n="102">ka</w><w n="103">pra</w><w n="104">stā</w><w n="105">ve</w><w n="106" lemma="na">na </w><w n="107">gu</w><w n="108">ṇa</w><w n="109">sa</w><w n="110">mu</w><w n="111">dde</w><w n="112" lemma="śe">śe </w><w n="113">va</w><w n="114">kṣya</w><w n="115" lemma="ti">ti </w><w n="116">va</w><w n="117">stū</w><w n="118"></w><w n="119">pa</w><w n="120">la</w><w n="121">kṣa</w><w n="122" lemma="ṇaṃ">ṇaṃ </w><w n="123">ya</w><w n="124">tre</w><w n="125">tyā</w><w n="126">di</w><w n="127" lemma="nā">nā | </w><w n="128">a</w><w n="129">ne</w><w n="130" lemma="na">na </w><w n="131" lemma="ca">ca </w><w n="132">dra</w><w n="133">vye</w><w n="134" lemma="ṇa">ṇa </w><w n="135">vyā</w><w n="136">ḍi</w><w n="137">da</w><w n="138">rśa</w><w n="139" lemma="ne">ne </w><w n="140">sa</w><w n="141" lemma="rve">rve </w><w n="142">śa</w><w n="143" lemma="bdā">bdā </w><w n="144">dra</w><w n="145">vyā</w><w n="146">bhi</w><w n="147">dhā</w><w n="148">yi</w><w n="149" lemma="naḥ">no </w><w n="150">bha</w><w n="151">vaṃ</w><w n="152" lemma="ti">ti | </w>
</text></TEI>
</teiCorpus>
