<?xml version="1.0" encoding="UTF-8"?>
<teiCorpus xmlns="http://www.tei-c.org/ns/1.0">

<TEI n="GV">
<text>
<w n="0"></w><w n="1"></w><w n="2"></w><w n="3"></w><w n="4"></w><w n="5"></w><w n="6"></w><w n="7"></w><w n="8"></w><w n="9"></w><w n="10"></w><w n="11"></w><w n="12"></w><w n="13"></w><w n="14"></w><w n="15"></w><w n="16"></w><w n="17"></w><w n="18"></w><w n="19"></w><w n="20"></w><w n="21"></w><w n="22"></w><w n="23"></w><w n="24"></w><w n="25"></w><w n="26"></w><w n="27"></w><w n="28"></w><w n="29"></w><w n="30"></w><w n="31"></w><w n="32"></w><w n="33"></w><w n="34"></w><w n="35"></w><w n="36"></w><w n="37"></w><w n="38"></w><w n="39"></w><w n="40"></w><w n="41"></w><w n="42"></w><w n="43"></w><w n="44"></w><w n="45"></w><w n="46"></w><w n="47"></w><w n="48"></w><w n="49"></w><w n="50"></w><w n="51"></w><w n="52"></w><w n="53"></w><w n="54"></w><w n="55"></w><w n="56"></w><w n="57"></w><w n="58"></w><w n="59"></w><w n="60"></w>
</text></TEI>
<TEI n="CT">
<text>
<w n="0">ya</w><w n="1" lemma="dye">dy e</w><w n="2" lemma="vaṃ">vaṃ </w><w n="3">dha</w><w n="4">rmā</w><w n="5" lemma="ṇāṃ">ṇām </w><w n="6">a</w><w n="7" lemma="pya">py a</w><w n="8">va</w><w n="9" lemma="sthāṃ">sthān</w><w n="10">ta</w><w n="11" lemma="re">re </w><w n="12">dha</w><w n="13">rmi</w><w n="14"></w><w n="15">rū</w><w n="16">pa</w><w n="17">tvā</w><w n="18" lemma="nni">t ni</w><w n="19">tya</w><w n="20" lemma="tve">tve </w><w n="21">sa</w><w n="22">tya</w><w n="23" lemma="tve">tve </w><w n="24">cā</w><w n="25">kā</w><w n="26">rā</w><w n="27" lemma="ṇāṃ">ṇām </w><w n="28">a</w><w n="29">sa</w><w n="30">tya</w><w n="31" lemma="tvaṃ">tvaṃ </w><w n="32"></w><w n="33"></w><w n="34"></w><w n="35"></w><w n="36">dra</w><w n="37">vya</w><w n="38" lemma="sya">sya </w><w n="39" lemma="tu">tu </w><w n="40">sa</w><w n="41">tya</w><w n="42" lemma="tvaṃ">tvam </w><w n="43">i</w><w n="44" lemma="tye">ty e</w><w n="45"></w><w n="46">ta</w><w n="47" lemma="sya">sya </w><w n="48">ni</w><w n="49">ya</w><w n="50">ma</w><w n="51">syā</w><w n="52">nu</w><w n="53">pa</w><w n="54">pa</w><w n="55" lemma="tiḥ">ttir </w><w n="56">i</w><w n="57" lemma="tyā">ty ā</w><w n="58" lemma="śaṃ">śaṅ</w><w n="59">kyā</w><w n="60" lemma="ha">ha&#8212; </w>
</text></TEI>
<TEI n="T">
<text>
<w n="0">ya</w><w n="1" lemma="dye">dy e</w><w n="2">va</w><w n="3" lemma="ndha">n dha</w><w n="4" lemma="rmā">rmmā</w><w n="5" lemma="ṇāṃ">ṇām </w><w n="6">a</w><w n="7" lemma="pya">py a</w><w n="8">va</w><w n="9" lemma="sthāṃ">sthān</w><w n="10">ta</w><w n="11" lemma="re">re </w><w n="12">dha</w><w n="13" lemma="rmi">rmmi</w><w n="14"></w><w n="15">rū</w><w n="16">pa</w><w n="17">tvā</w><w n="18" lemma="nni">n ni</w><w n="19">tya</w><w n="20" lemma="tve">tve </w><w n="21">sa</w><w n="22">tya</w><w n="23" lemma="tve">tve </w><w n="24">cā</w><w n="25">kā</w><w n="26">rā</w><w n="27" lemma="ṇāṃ">ṇām </w><w n="28">a</w><w n="29">sa</w><w n="30">tya</w><w n="31">tva</w><w n="32"></w><w n="33"></w><w n="34"></w><w n="35"></w><w n="36" lemma="ndra">n dra</w><w n="37">vya</w><w n="38" lemma="sya">sya </w><w n="39" lemma="tu">tu </w><w n="40">sa</w><w n="41">tya</w><w n="42" lemma="tvaṃ">tvam </w><w n="43">i</w><w n="44" lemma="tye">ty e</w><w n="45"></w><w n="46">ta</w><w n="47" lemma="sya">sya </w><w n="48">ni</w><w n="49">ya</w><w n="50">ma</w><w n="51">syā</w><w n="52">nu</w><w n="53">pa</w><w n="54">pa</w><w n="55" lemma="tiḥ">ttir </w><w n="56">i</w><w n="57" lemma="tyā">ty ā</w><w n="58">śaṃ</w><w n="59">kyā</w><w n="60" lemma="ha">ha </w>
</text></TEI>
<TEI n="H">
<text>
<w n="0">ya</w><w n="1" lemma="dye">dy e</w><w n="2" lemma="vaṃ">vaṃ </w><w n="3">dha</w><w n="4">rmā</w><w n="5" lemma="ṇāṃ">ṇām </w><w n="6">a</w><w n="7" lemma="pya">py a</w><w n="8">va</w><w n="9" lemma="sthāṃ">sthān</w><w n="10">ta</w><w n="11" lemma="re">re </w><w n="12">dha</w><w n="13">rmi</w><w n="14"></w><w n="15">rū</w><w n="16">pi</w><w n="17">tvā</w><w n="18" lemma="nni">n ni</w><w n="19">tya</w><w n="20" lemma="tve">tve </w><w n="21">sa</w><w n="22">tya</w><w n="23" lemma="tve">tve </w><w n="24">cā</w><w n="25">kā</w><w n="26">rā</w><w n="27" lemma="ṇāṃ">ṇām </w><w n="28">a</w><w n="29">sa</w><w n="30">tya</w><w n="31" lemma="tvaṃ">tvaṃ </w><w n="32"></w><w n="33"></w><w n="34"></w><w n="35"></w><w n="36">dra</w><w n="37">vya</w><w n="38" lemma="sya">sya </w><w n="39" lemma="tu">tu </w><w n="40">sa</w><w n="41">tya</w><w n="42" lemma="tvaṃ">tvam </w><w n="43">i</w><w n="44" lemma="tye">ty e</w><w n="45"></w><w n="46">ta</w><w n="47" lemma="sya">sya </w><w n="48">ni</w><w n="49">ya</w><w n="50">ma</w><w n="51">syā</w><w n="52">nu</w><w n="53">pa</w><w n="54">pa</w><w n="55" lemma="tiḥ">ttir </w><w n="56">i</w><w n="57" lemma="tyā">ty ā</w><w n="58">śaṃ</w><w n="59">kyā</w><w n="60" lemma="ha">ha || &#43256; || </w>
</text></TEI>
<TEI n="P">
<text>
<w n="0">ya</w><w n="1" lemma="dye">dy e</w><w n="2" lemma="vaṃ">vaṃ </w><w n="3">dha</w><w n="4">rmā</w><w n="5" lemma="ṇāṃ">ṇām </w><w n="6">a</w><w n="7" lemma="pya">py a</w><w n="8">va</w><w n="9">sthāṃ</w><w n="10">ta</w><w n="11" lemma="re">re </w><w n="12">dha</w><w n="13">mi</w><w n="14"></w><w n="15">rū</w><w n="16">pa</w><w n="17">tvā</w><w n="18" lemma="nni">n ni</w><w n="19">tya</w><w n="20" lemma="tve">tve </w><w n="21">sa</w><w n="22">tya</w><w n="23" lemma="tve">tve </w><w n="24">cā</w><w n="25">kā</w><w n="26">rā</w><w n="27" lemma="ṇāṃ">ṇām </w><w n="28">a</w><w n="29">ni</w><w n="30">tya</w><w n="31" lemma="tvaṃ">tvaṃ </w><w n="32">a</w><w n="33">va</w><w n="34">ya</w><w n="35">va</w><w n="36">dra</w><w n="37">vya</w><w n="38" lemma="sya">sya </w><w n="39" lemma="tu">tu </w><w n="40">sa</w><w n="41">tya</w><w n="42" lemma="tve">tve </w><w n="43">ni</w><w n="44">tya</w><w n="45" lemma="tve">tve </w><w n="46">ta</w><w n="47" lemma="sya">sya </w><w n="48">ni</w><w n="49">ya</w><w n="50">ma</w><w n="51" lemma="syā">syā&#166;</w><w n="52">nu</w><w n="53">pa</w><w n="54">pa</w><w n="55" lemma="tiḥ">ttir </w><w n="56">i</w><w n="57" lemma="tyā">ty ā</w><w n="58">śaṃ</w><w n="59">kyā</w><w n="60" lemma="ha">ha |</w>
</text></TEI>
<TEI n="M">
<text>
<w n="0">ya</w><w n="1" lemma="dye">dy e</w><w n="2" lemma="vaṃ">vaṃ | </w><w n="3">dha</w><w n="4">rmā</w><w n="5" lemma="ṇāṃ">ṇām </w><w n="6">a</w><w n="7" lemma="pya">py a</w><w n="8">va</w><w n="9">sthāṃ</w><w n="10">ta</w><w n="11" lemma="re">re </w><w n="12">dha</w><w n="13">rmi</w><w n="14"></w><w n="15">rū</w><w n="16">pa</w><w n="17">tvā</w><w n="18" lemma="nni">n ni</w><w n="19">tya</w><w n="20" lemma="tve">tve </w><w n="21">sa</w><w n="22">tya</w><w n="23" lemma="tve">tve </w><w n="24">cā</w><w n="25">kā</w><w n="26">rā</w><w n="27" lemma="ṇāṃ">ṇām </w><w n="28">a</w><w n="29">ni</w><w n="30">tya</w><w n="31" lemma="tvaṃ">tvaṃ | </w><w n="32">a</w><w n="33">va</w><w n="34">ya</w><w n="35">va</w><w n="36">dra</w><w n="37">vya</w><w n="38" lemma="sya">sya </w><w n="39" lemma="tu">tu </w><w n="40">sa</w><w n="41">tya</w><w n="42" lemma="tva">tva </w><w n="43">ni</w><w n="44">tya</w><w n="45" lemma="tve">tve </w><w n="46">ta</w><w n="47" lemma="sya">sya </w><w n="48">ni</w><w n="49">ya</w><w n="50">ma</w><w n="51">syā</w><w n="52">nu</w><w n="53">pa</w><w n="54">pa</w><w n="55" lemma="tiḥ">ttir </w><w n="56">i</w><w n="57" lemma="tyā">ty ā</w><w n="58">śaṃ</w><w n="59">kyā</w><w n="60" lemma="ha">ha || </w>
</text></TEI>
<TEI n="G2">
<text>
<w n="0">ya</w><w n="1" lemma="dye">dy e</w><w n="2" lemma="vaṃ">vaṃ </w><w n="3">dha</w><w n="4">rmā</w><w n="5" lemma="ṇāṃ">ṇāṃm </w><w n="6">a</w><w n="7"></w><w n="8">va</w><w n="9">sthāṃ</w><w n="10">ta</w><w n="11" lemma="re">re </w><w n="12">dha</w><w n="13">rmi</w><w n="14"></w><w n="15">rū</w><w n="16">pa</w><w n="17">tvā</w><w n="18">ni</w><w n="19">tya</w><w n="20" lemma="tve">tve </w><w n="21">sa</w><w n="22">tya</w><w n="23" lemma="tve">tve </w><w n="24">vā</w><w n="25">kā</w><w n="26">rā</w><w n="27" lemma="ṇāṃ">ṇām </w><w n="28">a</w><w n="29">sa</w><w n="30">tya</w><w n="31" lemma="tvaṃ">tvaṃ </w><w n="32"></w><w n="33"></w><w n="34"></w><w n="35"></w><w n="36">dra</w><w n="37">vya</w><w n="38" lemma="sya">sya </w><w n="39" lemma="tu">tu </w><w n="40">sa</w><w n="41">tya</w><w n="42" lemma="tvaṃ">tvam </w><w n="43">i</w><w n="44" lemma="tye">ty e</w><w n="45"></w><w n="46">ta</w><w n="47" lemma="sya">sya </w><w n="48">ni</w><w n="49">yū</w><w n="50">me</w><w n="51">syā</w><w n="52">nu</w><w n="53">pa</w><w n="54">pa</w><w n="55" lemma="tiḥ">ttir </w><w n="56">i</w><w n="57" lemma="tyā">ty ā</w><w n="58">śaṃ</w><w n="59">kyā</w><w n="60" lemma="ha">ha || </w>
</text></TEI>
<TEI n="G1">
<text>
<w n="0">ya</w><w n="1" lemma="dye">dy e</w><w n="2" lemma="vaṃ">vaṃ </w><w n="3">dha</w><w n="4">rmā</w><w n="5" lemma="ṇāṃ">ṇāṃm </w><w n="6">a</w><w n="7"></w><w n="8">va</w><w n="9">sthā</w><w n="10">ta</w><w n="11" lemma="re">re </w><w n="12">dha</w><w n="13">rmi</w><w n="14"></w><w n="15">rū</w><w n="16">pa</w><w n="17">tvā</w><w n="18">ni</w><w n="19">tya</w><w n="20" lemma="tve">tve </w><w n="21">sa</w><w n="22">tya</w><w n="23" lemma="tve">tve </w><w n="24">vā</w><w n="25">kā</w><w n="26">rā</w><w n="27" lemma="ṇāṃ">ṇām </w><w n="28">a</w><w n="29">sa</w><w n="30">tya</w><w n="31" lemma="tvaṃ">tvaṃ </w><w n="32"></w><w n="33"></w><w n="34"></w><w n="35"></w><w n="36">dra</w><w n="37">vya</w><w n="38" lemma="sya">sya </w><w n="39" lemma="tu">tu </w><w n="40">sa</w><w n="41">tya</w><w n="42" lemma="tvaṃ">tvam </w><w n="43">i</w><w n="44" lemma="tye">ty e</w><w n="45"></w><w n="46">ta</w><w n="47" lemma="sya">sya </w><w n="48">ni</w><w n="49">yū</w><w n="50">me</w><w n="51">syā</w><w n="52">nu</w><w n="53">pa</w><w n="54">pa</w><w n="55" lemma="tiḥ">ttir </w><w n="56">i</w><w n="57" lemma="tyā">ty ā</w><w n="58">śaṃ</w><w n="59">kyā</w><w n="60" lemma="ha">ha || </w>
</text></TEI>
<TEI n="L">
<text>
<w n="0">ya</w><w n="1" lemma="dye">dy e</w><w n="2" lemma="vaṃ">vaṃ </w><w n="3">dha</w><w n="4">rmā</w><w n="5" lemma="ṇāṃ">ṇām </w><w n="6">a</w><w n="7"></w><w n="8">va</w><w n="9">sthāṃ</w><w n="10">ta</w><w n="11" lemma="re">re </w><w n="12">dha</w><w n="13">rmi</w><w n="14" lemma="ṇi">ṇi </w><w n="15">rū</w><w n="16">pa</w><w n="17">tvā</w><w n="18">ni</w><w n="19">tya</w><w n="20" lemma="tve">tve </w><w n="21">sa</w><w n="22">tya</w><w n="23" lemma="tve">tve </w><w n="24">cā</w><w n="25">kā</w><w n="26">rā</w><w n="27">ṇā</w><w n="28">sa</w><w n="29">sa</w><w n="30">tya</w><w n="31" lemma="tvaṃ">tvaṃ </w><w n="32"></w><w n="33"></w><w n="34"></w><w n="35"></w><w n="36">dra</w><w n="37">vya</w><w n="38" lemma="sya">sya </w><w n="39" lemma="tu">tu </w><w n="40">sa</w><w n="41">tya</w><w n="42" lemma="tvaṃ">tvam </w><w n="43">i</w><w n="44" lemma="tye">ty e</w><w n="45"></w><w n="46">ta</w><w n="47" lemma="sya">sya </w><w n="48">ni</w><w n="49">ya</w><w n="50">me</w><w n="51">syā</w><w n="52">nu</w><w n="53">pa</w><w n="54">pa</w><w n="55" lemma="tiḥ">ttir </w><w n="56">i</w><w n="57" lemma="tyā">ty ā</w><w n="58">śaṃ</w><w n="59">kyā</w><w n="60" lemma="ha">ha || </w>
</text></TEI>
<TEI n="O">
<text>
<w n="0">ya</w><w n="1" lemma="dye">dy e</w><w n="2" lemma="vaṃ">vaṃ </w><w n="3">dha</w><w n="4">rmā</w><w n="5" lemma="ṇāṃ">ṇām </w><w n="6">a</w><w n="7"></w><w n="8">va</w><w n="9">sthāṃ</w><w n="10">ta</w><w n="11" lemma="re">re </w><w n="12">dha</w><w n="13">rmi</w><w n="14"></w><w n="15">rū</w><w n="16">pa</w><w n="17">tvā</w><w n="18" lemma="nni">n ni</w><w n="19">tya</w><w n="20" lemma="tve">tve </w><w n="21">sa</w><w n="22">tya</w><w n="23" lemma="tve">tve </w><w n="24">cā</w><w n="25">kā</w><w n="26">rā</w><w n="27" lemma="ṇāṃ">ṇām </w><w n="28">a</w><w n="29">sa</w><w n="30">tya</w><w n="31" lemma="tvaṃ">tvaṃ </w><w n="32"></w><w n="33"></w><w n="34"></w><w n="35"></w><w n="36">dra</w><w n="37">vya</w><w n="38" lemma="sya">sya </w><w n="39" lemma="tu">tu </w><w n="40">sa</w><w n="41">tya</w><w n="42" lemma="tvaṃ">tvam </w><w n="43">i</w><w n="44" lemma="tye">ty e</w><w n="45"></w><w n="46">ta</w><w n="47" lemma="sya">sya </w><w n="48">ni</w><w n="49">ya</w><w n="50">ma</w><w n="51">syā</w><w n="52">nu</w><w n="53">pa</w><w n="54">pa</w><w n="55" lemma="tiḥ">ttir </w><w n="56">i</w><w n="57" lemma="tyā">ty ā</w><w n="58">śaṃ</w><w n="59">kyā</w><w n="60" lemma="ha">ha || </w>
</text></TEI>
<TEI n="A">
<text>
<w n="0">ya</w><w n="1" lemma="dye">dy e</w><w n="2" lemma="vaṃ">vaṃ </w><w n="3">dha</w><w n="4">rmā</w><w n="5" lemma="ṇāṃ">ṇām </w><w n="6">a</w><w n="7"></w><w n="8">va</w><w n="9">sthāṃ</w><w n="10">ta</w><w n="11" lemma="re">re </w><w n="12">dha</w><w n="13">rmi</w><w n="14"></w><w n="15">rū</w><w n="16">pa</w><w n="17">tvā</w><w n="18" lemma="nni">n ni</w><w n="19">tya</w><w n="20" lemma="tve">tve </w><w n="21">sa</w><w n="22">tya</w><w n="23" lemma="tve">tve </w><w n="24">cā</w><w n="25">kā</w><w n="26">rā</w><w n="27" lemma="ṇāṃ">ṇām </w><w n="28">a</w><w n="29">sa</w><w n="30">tya</w><w n="31" lemma="tvaṃ">tvaṃ </w><w n="32"></w><w n="33"></w><w n="34"></w><w n="35"></w><w n="36">dra</w><w n="37">vya</w><w n="38" lemma="sya">sya </w><w n="39" lemma="tu">tu </w><w n="40">sa</w><w n="41">tya</w><w n="42" lemma="tvaṃ">tvam </w><w n="43">i</w><w n="44" lemma="tye">ty e</w><w n="45"></w><w n="46">ta</w><w n="47" lemma="sya">sya </w><w n="48">ni</w><w n="49">ya</w><w n="50">ma</w><w n="51">syā</w><w n="52">nu</w><w n="53">pa</w><w n="54">pa</w><w n="55" lemma="tiḥ">ttir </w><w n="56">i</w><w n="57" lemma="tyā">ty ā</w><w n="58">śaṃ</w><w n="59">kyā</w><w n="60" lemma="ha">ha || </w>
</text></TEI>
<TEI n="V">
<text>
<w n="0">ya</w><w n="1" lemma="dye">dy e</w><w n="2" lemma="vaṃ">vaṃ </w><w n="3">dha</w><w n="4">rmā</w><w n="5" lemma="ṇāṃ">ṇām </w><w n="6">a</w><w n="7"></w><w n="8">va</w><w n="9">sthāṃ</w><w n="10">ta</w><w n="11" lemma="re">re </w><w n="12">dha</w><w n="13">rmi</w><w n="14"></w><w n="15">rū</w><w n="16">pa</w><w n="17">tvā</w><w n="18" lemma="nni">n ni</w><w n="19">tya</w><w n="20" lemma="tve">tve </w><w n="21">sa</w><w n="22">tya</w><w n="23" lemma="tve">tve </w><w n="24">cā</w><w n="25">kā</w><w n="26">rī</w><w n="27" lemma="ṇāṃ">ṇām </w><w n="28">a</w><w n="29">sa</w><w n="30">tya</w><w n="31" lemma="tvaṃ">tvaṃ </w><w n="32"></w><w n="33"></w><w n="34"></w><w n="35"></w><w n="36">dra</w><w n="37">vya</w><w n="38" lemma="sya">sya </w><w n="39" lemma="tu">tu </w><w n="40">sa</w><w n="41">tya</w><w n="42" lemma="tvaṃ">tvam </w><w n="43">i</w><w n="44" lemma="tye">ty e</w><w n="45"></w><w n="46">ta</w><w n="47" lemma="sya">sya </w><w n="48">ni</w><w n="49">ya</w><w n="50">ma</w><w n="51">syā</w><w n="52">nu</w><w n="53">pa</w><w n="54">pa</w><w n="55" lemma="tiḥ">tir </w><w n="56">i</w><w n="57" lemma="tyā">ty ā</w><w n="58">śaṃ</w><w n="59">kyā</w><w n="60" lemma="ha">ha </w>
</text></TEI>
<TEI n="K">
<text>
<w n="0">ya</w><w n="1" lemma="dye">dy e</w><w n="2" lemma="vaṃ">vaṃ </w><w n="3">dha</w><w n="4">rmā</w><w n="5" lemma="ṇāṃ">ṇām </w><w n="6">a</w><w n="7"></w><w n="8">va</w><w n="9">sthāṃ</w><w n="10">ta</w><w n="11" lemma="re">re </w><w n="12">dha</w><w n="13">rmi</w><w n="14"></w><w n="15">rū</w><w n="16">pa</w><w n="17">tvā</w><w n="18" lemma="nni">n ni</w><w n="19">tya</w><w n="20" lemma="tve">tve </w><w n="21">sa</w><w n="22">tya</w><w n="23" lemma="tve">tve </w><w n="24">cā</w><w n="25">kā</w><w n="26">rī</w><w n="27" lemma="ṇāṃ">ṇām </w><w n="28">a</w><w n="29">sa</w><w n="30">tya</w><w n="31" lemma="tvaṃ">tvaṃ </w><w n="32"></w><w n="33"></w><w n="34"></w><w n="35"></w><w n="36">dra</w><w n="37">vya</w><w n="38" lemma="sya">sya </w><w n="39" lemma="tu">tu </w><w n="40">sa</w><w n="41">tya</w><w n="42" lemma="tvaṃ">tvam </w><w n="43">i</w><w n="44" lemma="tye">ty e</w><w n="45"></w><w n="46">ta</w><w n="47" lemma="sya">sya </w><w n="48">ni</w><w n="49">ya</w><w n="50">ma</w><w n="51">syā</w><w n="52">nu</w><w n="53">pa</w><w n="54">pa</w><w n="55" lemma="tiḥ">ttir </w><w n="56">i</w><w n="57" lemma="tyā">ty ā</w><w n="58">śaṃ</w><w n="59">kyā</w><w n="60" lemma="ha">ha || </w>
</text></TEI>
<TEI n="D">
<text>
<w n="0">ya</w><w n="1" lemma="dye">dy e</w><w n="2" lemma="vaṃ">vaṃ </w><w n="3">dha</w><w n="4">rmā</w><w n="5" lemma="ṇāṃ">ṇām </w><w n="6">a</w><w n="7"></w><w n="8">va</w><w n="9">sthāṃ</w><w n="10">ta</w><w n="11" lemma="re">re </w><w n="12">dha</w><w n="13">rmi</w><w n="14"></w><w n="15">rū</w><w n="16">pa</w><w n="17">tvā</w><w n="18" lemma="nni">n ni</w><w n="19">tya</w><w n="20" lemma="tve">tve </w><w n="21">sa</w><w n="22">tya</w><w n="23" lemma="tve">tve </w><w n="24">cā</w><w n="25">kā</w><w n="26">rā</w><w n="27" lemma="ṇāṃ">ṇām </w><w n="28">a</w><w n="29">sa</w><w n="30">tya</w><w n="31" lemma="tvaṃ">tvaṃ </w><w n="32"></w><w n="33"></w><w n="34"></w><w n="35"></w><w n="36">dra</w><w n="37">vya</w><w n="38" lemma="sya">sya </w><w n="39" lemma="tu">tu </w><w n="40">sa</w><w n="41">tya</w><w n="42" lemma="tvaṃ">tvam </w><w n="43">i</w><w n="44" lemma="tye">ty e</w><w n="45"></w><w n="46">ta</w><w n="47" lemma="sya">sya </w><w n="48">ni</w><w n="49">ya</w><w n="50">ma</w><w n="51">syā</w><w n="52">nu</w><w n="53">pa</w><w n="54">pa</w><w n="55" lemma="tiḥ">ttir </w><w n="56">i</w><w n="57" lemma="tyā">ty ā</w><w n="58">śaṃ</w><w n="59">kyā</w><w n="60" lemma="ha">ha ||</w>
</text></TEI>
</teiCorpus>
