<?xml version="1.0" encoding="UTF-8"?>
<teiCorpus xmlns="http://www.tei-c.org/ns/1.0">

<TEI n="GV">
<text>
<w n="0"></w><w n="1"></w><w n="2"></w><w n="3"></w><w n="4"></w><w n="5"></w><w n="6"></w><w n="7"></w><w n="8"></w><w n="9"></w><w n="10"></w><w n="11"></w><w n="12"></w><w n="13"></w><w n="14"></w><w n="15"></w><w n="16"></w><w n="17"></w><w n="18"></w><w n="19"></w><w n="20"></w><w n="21"></w><w n="22"></w><w n="23"></w><w n="24"></w><w n="25"></w><w n="26"></w><w n="27"></w><w n="28"></w><w n="29"></w><w n="30"></w><w n="31"></w><w n="32"></w><w n="33"></w><w n="34"></w><w n="35"></w><w n="36"></w><w n="37"></w><w n="38"></w><w n="39"></w><w n="40"></w><w n="41"></w><w n="42"></w><w n="43"></w><w n="44"></w><w n="45"></w><w n="46"></w><w n="47"></w><w n="48"></w><w n="49"></w><w n="50"></w>
</text></TEI>
<TEI n="CT">
<text>
<w n="0">ta</w><w n="1" lemma="te">d e</w><w n="2" lemma="vaṃ">vam </w><w n="3">ā</w><w n="4">tma</w><w n="5">śa</w><w n="6">bdā</w><w n="7">bhi</w><w n="8">dhe</w><w n="9">ya</w><w n="10" lemma="sya">sya </w><w n="11">bra</w><w n="12">hma</w><w n="13" lemma="ṇaḥ">ṇaḥ </w><w n="14">pa</w><w n="15">dā</w><w n="16">rtha</w><w n="17">pa</w><w n="18" lemma="ra">ra-</w><w n="19">mā</w><w n="20">rtha</w><w n="21">rū</w><w n="22">pa</w><w n="23">tvā</w><w n="24"></w><w n="25" lemma="tdra">d dra</w><w n="26">vya</w><w n="27">rū</w><w n="28">pa</w><w n="29" lemma="tvaṃ">tvam </w><w n="30">u</w><w n="31">pa</w><w n="32">pā</w><w n="33" lemma="dya">dya </w><w n="34">sa</w><w n="35">rva</w><w n="36">śa</w><w n="37">bda</w><w n="38" lemma="vā">vā-</w><w n="39">cya</w><w n="40" lemma="tvaṃ">tvaṃ </w><w n="41">ta</w><w n="42">syai</w><w n="43" lemma="va">va </w><w n="44">ni</w><w n="45">ga</w><w n="46">ma</w><w n="47">yi</w><w n="48" lemma="tuṃ">tum </w><w n="49">ā</w><w n="50" lemma="ha">ha&#8212;</w>
</text></TEI>
<TEI n="T">
<text>
<w n="0">ta</w><w n="1" lemma="te">d e</w><w n="2" lemma="vaṃ">vam </w><w n="3">ā</w><w n="4">tma</w><w n="5">śa</w><w n="6">bdā</w><w n="7">bhi</w><w n="8">dhe</w><w n="9">ya</w><w n="10" lemma="sya">sya </w><w n="11">bra</w><w n="12">hma</w><w n="13" lemma="ṇaḥ">ṇaḥ </w><w n="14">pa</w><w n="15">dā</w><w n="16" lemma="rtha">rttha</w><w n="17">pa</w><w n="18">ra</w><w n="19">mā</w><w n="20" lemma="rtha">rttha</w><w n="21">rū</w><w n="22">pa</w><w n="23" lemma="tvā">tvā </w><w n="24"></w><w n="25">dra</w><w n="26">vya</w><w n="27">rū</w><w n="28">pa</w><w n="29" lemma="tvaṃ">tvam </w><w n="30">u</w><w n="31">pa</w><w n="32">pā</w><w n="33" lemma="dya">dya </w><w n="34">sa</w><w n="35" lemma="rva">rvva</w><w n="36">śa</w><w n="37">bda</w><w n="38">vā</w><w n="39">cya</w><w n="40">tva</w><w n="41" lemma="nta">n ta</w><w n="42">syai</w><w n="43" lemma="va">va </w><w n="44">ni</w><w n="45">ga</w><w n="46">ma</w><w n="47">yi</w><w n="48" lemma="tuṃ">tum </w><w n="49">ā</w><w n="50" lemma="hā">hā </w>
</text></TEI>
<TEI n="H">
<text>
<w n="0">ta</w><w n="1" lemma="te">d e</w><w n="2" lemma="vaṃ">vam </w><w n="3">ā</w><w n="4">tma</w><w n="5">śa</w><w n="6">bdā</w><w n="7">bhi</w><w n="8">dhe</w><w n="9">ya</w><w n="10" lemma="sya">sya </w><w n="11">bra</w><w n="12">hma</w><w n="13" lemma="ṇaḥ">ṇaḥ </w><w n="14">pa</w><w n="15">dā</w><w n="16">rtha</w><w n="17">pa</w><w n="18">ra</w><w n="19">mā</w><w n="20">rtha</w><w n="21">rū</w><w n="22">pa</w><w n="23">tvā</w><w n="24"></w><w n="25" lemma="tdra">d dra</w><w n="26">vya</w><w n="27">rū</w><w n="28">pa</w><w n="29" lemma="tvaṃ">tvam </w><w n="30">u</w><w n="31">pa</w><w n="32">pā</w><w n="33" lemma="dya">dya </w><w n="34">sa</w><w n="35">rva</w><w n="36">śa</w><w n="37">bda</w><w n="38">vā</w><w n="39">cya</w><w n="40" lemma="tvaṃ">tvaṃ </w><w n="41">ta</w><w n="42">syai</w><w n="43" lemma="va">va </w><w n="44">ni</w><w n="45">ga</w><w n="46">ma</w><w n="47">yi</w><w n="48" lemma="tuṃ">tum </w><w n="49">ā</w><w n="50" lemma="ha">ha || &#43256; || </w>
</text></TEI>
<TEI n="P">
<text>
<w n="0">ta</w><w n="1" lemma="te">d e</w><w n="2" lemma="vaṃ">vam </w><w n="3">ā</w><w n="4">tma</w><w n="5">śa</w><w n="6">bdā</w><w n="7">bhi</w><w n="8">dhe</w><w n="9">ya</w><w n="10" lemma="sya">sya </w><w n="11">bra</w><w n="12">hma</w><w n="13" lemma="ṇaḥ">ṇaḥ </w><w n="14">pa</w><w n="15">dā</w><w n="16">rtha</w><w n="17">pa</w><w n="18">ra</w><w n="19">mā</w><w n="20">rtha</w><w n="21">rū</w><w n="22">pa</w><w n="23">tvā</w><w n="24"></w><w n="25" lemma="tdra">t dra</w><w n="26">vya</w><w n="27">rū</w><w n="28">pa</w><w n="29" lemma="tvaṃ">tvam </w><w n="30">u</w><w n="31">pa</w><w n="32">pā</w><w n="33" lemma="dya">dya </w><w n="34">sa</w><w n="35">rva</w><w n="36">śa</w><w n="37">bda</w><w n="38">vā</w><w n="39">cya</w><w n="40" lemma="tvaṃ">tvaṃ </w><w n="41">ta</w><w n="42">syai</w><w n="43" lemma="va">va </w><w n="44">ni</w><w n="45">ga</w><w n="46">ma</w><w n="47">yi</w><w n="48" lemma="tuṃ">tum </w><w n="49">ā</w><w n="50" lemma="ha">ha |</w>
</text></TEI>
<TEI n="M">
<text>
<w n="0">ta</w><w n="1" lemma="te">d e</w><w n="2" lemma="vaṃ">vam </w><w n="3">ā</w><w n="4">tma</w><w n="5">śa</w><w n="6">bdā</w><w n="7">bhi</w><w n="8">dhe</w><w n="9">ya</w><w n="10" lemma="sya">sya </w><w n="11">bra</w><w n="12">hma</w><w n="13" lemma="ṇaḥ">ṇaḥ </w><w n="14">pa</w><w n="15">dā</w><w n="16">rtha</w><w n="17">pa</w><w n="18">ra</w><w n="19">mā</w><w n="20">rtha</w><w n="21">rū</w><w n="22">pa</w><w n="23">tvā</w><w n="24"></w><w n="25" lemma="tdra">t | dra</w><w n="26">vya</w><w n="27">rū</w><w n="28">pa</w><w n="29" lemma="tvaṃ">tvam </w><w n="30">u</w><w n="31">pa</w><w n="32">pā</w><w n="33" lemma="dya">dya </w><w n="34">sa</w><w n="35">rva</w><w n="36">śa</w><w n="37">bda</w><w n="38">vā</w><w n="39">cya</w><w n="40" lemma="tvaṃ">tvaṃ </w><w n="41">ta</w><w n="42">syai</w><w n="43" lemma="va">va </w><w n="44">ni</w><w n="45">ga</w><w n="46">ma</w><w n="47">yi</w><w n="48" lemma="tuṃ">tum </w><w n="49">ā</w><w n="50" lemma="ha">ha || </w>
</text></TEI>
<TEI n="G2">
<text>
<w n="0"></w><w n="1"></w><w n="2"></w><w n="3"></w><w n="4"></w><w n="5"></w><w n="6"></w><w n="7"></w><w n="8"></w><w n="9"></w><w n="10"></w><w n="11"></w><w n="12"></w><w n="13"></w><w n="14"></w><w n="15"></w><w n="16"></w><w n="17"></w><w n="18"></w><w n="19"></w><w n="20"></w><w n="21"></w><w n="22"></w><w n="23"></w><w n="24"></w><w n="25"></w><w n="26"></w><w n="27"></w><w n="28"></w><w n="29"></w><w n="30"></w><w n="31"></w><w n="32"></w><w n="33"></w><w n="34"></w><w n="35"></w><w n="36"></w><w n="37"></w><w n="38"></w><w n="39"></w><w n="40"></w><w n="41"></w><w n="42"></w><w n="43"></w><w n="44"></w><w n="45"></w><w n="46"></w><w n="47"></w><w n="48"></w><w n="49"></w><w n="50"></w>
</text></TEI>
<TEI n="G1">
<text>
<w n="0"></w><w n="1"></w><w n="2"></w><w n="3"></w><w n="4"></w><w n="5"></w><w n="6"></w><w n="7"></w><w n="8"></w><w n="9"></w><w n="10"></w><w n="11"></w><w n="12"></w><w n="13"></w><w n="14"></w><w n="15"></w><w n="16"></w><w n="17"></w><w n="18"></w><w n="19"></w><w n="20"></w><w n="21"></w><w n="22"></w><w n="23"></w><w n="24"></w><w n="25"></w><w n="26"></w><w n="27"></w><w n="28"></w><w n="29"></w><w n="30"></w><w n="31"></w><w n="32"></w><w n="33"></w><w n="34"></w><w n="35"></w><w n="36"></w><w n="37"></w><w n="38"></w><w n="39"></w><w n="40"></w><w n="41"></w><w n="42"></w><w n="43"></w><w n="44"></w><w n="45"></w><w n="46"></w><w n="47"></w><w n="48"></w><w n="49"></w><w n="50"></w>
</text></TEI>
<TEI n="L">
<text>
<w n="0">ta</w><w n="1" lemma="te">d e</w><w n="2" lemma="vaṃ">vam </w><w n="3">ā</w><w n="4">tma</w><w n="5">śa</w><w n="6">bdā</w><w n="7">bhi</w><w n="8">dhe</w><w n="9">ya</w><w n="10" lemma="sya">sya </w><w n="11">bra</w><w n="12">hma</w><w n="13" lemma="ṇaḥ">ṇaḥ </w><w n="14">pa</w><w n="15">dā</w><w n="16">rtha</w><w n="17">pa</w><w n="18">ra</w><w n="19">mā</w><w n="20">rtha</w><w n="21">rū</w><w n="22">pa</w><w n="23">tvā</w><w n="24"></w><w n="25" lemma="tdra">d dra</w><w n="26">vya</w><w n="27">rū</w><w n="28">pa</w><w n="29" lemma="tvaṃ">tvam </w><w n="30">u</w><w n="31">pa</w><w n="32">pā</w><w n="33" lemma="dya">dya </w><w n="34">sa</w><w n="35">rva</w><w n="36">śa</w><w n="37">bda</w><w n="38">vā</w><w n="39">cya</w><w n="40" lemma="tvaṃ">tvaṃ </w><w n="41">ta</w><w n="42">syai</w><w n="43" lemma="va">va </w><w n="44">ni</w><w n="45">ga</w><w n="46">mi</w><w n="47">yi</w><w n="48" lemma="tuṃ">tum </w><w n="49">ā</w><w n="50" lemma="ha">ha |</w>
</text></TEI>
<TEI n="O">
<text>
<w n="0">ta</w><w n="1" lemma="te">d e</w><w n="2" lemma="vaṃ">vam </w><w n="3">ā</w><w n="4">tma</w><w n="5">śa</w><w n="6">bdā</w><w n="7">bhi</w><w n="8">dhe</w><w n="9">ya</w><w n="10" lemma="sya">sya </w><w n="11">bra</w><w n="12">hma</w><w n="13" lemma="ṇaḥ">ṇaḥ </w><w n="14">pa</w><w n="15">dā</w><w n="16" lemma="rtha">rttha</w><w n="17">pa</w><w n="18">ra</w><w n="19">mā</w><w n="20">rtha</w><w n="21">rū</w><w n="22">pa</w><w n="23">tvā</w><w n="24"></w><w n="25" lemma="tdra">d dra</w><w n="26">vya</w><w n="27">rū</w><w n="28">pa</w><w n="29" lemma="tvaṃ">tvam </w><w n="30">u</w><w n="31">pa</w><w n="32">pā</w><w n="33" lemma="dya">dya </w><w n="34">sa</w><w n="35">rva</w><w n="36">śa</w><w n="37">bdā</w><w n="38">vā</w><w n="39">cya</w><w n="40" lemma="tvaṃ">tvaṃ </w><w n="41">ta</w><w n="42">syai</w><w n="43" lemma="va">va </w><w n="44">ni</w><w n="45">ga</w><w n="46">ma</w><w n="47">yi</w><w n="48" lemma="tuṃ">tum </w><w n="49">ā</w><w n="50" lemma="ha">ha || </w>
</text></TEI>
<TEI n="A">
<text>
<w n="0">ta</w><w n="1" lemma="te">d e</w><w n="2" lemma="vaṃ">vam </w><w n="3">ā</w><w n="4">tma</w><w n="5">śa</w><w n="6">bdā</w><w n="7">bhi</w><w n="8">dhe</w><w n="9">ya</w><w n="10" lemma="sya">sya </w><w n="11">bra</w><w n="12">hma</w><w n="13" lemma="ṇa">ṇa </w><w n="14">pa</w><w n="15">dā</w><w n="16">rtha</w><w n="17">pa</w><w n="18">ra</w><w n="19">mā</w><w n="20">rtha</w><w n="21">rū</w><w n="22">pa</w><w n="23">tvā</w><w n="24" lemma="ta">d a</w><w n="25">dra</w><w n="26">vya</w><w n="27">rū</w><w n="28">pa</w><w n="29" lemma="tvaṃ">tvam </w><w n="30">u</w><w n="31">pa</w><w n="32">pā</w><w n="33" lemma="dya">dya </w><w n="34">sa</w><w n="35">rva</w><w n="36">śa</w><w n="37">bda</w><w n="38">vā</w><w n="39">cya</w><w n="40" lemma="tvaṃ">tvaṃ </w><w n="41">ta</w><w n="42">syai</w><w n="43" lemma="va">va </w><w n="44">ni</w><w n="45">ga</w><w n="46">ma</w><w n="47">yi</w><w n="48" lemma="tuṃ">tum </w><w n="49">ā</w><w n="50" lemma="ha">ha || </w>
</text></TEI>
<TEI n="V">
<text>
<w n="0">ta</w><w n="1" lemma="te">d e</w><w n="2" lemma="vaṃ">vam </w><w n="3">ā</w><w n="4">tma</w><w n="5">śa</w><w n="6">bdā</w><w n="7">bhi</w><w n="8">dhe</w><w n="9">ya</w><w n="10" lemma="sya">sya </w><w n="11">bra</w><w n="12">hma</w><w n="13" lemma="ṇaḥ">ṇaḥ </w><w n="14">pa</w><w n="15">dā</w><w n="16">rtha</w><w n="17">pa</w><w n="18">ra</w><w n="19">mā</w><w n="20">rtha</w><w n="21">rū</w><w n="22">pa</w><w n="23">tvā</w><w n="24" lemma="ta">d a</w><w n="25">dra</w><w n="26">vya</w><w n="27">rū</w><w n="28">pa</w><w n="29" lemma="tvaṃ">tvam </w><w n="30">u</w><w n="31">pa</w><w n="32">pā</w><w n="33" lemma="dya">dya </w><w n="34">sa</w><w n="35">rva</w><w n="36">śa</w><w n="37">bda</w><w n="38">vā</w><w n="39">cya</w><w n="40" lemma="tvaṃ">tvaṃ </w><w n="41">ta</w><w n="42">syai</w><w n="43" lemma="va">va </w><w n="44">ni</w><w n="45">ga</w><w n="46">ma</w><w n="47">mi</w><w n="48" lemma="tuṃ">tum </w><w n="49">ā</w><w n="50" lemma="ha">ha </w>
</text></TEI>
<TEI n="K">
<text>
<w n="0">ta</w><w n="1" lemma="te">d e</w><w n="2" lemma="vaṃ">vam </w><w n="3">ā</w><w n="4">tma</w><w n="5">śa</w><w n="6">bdā</w><w n="7">bhi</w><w n="8">dhe</w><w n="9">ya</w><w n="10" lemma="sya">sya </w><w n="11">bra</w><w n="12">hma</w><w n="13" lemma="ṇaḥ">ṇaḥ </w><w n="14">pa</w><w n="15">dā</w><w n="16">rtha</w><w n="17">pa</w><w n="18">ra</w><w n="19">mā</w><w n="20">rtha</w><w n="21">rū</w><w n="22">pa</w><w n="23">tvā</w><w n="24" lemma="ta">d a</w><w n="25">dra</w><w n="26">vya</w><w n="27">rū</w><w n="28">pa</w><w n="29" lemma="tvaṃ">tvam </w><w n="30">u</w><w n="31">pa</w><w n="32">pā</w><w n="33" lemma="dya">dya </w><w n="34">sa</w><w n="35">rva</w><w n="36">śa</w><w n="37">bda</w><w n="38">vā</w><w n="39">cya</w><w n="40" lemma="tvaṃ">tvaṃ </w><w n="41">ta</w><w n="42">syai</w><w n="43" lemma="va">va </w><w n="44">ni</w><w n="45">ga</w><w n="46">ma</w><w n="47">mi</w><w n="48" lemma="tuṃ">tum </w><w n="49">ā</w><w n="50" lemma="ha">ha || </w>
</text></TEI>
<TEI n="D">
<text>
<w n="0">ta</w><w n="1" lemma="te">d e</w><w n="2" lemma="vaṃ">vam </w><w n="3">ā</w><w n="4">tma</w><w n="5">śa</w><w n="6">bdā</w><w n="7">bhi</w><w n="8">dhe</w><w n="9">ya</w><w n="10" lemma="sya">sya </w><w n="11">bra</w><w n="12">hma</w><w n="13" lemma="ṇaḥ">ṇaḥ </w><w n="14">pa</w><w n="15">dā</w><w n="16">rtha</w><w n="17">pa</w><w n="18">ra</w><w n="19">mā</w><w n="20">rtha</w><w n="21">rū</w><w n="22">pa</w><w n="23">tvā</w><w n="24"></w><w n="25" lemma="tdra">d_ dra</w><w n="26">vya</w><w n="27">rū</w><w n="28">pa</w><w n="29" lemma="tvaṃ">tvam </w><w n="30">u</w><w n="31">pa</w><w n="32">pā</w><w n="33" lemma="dya">dya </w><w n="34">sa</w><w n="35">rva</w><w n="36">śa</w><w n="37">bda</w><w n="38">vā</w><w n="39">cya</w><w n="40" lemma="tvaṃ">tvaṃ </w><w n="41">ta</w><w n="42">syai</w><w n="43" lemma="va">va </w><w n="44">ni</w><w n="45">ga</w><w n="46">ma</w><w n="47">yi</w><w n="48" lemma="tuṃ">tum </w><w n="49">ā</w><w n="50" lemma="ha">ha || </w>
</text></TEI>
</teiCorpus>
