<?xml version="1.0" encoding="UTF-8"?>
<teiCorpus xmlns="http://www.tei-c.org/ns/1.0">

<TEI n="GV">
<text>
<w n="0">a</w><w n="1">syā</w><w n="2" lemma="yaṃ">yam </w><w n="3">a</w><w n="4">trā</w><w n="5" lemma="rthaḥ">rthaḥ | </w><w n="6">ne</w><w n="7" lemma="hi">hi </w><w n="8">dvai</w><w n="9">ta</w><w n="10">na</w><w n="11" lemma="ye">ye </w><w n="12">sa</w><w n="13">tyā</w><w n="14">sa</w><w n="15" lemma="tye">tye </w><w n="16">dva</w><w n="17"></w><w n="18"></w><w n="19">rū</w><w n="20" lemma="pe">pe </w><w n="21" lemma="staḥ">staḥ </w><w n="22">a</w><w n="23">dvai</w><w n="24">ta</w><w n="25">hā</w><w n="26">ni</w><w n="27">pra</w><w n="28">saṃ</w><w n="29">gā</w><w n="30" lemma="tkiṃ">t | kiṃ </w><w n="31" lemma="tu">tu </w><w n="32">pā</w><w n="33">ra</w><w n="34">mā</w><w n="35">rthi</w><w n="36" lemma="kaṃ">kam </w><w n="37">e</w><w n="38"></w><w n="39"></w><w n="40">vā</w><w n="41">dva</w><w n="42" lemma="yaṃ">yaṃ </w><w n="43"></w><w n="44"></w><w n="45">ta</w><w n="46" lemma="tvaṃ">tvaṃ | </w><w n="47">ta</w><w n="48" lemma="tcā">c cā</w><w n="49">nā</w><w n="50">di</w><w n="51">si</w><w n="52" lemma="dhā">ddhā</w><w n="53">vi</w><w n="54">dyā</w><w n="55">vi</w><w n="56">la</w><w n="57">si</w><w n="58">ta</w><w n="59">sa</w><w n="60">ha</w><w n="61">pra</w><w n="62">mā</w><w n="63"></w><w n="64"></w><w n="65">tṛ</w><w n="66">vi</w><w n="67">ṣa</w><w n="68">ya</w><w n="69">ta</w><w n="70" lemma="yā">yā </w><w n="71">ta</w><w n="72">thā</w><w n="73"></w><w n="74" lemma="tvaṃ">tvam </w><w n="75">a</w><w n="76">na</w><w n="77">va</w><w n="78">bhā</w><w n="79">sa</w><w n="80">mā</w><w n="81" lemma="naṃ">nam </w><w n="82">i</w><w n="83" lemma="ti">ti </w><w n="84">a</w><w n="85">ke</w><w n="86">ne</w><w n="87">ka</w><w n="88">vi</w><w n="89"></w><w n="90"></w><w n="91"></w><w n="92">ka</w><w n="93">lpa</w><w n="94">pa</w><w n="95">ri</w><w n="96">gha</w><w n="97">ṭi</w><w n="98">tā</w><w n="99">kā</w><w n="100">ra</w><w n="101">rū</w><w n="102">pa</w><w n="103">ta</w><w n="104" lemma="yā">yā </w><w n="105">vya</w><w n="106">va</w><w n="107">hā</w><w n="108" lemma="raṃ">ram </w><w n="109">a</w><w n="110">nu</w><w n="111">sa</w><w n="112">ra</w><w n="113" lemma="ti">ti | </w><w n="114">ta</w><w n="115" lemma="thā">thā </w><w n="116" lemma="ca">ca | </w><w n="117">ta</w><w n="118" lemma="te">d e</w><w n="119">vā</w><w n="120">kā</w><w n="121">ra</w><w n="122">nā</w><w n="123">nā</w><w n="124" lemma="tvoṃ">tvon</w><w n="125">nī</w><w n="126">ya</w><w n="127">mā</w><w n="128">na</w><w n="129">sva</w><w n="130">rū</w><w n="131">pa</w><w n="132">bhe</w><w n="133" lemma="daṃ">daṃ </w><w n="134">ca</w><w n="135">kā</w><w n="136" lemma="sti">sti || </w><w n="137">nā</w><w n="138">nya</w><w n="139" lemma="tta">t_ ta</w><w n="140">dvya</w><w n="141">ti</w><w n="142">ri</w><w n="143">kta</w><w n="144">syā</w><w n="145">nya</w><w n="146">syā</w><w n="147">bhā</w><w n="148">vā</w><w n="149" lemma="t">t | </w>
</text></TEI>
<TEI n="CT">
<text>
<w n="0">a</w><w n="1"></w><w n="2" lemma="yaṃ">yam </w><w n="3">a</w><w n="4"></w><w n="5" lemma="rthaḥ">rthaḥ </w><w n="6">ne</w><w n="7">hā</w><w n="8">dvai</w><w n="9">ta</w><w n="10">na</w><w n="11" lemma="ye">ye </w><w n="12">sa</w><w n="13" lemma="tyā">tyā-</w><w n="14">sa</w><w n="15" lemma="tye">tye </w><w n="16" lemma="dve">dve </w><w n="17"></w><w n="18"></w><w n="19">rū</w><w n="20" lemma="pe">pe </w><w n="21" lemma="staḥ">staḥ | </w><w n="22">a</w><w n="23">dvai</w><w n="24">ta</w><w n="25">hā</w><w n="26">ni</w><w n="27">pra</w><w n="28" lemma="saṃ">saṅ</w><w n="29">gā</w><w n="30" lemma="tkiṃ">t&#183; kiṃ </w><w n="31" lemma="tu">tu </w><w n="32">pā</w><w n="33">ra</w><w n="34">mā</w><w n="35">rthi</w><w n="36" lemma="kaṃ">kam </w><w n="37">e</w><w n="38" lemma="kaṃ">kam </w><w n="39">e</w><w n="40">vā</w><w n="41">dva</w><w n="42" lemma="yaṃ">yaṃ </w><w n="43"></w><w n="44"></w><w n="45">ta</w><w n="46" lemma="tvaṃ">tvaṃ </w><w n="47">ta</w><w n="48" lemma="tcā">c cā</w><w n="49">nā</w><w n="50">di</w><w n="51" lemma="si">si-</w><w n="52" lemma="dhā">ddhā</w><w n="53">vi</w><w n="54">dyā</w><w n="55">vi</w><w n="56">la</w><w n="57">si</w><w n="58">ta</w><w n="59">sa</w><w n="60">ha</w><w n="61">pra</w><w n="62">mā</w><w n="63"></w><w n="64"></w><w n="65">tṛ</w><w n="66">vi</w><w n="67">ṣa</w><w n="68">ya</w><w n="69">ta</w><w n="70" lemma="yā">yā </w><w n="71" lemma="ya">ya-</w><w n="72">thā</w><w n="73">ta</w><w n="74" lemma="tvaṃ">tvam </w><w n="75">a</w><w n="76">na</w><w n="77">va</w><w n="78">bhā</w><w n="79">sa</w><w n="80">mā</w><w n="81" lemma="naṃ">nam </w><w n="82">i</w><w n="83"></w><w n="84" lemma="tya">ty a</w><w n="85"></w><w n="86">ne</w><w n="87">ka</w><w n="88">vi</w><w n="89"></w><w n="90"></w><w n="91"></w><w n="92">ka</w><w n="93">lpa</w><w n="94">pa</w><w n="95">ri</w><w n="96">gha</w><w n="97">ṭi</w><w n="98">tā</w><w n="99">kā</w><w n="100">ra</w><w n="101">rū</w><w n="102">pa</w><w n="103">ta</w><w n="104" lemma="yā">yā </w><w n="105">vya</w><w n="106">va</w><w n="107">hā</w><w n="108" lemma="raṃ">ram </w><w n="109">a</w><w n="110">va</w><w n="111">ta</w><w n="112">ra</w><w n="113" lemma="ti">ti&#8212; </w><w n="114">ta</w><w n="115" lemma="thā">thā </w><w n="116" lemma="ca">ca </w><w n="117">ta</w><w n="118" lemma="te">d e</w><w n="119">vā</w><w n="120">kā</w><w n="121">ra</w><w n="122">nā</w><w n="123">nā</w><w n="124" lemma="tvoṃ">tvon</w><w n="125">nī</w><w n="126">ya</w><w n="127">mā</w><w n="128">na</w><w n="129">sva</w><w n="130">rū</w><w n="131" lemma="pa">pa-</w><w n="132">bhe</w><w n="133" lemma="daṃ">daṃ </w><w n="134">ca</w><w n="135">kā</w><w n="136" lemma="sti">sti | </w><w n="137">nā</w><w n="138">nya</w><w n="139" lemma="tta">t_ ta</w><w n="140">dvya</w><w n="141">ti</w><w n="142">ri</w><w n="143">kta</w><w n="144">syā</w><w n="145"></w><w n="146"></w><w n="147">bhā</w><w n="148">vā</w><w n="149" lemma="t">t_ </w>
</text></TEI>
<TEI n="T">
<text>
<w n="0">a</w><w n="1"></w><w n="2" lemma="yaṃ">yam </w><w n="3">a</w><w n="4"></w><w n="5" lemma="rthaḥ">rtthaḥ </w><w n="6">ne</w><w n="7">hā</w><w n="8">dvai</w><w n="9">ta</w><w n="10">na</w><w n="11" lemma="ye">ye </w><w n="12">sa</w><w n="13">tyā</w><w n="14">sa</w><w n="15" lemma="tye">tye </w><w n="16" lemma="dve">dve </w><w n="17"></w><w n="18"></w><w n="19">rū</w><w n="20" lemma="pe">pe </w><w n="21" lemma="staḥ">staḥ </w><w n="22">a</w><w n="23">dvai</w><w n="24">ta</w><w n="25">hā</w><w n="26">ni</w><w n="27">pra</w><w n="28">saṃ</w><w n="29">gā</w><w n="30" lemma="tkiṃ">t_ kin </w><w n="31" lemma="tu">tu </w><w n="32">pā</w><w n="33">ra</w><w n="34">mā</w><w n="35" lemma="rthi">rtthi</w><w n="36" lemma="kaṃ">kam </w><w n="37">e</w><w n="38" lemma="kaṃ">kam </w><w n="39">e</w><w n="40">vā</w><w n="41">dva</w><w n="42">ya</w><w n="43" lemma="nta">n ta</w><w n="44" lemma="tvaṃ">tvaṃ </w><w n="45">ta</w><w n="46"></w><w n="47"></w><w n="48" lemma="tcā">c cā</w><w n="49">nā</w><w n="50">di</w><w n="51">si</w><w n="52" lemma="dhā">ddhā</w><w n="53">vi</w><w n="54">dyā</w><w n="55">vi</w><w n="56">la</w><w n="57">si</w><w n="58">ta</w><w n="59">sa</w><w n="60">ha</w><w n="61">pra</w><w n="62">mā</w><w n="63"></w><w n="64"></w><w n="65">tṛ</w><w n="66">vi</w><w n="67">ṣa</w><w n="68">ya</w><w n="69">ta</w><w n="70" lemma="yā">yā </w><w n="71">ya</w><w n="72">thā</w><w n="73">ta</w><w n="74" lemma="tvaṃ">tvam </w><w n="75">a</w><w n="76">na</w><w n="77">va</w><w n="78">bhā</w><w n="79">sa</w><w n="80">mā</w><w n="81" lemma="naṃ">nam </w><w n="82">i</w><w n="83"></w><w n="84" lemma="tya">ty a</w><w n="85"></w><w n="86">ne</w><w n="87">ka</w><w n="88">vi</w><w n="89"></w><w n="90"></w><w n="91"></w><w n="92">ka</w><w n="93">lpa</w><w n="94">pa</w><w n="95">ri</w><w n="96">gha</w><w n="97">ṭi</w><w n="98">tā</w><w n="99">kā</w><w n="100">ra</w><w n="101">rū</w><w n="102">pa</w><w n="103">ta</w><w n="104" lemma="yā">yā </w><w n="105">vya</w><w n="106">va</w><w n="107">hā</w><w n="108" lemma="raṃ">ram </w><w n="109">a</w><w n="110">va</w><w n="111">ta</w><w n="112">ra</w><w n="113" lemma="ti">ti </w><w n="114">ta</w><w n="115" lemma="thā">thā </w><w n="116" lemma="ca">ca </w><w n="117">ta</w><w n="118" lemma="te">d e</w><w n="119">vā</w><w n="120">kā</w><w n="121">ra</w><w n="122">nā</w><w n="123">nā</w><w n="124" lemma="tvoṃ">tvon</w><w n="125">nī</w><w n="126">ya</w><w n="127">mā</w><w n="128">na</w><w n="129">sva</w><w n="130">rū</w><w n="131">pa</w><w n="132">bhe</w><w n="133" lemma="daṃ">dañ </w><w n="134">ca</w><w n="135">kā</w><w n="136" lemma="sti">sti </w><w n="137">nā</w><w n="138">nya</w><w n="139" lemma="tta">t_ ta</w><w n="140">dvya</w><w n="141">ti</w><w n="142">ri</w><w n="143">kta</w><w n="144">syā</w><w n="145"></w><w n="146"></w><w n="147">bhā</w><w n="148">vā</w><w n="149" lemma="t">t_ </w>
</text></TEI>
<TEI n="H">
<text>
<w n="0">a</w><w n="1"></w><w n="2" lemma="yaṃ">yam </w><w n="3">ā</w><w n="4">trā</w><w n="5" lemma="rthaḥ">rthaḥ | </w><w n="6">ne</w><w n="7">hā</w><w n="8">dvai</w><w n="9">ta</w><w n="10">na</w><w n="11" lemma="ye">ye </w><w n="12">sa</w><w n="13">tya</w><w n="14">sa</w><w n="15" lemma="tye">tye </w><w n="16">dva</w><w n="17"></w><w n="18"></w><w n="19">rū</w><w n="20" lemma="paṃ">pan</w><w n="21" lemma="taḥ">taḥ </w><w n="22">a</w><w n="23">dvai</w><w n="24">ta</w><w n="25">hā</w><w n="26">ni</w><w n="27">pra</w><w n="28">saṃ</w><w n="29">gā</w><w n="30" lemma="tkiṃ">t_ kiṃ </w><w n="31" lemma="tu">tu </w><w n="32">pā</w><w n="33">ra</w><w n="34">mā</w><w n="35">rthi</w><w n="36" lemma="kaṃ">kam </w><w n="37">e</w><w n="38" lemma="kaṃ">kam </w><w n="39">e</w><w n="40">vā</w><w n="41">dva</w><w n="42" lemma="yaṃ">yaṃ </w><w n="43"></w><w n="44"></w><w n="45">ta</w><w n="46" lemma="tvaṃ">ttvaṃ </w><w n="47">ta</w><w n="48" lemma="tcā">c cā</w><w n="49">nā</w><w n="50">di</w><w n="51">si</w><w n="52" lemma="dhā">ddhā</w><w n="53">vi</w><w n="54">dyā</w><w n="55">vi</w><w n="56">la</w><w n="57">si</w><w n="58">ta</w><w n="59">sa</w><w n="60">ha</w><w n="61">pra</w><w n="62">mā</w><w n="63"></w><w n="64"></w><w n="65">tṛ</w><w n="66">vi</w><w n="67">ṣa</w><w n="68">ya</w><w n="69">ta</w><w n="70" lemma="yā">yā </w><w n="71">ya</w><w n="72">thā</w><w n="73">ta</w><w n="74" lemma="tvaṃ">ttvam </w><w n="75">a</w><w n="76">na</w><w n="77">va</w><w n="78">bhā</w><w n="79">sa</w><w n="80">mā</w><w n="81" lemma="naṃ">nam </w><w n="82">i</w><w n="83"></w><w n="84" lemma="tya">ty a</w><w n="85">ke</w><w n="86">ne</w><w n="87">ka</w><w n="88">vi</w><w n="89"></w><w n="90"></w><w n="91"></w><w n="92">ka</w><w n="93">lpa</w><w n="94">pa</w><w n="95">ri</w><w n="96">gha</w><w n="97">ṭi</w><w n="98">tā</w><w n="99">kā</w><w n="100">ra</w><w n="101">rū</w><w n="102">pa</w><w n="103">ta</w><w n="104" lemma="yā">yā </w><w n="105">vya</w><w n="106">va</w><w n="107">hā</w><w n="108" lemma="raṃ">ram </w><w n="109">a</w><w n="110">va</w><w n="111">ta</w><w n="112">ra</w><w n="113" lemma="ti">ti | </w><w n="114">ta</w><w n="115" lemma="thā">thā </w><w n="116" lemma="ca">ca </w><w n="117">ta</w><w n="118" lemma="te">d e</w><w n="119">vā</w><w n="120">kā</w><w n="121">ra</w><w n="122">nā</w><w n="123">nā</w><w n="124" lemma="tvoṃ">tvon</w><w n="125">nī</w><w n="126">ya</w><w n="127">mā</w><w n="128">na</w><w n="129">sva</w><w n="130">rū</w><w n="131">pa</w><w n="132">bhe</w><w n="133" lemma="daṃ">daṃ </w><w n="134">ca</w><w n="135">kā</w><w n="136" lemma="sti">sti </w><w n="137">nā</w><w n="138">nya</w><w n="139" lemma="tta">t ta</w><w n="140">dvya</w><w n="141">ti</w><w n="142">ri</w><w n="143">kta</w><w n="144">syā</w><w n="145">nya</w><w n="146">syā</w><w n="147">bhā</w><w n="148">vā</w><w n="149" lemma="t">t | </w>
</text></TEI>
<TEI n="P">
<text>
<w n="0" lemma="a">| a</w><w n="1">syā</w><w n="2" lemma="yaṃ">yam </w><w n="3">a</w><w n="4">trā</w><w n="5" lemma="rthaḥ">rthaḥ </w><w n="6" lemma="na">na </w><w n="7" lemma="hi">hi </w><w n="8">dvai</w><w n="9">ta</w><w n="10">na</w><w n="11" lemma="ye">ye&#166; </w><w n="12">sa</w><w n="13">tyā</w><w n="14">sa</w><w n="15" lemma="tye">tye </w><w n="16">dva</w><w n="17"></w><w n="18"></w><w n="19">rū</w><w n="20" lemma="pe">pe </w><w n="21" lemma="staḥ">staḥ </w><w n="22">a</w><w n="23">dvai</w><w n="24">ta</w><w n="25">hā</w><w n="26">ni</w><w n="27">pra</w><w n="28">saṃ</w><w n="29">gā</w><w n="30" lemma="tkiṃ">t kiṃ </w><w n="31" lemma="tu">tu </w><w n="32">pā</w><w n="33">ra</w><w n="34">mā</w><w n="35">rthi</w><w n="36" lemma="kaṃ">kam </w><w n="37">e</w><w n="38"></w><w n="39"></w><w n="40">vā</w><w n="41">dva</w><w n="42" lemma="yaṃ">yaṃ </w><w n="43"></w><w n="44"></w><w n="45">ta</w><w n="46" lemma="tvaṃ">tvaṃ </w><w n="47">ta</w><w n="48" lemma="tcā">c cā</w><w n="49">nā</w><w n="50">di</w><w n="51">si</w><w n="52" lemma="dhā">ddhā</w><w n="53">vi</w><w n="54">dyā</w><w n="55">vi</w><w n="56">la</w><w n="57">si</w><w n="58">ta</w><w n="59">sa</w><w n="60">ha</w><w n="61">pra</w><w n="62">mā</w><w n="63"></w><w n="64"></w><w n="65">tṛ</w><w n="66">vi</w><w n="67">ṣa</w><w n="68">ya</w><w n="69">ta</w><w n="70" lemma="yā">yā </w><w n="71">ta</w><w n="72">thā</w><w n="73"></w><w n="74" lemma="tvaṃ">tvam </w><w n="75">a</w><w n="76">na</w><w n="77">va</w><w n="78">bhā</w><w n="79">sa</w><w n="80">mā</w><w n="81" lemma="naṃ">nam </w><w n="82">i</w><w n="83" lemma="ti">ti </w><w n="84">a</w><w n="85"></w><w n="86">ne</w><w n="87">ka</w><w n="88">vi</w><w n="89"></w><w n="90"></w><w n="91"></w><w n="92">ka</w><w n="93">lpa</w><w n="94">pa</w><w n="95">ri</w><w n="96">gha</w><w n="97">ṭi</w><w n="98">tā</w><w n="99">kā</w><w n="100">ra</w><w n="101">rū</w><w n="102">pa</w><w n="103">ta</w><w n="104" lemma="yā">yā </w><w n="105">vya</w><w n="106">va</w><w n="107">hā</w><w n="108" lemma="raṃ">ram </w><w n="109">a</w><w n="110">nu</w><w n="111">sa</w><w n="112">ra</w><w n="113" lemma="ti">ti </w><w n="114">ta</w><w n="115" lemma="thā">thā </w><w n="116" lemma="ca">ca </w><w n="117">ta</w><w n="118" lemma="te">d e</w><w n="119">vā</w><w n="120">kā</w><w n="121">ra</w><w n="122">nā</w><w n="123">nā</w><w n="124" lemma="tvoṃ">tvon</w><w n="125">nī</w><w n="126">ya</w><w n="127">mā</w><w n="128">na</w><w n="129">sva</w><w n="130">rū</w><w n="131">pa</w><w n="132">bhe</w><w n="133" lemma="daṃ">daṃ </w><w n="134">ca</w><w n="135">kā</w><w n="136" lemma="sti">sti </w><w n="137">nā</w><w n="138">nya</w><w n="139" lemma="tta">t_ ta</w><w n="140">dvya</w><w n="141">ti</w><w n="142">ri</w><w n="143">kta</w><w n="144">syā</w><w n="145">nya</w><w n="146">syā</w><w n="147">bhā</w><w n="148">vā</w><w n="149" lemma="t">t </w>
</text></TEI>
<TEI n="M">
<text>
<w n="0">a</w><w n="1">syā</w><w n="2" lemma="yaṃ">yam </w><w n="3">a</w><w n="4">trā</w><w n="5" lemma="rthaḥ">rthaḥ | </w><w n="6">ne</w><w n="7">hā</w><w n="8">dvai</w><w n="9">ta</w><w n="10">na</w><w n="11" lemma="ye">ye </w><w n="12">sa</w><w n="13">tyā</w><w n="14">sa</w><w n="15" lemma="tye">tye </w><w n="16" lemma="dve">dve </w><w n="17"></w><w n="18"></w><w n="19">rū</w><w n="20" lemma="pe">pe </w><w n="21" lemma="staḥ">staḥ | </w><w n="22">a</w><w n="23">dvai</w><w n="24">ta</w><w n="25">hā</w><w n="26">ni</w><w n="27">pra</w><w n="28">saṃ</w><w n="29">gā</w><w n="30" lemma="tkiṃ">t | kiṃ </w><w n="31" lemma="tu">tu </w><w n="32">pā</w><w n="33">ra</w><w n="34">mā</w><w n="35">rthi</w><w n="36" lemma="kaṃ">kam </w><w n="37" lemma="e">e&#166;</w><w n="38"></w><w n="39"></w><w n="40">vā</w><w n="41">dva</w><w n="42" lemma="yaṃ">yaṃ </w><w n="43"></w><w n="44"></w><w n="45">ta</w><w n="46" lemma="tvaṃ">tvaṃ | </w><w n="47">ta</w><w n="48" lemma="tcā">c cā</w><w n="49">nā</w><w n="50">di</w><w n="51">si</w><w n="52" lemma="dhā">ddhā</w><w n="53">vi</w><w n="54">dyā</w><w n="55">vi</w><w n="56">la</w><w n="57">si</w><w n="58">ta</w><w n="59">sa</w><w n="60">ha</w><w n="61">pra</w><w n="62">mā</w><w n="63"></w><w n="64"></w><w n="65">tṛ</w><w n="66">vi</w><w n="67">ṣa</w><w n="68">ya</w><w n="69">ta</w><w n="70" lemma="yā">yā </w><w n="71">ta</w><w n="72">thā</w><w n="73"></w><w n="74" lemma="tvaṃ">tvam </w><w n="75">a</w><w n="76">na</w><w n="77">va</w><w n="78">bhā</w><w n="79">sa</w><w n="80">mā</w><w n="81" lemma="naṃ">nam </w><w n="82">i</w><w n="83" lemma="ti">ti </w><w n="84">a</w><w n="85"></w><w n="86">ne</w><w n="87">ka</w><w n="88">vi</w><w n="89"></w><w n="90"></w><w n="91"></w><w n="92">ka</w><w n="93">lpa</w><w n="94">pa</w><w n="95">ri</w><w n="96">gha</w><w n="97">ṭi</w><w n="98">tā</w><w n="99">kā</w><w n="100">ra</w><w n="101">rū</w><w n="102">pa</w><w n="103">ta</w><w n="104" lemma="yā">yā </w><w n="105">vya</w><w n="106">va</w><w n="107">hā</w><w n="108" lemma="raṃ">ram </w><w n="109">a</w><w n="110">nu</w><w n="111">sa</w><w n="112">ra</w><w n="113" lemma="ti">ti | </w><w n="114">ta</w><w n="115" lemma="thā">thā </w><w n="116" lemma="ca">ca </w><w n="117">ta</w><w n="118" lemma="te">d e</w><w n="119">vā</w><w n="120">kā</w><w n="121">ra</w><w n="122">nā</w><w n="123">nā</w><w n="124" lemma="tvoṃ">tvon</w><w n="125">nī</w><w n="126">ya</w><w n="127">mā</w><w n="128">na</w><w n="129">sva</w><w n="130">rū</w><w n="131">pa</w><w n="132">bhe</w><w n="133" lemma="daṃ">daṃ </w><w n="134">ca</w><w n="135">kā</w><w n="136" lemma="sti">sti | </w><w n="137">nā</w><w n="138">nya</w><w n="139" lemma="tta">t | ta</w><w n="140">dvya</w><w n="141">ti</w><w n="142">ri</w><w n="143">kta</w><w n="144">syā</w><w n="145">nya</w><w n="146">syā</w><w n="147">bhā</w><w n="148">vā</w><w n="149" lemma="t">t |</w>
</text></TEI>
<TEI n="G2">
<text>
<w n="0">a</w><w n="1"></w><w n="2" lemma="yaṃ">yam </w><w n="3">a</w><w n="4">trā</w><w n="5" lemma="rthaḥ">rthaḥ || </w><w n="6">ne</w><w n="7" lemma="haḥ">ho </w><w n="8">dvai</w><w n="9">ta</w><w n="10">na</w><w n="11" lemma="ye">ye </w><w n="12">sa</w><w n="13">tyā</w><w n="14">sa</w><w n="15" lemma="tye">tye </w><w n="16" lemma="dve">dve </w><w n="17"></w><w n="18"></w><w n="19">rū</w><w n="20" lemma="pe">pe </w><w n="21" lemma="staḥ">staḥ </w><w n="22">a</w><w n="23">dvai</w><w n="24">ta</w><w n="25">hā</w><w n="26">ni</w><w n="27">pra</w><w n="28">saṃ</w><w n="29">gā</w><w n="30" lemma="tkiṃ">t_ kiṃ </w><w n="31" lemma="tu">tu </w><w n="32">pa</w><w n="33">ra</w><w n="34">mā</w><w n="35">rthe</w><w n="36" lemma="kaṃ">kam </w><w n="37">e</w><w n="38" lemma="kaṃ">kam </w><w n="39">e</w><w n="40">vā</w><w n="41">dva</w><w n="42" lemma="yaṃ">yaṃ </w><w n="43"></w><w n="44"></w><w n="45"></w><w n="46"></w><w n="47"></w><w n="48" lemma="chā">cchā</w><w n="49">nā</w><w n="50">di</w><w n="51">si</w><w n="52" lemma="dhā">ddhā</w><w n="53" lemma="nni">t__ ni</w><w n="54">dha</w><w n="55">vi</w><w n="56">laṃ</w><w n="57">vi</w><w n="58">na</w><w n="59">sa</w><w n="60">ha</w><w n="61">pra</w><w n="62">mā</w><w n="63">pra</w><w n="64">mā</w><w n="65">sṛ</w><w n="66">dvi</w><w n="67">ṣṭha</w><w n="68">ya</w><w n="69">ta</w><w n="70" lemma="yā">yā </w><w n="71">ya</w><w n="72">thā</w><w n="73"></w><w n="74" lemma="tvaṃ">tvam </w><w n="75">a</w><w n="76">na</w><w n="77">va</w><w n="78">bhā</w><w n="79">sa</w><w n="80">mā</w><w n="81" lemma="naṃ">nam </w><w n="82"></w><w n="83"></w><w n="84">a</w><w n="85"></w><w n="86">ne</w><w n="87">ka</w><w n="88">ki</w><w n="89"></w><w n="90"></w><w n="91"></w><w n="92">ka</w><w n="93">lpa</w><w n="94">pa</w><w n="95">ri</w><w n="96">gha</w><w n="97">ṭi</w><w n="98">tā</w><w n="99">kā</w><w n="100">ra</w><w n="101">rū</w><w n="102">pa</w><w n="103">ta</w><w n="104" lemma="yā">yā </w><w n="105">vya</w><w n="106">va</w><w n="107">hā</w><w n="108" lemma="raṃ">ram </w><w n="109">a</w><w n="110">va</w><w n="111">ta</w><w n="112">ra</w><w n="113" lemma="ti">ti </w><w n="114">ta</w><w n="115" lemma="thā">thā </w><w n="116" lemma="va">va </w><w n="117">ta</w><w n="118" lemma="te">d e</w><w n="119">vā</w><w n="120">kā</w><w n="121">ra</w><w n="122">nā</w><w n="123">nā</w><w n="124" lemma="tve">tve </w><w n="125">nī</w><w n="126">ya</w><w n="127">mā</w><w n="128">na</w><w n="129">sva</w><w n="130">rū</w><w n="131">pa</w><w n="132">bhe</w><w n="133" lemma="daṃ">daṃ </w><w n="134">va</w><w n="135">kā</w><w n="136" lemma="sti">sti </w><w n="137">nā</w><w n="138">nya</w><w n="139" lemma="tta">t_ ta</w><w n="140">dhva</w><w n="141">ti</w><w n="142">ri</w><w n="143">kta</w><w n="144">syā</w><w n="145">nya</w><w n="146">syā</w><w n="147">bhā</w><w n="148">vā</w><w n="149" lemma="t">t_ </w>
</text></TEI>
<TEI n="G1">
<text>
<w n="0">a</w><w n="1"></w><w n="2" lemma="yaṃ">yam </w><w n="3">a</w><w n="4">trā</w><w n="5" lemma="rthaḥ">rthaḥ || </w><w n="6">ne</w><w n="7" lemma="haḥ">ho </w><w n="8">dvai</w><w n="9">ta</w><w n="10">na</w><w n="11" lemma="ye">ye </w><w n="12">sa</w><w n="13">tyā</w><w n="14">sa</w><w n="15" lemma="tye">tye </w><w n="16" lemma="dve">dve </w><w n="17"></w><w n="18"></w><w n="19">rū</w><w n="20" lemma="pe">pe </w><w n="21" lemma="staḥ">staḥ || </w><w n="22">a</w><w n="23">dvai</w><w n="24">ta</w><w n="25">dvā</w><w n="26">ni</w><w n="27">pra</w><w n="28">saṃ</w><w n="29">gā</w><w n="30" lemma="tkiṃ">t_ kiṃ </w><w n="31" lemma="tu">tu </w><w n="32">pa</w><w n="33">ra</w><w n="34">mā</w><w n="35">rthe</w><w n="36" lemma="kaṃ">kam </w><w n="37">e</w><w n="38" lemma="kaṃ">kam </w><w n="39">e</w><w n="40">vā</w><w n="41">dva</w><w n="42" lemma="yaṃ">yaṃ </w><w n="43"></w><w n="44"></w><w n="45"></w><w n="46"></w><w n="47"></w><w n="48">chā</w><w n="49">nā</w><w n="50">di</w><w n="51">si</w><w n="52" lemma="dhā">ddhā</w><w n="53" lemma="nni">t__ ni</w><w n="54">dha</w><w n="55">vi</w><w n="56">laṃ</w><w n="57">vi</w><w n="58">na</w><w n="59">sa</w><w n="60">ha</w><w n="61">pra</w><w n="62">mā</w><w n="63">pra</w><w n="64">mā</w><w n="65">sṛ</w><w n="66">dvi</w><w n="67">ṣṭha</w><w n="68">ya</w><w n="69">ta</w><w n="70" lemma="yā">yā </w><w n="71">ya</w><w n="72">thā</w><w n="73"></w><w n="74" lemma="tvaṃ">tvam </w><w n="75">a</w><w n="76">na</w><w n="77">va</w><w n="78">bhā</w><w n="79">sa</w><w n="80">mā</w><w n="81" lemma="naṃ">nam </w><w n="82"></w><w n="83"></w><w n="84">a</w><w n="85"></w><w n="86">ne</w><w n="87">ka</w><w n="88">ki</w><w n="89"></w><w n="90"></w><w n="91"></w><w n="92">ka</w><w n="93">lpa</w><w n="94">pa</w><w n="95">ri</w><w n="96">gha</w><w n="97">ṭi</w><w n="98">tā</w><w n="99">kā</w><w n="100">ra</w><w n="101">rū</w><w n="102">pa</w><w n="103">ta</w><w n="104" lemma="yā">yā </w><w n="105">vya</w><w n="106">va</w><w n="107">hā</w><w n="108" lemma="raṃ">ram </w><w n="109">a</w><w n="110">va</w><w n="111">ta</w><w n="112">ra</w><w n="113" lemma="ti">ti </w><w n="114">ta</w><w n="115" lemma="thā">thā </w><w n="116" lemma="va">va </w><w n="117">ta</w><w n="118" lemma="te">d e</w><w n="119">vā</w><w n="120">kā</w><w n="121">ra</w><w n="122">nā</w><w n="123">nā</w><w n="124" lemma="tve">tve </w><w n="125">nī</w><w n="126">ya</w><w n="127">mā</w><w n="128">na</w><w n="129">sva</w><w n="130">rū</w><w n="131">pa</w><w n="132">bhe</w><w n="133" lemma="daṃ">daṃ </w><w n="134">va</w><w n="135">kā</w><w n="136" lemma="sti">sti </w><w n="137">nā</w><w n="138">nya</w><w n="139" lemma="tta">t_ ta</w><w n="140">dhva</w><w n="141">ti</w><w n="142">ri</w><w n="143">kta</w><w n="144">syā</w><w n="145">nya</w><w n="146">syā</w><w n="147">bhā</w><w n="148">vā</w><w n="149" lemma="t">t_ </w>
</text></TEI>
<TEI n="L">
<text>
<w n="0">a</w><w n="1"></w><w n="2" lemma="yaṃ">yam </w><w n="3">a</w><w n="4">trā</w><w n="5" lemma="rthaḥ">rthaḥ || </w><w n="6">ne</w><w n="7" lemma="hī">hī </w><w n="8">dvai</w><w n="9">ta</w><w n="10">na</w><w n="11" lemma="ye">ye </w><w n="12">sa</w><w n="13">tyā</w><w n="14">sa</w><w n="15" lemma="tye">tye </w><w n="16" lemma="dve">dve </w><w n="17">sa</w><w n="18" lemma="tye">tye </w><w n="19">rū</w><w n="20" lemma="pe">pe </w><w n="21" lemma="staḥ">staḥ || </w><w n="22">a</w><w n="23">dvai</w><w n="24">ta</w><w n="25">hā</w><w n="26">ni</w><w n="27">pra</w><w n="28">saṃ</w><w n="29">gā</w><w n="30" lemma="tkiṃ">t_ kiṃ </w><w n="31" lemma="tu">tu </w><w n="32">pa</w><w n="33">ra</w><w n="34">mā</w><w n="35">rthi</w><w n="36" lemma="kaṃ">kam </w><w n="37">e</w><w n="38" lemma="kaṃ">kam </w><w n="39">e</w><w n="40">vā</w><w n="41">dva</w><w n="42" lemma="yaṃ">yaṃ </w><w n="43"></w><w n="44"></w><w n="45">ta</w><w n="46"></w><w n="47"></w><w n="48" lemma="tcā">c cā</w><w n="49">nā</w><w n="50">di</w><w n="51">si</w><w n="52" lemma="dhā">ddhā</w><w n="53">vi</w><w n="54">dyā</w><w n="55">vi</w><w n="56">laṃ</w><w n="57">bi</w><w n="58">ta</w><w n="59">sa</w><w n="60">ha</w><w n="61">pra</w><w n="62">mā</w><w n="63">pra</w><w n="64">mā</w><w n="65">tṛ</w><w n="66">vi</w><w n="67">ṣa</w><w n="68">ya</w><w n="69">ta</w><w n="70" lemma="yā">yā </w><w n="71">ya</w><w n="72">thā</w><w n="73"></w><w n="74" lemma="tvaṃ">tvam </w><w n="75">a</w><w n="76">na</w><w n="77">va</w><w n="78">bhā</w><w n="79">sa</w><w n="80">mā</w><w n="81" lemma="naṃ">nam </w><w n="82"></w><w n="83"></w><w n="84">a</w><w n="85"></w><w n="86">ne</w><w n="87">ka</w><w n="88">vi</w><w n="89">ṣa</w><w n="90">ya</w><w n="91">vi</w><w n="92">ka</w><w n="93">lpa</w><w n="94">pa</w><w n="95">ri</w><w n="96">gha</w><w n="97">ṭa</w><w n="98">nā</w><w n="99">kā</w><w n="100">ra</w><w n="101">rū</w><w n="102">pa</w><w n="103">ta</w><w n="104" lemma="yā">yā </w><w n="105">vya</w><w n="106">va</w><w n="107">hā</w><w n="108" lemma="raṃ">ram </w><w n="109">a</w><w n="110">va</w><w n="111">ta</w><w n="112">ra</w><w n="113" lemma="ti">ti </w><w n="114">ta</w><w n="115" lemma="thā">thā </w><w n="116" lemma="ca">ca </w><w n="117">ta</w><w n="118" lemma="te">d e</w><w n="119">vā</w><w n="120">kā</w><w n="121">ra</w><w n="122">nā</w><w n="123">nā</w><w n="124">tvo</w><w n="125">nī</w><w n="126">ya</w><w n="127">mā</w><w n="128">na</w><w n="129">sva</w><w n="130">rū</w><w n="131">pa</w><w n="132">bhe</w><w n="133" lemma="daṃ">daṃ </w><w n="134">ca</w><w n="135">kā</w><w n="136" lemma="sti">sti </w><w n="137">nā</w><w n="138">nya</w><w n="139" lemma="tta">t_ ta</w><w n="140">dvya</w><w n="141">ti</w><w n="142">ri</w><w n="143">kta</w><w n="144">syā</w><w n="145">nya</w><w n="146">syā</w><w n="147">bhā</w><w n="148">vā</w><w n="149" lemma="t">t || </w>
</text></TEI>
<TEI n="O">
<text>
<w n="0">a</w><w n="1"></w><w n="2" lemma="yaṃ">yam </w><w n="3">a</w><w n="4">trā</w><w n="5" lemma="rthaḥ">rtthaḥ | </w><w n="6" lemma="na">na </w><w n="7" lemma="hya">hy a</w><w n="8">dvai</w><w n="9">ta</w><w n="10">na</w><w n="11" lemma="ye">ye </w><w n="12">sa</w><w n="13">tyā</w><w n="14">sa</w><w n="15" lemma="tye">tye </w><w n="16" lemma="dve">dve </w><w n="17"></w><w n="18"></w><w n="19">rū</w><w n="20" lemma="pe">pe </w><w n="21" lemma="staḥ">staḥ </w><w n="22">a</w><w n="23">dvai</w><w n="24">ta</w><w n="25">hā</w><w n="26">ni</w><w n="27">pra</w><w n="28">saṃ</w><w n="29">gā</w><w n="30" lemma="tkiṃ">t_ kiṃ </w><w n="31" lemma="tu">tu </w><w n="32">pā</w><w n="33">ra</w><w n="34">mā</w><w n="35">rti</w><w n="36" lemma="kaṃ">kam </w><w n="37">e</w><w n="38" lemma="kaṃ">kam </w><w n="39">e</w><w n="40">vā</w><w n="41">dva</w><w n="42" lemma="yaṃ">yaṃ </w><w n="43"></w><w n="44"></w><w n="45">ta</w><w n="46"></w><w n="47"></w><w n="48" lemma="tcā">c cā</w><w n="49">nā</w><w n="50">di</w><w n="51">si</w><w n="52" lemma="dhā">ddhā</w><w n="53">vi</w><w n="54">dyā</w><w n="55">vi</w><w n="56">laṃ</w><w n="57">bi</w><w n="58">ta</w><w n="59">sa</w><w n="60">ha</w><w n="61">pra</w><w n="62">mā</w><w n="63">pra</w><w n="64">mā</w><w n="65">tṛ</w><w n="66">vi</w><w n="67">ṣa</w><w n="68">ya</w><w n="69">ta</w><w n="70" lemma="yā">yā </w><w n="71">ya</w><w n="72">thā</w><w n="73">ta</w><w n="74" lemma="tvaṃ">tvam </w><w n="75">a</w><w n="76">na</w><w n="77">va</w><w n="78">bhā</w><w n="79">sa</w><w n="80">mā</w><w n="81" lemma="naṃ">nam </w><w n="82"></w><w n="83"></w><w n="84">a</w><w n="85"></w><w n="86">ne</w><w n="87">ka</w><w n="88">vi</w><w n="89"></w><w n="90"></w><w n="91"></w><w n="92">ka</w><w n="93">lpa</w><w n="94">pa</w><w n="95">ri</w><w n="96">gha</w><w n="97">ṭi</w><w n="98">tā</w><w n="99">kā</w><w n="100">ra</w><w n="101">rū</w><w n="102">pa</w><w n="103">ta</w><w n="104" lemma="yā">yā </w><w n="105">vya</w><w n="106">va</w><w n="107">hā</w><w n="108" lemma="raṃ">ram </w><w n="109">a</w><w n="110">va</w><w n="111">ta</w><w n="112">ra</w><w n="113" lemma="ti">ti </w><w n="114">ta</w><w n="115" lemma="thā">thā </w><w n="116" lemma="ca">ca </w><w n="117">ta</w><w n="118" lemma="te">d e</w><w n="119">vā</w><w n="120">kā</w><w n="121">ra</w><w n="122">nā</w><w n="123">nā</w><w n="124" lemma="tvoṃ">tvon</w><w n="125">nī</w><w n="126">ya</w><w n="127">mā</w><w n="128">na</w><w n="129">sva</w><w n="130">rū</w><w n="131">pa</w><w n="132">bhe</w><w n="133" lemma="daṃ">daṃ </w><w n="134">ca</w><w n="135">kā</w><w n="136" lemma="sti">sti </w><w n="137">nā</w><w n="138">nya</w><w n="139" lemma="tta">t_ ta</w><w n="140">dvya</w><w n="141">ti</w><w n="142">ri</w><w n="143">kta</w><w n="144">syā</w><w n="145">nya</w><w n="146">svā</w><w n="147">bhā</w><w n="148">vā</w><w n="149" lemma="t">t | </w>
</text></TEI>
<TEI n="A">
<text>
<w n="0">a</w><w n="1"></w><w n="2" lemma="yaṃ">yam </w><w n="3">a</w><w n="4">trā</w><w n="5" lemma="rthaḥ">rthaḥ </w><w n="6">ne</w><w n="7">hā</w><w n="8">dvai</w><w n="9">ta</w><w n="10">na</w><w n="11" lemma="ye">ye </w><w n="12">sa</w><w n="13">tyā</w><w n="14">sa</w><w n="15" lemma="tye">tye </w><w n="16" lemma="dve">dve </w><w n="17"></w><w n="18"></w><w n="19">rū</w><w n="20" lemma="pe">pe </w><w n="21" lemma="staḥ">staḥ </w><w n="22">a</w><w n="23">dvai</w><w n="24">ta</w><w n="25">hā</w><w n="26">ni</w><w n="27">pra</w><w n="28">saṃ</w><w n="29">gā</w><w n="30" lemma="tkiṃ">t_ kiṃ </w><w n="31" lemma="tu">tu </w><w n="32">pā</w><w n="33">ra</w><w n="34">mā</w><w n="35">rthi</w><w n="36" lemma="kaṃ">kam </w><w n="37">e</w><w n="38" lemma="kaṃ">kam </w><w n="39">e</w><w n="40">vā</w><w n="41">dva</w><w n="42" lemma="yaṃ">yaṃ </w><w n="43"></w><w n="44"></w><w n="45">ta</w><w n="46"></w><w n="47"></w><w n="48" lemma="tcā">c cā</w><w n="49">nā</w><w n="50">di</w><w n="51">si</w><w n="52" lemma="dhā">ddhā</w><w n="53">vi</w><w n="54">dyā</w><w n="55">vi</w><w n="56">la</w><w n="57">si</w><w n="58">ta</w><w n="59">sa</w><w n="60">ha</w><w n="61">pra</w><w n="62">mā</w><w n="63">pra</w><w n="64">mā</w><w n="65">ta</w><w n="66">vi</w><w n="67">ṣa</w><w n="68">ya</w><w n="69">ta</w><w n="70" lemma="yā">yā </w><w n="71">ya</w><w n="72">thā</w><w n="73">ta</w><w n="74" lemma="tvaṃ">tvam </w><w n="75">a</w><w n="76">na</w><w n="77">va</w><w n="78">bhā</w><w n="79">sa</w><w n="80">mā</w><w n="81" lemma="naṃ">nam </w><w n="82"></w><w n="83"></w><w n="84">a</w><w n="85"></w><w n="86">ne</w><w n="87">ka</w><w n="88">vi</w><w n="89"></w><w n="90"></w><w n="91"></w><w n="92">ka</w><w n="93">lpa</w><w n="94">pa</w><w n="95">ri</w><w n="96">gha</w><w n="97">ṭi</w><w n="98">tā</w><w n="99">kā</w><w n="100">ra</w><w n="101">rū</w><w n="102">pa</w><w n="103">ta</w><w n="104" lemma="yā">yā </w><w n="105">vya</w><w n="106">va</w><w n="107">hā</w><w n="108" lemma="raṃ">ram </w><w n="109">a</w><w n="110">va</w><w n="111">ta</w><w n="112">ra</w><w n="113" lemma="ti">ti </w><w n="114">ta</w><w n="115" lemma="thā">thā </w><w n="116" lemma="ca">ca </w><w n="117">ta</w><w n="118" lemma="te">d e</w><w n="119">vā</w><w n="120">kā</w><w n="121">ra</w><w n="122">nā</w><w n="123">nā</w><w n="124" lemma="tvoṃ">tvon</w><w n="125">nī</w><w n="126">ya</w><w n="127">mā</w><w n="128">na</w><w n="129">sva</w><w n="130">rū</w><w n="131">pa</w><w n="132">bhe</w><w n="133" lemma="daṃ">daṃ </w><w n="134">ca</w><w n="135">kā</w><w n="136" lemma="sti">sti </w><w n="137">nā</w><w n="138">nya</w><w n="139" lemma="tta">t_ ta</w><w n="140">dvya</w><w n="141">ti</w><w n="142">ri</w><w n="143">kta</w><w n="144">syā</w><w n="145">nya</w><w n="146">syā</w><w n="147">bhā</w><w n="148">vā</w><w n="149" lemma="t">t_ </w>
</text></TEI>
<TEI n="V">
<text>
<w n="0">a</w><w n="1"></w><w n="2" lemma="yaṃ">yam </w><w n="3">a</w><w n="4">trā</w><w n="5" lemma="rthaḥ">rthaḥ </w><w n="6">ne</w><w n="7">hā</w><w n="8">dvai</w><w n="9">ta</w><w n="10">na</w><w n="11" lemma="ye">ye </w><w n="12">sa</w><w n="13">tyā</w><w n="14">sa</w><w n="15" lemma="tye">tye </w><w n="16" lemma="dve">dve </w><w n="17"></w><w n="18"></w><w n="19">rū</w><w n="20" lemma="pe">pe </w><w n="21" lemma="stuḥ">stuḥ </w><w n="22">a</w><w n="23">dvai</w><w n="24">ta</w><w n="25">hā</w><w n="26">ni</w><w n="27">pra</w><w n="28">saṃ</w><w n="29">gā</w><w n="30" lemma="tkiṃ">t_ kiṃ </w><w n="31" lemma="tu">tu </w><w n="32">pā</w><w n="33">ra</w><w n="34">mā</w><w n="35">rthi</w><w n="36" lemma="kaṃ">kam </w><w n="37">e</w><w n="38" lemma="vaṃ">vam </w><w n="39">e</w><w n="40">vā</w><w n="41">dva</w><w n="42" lemma="yaṃ">yaṃ&#166; </w><w n="43"></w><w n="44"></w><w n="45">ta</w><w n="46"></w><w n="47"></w><w n="48" lemma="tcā">c cā</w><w n="49">nā</w><w n="50">di</w><w n="51">si</w><w n="52" lemma="dhā">ddhā</w><w n="53">vi</w><w n="54">yā</w><w n="55">vi</w><w n="56">la</w><w n="57">si</w><w n="58">ta</w><w n="59">sa</w><w n="60">ha</w><w n="61">ya</w><w n="62">mā</w><w n="63">pra</w><w n="64">mā</w><w n="65">tṛ</w><w n="66">vi</w><w n="67">ṣa</w><w n="68">ya</w><w n="69">ta</w><w n="70" lemma="yā">yā </w><w n="71">ya</w><w n="72">thā</w><w n="73">ta</w><w n="74" lemma="tvaṃ">tvam </w><w n="75">a</w><w n="76">ta</w><w n="77">dha</w><w n="78">bhā</w><w n="79">sa</w><w n="80">mā</w><w n="81" lemma="naṃ">nam </w><w n="82"></w><w n="83"></w><w n="84">a</w><w n="85"></w><w n="86">ne</w><w n="87">ka</w><w n="88">vi</w><w n="89"></w><w n="90"></w><w n="91"></w><w n="92">ka</w><w n="93">lpa</w><w n="94">pa</w><w n="95">ri</w><w n="96">gha</w><w n="97">ṭi</w><w n="98">tā</w><w n="99">kā</w><w n="100">ra</w><w n="101">rū</w><w n="102">pa</w><w n="103">ta</w><w n="104" lemma="yā">yā </w><w n="105">vya</w><w n="106">va</w><w n="107">hā</w><w n="108" lemma="raṃ">ram </w><w n="109">a</w><w n="110">va</w><w n="111">ta</w><w n="112">ra</w><w n="113" lemma="ti">ti </w><w n="114">ta</w><w n="115" lemma="thā">thā </w><w n="116" lemma="va">va </w><w n="117">ta</w><w n="118" lemma="te">d e</w><w n="119">vā</w><w n="120">kā</w><w n="121">ra</w><w n="122">nā</w><w n="123">nā</w><w n="124" lemma="tvoṃ">tvon</w><w n="125">nā</w><w n="126">ya</w><w n="127">mā</w><w n="128">na</w><w n="129">sva</w><w n="130">rū</w><w n="131">pa</w><w n="132">bhe</w><w n="133" lemma="da">da </w><w n="134">ca</w><w n="135">kā</w><w n="136" lemma="sti">sti </w><w n="137">nā</w><w n="138">nya</w><w n="139" lemma="tta">t_ ta</w><w n="140">dvya</w><w n="141">ti</w><w n="142">ri</w><w n="143">kta</w><w n="144">syā</w><w n="145">nya</w><w n="146">syā</w><w n="147">bhā</w><w n="148">vā</w><w n="149" lemma="t">t_ </w>
</text></TEI>
<TEI n="K">
<text>
<w n="0">a</w><w n="1"></w><w n="2" lemma="yaṃ">yam </w><w n="3">a</w><w n="4">trā</w><w n="5" lemma="rthaḥ">rthaḥ </w><w n="6">ne</w><w n="7">hā</w><w n="8">dvai</w><w n="9">ta</w><w n="10">na</w><w n="11" lemma="ye">ye </w><w n="12">sa</w><w n="13">tyā</w><w n="14">sa</w><w n="15" lemma="tye">tye </w><w n="16" lemma="dve">dve </w><w n="17"></w><w n="18"></w><w n="19">rū</w><w n="20" lemma="pe">pe </w><w n="21" lemma="stuḥ">stuḥ </w><w n="22">a</w><w n="23">dvai</w><w n="24">ta</w><w n="25">hā</w><w n="26">ni</w><w n="27">pra</w><w n="28">saṃ</w><w n="29">gā</w><w n="30" lemma="tkiṃ">t_ kiṃ </w><w n="31" lemma="tu">tu </w><w n="32">pā</w><w n="33">ra</w><w n="34">mā</w><w n="35">rthi</w><w n="36" lemma="kaṃ">kam </w><w n="37">e</w><w n="38" lemma="kaṃ">kam </w><w n="39">e</w><w n="40">vā</w><w n="41">dva</w><w n="42" lemma="yaṃ">yaṃ </w><w n="43"></w><w n="44"></w><w n="45">ta</w><w n="46"></w><w n="47"></w><w n="48" lemma="tcā">c cā</w><w n="49">nā</w><w n="50">di</w><w n="51">si</w><w n="52" lemma="dhā">ddhā</w><w n="53">vi</w><w n="54">yā</w><w n="55">vi</w><w n="56">la</w><w n="57">si</w><w n="58">ta</w><w n="59">sa</w><w n="60">ha</w><w n="61">ya</w><w n="62">mā</w><w n="63">pra</w><w n="64">mā</w><w n="65">tṛ</w><w n="66">vi</w><w n="67">ṣa</w><w n="68">ya</w><w n="69">ta</w><w n="70" lemma="yā">yā </w><w n="71">ya</w><w n="72">thā</w><w n="73">ta</w><w n="74" lemma="tvaṃ">tvam </w><w n="75">a</w><w n="76">ta</w><w n="77">dha</w><w n="78">bhā</w><w n="79">sa</w><w n="80">mā</w><w n="81" lemma="naṃ">nam </w><w n="82"></w><w n="83"></w><w n="84">a</w><w n="85"></w><w n="86">ne</w><w n="87">ka</w><w n="88">vi</w><w n="89"></w><w n="90"></w><w n="91"></w><w n="92">ka</w><w n="93">lpa</w><w n="94">pa</w><w n="95">ri</w><w n="96">gha</w><w n="97">ṭi</w><w n="98">tā</w><w n="99">kā</w><w n="100">ra</w><w n="101">rū</w><w n="102">pa</w><w n="103">ta</w><w n="104" lemma="yā">yā </w><w n="105">vya</w><w n="106">va</w><w n="107">hā</w><w n="108" lemma="raṃ">ram </w><w n="109">a</w><w n="110">va</w><w n="111">ta</w><w n="112">ra</w><w n="113" lemma="ti">ti </w><w n="114">ta</w><w n="115" lemma="thā">thā </w><w n="116" lemma="va">va </w><w n="117">ta</w><w n="118" lemma="te">d e</w><w n="119">vā</w><w n="120">kā</w><w n="121">ra</w><w n="122">nā</w><w n="123">nā</w><w n="124" lemma="tvoṃ">tvon</w><w n="125">nī</w><w n="126">ya</w><w n="127">mā</w><w n="128">na</w><w n="129">sva</w><w n="130">rū</w><w n="131">pa</w><w n="132">bhe</w><w n="133" lemma="da">da </w><w n="134">ca</w><w n="135">kā</w><w n="136" lemma="sti">sti </w><w n="137">nā</w><w n="138">nya</w><w n="139" lemma="tta">t_ ta</w><w n="140">dya</w><w n="141">ti</w><w n="142">ri</w><w n="143">kta</w><w n="144">syā</w><w n="145">nya</w><w n="146">syā</w><w n="147">bhā</w><w n="148">vā</w><w n="149" lemma="t">t_ </w>
</text></TEI>
<TEI n="D">
<text>
<w n="0" lemma="a">|| a</w><w n="1"></w><w n="2" lemma="yaṃ">yam </w><w n="3">a</w><w n="4">trā</w><w n="5" lemma="rthaḥ">rthaḥ | </w><w n="6">ne</w><w n="7">hā</w><w n="8">dvai</w><w n="9">ta</w><w n="10">na</w><w n="11" lemma="ye">ye </w><w n="12">sa</w><w n="13">tyā</w><w n="14">sa</w><w n="15" lemma="tye">tye </w><w n="16" lemma="dve">dve </w><w n="17"></w><w n="18"></w><w n="19">rū</w><w n="20" lemma="pe">pe </w><w n="21" lemma="staḥ">staḥ </w><w n="22">a</w><w n="23">dvai</w><w n="24">ta</w><w n="25">hā</w><w n="26">ni</w><w n="27">pra</w><w n="28">saṃ</w><w n="29">gā</w><w n="30" lemma="tkiṃ">t_ kiṃ </w><w n="31" lemma="tu">tu </w><w n="32">pā</w><w n="33">ra</w><w n="34">mā</w><w n="35">rthi</w><w n="36" lemma="kaṃ">kam </w><w n="37">e</w><w n="38" lemma="kaṃ">kam </w><w n="39">e</w><w n="40">vā</w><w n="41">dva</w><w n="42" lemma="yaṃ">yaṃ </w><w n="43"></w><w n="44"></w><w n="45">ta</w><w n="46"></w><w n="47"></w><w n="48" lemma="tcā">c cā</w><w n="49">nā</w><w n="50">di</w><w n="51">si</w><w n="52" lemma="dhā">ddhā</w><w n="53">vi</w><w n="54">dyā</w><w n="55">vi</w><w n="56">la</w><w n="57">si</w><w n="58">ta</w><w n="59">sa</w><w n="60">ha</w><w n="61">pra</w><w n="62">mā</w><w n="63">pra</w><w n="64">mā</w><w n="65">tṛ</w><w n="66">vi</w><w n="67">ṣa</w><w n="68">ya</w><w n="69">ta</w><w n="70" lemma="yā">yā </w><w n="71">ya</w><w n="72">thā</w><w n="73">ta</w><w n="74" lemma="tvaṃ">tvam </w><w n="75">a</w><w n="76">na</w><w n="77">va</w><w n="78">bhā</w><w n="79">sa</w><w n="80">mā</w><w n="81" lemma="naṃ">nam </w><w n="82"></w><w n="83"></w><w n="84">a</w><w n="85"></w><w n="86">ne</w><w n="87">ka</w><w n="88">vi</w><w n="89"></w><w n="90"></w><w n="91"></w><w n="92">ka</w><w n="93">lpa</w><w n="94">pa</w><w n="95">ri</w><w n="96">gha</w><w n="97">ṭi</w><w n="98">tā</w><w n="99">kā</w><w n="100">ra</w><w n="101">rū</w><w n="102">pa</w><w n="103">ta</w><w n="104" lemma="yā">yā </w><w n="105">vya</w><w n="106">va</w><w n="107">hā</w><w n="108" lemma="raṃ">ram </w><w n="109">a</w><w n="110">va</w><w n="111">ta</w><w n="112">ra</w><w n="113" lemma="ti">ti </w><w n="114">ta</w><w n="115" lemma="thā">thā </w><w n="116" lemma="ca">ca </w><w n="117">ta</w><w n="118" lemma="te">d e</w><w n="119">vā</w><w n="120">kā</w><w n="121">ra</w><w n="122">nā</w><w n="123">nā</w><w n="124" lemma="tvoṃ">tvon</w><w n="125">nī</w><w n="126">ya</w><w n="127">mā</w><w n="128">na</w><w n="129">sva</w><w n="130">rū</w><w n="131">pa</w><w n="132">bhe</w><w n="133" lemma="daṃ">daṃ </w><w n="134">ca</w><w n="135">kā</w><w n="136" lemma="sti">sti </w><w n="137">nā</w><w n="138">nya</w><w n="139" lemma="tta">t_ ta</w><w n="140">dvya</w><w n="141">ti</w><w n="142">ri</w><w n="143">kta</w><w n="144">syā</w><w n="145">nya</w><w n="146">syā</w><w n="147">bhā</w><w n="148">vā</w><w n="149" lemma="t">t_ </w>
</text></TEI>
</teiCorpus>
