<?xml version="1.0" encoding="UTF-8"?>
<teiCorpus xmlns="http://www.tei-c.org/ns/1.0">

<TEI n="GV">
<text>
<w n="0">a</w><w n="1">tha</w><w n="2" lemma="vā">vā </w><w n="3">saṃ</w><w n="4">bha</w><w n="5">vi</w><w n="6">dha</w><w n="7">rmā</w><w n="8">chu</w><w n="9">ri</w><w n="10" lemma="taṃ">taṃ </w><w n="11">vi</w><w n="12">jñā</w><w n="13" lemma="naṃ">naṃ </w><w n="14">vi</w><w n="15">śu</w><w n="16" lemma="dha">ddha</w><w n="17">bo</w><w n="18">dha</w><w n="19"></w><w n="20">sva</w><w n="21">bhā</w><w n="22" lemma="vaṃ">vam </w><w n="23">a</w><w n="24" lemma="pya">py a</w><w n="25">vi</w><w n="26">dyā</w><w n="27" lemma="yāṃ">yāṃ </w><w n="28">vya</w><w n="29">va</w><w n="30">hā</w><w n="31" lemma="re">re </w><w n="32">va</w><w n="33">bhā</w><w n="34">sa</w><w n="35" lemma="ta">ta </w><w n="36">i</w><w n="37"></w><w n="38" lemma="ti">ti </w><w n="39">dṛ</w><w n="40" lemma="ṣṭuṃ">ṣṭuṃ </w><w n="41">ni</w><w n="42">da</w><w n="43">rśa</w><w n="44">nāṃ</w><w n="45">ta</w><w n="46" lemma="raṃ">ram </w><w n="47"></w><w n="48">ā</w><w n="49" lemma="ha">ha </w><w n="50" lemma="pyā">pyā || </w>
</text></TEI>
<TEI n="CT">
<text>
<w n="0">a</w><w n="1" lemma="tha">tha </w><w n="2">cā</w><w n="3" lemma="saṃ">sam</w><w n="4">bha</w><w n="5">vi</w><w n="6">dha</w><w n="7">rmā</w><w n="8" lemma="chu">cchu</w><w n="9">ri</w><w n="10" lemma="taṃ">taṃ </w><w n="11">vi</w><w n="12">jñā</w><w n="13" lemma="naṃ">naṃ </w><w n="14">vi</w><w n="15">śu</w><w n="16" lemma="dha">ddha</w><w n="17">bo</w><w n="18">dha</w><w n="19"></w><w n="20">sva</w><w n="21">bhā</w><w n="22" lemma="vaṃ">vam </w><w n="23">a</w><w n="24" lemma="pya">py a</w><w n="25">vi</w><w n="26">dyā</w><w n="27" lemma="yāṃ">yāṃ </w><w n="28">vya</w><w n="29">va</w><w n="30">hā</w><w n="31" lemma="re">re '-</w><w n="32">va</w><w n="33">bhā</w><w n="34">sa</w><w n="35" lemma="ta">ta </w><w n="36">i</w><w n="37"></w><w n="38">tī</w><w n="39"></w><w n="40" lemma="ṣṭaṃ">ṣṭam&#183; </w><w n="41">ni</w><w n="42">da</w><w n="43">rśa</w><w n="44" lemma="nāṃ">nān</w><w n="45">ta</w><w n="46" lemma="raṃ">ram </w><w n="47">a</w><w n="48" lemma="pyā">py ā</w><w n="49" lemma="ha">ha&#8212; </w><w n="50"></w>
</text></TEI>
<TEI n="T">
<text>
<w n="0">a</w><w n="1" lemma="tha">tha </w><w n="2">cā</w><w n="3">saṃ</w><w n="4">bha</w><w n="5">vi</w><w n="6">dha</w><w n="7" lemma="rmā">rmmā</w><w n="8" lemma="chu">cśu</w><w n="9">ri</w><w n="10" lemma="taṃ">taṃ </w><w n="11">vi</w><w n="12">jñā</w><w n="13" lemma="naṃ">naṃ </w><w n="14">vi</w><w n="15">śu</w><w n="16" lemma="dha">ddha</w><w n="17">bo</w><w n="18">dha</w><w n="19"></w><w n="20">sva</w><w n="21">bhā</w><w n="22" lemma="vaṃ">vam </w><w n="23">a</w><w n="24" lemma="pya">py a</w><w n="25">vi</w><w n="26">dyā</w><w n="27" lemma="yāṃ">yāṃ </w><w n="28">vya</w><w n="29">va</w><w n="30">hā</w><w n="31" lemma="re">re </w><w n="32">va</w><w n="33">bhā</w><w n="34">sa</w><w n="35" lemma="ta">ta </w><w n="36">i</w><w n="37"></w><w n="38">tī</w><w n="39"></w><w n="40" lemma="ṣṭaṃ">ṣṭaṃ </w><w n="41">ni</w><w n="42">da</w><w n="43">rśa</w><w n="44" lemma="nāṃ">nān</w><w n="45" lemma="taṃ">tam </w><w n="46">e</w><w n="47"></w><w n="48" lemma="pyā">py ā</w><w n="49" lemma="ha">ha </w><w n="50"></w>
</text></TEI>
<TEI n="H">
<text>
<w n="0">a</w><w n="1">tha</w><w n="2" lemma="vā">vā </w><w n="3">saṃ</w><w n="4">bha</w><w n="5">vi</w><w n="6">dha</w><w n="7">rmā</w><w n="8">chu</w><w n="9">ri</w><w n="10" lemma="taṃ">taṃ </w><w n="11">vi</w><w n="12">jñā</w><w n="13" lemma="naṃ">naṃ </w><w n="14">vi</w><w n="15">śu</w><w n="16" lemma="dha">ddha</w><w n="17">bo</w><w n="18">dha</w><w n="19">na</w><w n="20">sva</w><w n="21">bhā</w><w n="22" lemma="vaṃ">vam </w><w n="23">a</w><w n="24" lemma="pya">py a</w><w n="25">vi</w><w n="26">dyā</w><w n="27" lemma="yāṃ">yāṃ </w><w n="28">vya</w><w n="29">va</w><w n="30">hā</w><w n="31" lemma="re">re </w><w n="32">va</w><w n="33">bhā</w><w n="34">sa</w><w n="35" lemma="ta">ta </w><w n="36">i</w><w n="37">chaṃ</w><w n="38">tī</w><w n="39"></w><w n="40" lemma="ṣṭaṃ">ṣṭaṃ </w><w n="41">ni</w><w n="42">da</w><w n="43">rśa</w><w n="44">nāṃ</w><w n="45">ta</w><w n="46" lemma="raṃ">ram </w><w n="47">a</w><w n="48" lemma="pyā">py ā</w><w n="49" lemma="ha">ha || &#43256; || </w><w n="50"></w>
</text></TEI>
<TEI n="P">
<text>
<w n="0">a</w><w n="1">tha</w><w n="2" lemma="vā">vā </w><w n="3">saṃ</w><w n="4">bha</w><w n="5">vi</w><w n="6">dha</w><w n="7">rmā</w><w n="8">chu</w><w n="9">ri</w><w n="10" lemma="taṃ">taṃ </w><w n="11">vi</w><w n="12">jñā</w><w n="13" lemma="na">na </w><w n="14">vi</w><w n="15">śu</w><w n="16" lemma="dha">ddha</w><w n="17">bo</w><w n="18">dha</w><w n="19"></w><w n="20">sva</w><w n="21">bhā</w><w n="22" lemma="vaṃ">vam </w><w n="23">a</w><w n="24" lemma="pya">py a</w><w n="25">vi</w><w n="26">dyā</w><w n="27" lemma="yāṃ">yāṃ </w><w n="28">vya</w><w n="29">va</w><w n="30">hā</w><w n="31" lemma="re">re </w><w n="32">va</w><w n="33">bhā</w><w n="34">sa</w><w n="35" lemma="ta">ta </w><w n="36">i</w><w n="37"></w><w n="38" lemma="ti">ti </w><w n="39">dṛ</w><w n="40" lemma="ṣṭuṃ">ṣṭuṃ </w><w n="41">ni</w><w n="42">da</w><w n="43">rśa</w><w n="44" lemma="nāṃ">nāṃm </w><w n="45"></w><w n="46"></w><w n="47"></w><w n="48">ā</w><w n="49" lemma="ha">ha </w><w n="50" lemma="pyā">pyā | </w>
</text></TEI>
<TEI n="M">
<text>
<w n="0">a</w><w n="1">tha</w><w n="2" lemma="vā">vā | </w><w n="3">saṃ</w><w n="4">bha</w><w n="5" lemma="vi">vi&#166;</w><w n="6">dha</w><w n="7">rmā</w><w n="8">chu</w><w n="9">ri</w><w n="10" lemma="taṃ">taṃ </w><w n="11">vi</w><w n="12">jñā</w><w n="13" lemma="naṃ">naṃ </w><w n="14">vi</w><w n="15">śu</w><w n="16" lemma="dha">ddha</w><w n="17">bo</w><w n="18">dha</w><w n="19"></w><w n="20">sva</w><w n="21">bhā</w><w n="22" lemma="vaṃ">vam </w><w n="23">a</w><w n="24" lemma="pya">py a</w><w n="25">vi</w><w n="26">dyā</w><w n="27" lemma="yāṃ">yāṃ </w><w n="28">vya</w><w n="29">va</w><w n="30">hā</w><w n="31" lemma="re">re </w><w n="32">va</w><w n="33">bhā</w><w n="34">sa</w><w n="35" lemma="ta">ta </w><w n="36">i</w><w n="37"></w><w n="38" lemma="ti">ti </w><w n="39">i</w><w n="40" lemma="ṣṭuṃ">ṣṭuṃ </w><w n="41">ni</w><w n="42">da</w><w n="43">rśa</w><w n="44">nāṃ</w><w n="45">ta</w><w n="46" lemma="raṃ">ram </w><w n="47">a</w><w n="48" lemma="pyā">py ā</w><w n="49" lemma="ha">ha || </w><w n="50"></w>
</text></TEI>
<TEI n="G2">
<text>
<w n="0">a</w><w n="1">tha</w><w n="2" lemma="vā">vā </w><w n="3">saṃ</w><w n="4">ta</w><w n="5">va</w><w n="6">dha</w><w n="7">rmā</w><w n="8">chu</w><w n="9">ri</w><w n="10" lemma="taṃ">taṃ </w><w n="11">vi</w><w n="12">jā</w><w n="13" lemma="naṃ">naṃ </w><w n="14">vi</w><w n="15">śuṃ</w><w n="16"></w><w n="17">vo</w><w n="18">dha</w><w n="19"></w><w n="20">sva</w><w n="21">bhā</w><w n="22" lemma="vaṃ">vam </w><w n="23">a</w><w n="24" lemma="pya">py a</w><w n="25">nu</w><w n="26">jā</w><w n="27">yā</w><w n="28" lemma="dya">dy a</w><w n="29">va</w><w n="30">hā</w><w n="31" lemma="re">re </w><w n="32">va</w><w n="33">bhā</w><w n="34">sa</w><w n="35" lemma="ta">ta </w><w n="36">i</w><w n="37"></w><w n="38" lemma="ti">ti </w><w n="39">i</w><w n="40" lemma="thaṃ">tthaṃ </w><w n="41">ni</w><w n="42">da</w><w n="43">rśa</w><w n="44">nāṃ</w><w n="45">ta</w><w n="46" lemma="raṃ">ram </w><w n="47"></w><w n="48">ā</w><w n="49" lemma="hā">hā </w><w n="50"></w>
</text></TEI>
<TEI n="G1">
<text>
<w n="0">a</w><w n="1">tha</w><w n="2" lemma="vā">vā </w><w n="3">saṃ</w><w n="4">ta</w><w n="5">va</w><w n="6">dha</w><w n="7">rmā</w><w n="8">chu</w><w n="9">ri</w><w n="10" lemma="taṃ">taṃ </w><w n="11">vi</w><w n="12">jā</w><w n="13" lemma="naṃ">naṃ </w><w n="14">vi</w><w n="15">śuṃ</w><w n="16"></w><w n="17">vo</w><w n="18">dha</w><w n="19"></w><w n="20">sva</w><w n="21">bhā</w><w n="22" lemma="vaṃ">vam </w><w n="23">a</w><w n="24" lemma="pya">py a</w><w n="25">nu</w><w n="26">jā</w><w n="27">yā</w><w n="28" lemma="dya">dy a</w><w n="29">va</w><w n="30">hā</w><w n="31" lemma="re">re </w><w n="32">va</w><w n="33">bhā</w><w n="34">sa</w><w n="35" lemma="ta">ta </w><w n="36">i</w><w n="37"></w><w n="38" lemma="ti">ti </w><w n="39">i</w><w n="40" lemma="thaṃ">tthaṃ </w><w n="41">ni</w><w n="42">da</w><w n="43">rśa</w><w n="44">nāṃ</w><w n="45">ta</w><w n="46" lemma="raṃ">ram </w><w n="47"></w><w n="48">ā</w><w n="49" lemma="hā">hā </w><w n="50"></w>
</text></TEI>
<TEI n="L">
<text>
<w n="0">a</w><w n="1">tha</w><w n="2" lemma="vā">vā </w><w n="3">saṃ</w><w n="4">ta</w><w n="5">va</w><w n="6">dha</w><w n="7">rmā</w><w n="8" lemma="chu">cchu</w><w n="9">ri</w><w n="10" lemma="taṃ">taṃ </w><w n="11">vi</w><w n="12">jñā</w><w n="13" lemma="naṃ">naṃ </w><w n="14">vi</w><w n="15">śu</w><w n="16" lemma="dha">ddha</w><w n="17">bo</w><w n="18">dha</w><w n="19"></w><w n="20">sva</w><w n="21">bhā</w><w n="22" lemma="vaṃ">vam </w><w n="23">a</w><w n="24" lemma="pya">py a</w><w n="25">nu</w><w n="26">jñā</w><w n="27" lemma="yā">yā </w><w n="28">vya</w><w n="29">va</w><w n="30">hā</w><w n="31" lemma="re">re </w><w n="32">va</w><w n="33">bhā</w><w n="34">sa</w><w n="35" lemma="ta">ta </w><w n="36">i</w><w n="37"></w><w n="38" lemma="ti">ti || </w><w n="39">i</w><w n="40" lemma="thaṃ">tthaṃ </w><w n="41">ni</w><w n="42">da</w><w n="43">rśa</w><w n="44">nāṃ</w><w n="45">ta</w><w n="46" lemma="raṃ">ram </w><w n="47"></w><w n="48">ā</w><w n="49" lemma="ha">ha ||</w><w n="50"></w>
</text></TEI>
<TEI n="O">
<text>
<w n="0">a</w><w n="1" lemma="tha">tha </w><w n="2">cā</w><w n="3">saṃ</w><w n="4">ta</w><w n="5">va</w><w n="6">dha</w><w n="7">rmā</w><w n="8" lemma="chu">cchu</w><w n="9">ri</w><w n="10" lemma="taṃ">taṃ </w><w n="11">vi</w><w n="12">jñā</w><w n="13" lemma="naṃ">naṃ </w><w n="14">vi</w><w n="15">śu</w><w n="16" lemma="dha">ddha</w><w n="17">bo</w><w n="18">dha</w><w n="19"></w><w n="20">sva</w><w n="21">bhā</w><w n="22" lemma="vaṃ">vam </w><w n="23">a</w><w n="24" lemma="pya">py a</w><w n="25">nu</w><w n="26">jñā</w><w n="27" lemma="yā">yā </w><w n="28">vya</w><w n="29">va</w><w n="30">hā</w><w n="31" lemma="re">re </w><w n="32">va</w><w n="33">bhā</w><w n="34">sa</w><w n="35" lemma="ta">ta </w><w n="36">i</w><w n="37"></w><w n="38" lemma="ti">ti | </w><w n="39">i</w><w n="40" lemma="thaṃ">tthaṃ </w><w n="41">ni</w><w n="42">da</w><w n="43">rśa</w><w n="44">nāṃ</w><w n="45">ta</w><w n="46" lemma="raṃ">ram </w><w n="47"></w><w n="48">ā</w><w n="49" lemma="ha">ha || </w><w n="50"></w>
</text></TEI>
<TEI n="A">
<text>
<w n="0">a</w><w n="1">thaṃ</w><w n="2" lemma="vā">vā </w><w n="3">saṃ</w><w n="4">bha</w><w n="5">vi</w><w n="6">dha</w><w n="7">rmā</w><w n="8">kṣu</w><w n="9">ri</w><w n="10" lemma="taṃ">taṃ </w><w n="11">vi</w><w n="12">jñā</w><w n="13" lemma="naṃ">naṃ </w><w n="14">vi</w><w n="15">śu</w><w n="16" lemma="dha">ddha</w><w n="17">bo</w><w n="18">dha</w><w n="19"></w><w n="20">sva</w><w n="21">bhā</w><w n="22" lemma="vaṃ">vam </w><w n="23">a</w><w n="24" lemma="pya">py a</w><w n="25">nu</w><w n="26">jñā</w><w n="27" lemma="yā">yā </w><w n="28">vya</w><w n="29">va</w><w n="30">hā</w><w n="31" lemma="re">re </w><w n="32">va</w><w n="33">bhā</w><w n="34">sa</w><w n="35" lemma="ta">ta </w><w n="36">i</w><w n="37"></w><w n="38" lemma="ti">ti </w><w n="39">i</w><w n="40" lemma="thaṃ">tthaṃ </w><w n="41">ni</w><w n="42">da</w><w n="43">rśa</w><w n="44">nāṃ</w><w n="45">ta</w><w n="46" lemma="raṃ">ram </w><w n="47"></w><w n="48">ā</w><w n="49" lemma="ha">ha || </w><w n="50"></w>
</text></TEI>
<TEI n="V">
<text>
<w n="0">a</w><w n="1">tha</w><w n="2" lemma="vā">vā </w><w n="3">saṃ</w><w n="4">bha</w><w n="5">vi</w><w n="6">dha</w><w n="7" lemma="rmo">rmo </w><w n="8">kṣu</w><w n="9">ri</w><w n="10" lemma="taṃ">taṃ </w><w n="11"></w><w n="12"></w><w n="13"></w><w n="14">vi</w><w n="15">śu</w><w n="16" lemma="dha">ddha</w><w n="17">bo</w><w n="18">dha</w><w n="19"></w><w n="20">sva</w><w n="21">bhā</w><w n="22" lemma="vaṃ">vam </w><w n="23">a</w><w n="24" lemma="pya">py a</w><w n="25">nu</w><w n="26">jñā</w><w n="27" lemma="yā">yā </w><w n="28">vya</w><w n="29">va</w><w n="30">hā</w><w n="31" lemma="re">re </w><w n="32">va</w><w n="33">bhā</w><w n="34">sa</w><w n="35" lemma="ta">ta </w><w n="36">i</w><w n="37"></w><w n="38" lemma="ti">ti </w><w n="39">i</w><w n="40" lemma="thaṃ">tthaṃ </w><w n="41">ni</w><w n="42">da</w><w n="43">rśa</w><w n="44">nāṃ</w><w n="45">ta</w><w n="46" lemma="raṃ">ram </w><w n="47"></w><w n="48">ā</w><w n="49" lemma="ha">ha </w><w n="50"></w>
</text></TEI>
<TEI n="K">
<text>
<w n="0">a</w><w n="1">tha</w><w n="2" lemma="vā">vā </w><w n="3">saṃ</w><w n="4">bha</w><w n="5">vi</w><w n="6">dha</w><w n="7" lemma="rmo">rmo </w><w n="8">kṣu</w><w n="9">ri</w><w n="10" lemma="taṃ">taṃ </w><w n="11"></w><w n="12"></w><w n="13"></w><w n="14">vi</w><w n="15">śu</w><w n="16" lemma="dha">ddha</w><w n="17">bo</w><w n="18">dha</w><w n="19"></w><w n="20">sva</w><w n="21">bhā</w><w n="22" lemma="vaṃ">vam </w><w n="23">a</w><w n="24" lemma="pya">py a</w><w n="25">nu</w><w n="26">jñā</w><w n="27" lemma="yā">yā </w><w n="28">vya</w><w n="29">va</w><w n="30">hā</w><w n="31" lemma="re">re </w><w n="32">va</w><w n="33">bhā</w><w n="34">sa</w><w n="35" lemma="ta">ta </w><w n="36">i</w><w n="37"></w><w n="38" lemma="ti">ti </w><w n="39">i</w><w n="40" lemma="thaṃ">tthaṃ | </w><w n="41">ni</w><w n="42">da</w><w n="43">rśa</w><w n="44">nāṃ</w><w n="45">ta</w><w n="46" lemma="raṃ">ram </w><w n="47"></w><w n="48">ā</w><w n="49" lemma="ha">ha || </w><w n="50"></w>
</text></TEI>
<TEI n="D">
<text>
<w n="0">a</w><w n="1">tha</w><w n="2" lemma="vā">vā </w><w n="3">saṃ</w><w n="4">bha</w><w n="5">vi</w><w n="6">dha</w><w n="7">rmā</w><w n="8">kṣu</w><w n="9">ri</w><w n="10" lemma="taṃ">taṃ </w><w n="11">vi</w><w n="12">jñā</w><w n="13" lemma="naṃ">naṃ </w><w n="14">vi</w><w n="15">śu</w><w n="16" lemma="dha">ddha</w><w n="17">bo</w><w n="18">dha</w><w n="19"></w><w n="20">sva</w><w n="21">bhā</w><w n="22" lemma="vaṃ">vam </w><w n="23">a</w><w n="24" lemma="pya">py a</w><w n="25">nu</w><w n="26">jñā</w><w n="27" lemma="yā">yā </w><w n="28">vya</w><w n="29">va</w><w n="30">hā</w><w n="31" lemma="re">re </w><w n="32">va</w><w n="33">bhā</w><w n="34">sa</w><w n="35" lemma="ta">ta </w><w n="36">i</w><w n="37"></w><w n="38" lemma="ti">ti </w><w n="39">i</w><w n="40" lemma="thaṃ">tthaṃ </w><w n="41">ni</w><w n="42">da</w><w n="43">rśa</w><w n="44">nāṃ</w><w n="45">ta</w><w n="46" lemma="raṃ">ram </w><w n="47"></w><w n="48">ā</w><w n="49" lemma="ha">ha || </w><w n="50"></w>
</text></TEI>
</teiCorpus>
