<?xml version="1.0" encoding="UTF-8"?>
<teiCorpus xmlns="http://www.tei-c.org/ns/1.0">

<TEI n="GV">
<text>
<w n="0"></w><w n="1"></w><w n="2"></w><w n="3"></w><w n="4"></w><w n="5"></w><w n="6"></w><w n="7"></w><w n="8"></w><w n="9"></w><w n="10"></w><w n="11"></w><w n="12"></w><w n="13"></w><w n="14"></w><w n="15"></w><w n="16"></w><w n="17"></w><w n="18"></w><w n="19"></w><w n="20"></w><w n="21"></w><w n="22"></w><w n="23"></w><w n="24"></w><w n="25"></w><w n="26"></w><w n="27"></w><w n="28"></w><w n="29"></w><w n="30"></w><w n="31"></w><w n="32"></w><w n="33"></w><w n="34"></w><w n="35"></w><w n="36"></w><w n="37"></w><w n="38"></w><w n="39"></w><w n="40"></w><w n="41"></w><w n="42"></w><w n="43"></w><w n="44"></w><w n="45"></w><w n="46"></w><w n="47"></w><w n="48"></w>
</text></TEI>
<TEI n="CT">
<text>
<w n="0">e</w><w n="1" lemma="vaṃ">vaṃ </w><w n="2">da</w><w n="3">rśa</w><w n="4" lemma="nāṃ">nān</w><w n="5">ta</w><w n="6">rā</w><w n="7"></w><w n="8"></w><w n="9">śra</w><w n="10"></w><w n="11">ya</w><w n="12">ṇe</w><w n="13">no</w><w n="14">ddi</w><w n="15">ṣṭe</w><w n="16"></w><w n="17" lemma="ṣva">ṣv a</w><w n="18" lemma="pi">pi </w><w n="19">dra</w><w n="20" lemma="vya">vya-</w><w n="21">bhe</w><w n="22">de</w><w n="23" lemma="ṣu">ṣu </w><w n="24">sva</w><w n="25">si</w><w n="26" lemma="dhāṃ">ddhān</w><w n="27">tā</w><w n="28">śra</w><w n="29">ye</w><w n="30" lemma="ṇa">ṇa </w><w n="31">sā</w><w n="32">rva</w><w n="33">tri</w><w n="34" lemma="kīṃ">kīṃ </w><w n="35" lemma="dra">dra-</w><w n="36">vya</w><w n="37">pa</w><w n="38"></w><w n="39">dā</w><w n="40">rtha</w><w n="41">vya</w><w n="42"></w><w n="43">va</w><w n="44" lemma="sthāṃ">sthāṃ </w><w n="45">ka</w><w n="46" lemma="rtuṃ">rtum </w><w n="47">ā</w><w n="48" lemma="ha">ha&#8212; </w>
</text></TEI>
<TEI n="T">
<text>
<w n="0">e</w><w n="1">va</w><w n="2" lemma="nda">n da</w><w n="3">rśa</w><w n="4" lemma="nāṃ">nān</w><w n="5">ta</w><w n="6">rā</w><w n="7"></w><w n="8"></w><w n="9">śra</w><w n="10"></w><w n="11">ya</w><w n="12">ṇe</w><w n="13">no</w><w n="14">ddi</w><w n="15">ṣṭe</w><w n="16"></w><w n="17" lemma="ṣva">ṣv a</w><w n="18" lemma="pi">pi </w><w n="19">dra</w><w n="20">vya</w><w n="21">bhe</w><w n="22">de</w><w n="23" lemma="ṣu">ṣu </w><w n="24">sva</w><w n="25">si</w><w n="26" lemma="dhāṃ">ddhān</w><w n="27">tā</w><w n="28">śra</w><w n="29">ye</w><w n="30" lemma="ṇa">ṇa </w><w n="31">sā</w><w n="32" lemma="rva">rvva</w><w n="33">tri</w><w n="34">kī</w><w n="35" lemma="ndra">n dra</w><w n="36">vya</w><w n="37">pa</w><w n="38"></w><w n="39">dā</w><w n="40" lemma="rtha">rttha</w><w n="41">vya</w><w n="42"></w><w n="43">va</w><w n="44" lemma="sthā">sthā </w><w n="45">ka</w><w n="46" lemma="rtuṃ">rttum </w><w n="47">ā</w><w n="48" lemma="ha">ha | </w>
</text></TEI>
<TEI n="H">
<text>
<w n="0">e</w><w n="1" lemma="vaṃ">vaṃ </w><w n="2">da</w><w n="3">rśa</w><w n="4">nāṃ</w><w n="5">ta</w><w n="6">rā</w><w n="7"></w><w n="8"></w><w n="9">śra</w><w n="10"></w><w n="11">ye</w><w n="12">ṇo</w><w n="13"></w><w n="14">ddi</w><w n="15">ṣṭe</w><w n="16"></w><w n="17" lemma="ṣva">ṣv a</w><w n="18" lemma="pi">pi </w><w n="19">dra</w><w n="20">vya</w><w n="21">bhe</w><w n="22">de</w><w n="23" lemma="ṣu">ṣu </w><w n="24">sva</w><w n="25">si</w><w n="26" lemma="dhāṃ">ddhāṃ</w><w n="27">tā</w><w n="28">śra</w><w n="29">ye</w><w n="30" lemma="ṇa">ṇa </w><w n="31">sā</w><w n="32">rva</w><w n="33">tri</w><w n="34" lemma="kīṃ">kīṃ </w><w n="35">dra</w><w n="36">vya</w><w n="37">pa</w><w n="38"></w><w n="39">dā</w><w n="40">rtha</w><w n="41">vya</w><w n="42"></w><w n="43">va</w><w n="44" lemma="sthāṃ">sthāṃ </w><w n="45">ka</w><w n="46" lemma="rtuṃ">rttum </w><w n="47">ā</w><w n="48" lemma="ha">ha || &#43256; || </w>
</text></TEI>
<TEI n="P">
<text>
<w n="0">e</w><w n="1" lemma="vaṃ">vaṃ </w><w n="2">da</w><w n="3">rśa</w><w n="4">nāṃ</w><w n="5">ta</w><w n="6">re</w><w n="7" lemma="ṣva">ṣv a</w><w n="8" lemma="pi">pi&#166; </w><w n="9">śra</w><w n="10"></w><w n="11">ya</w><w n="12">ṇo</w><w n="13"></w><w n="14">ddi</w><w n="15">ṣṭe</w><w n="16"></w><w n="17" lemma="ṣva">ṣv a</w><w n="18" lemma="pi">pi </w><w n="19">dra</w><w n="20">vya</w><w n="21">bhe</w><w n="22">de</w><w n="23" lemma="ṣu">ṣu </w><w n="24">sva</w><w n="25">si</w><w n="26" lemma="dhāṃ">ddhāṃ</w><w n="27">tā</w><w n="28">śra</w><w n="29">ye</w><w n="30" lemma="ṇa">ṇa </w><w n="31">sva</w><w n="32">bhā</w><w n="33">vi</w><w n="34" lemma="kāṃ">kāṃ </w><w n="35">dra</w><w n="36">vya</w><w n="37">pa</w><w n="38"></w><w n="39">dā</w><w n="40">rtha</w><w n="41">vya</w><w n="42"></w><w n="43">va</w><w n="44" lemma="sthā">sthā </w><w n="45">ka</w><w n="46" lemma="rtuṃ">rtum </w><w n="47">ā</w><w n="48" lemma="ha">ha |</w>
</text></TEI>
<TEI n="M">
<text>
<w n="0">e</w><w n="1" lemma="vaṃ">vaṃ </w><w n="2">da</w><w n="3">rśa</w><w n="4">nāṃ</w><w n="5">ta</w><w n="6">re</w><w n="7"></w><w n="8"></w><w n="9" lemma="ṣva">ṣv a</w><w n="10" lemma="pi">pi </w><w n="11">śra</w><w n="12">ye</w><w n="13">no</w><w n="14">ddi</w><w n="15">ṣṭe</w><w n="16"></w><w n="17" lemma="ṣva">ṣv a</w><w n="18" lemma="pi">pi </w><w n="19">dra</w><w n="20">vya</w><w n="21">bhe</w><w n="22">de</w><w n="23" lemma="ṣu">ṣu </w><w n="24">sva</w><w n="25">si</w><w n="26" lemma="dhāṃ">ddhāṃ</w><w n="27">tā</w><w n="28">śra</w><w n="29">ye</w><w n="30" lemma="ṇa">ṇa </w><w n="31">svā</w><w n="32">bhā</w><w n="33">vi</w><w n="34" lemma="kīṃ">kīṃ </w><w n="35">dra</w><w n="36">vya</w><w n="37">pa</w><w n="38"></w><w n="39">dā</w><w n="40">rtha</w><w n="41">vya</w><w n="42"></w><w n="43">va</w><w n="44" lemma="sthāṃ">sthāṃ </w><w n="45">ka</w><w n="46" lemma="rtuṃ">rttum </w><w n="47">ā</w><w n="48" lemma="ha">ha || </w>
</text></TEI>
<TEI n="G2">
<text>
<w n="0">pa</w><w n="1" lemma="raṃ">raṃ </w><w n="2">da</w><w n="3">rśa</w><w n="4">nāṃ</w><w n="5">ta</w><w n="6">rā</w><w n="7"></w><w n="8"></w><w n="9">śra</w><w n="10"></w><w n="11">va</w><w n="12">ṇe</w><w n="13">no</w><w n="14">di</w><w n="15">ṣṭa</w><w n="16">ge</w><w n="17" lemma="dya">dy a</w><w n="18" lemma="pi">pi </w><w n="19">dra</w><w n="20">vya</w><w n="21">bhe</w><w n="22">de</w><w n="23" lemma="ṣu">ṣu </w><w n="24">sva</w><w n="25">si</w><w n="26" lemma="dhaṃ">ddhaṃ | </w><w n="27">tā</w><w n="28">śra</w><w n="29">ya</w><w n="30" lemma="ṇe">ṇe </w><w n="31">sā</w><w n="32">vaṃ</w><w n="33">kri</w><w n="34" lemma="kīṃ">kīṃ </w><w n="35">dra</w><w n="36">vya</w><w n="37">pa</w><w n="38"></w><w n="39">dā</w><w n="40">rtha</w><w n="41">vya</w><w n="42"></w><w n="43">va</w><w n="44" lemma="sthī">sthī </w><w n="45">ka</w><w n="46" lemma="rtuṃ">rtum </w><w n="47">ā</w><w n="48" lemma="ha">ha | </w>
</text></TEI>
<TEI n="G1">
<text>
<w n="0">pa</w><w n="1" lemma="raṃ">raṃ </w><w n="2">da</w><w n="3">rśa</w><w n="4">nāṃ</w><w n="5">ta</w><w n="6">rā</w><w n="7"></w><w n="8"></w><w n="9">śra</w><w n="10"></w><w n="11">va</w><w n="12">ṇe</w><w n="13">no</w><w n="14">di</w><w n="15">ṣṭa</w><w n="16">ge</w><w n="17" lemma="dya">dy a</w><w n="18" lemma="pi">pi </w><w n="19">dra</w><w n="20">vya</w><w n="21">bhe</w><w n="22">de</w><w n="23" lemma="ṣu">ṣu </w><w n="24">sva</w><w n="25">si</w><w n="26" lemma="dhaṃ">ddhaṃ | </w><w n="27">tā</w><w n="28">śra</w><w n="29">ya</w><w n="30" lemma="ṇe">ṇe </w><w n="31">sā</w><w n="32">vaṃ</w><w n="33">kri</w><w n="34" lemma="kīṃ">kīṃ </w><w n="35">dra</w><w n="36">vya</w><w n="37">pa</w><w n="38"></w><w n="39">dā</w><w n="40">rtha</w><w n="41">vya</w><w n="42"></w><w n="43">va</w><w n="44" lemma="sthī">sthī </w><w n="45">ka</w><w n="46" lemma="rtuṃ">rtum </w><w n="47">ā</w><w n="48" lemma="ha">ha | </w>
</text></TEI>
<TEI n="L">
<text>
<w n="0">e</w><w n="1" lemma="vaṃ">vaṃ </w><w n="2">da</w><w n="3">rśa</w><w n="4" lemma="nāṃ">nān</w><w n="5">ta</w><w n="6">rā</w><w n="7"></w><w n="8"></w><w n="9">śra</w><w n="10"></w><w n="11">ya</w><w n="12">ṇe</w><w n="13">no</w><w n="14">ddi</w><w n="15">ṣṭe</w><w n="16"></w><w n="17" lemma="ṣva">ṣv a</w><w n="18" lemma="pi">pi </w><w n="19">dra</w><w n="20">vya</w><w n="21">bhe</w><w n="22">de</w><w n="23" lemma="ṣu">ṣu </w><w n="24">sva</w><w n="25">si</w><w n="26" lemma="dhāṃ">ddhāṃ</w><w n="27">tā</w><w n="28">śra</w><w n="29">ye</w><w n="30" lemma="ṇa">ṇa </w><w n="31">sā</w><w n="32">rva</w><w n="33">tri</w><w n="34" lemma="kīṃ">kīṃ </w><w n="35">dra</w><w n="36">vya</w><w n="37">pa</w><w n="38"></w><w n="39">dā</w><w n="40">rtha</w><w n="41">vya</w><w n="42"></w><w n="43">va</w><w n="44" lemma="sthāṃ">sthāṃ </w><w n="45">ka</w><w n="46" lemma="rtuṃ">rtum </w><w n="47">ā</w><w n="48" lemma="ha">ha || </w>
</text></TEI>
<TEI n="O">
<text>
<w n="0">e</w><w n="1" lemma="vaṃ">vaṃ </w><w n="2">da</w><w n="3">rśa</w><w n="4">nāṃ</w><w n="5">ta</w><w n="6">rā</w><w n="7"></w><w n="8"></w><w n="9">śra</w><w n="10"></w><w n="11">ya</w><w n="12">ṇe</w><w n="13">no</w><w n="14">ddi</w><w n="15">ṣṭe</w><w n="16"></w><w n="17" lemma="ṣva">ṣv a</w><w n="18" lemma="pi">pi </w><w n="19">dra</w><w n="20">vya</w><w n="21">bhe</w><w n="22">de</w><w n="23" lemma="ṣu">ṣu </w><w n="24">sva</w><w n="25">si</w><w n="26" lemma="dhāṃ">ddhāṃ</w><w n="27">tā</w><w n="28">śra</w><w n="29">ye</w><w n="30" lemma="ṇa">ṇa </w><w n="31">sā</w><w n="32">rva</w><w n="33">tri</w><w n="34" lemma="kīṃ">kīṃ </w><w n="35">dra</w><w n="36">vya</w><w n="37">pa</w><w n="38"></w><w n="39">dā</w><w n="40" lemma="rtha">rttha</w><w n="41">vya</w><w n="42"></w><w n="43">va</w><w n="44" lemma="sthāṃ">sthāṃ </w><w n="45">ka</w><w n="46" lemma="rtuṃ">rtum </w><w n="47">ā</w><w n="48" lemma="ha">ha || </w>
</text></TEI>
<TEI n="A">
<text>
<w n="0">pa</w><w n="1" lemma="raṃ">raṃ </w><w n="2">da</w><w n="3">rśa</w><w n="4">nāṃ</w><w n="5">ta</w><w n="6">rā</w><w n="7"></w><w n="8"></w><w n="9">śra</w><w n="10"></w><w n="11">ya</w><w n="12">ṇe</w><w n="13">no</w><w n="14">ddi</w><w n="15">ṣṭe</w><w n="16"></w><w n="17" lemma="ṣva">ṣv a</w><w n="18" lemma="pi">pi </w><w n="19"></w><w n="20"></w><w n="21">bhe</w><w n="22">de</w><w n="23" lemma="ṣu">ṣu </w><w n="24">sva</w><w n="25">si</w><w n="26" lemma="dhāṃ">ddhāṃ</w><w n="27">tā</w><w n="28">śra</w><w n="29">ye</w><w n="30" lemma="ṇa">ṇa </w><w n="31">sā</w><w n="32">rva</w><w n="33">vri</w><w n="34" lemma="kīṃ">kīṃ </w><w n="35">dra</w><w n="36">vya</w><w n="37">pa</w><w n="38"></w><w n="39">dā</w><w n="40">rtha</w><w n="41">vya</w><w n="42"></w><w n="43">va</w><w n="44" lemma="sthāṃ">sthāṃ </w><w n="45">ka</w><w n="46" lemma="rtuṃ">rtum </w><w n="47">ā</w><w n="48" lemma="ha">ha || </w>
</text></TEI>
<TEI n="V">
<text>
<w n="0">pa</w><w n="1" lemma="raṃ">raṃ </w><w n="2">da</w><w n="3">rśa</w><w n="4">nāṃ</w><w n="5">ta</w><w n="6">rā</w><w n="7"></w><w n="8"></w><w n="9">śra</w><w n="10"></w><w n="11">ya</w><w n="12">ṇe</w><w n="13">no</w><w n="14">ddi</w><w n="15">ṣṭe</w><w n="16"></w><w n="17" lemma="ṣva">ṣv a</w><w n="18" lemma="pi">pi </w><w n="19">dra</w><w n="20">vya</w><w n="21">bhe</w><w n="22">de</w><w n="23" lemma="ṣu">ṣu </w><w n="24">sva</w><w n="25">si</w><w n="26" lemma="dhā">ddhā</w><w n="27" lemma="nāṃ">nāṃ </w><w n="28">śra</w><w n="29">ye</w><w n="30" lemma="ṇa">ṇa </w><w n="31">sā</w><w n="32">rva</w><w n="33">tri</w><w n="34" lemma="kāṃ">kāṃ </w><w n="35">dra</w><w n="36">vya</w><w n="37">pa</w><w n="38">pa</w><w n="39">dā</w><w n="40">rtha</w><w n="41">vya</w><w n="42">vya</w><w n="43">va</w><w n="44" lemma="sthāṃ">sthāṃ </w><w n="45">ka</w><w n="46" lemma="rtuṃ">rtum </w><w n="47">ā</w><w n="48" lemma="ha">ha </w>
</text></TEI>
<TEI n="K">
<text>
<w n="0">pa</w><w n="1" lemma="raṃ">raṃ </w><w n="2">da</w><w n="3">rśa</w><w n="4">nāṃ</w><w n="5">ta</w><w n="6">rā</w><w n="7"></w><w n="8"></w><w n="9">śra</w><w n="10"></w><w n="11">ya</w><w n="12">ṇe</w><w n="13">no</w><w n="14">ddi</w><w n="15">ṣṭe</w><w n="16"></w><w n="17" lemma="ṣva">ṣv a</w><w n="18" lemma="pi">pi </w><w n="19">dra</w><w n="20">vya</w><w n="21">bhe</w><w n="22">de</w><w n="23" lemma="ṣu">ṣu </w><w n="24">sva</w><w n="25">si</w><w n="26" lemma="dhā">ddhā</w><w n="27" lemma="nāṃ">nāṃ </w><w n="28">śra</w><w n="29">ye</w><w n="30" lemma="ṇa">ṇa </w><w n="31">sā</w><w n="32">rva</w><w n="33">tri</w><w n="34" lemma="kāṃ">kāṃ </w><w n="35">dra</w><w n="36">vya</w><w n="37">pa</w><w n="38">pa</w><w n="39">dā</w><w n="40">rtha</w><w n="41">vya</w><w n="42">vya</w><w n="43">va</w><w n="44" lemma="sthāṃ">sthāṃ </w><w n="45">ka</w><w n="46" lemma="rtuṃ">rtum </w><w n="47">ā</w><w n="48" lemma="ha">ha || </w>
</text></TEI>
<TEI n="D">
<text>
<w n="0">pa</w><w n="1" lemma="raṃ">raṃ </w><w n="2">da</w><w n="3">rśa</w><w n="4">nāṃ</w><w n="5">ta</w><w n="6">rā</w><w n="7"></w><w n="8"></w><w n="9">śra</w><w n="10"></w><w n="11">ya</w><w n="12">ṇe</w><w n="13">no</w><w n="14">ddi</w><w n="15">ṣṭe</w><w n="16"></w><w n="17" lemma="ṣva">ṣv a</w><w n="18" lemma="pi">pi </w><w n="19">dra</w><w n="20">vya</w><w n="21">bhe</w><w n="22">de</w><w n="23" lemma="ṣu">ṣu </w><w n="24">sva</w><w n="25">si</w><w n="26" lemma="dhāṃ">ddhāṃ</w><w n="27">tā</w><w n="28">śra</w><w n="29">ye</w><w n="30" lemma="ṇa">ṇa </w><w n="31">sā</w><w n="32">rva</w><w n="33">tri</w><w n="34" lemma="kīṃ">kīṃ </w><w n="35">dra</w><w n="36">vya</w><w n="37">pa</w><w n="38">pa</w><w n="39">dā</w><w n="40">rtha</w><w n="41">vya</w><w n="42"></w><w n="43">va</w><w n="44" lemma="sthāṃ">sthāṃ </w><w n="45">ka</w><w n="46" lemma="rtuṃ">rtum </w><w n="47">ā</w><w n="48" lemma="ha">ha ||</w>
</text></TEI>
</teiCorpus>
