<?xml version="1.0" encoding="UTF-8"?>
<teiCorpus xmlns="http://www.tei-c.org/ns/1.0">

<TEI n="GV">
<text>
<w n="0"></w><w n="1"></w><w n="2"></w><w n="3"></w><w n="4"></w><w n="5"></w><w n="6"></w><w n="7"></w><w n="8"></w><w n="9"></w><w n="10"></w><w n="11"></w><w n="12"></w><w n="13"></w><w n="14"></w><w n="15"></w><w n="16"></w><w n="17"></w><w n="18"></w><w n="19"></w><w n="20"></w><w n="21"></w><w n="22"></w><w n="23"></w><w n="24"></w><w n="25"></w><w n="26"></w><w n="27"></w><w n="28"></w><w n="29"></w><w n="30"></w><w n="31"></w><w n="32"></w><w n="33"></w><w n="34"></w><w n="35"></w><w n="36"></w><w n="37"></w><w n="38"></w><w n="39"></w><w n="40"></w><w n="41"></w><w n="42"></w><w n="43"></w><w n="44"></w><w n="45"></w><w n="46"></w><w n="47"></w><w n="48"></w><w n="49"></w><w n="50"></w><w n="51"></w><w n="52"></w><w n="53"></w><w n="54"></w><w n="55"></w><w n="56"></w><w n="57"></w><w n="58"></w><w n="59"></w><w n="60"></w><w n="61"></w><w n="62"></w><w n="63"></w><w n="64"></w><w n="65"></w><w n="66"></w><w n="67"></w><w n="68"></w><w n="69"></w><w n="70"></w><w n="71"></w><w n="72"></w><w n="73"></w><w n="74"></w><w n="75"></w><w n="76"></w><w n="77"></w><w n="78"></w><w n="79"></w><w n="80"></w><w n="81"></w>
</text></TEI>
<TEI n="CT">
<text>
<w n="0">jā</w><w n="1" lemma="tiḥ">tir </w><w n="2" lemma="vā">vā </w><w n="3">dra</w><w n="4" lemma="vyaṃ">vyaṃ </w><w n="5" lemma="vā">vā </w><w n="6">pa</w><w n="7">dā</w><w n="8">rthā</w><w n="9" lemma="vi">v i</w><w n="10" lemma="tyu">ty u</w><w n="11" lemma="ktaṃ">ktam&#183; </w><w n="12">ta</w><w n="13" lemma="tra">tra </w><w n="14">vā</w><w n="15">ja</w><w n="16">pyā</w><w n="17">ya</w><w n="18">na</w><w n="19">da</w><w n="20">rśa</w><w n="21">ne</w><w n="22" lemma="na">na </w><w n="23">jā</w><w n="24" lemma="tiṃ">tiṃ </w><w n="25">vi</w><w n="26">śe</w><w n="27">ṣa</w><w n="28">ṇa</w><w n="29" lemma="bhū">bhū-</w><w n="30" lemma="tāṃ">tāṃ </w><w n="31">pa</w><w n="32">dā</w><w n="33" lemma="rthaṃ">rthaṃ </w><w n="34"></w><w n="35"></w><w n="36">vya</w><w n="37">va</w><w n="38">sthā</w><w n="39" lemma="pya">pya </w><w n="40">vyā</w><w n="41">ḻi</w><w n="42">da</w><w n="43">rśa</w><w n="44">ne</w><w n="45" lemma="na">na </w><w n="46" lemma="vi">vi-</w><w n="47">śe</w><w n="48">ṣya</w><w n="49">bhū</w><w n="50" lemma="taṃ">taṃ </w><w n="51">dra</w><w n="52" lemma="vyaṃ">vyam </w><w n="53">a</w><w n="54"></w><w n="55" lemma="pi">pi </w><w n="56">pa</w><w n="57">dā</w><w n="58" lemma="rthaṃ">rthaṃ </w><w n="59">vya</w><w n="60">va</w><w n="61">sthā</w><w n="62">pa</w><w n="63">yi</w><w n="64" lemma="tuṃ">tuṃ </w><w n="65">ya</w><w n="66">thā</w><w n="67">da</w><w n="68">rśa</w><w n="69" lemma="naṃ">naṃ </w><w n="70">ta</w><w n="71" lemma="te">d e</w><w n="72" lemma="va">va </w><w n="73">pa</w><w n="74">ryā</w><w n="75">yā</w><w n="76"></w><w n="77"></w><w n="78"></w><w n="79"></w><w n="80"></w><w n="81"></w>
</text></TEI>
<TEI n="T">
<text>
<w n="0">jā</w><w n="1" lemma="tiḥ">tir </w><w n="2"></w><w n="3">dra</w><w n="4" lemma="vyaṃ">vyaṃ </w><w n="5" lemma="vā">vā </w><w n="6">pa</w><w n="7">dā</w><w n="8" lemma="rthā">rtthā</w><w n="9" lemma="vi">v i</w><w n="10" lemma="tyu">ty u</w><w n="11" lemma="ktaṃ">ktaṃ </w><w n="12">ta</w><w n="13" lemma="tra">tra </w><w n="14">vā</w><w n="15">ja</w><w n="16">pyā</w><w n="17">ya</w><w n="18">na</w><w n="19">da</w><w n="20">rśa</w><w n="21">ne</w><w n="22" lemma="na">na </w><w n="23">jā</w><w n="24" lemma="tiṃ">tiṃ </w><w n="25">vi</w><w n="26">śe</w><w n="27">ṣa</w><w n="28">ṇa</w><w n="29">bhū</w><w n="30" lemma="tāṃ">tāṃ </w><w n="31">pa</w><w n="32">dā</w><w n="33" lemma="rthaṃ">rtthaṃ </w><w n="34"></w><w n="35"></w><w n="36">vya</w><w n="37">va</w><w n="38">sthā</w><w n="39" lemma="pya">pya </w><w n="40">vyā</w><w n="41">ḻi</w><w n="42">da</w><w n="43">rśa</w><w n="44">ne</w><w n="45" lemma="na">na </w><w n="46">vi</w><w n="47">śe</w><w n="48">ṣya</w><w n="49">bhū</w><w n="50">ta</w><w n="51" lemma="ndra">n dra</w><w n="52" lemma="vyaṃ">vyam </w><w n="53">a</w><w n="54"></w><w n="55" lemma="pi">pi </w><w n="56">pa</w><w n="57">dā</w><w n="58" lemma="rthaṃ">rtthaṃ </w><w n="59">vya</w><w n="60">va</w><w n="61">sthā</w><w n="62">pa</w><w n="63">yi</w><w n="64" lemma="tuṃ">tuṃ </w><w n="65">ya</w><w n="66">thā</w><w n="67">da</w><w n="68">rśa</w><w n="69">na</w><w n="70" lemma="nta">n ta</w><w n="71" lemma="te">d e</w><w n="72" lemma="va">va </w><w n="73">pa</w><w n="74" lemma="ryā">ryyā</w><w n="75" lemma="yāṃ">yān</w><w n="76">ta</w><w n="77" lemma="raiḥ">rair </w><w n="78">u</w><w n="79">ddi</w><w n="80">śa</w><w n="81" lemma="ti">ti </w>
</text></TEI>
<TEI n="H">
<text>
<w n="0">jā</w><w n="1" lemma="tiḥ">tir </w><w n="2" lemma="vā">vā </w><w n="3">dra</w><w n="4" lemma="vyaṃ">vyaṃ </w><w n="5" lemma="vā">vā </w><w n="6">pa</w><w n="7">dā</w><w n="8">rthā</w><w n="9" lemma="vi">v i</w><w n="10" lemma="tyu">ty u</w><w n="11" lemma="ktaṃ">ktaṃ </w><w n="12">ta</w><w n="13" lemma="tra">tra </w><w n="14">vā</w><w n="15">ja</w><w n="16">pyā</w><w n="17">ya</w><w n="18">na</w><w n="19">da</w><w n="20">rśa</w><w n="21">ne</w><w n="22" lemma="na">na </w><w n="23">jā</w><w n="24">ti</w><w n="25">vi</w><w n="26">śe</w><w n="27">ṣa</w><w n="28">ṇa</w><w n="29">bhū</w><w n="30" lemma="tāṃ">tāṃ </w><w n="31">pa</w><w n="32">dā</w><w n="33" lemma="rthaṃ">rthaṃ </w><w n="34"></w><w n="35"></w><w n="36">vya</w><w n="37">va</w><w n="38">sthā</w><w n="39" lemma="pya">pya </w><w n="40">vyā</w><w n="41">ḍi</w><w n="42">da</w><w n="43">rśa</w><w n="44">ne</w><w n="45" lemma="na">na </w><w n="46">vi</w><w n="47">śe</w><w n="48">ṣya</w><w n="49">bhū</w><w n="50" lemma="taṃ">taṃ </w><w n="51">dra</w><w n="52" lemma="vyaṃ">vyam </w><w n="53">a</w><w n="54"></w><w n="55" lemma="pi">pi </w><w n="56">pa</w><w n="57">dā</w><w n="58" lemma="rthaṃ">rthaṃ </w><w n="59">vya</w><w n="60">va</w><w n="61">sthā</w><w n="62">pa</w><w n="63">yi</w><w n="64" lemma="tu">tu </w><w n="65">ya</w><w n="66">thā</w><w n="67">da</w><w n="68">rśa</w><w n="69" lemma="naṃ">naṃ </w><w n="70">ta</w><w n="71" lemma="te">d e</w><w n="72" lemma="va">va </w><w n="73">pa</w><w n="74">ryā</w><w n="75" lemma="yāṃ">yān</w><w n="76">ta</w><w n="77" lemma="raiḥ">rair </w><w n="78">u</w><w n="79">ddi</w><w n="80">śa</w><w n="81" lemma="ti">ti || </w>
</text></TEI>
<TEI n="P">
<text>
<w n="0" lemma="jā">jā&#166;</w><w n="1" lemma="tiḥ">tir </w><w n="2" lemma="vā">vā </w><w n="3">dra</w><w n="4" lemma="vyaṃ">vyaṃ </w><w n="5" lemma="vā">vā </w><w n="6">pa</w><w n="7">dā</w><w n="8">rthā</w><w n="9" lemma="vi">v i</w><w n="10" lemma="tyu">ty u</w><w n="11" lemma="ktaṃ">ktaṃ </w><w n="12">ta</w><w n="13" lemma="tra">tra </w><w n="14">vā</w><w n="15">ja</w><w n="16">pyā</w><w n="17" lemma="yaṃ">yaṃ </w><w n="18">ta</w><w n="19">da</w><w n="20">rtha</w><w n="21" lemma="ne">ne </w><w n="22"></w><w n="23">jā</w><w n="24">ti</w><w n="25">vi</w><w n="26">śe</w><w n="27">ṣa</w><w n="28">ṇa</w><w n="29">bhū</w><w n="30" lemma="tā">tā </w><w n="31">pa</w><w n="32">dā</w><w n="33">rtha</w><w n="34">tve</w><w n="35" lemma="na">na </w><w n="36">vya</w><w n="37">va</w><w n="38">sthā</w><w n="39" lemma="pya">pya </w><w n="40">vyā</w><w n="41">ḍi</w><w n="42">da</w><w n="43">rśa</w><w n="44">ne</w><w n="45" lemma="na">na </w><w n="46">vi</w><w n="47">śe</w><w n="48">ṣya</w><w n="49">bhū</w><w n="50" lemma="taṃ">taṃ </w><w n="51">dra</w><w n="52" lemma="vyaṃ">vyam </w><w n="53">a</w><w n="54"></w><w n="55" lemma="pi">pi </w><w n="56">pa</w><w n="57">dā</w><w n="58" lemma="rthaṃ">rthaṃ </w><w n="59">vya</w><w n="60">va</w><w n="61">sthā</w><w n="62">pa</w><w n="63">yi</w><w n="64" lemma="tu">tu </w><w n="65">ya</w><w n="66">thā</w><w n="67">da</w><w n="68">rśa</w><w n="69" lemma="naṃ">naṃ </w><w n="70">ta</w><w n="71" lemma="te">d e</w><w n="72" lemma="va">va </w><w n="73">pa</w><w n="74">ryā</w><w n="75">yāṃ</w><w n="76">ta</w><w n="77">rai</w><w n="78">sa</w><w n="79">ddi</w><w n="80">śa</w><w n="81" lemma="ti">ti </w>
</text></TEI>
<TEI n="M">
<text>
<w n="0">jā</w><w n="1" lemma="tiḥ">tir </w><w n="2" lemma="vā">vā </w><w n="3">dra</w><w n="4" lemma="vyaṃ">vyaṃ </w><w n="5" lemma="vā">vā </w><w n="6">pa</w><w n="7">dā</w><w n="8">rthā</w><w n="9" lemma="vi">v i</w><w n="10" lemma="tyu">ty u</w><w n="11" lemma="ktaṃ">ktaṃ | </w><w n="12">ta</w><w n="13" lemma="tra">tra </w><w n="14">vā</w><w n="15">ja</w><w n="16">pyā</w><w n="17">ya</w><w n="18">na</w><w n="19">da</w><w n="20">rśa</w><w n="21" lemma="ne">ne </w><w n="22"></w><w n="23">jā</w><w n="24" lemma="tiṃ">tiṃ </w><w n="25">vi</w><w n="26">śe</w><w n="27">ṣa</w><w n="28">ṇa</w><w n="29">bhū</w><w n="30" lemma="tāṃ">tāṃ </w><w n="31">pa</w><w n="32">dā</w><w n="33">rtha</w><w n="34">tve</w><w n="35" lemma="na">na </w><w n="36">vya</w><w n="37">va</w><w n="38">sthā</w><w n="39" lemma="pya">pya </w><w n="40">vyā</w><w n="41">ḍi</w><w n="42">da</w><w n="43">rśa</w><w n="44">ne</w><w n="45" lemma="na">na </w><w n="46">vi</w><w n="47">śe</w><w n="48">ṣya</w><w n="49">bhū</w><w n="50" lemma="taṃ">taṃ </w><w n="51">dra</w><w n="52" lemma="vyaṃ">vyam </w><w n="53">a</w><w n="54"></w><w n="55" lemma="pi">pi </w><w n="56">pa</w><w n="57">dā</w><w n="58" lemma="rthaṃ">rthaṃ </w><w n="59">vya</w><w n="60">va</w><w n="61">sthā</w><w n="62">pa</w><w n="63">yi</w><w n="64" lemma="tuṃ">tuṃ </w><w n="65">ya</w><w n="66">thā</w><w n="67">da</w><w n="68">rśa</w><w n="69" lemma="naṃ">naṃ </w><w n="70">ta</w><w n="71" lemma="te">d e</w><w n="72" lemma="va">va </w><w n="73">pa</w><w n="74">ryā</w><w n="75">yāṃ</w><w n="76">ta</w><w n="77" lemma="raiḥ">rair </w><w n="78">u</w><w n="79">ddi</w><w n="80">śa</w><w n="81" lemma="ti">ti || </w>
</text></TEI>
<TEI n="G2">
<text>
<w n="0">jā</w><w n="1" lemma="tiḥ">tir </w><w n="2" lemma="vā">vā </w><w n="3">dra</w><w n="4" lemma="vyaṃ">vyaṃ </w><w n="5" lemma="vā">vā </w><w n="6">pa</w><w n="7">dā</w><w n="8">rthā</w><w n="9" lemma="vi">v i</w><w n="10" lemma="tyu">ty u</w><w n="11" lemma="ktaṃ">ktaṃ </w><w n="12">ta</w><w n="13" lemma="tra">tra </w><w n="14">vā</w><w n="15">ja</w><w n="16">pyā</w><w n="17">ya</w><w n="18">na</w><w n="19">da</w><w n="20">rśa</w><w n="21">ne</w><w n="22" lemma="na">na </w><w n="23">jā</w><w n="24" lemma="tiṃ">tiṃ </w><w n="25">vi</w><w n="26">śe</w><w n="27">ṣa</w><w n="28">ṇa</w><w n="29">bhū</w><w n="30" lemma="tāṃ">tāṃ </w><w n="31">pa</w><w n="32">dā</w><w n="33" lemma="rthaṃ">rthaṃ </w><w n="34"></w><w n="35"></w><w n="36">vya</w><w n="37">va</w><w n="38">sthā</w><w n="39" lemma="pya">pya </w><w n="40">yā</w><w n="41">ḍe</w><w n="42">da</w><w n="43">rśa</w><w n="44">ne</w><w n="45" lemma="na">na </w><w n="46">vi</w><w n="47">śe</w><w n="48">ṣya</w><w n="49">rū</w><w n="50" lemma="paṃ">paṃ </w><w n="51">dra</w><w n="52" lemma="vyaṃ">vyam </w><w n="53">i</w><w n="54" lemma="ti">ti </w><w n="55" lemma="pi">pi </w><w n="56">pa</w><w n="57">dā</w><w n="58" lemma="rthaṃ">rthaṃ </w><w n="59">vya</w><w n="60">va</w><w n="61">sthā</w><w n="62">pa</w><w n="63">yi</w><w n="64" lemma="tuṃ">tuṃ </w><w n="65">ya</w><w n="66">thā</w><w n="67">da</w><w n="68">rśa</w><w n="69" lemma="naṃ">naṃ </w><w n="70">ta</w><w n="71" lemma="te">d e</w><w n="72" lemma="vaṃ">vaṃ </w><w n="73">pa</w><w n="74">ryā</w><w n="75">yāṃ</w><w n="76">ta</w><w n="77">rai</w><w n="78">ka</w><w n="79">ddi</w><w n="80">śa</w><w n="81" lemma="ti">ti ||</w>
</text></TEI>
<TEI n="G1">
<text>
<w n="0">jā</w><w n="1" lemma="tiḥ">tir </w><w n="2" lemma="vā">vā </w><w n="3">dra</w><w n="4" lemma="vyaṃ">vyaṃ </w><w n="5" lemma="vā">vā </w><w n="6">pa</w><w n="7">dā</w><w n="8">rthā</w><w n="9" lemma="vi">v i</w><w n="10" lemma="tyu">ty u</w><w n="11" lemma="ktaṃ">ktaṃ </w><w n="12">ta</w><w n="13" lemma="tra">tra </w><w n="14">vā</w><w n="15">ja</w><w n="16">pyā</w><w n="17">ya</w><w n="18">na</w><w n="19">da</w><w n="20">rśa</w><w n="21">ne</w><w n="22" lemma="na">na </w><w n="23">jā</w><w n="24" lemma="tiṃ">tiṃ </w><w n="25">vi</w><w n="26">śe</w><w n="27">ṣa</w><w n="28">ṇa</w><w n="29">bhū</w><w n="30" lemma="tāṃ">tāṃ </w><w n="31">pa</w><w n="32">dā</w><w n="33" lemma="rthaṃ">rthaṃ </w><w n="34"></w><w n="35"></w><w n="36">vya</w><w n="37">va</w><w n="38">sthā</w><w n="39" lemma="pya">pya </w><w n="40">yā</w><w n="41">ḍe</w><w n="42">da</w><w n="43">rśa</w><w n="44">ne</w><w n="45" lemma="na">na </w><w n="46">vi</w><w n="47">śe</w><w n="48">ṣya</w><w n="49">rū</w><w n="50" lemma="paṃ">paṃ </w><w n="51" lemma="draṃ">dram </w><w n="52">i</w><w n="53" lemma="ti">ti </w><w n="54"></w><w n="55" lemma="pi">pi </w><w n="56">pa</w><w n="57">dā</w><w n="58" lemma="rthaṃ">rthaṃ </w><w n="59">vya</w><w n="60" lemma="va">va-</w><w n="61">sthā</w><w n="62">pa</w><w n="63">yi</w><w n="64" lemma="tuṃ">tuṃ </w><w n="65">ya</w><w n="66">thā</w><w n="67">da</w><w n="68">rśa</w><w n="69" lemma="naṃ">naṃ </w><w n="70">ta</w><w n="71" lemma="te">d e</w><w n="72" lemma="vaṃ">vaṃ </w><w n="73">pa</w><w n="74">ryā</w><w n="75">yāṃ</w><w n="76">ta</w><w n="77">rai</w><w n="78">ka</w><w n="79">ddi</w><w n="80">śa</w><w n="81">ti</w>
</text></TEI>
<TEI n="L">
<text>
<w n="0" lemma="jā">|| jā</w><w n="1" lemma="tiḥ">tir </w><w n="2" lemma="vā">vā </w><w n="3">dra</w><w n="4" lemma="vyaṃ">vyaṃ </w><w n="5" lemma="vā">vā </w><w n="6">pa</w><w n="7">dā</w><w n="8">rthā</w><w n="9" lemma="vi">v i</w><w n="10" lemma="tyu">ty u</w><w n="11" lemma="ktaṃ">ktaṃ </w><w n="12">ta</w><w n="13" lemma="tra">tra </w><w n="14">vā</w><w n="15">ja</w><w n="16">pyā</w><w n="17">ya</w><w n="18">na</w><w n="19">da</w><w n="20">rśa</w><w n="21">ne</w><w n="22" lemma="na">na </w><w n="23">jā</w><w n="24" lemma="tiṃ">tiṃ </w><w n="25">vi</w><w n="26">śe</w><w n="27">ṣa</w><w n="28">ṇa</w><w n="29">bhū</w><w n="30" lemma="tāṃ">tāṃ </w><w n="31">pa</w><w n="32">dā</w><w n="33" lemma="rthaṃ">rthaṃ </w><w n="34"></w><w n="35"></w><w n="36">vya</w><w n="37">va</w><w n="38">sthā</w><w n="39" lemma="pya">pya </w><w n="40">vyā</w><w n="41">ḍi</w><w n="42">da</w><w n="43">rśa</w><w n="44">ne</w><w n="45" lemma="na">na </w><w n="46">vi</w><w n="47">śe</w><w n="48">ṣya</w><w n="49">rū</w><w n="50" lemma="paṃ">paṃ </w><w n="51">dra</w><w n="52" lemma="vyaṃ">vyam </w><w n="53">i</w><w n="54"></w><w n="55" lemma="ti">ti </w><w n="56">pa</w><w n="57">dā</w><w n="58" lemma="rthaṃ">rthaṃ </w><w n="59">vya</w><w n="60">va</w><w n="61">sthā</w><w n="62">pa</w><w n="63">yi</w><w n="64" lemma="tuṃ">tuṃ </w><w n="65">ta</w><w n="66" lemma="thā">thā </w><w n="67">da</w><w n="68">rśa</w><w n="69" lemma="naṃ">naṃ </w><w n="70">ta</w><w n="71" lemma="te">d e</w><w n="72" lemma="va">va </w><w n="73">pa</w><w n="74">ryā</w><w n="75">yāṃ</w><w n="76">ta</w><w n="77" lemma="raiḥ">rair </w><w n="78">u</w><w n="79">ddi</w><w n="80">śa</w><w n="81" lemma="ti">ti || </w>
</text></TEI>
<TEI n="O">
<text>
<w n="0">jā</w><w n="1" lemma="tiḥ">tir </w><w n="2" lemma="vā">vā </w><w n="3">dra</w><w n="4" lemma="vyaṃ">vyaṃ </w><w n="5" lemma="vā">vā </w><w n="6">pa</w><w n="7">dā</w><w n="8" lemma="rthā">&#7769;tthā</w><w n="9" lemma="vi">v i</w><w n="10" lemma="tyu">ty u</w><w n="11" lemma="ktaṃ">ktaṃ </w><w n="12">ta</w><w n="13" lemma="tra">tra </w><w n="14">vā</w><w n="15">ja</w><w n="16">pyā</w><w n="17">ya</w><w n="18">na</w><w n="19">da</w><w n="20" lemma="rśa">&#7769;śa</w><w n="21">ne</w><w n="22" lemma="na">na </w><w n="23">jā</w><w n="24" lemma="tiṃ">tiṃ </w><w n="25">vi</w><w n="26">śe</w><w n="27">ṣa</w><w n="28">ṇa</w><w n="29">bhū</w><w n="30" lemma="tāṃ">tāṃ </w><w n="31">pa</w><w n="32">dā</w><w n="33" lemma="rthaṃ">&#7769;tthaṃ </w><w n="34"></w><w n="35"></w><w n="36">vya</w><w n="37">va</w><w n="38">sthā</w><w n="39" lemma="pya">pya </w><w n="40">vyā</w><w n="41">ḍi</w><w n="42">da</w><w n="43" lemma="rśa">&#7769;śa</w><w n="44">ne</w><w n="45" lemma="na">na </w><w n="46">vi</w><w n="47">śe</w><w n="48">ṣya</w><w n="49">rū</w><w n="50" lemma="paṃ">paṃ </w><w n="51">dra</w><w n="52" lemma="vyaṃ">vyam </w><w n="53">a</w><w n="54"></w><w n="55" lemma="pi">pi </w><w n="56">pa</w><w n="57">dā</w><w n="58" lemma="rthaṃ">&#7769;tthaṃ </w><w n="59">vya</w><w n="60">va</w><w n="61">sthā</w><w n="62">pa</w><w n="63">yi</w><w n="64" lemma="tuṃ">tuṃ </w><w n="65">ya</w><w n="66">thā</w><w n="67">da</w><w n="68" lemma="rśa">&#7769;śa</w><w n="69" lemma="naṃ">naṃ </w><w n="70">ta</w><w n="71" lemma="te">d e</w><w n="72" lemma="va">va </w><w n="73">pa</w><w n="74">ryā</w><w n="75">yāṃ</w><w n="76">ta</w><w n="77" lemma="raiḥ">rair </w><w n="78">u</w><w n="79">ddi</w><w n="80">śa</w><w n="81" lemma="ti">ti || </w>
</text></TEI>
<TEI n="A">
<text>
<w n="0">jā</w><w n="1" lemma="tiḥ">tir </w><w n="2" lemma="vā">vā </w><w n="3">dra</w><w n="4" lemma="vyaṃ">vyaṃ </w><w n="5" lemma="vā">vā </w><w n="6">pa</w><w n="7">dā</w><w n="8">rthā</w><w n="9" lemma="vi">v i</w><w n="10" lemma="tyu">ty u</w><w n="11" lemma="ktaṃ">ktaṃ </w><w n="12">ta</w><w n="13" lemma="tra">tra </w><w n="14">vā</w><w n="15">ja</w><w n="16">pyā</w><w n="17">ya</w><w n="18">na</w><w n="19">da</w><w n="20">rśa</w><w n="21">ne</w><w n="22" lemma="na">na </w><w n="23">jā</w><w n="24" lemma="tiṃ">tiṃ </w><w n="25">vi</w><w n="26">śe</w><w n="27">ṣa</w><w n="28">ṇa</w><w n="29">bhū</w><w n="30" lemma="tāṃ">tāṃ </w><w n="31">pa</w><w n="32">dā</w><w n="33" lemma="rthaṃ">rthaṃ </w><w n="34"></w><w n="35"></w><w n="36">vya</w><w n="37">va</w><w n="38">sthā</w><w n="39" lemma="pya">pya </w><w n="40">vyā</w><w n="41">ḍi</w><w n="42">da</w><w n="43">rśa</w><w n="44">ne</w><w n="45" lemma="na">na </w><w n="46">vi</w><w n="47">śe</w><w n="48">ṣya</w><w n="49">rū</w><w n="50" lemma="paṃ">paṃ </w><w n="51">dra</w><w n="52" lemma="vyaṃ">vyam </w><w n="53">a</w><w n="54"></w><w n="55" lemma="pi">pi </w><w n="56">pa</w><w n="57">dā</w><w n="58" lemma="rthaṃ">rthaṃ </w><w n="59">vya</w><w n="60">va</w><w n="61">sthā</w><w n="62">pa</w><w n="63">yi</w><w n="64" lemma="tuṃ">tuṃ </w><w n="65">ya</w><w n="66">thā</w><w n="67">da</w><w n="68">rśa</w><w n="69" lemma="naṃ">naṃ </w><w n="70">ta</w><w n="71" lemma="te">d e</w><w n="72" lemma="ca">ca </w><w n="73">pa</w><w n="74">ryā</w><w n="75">yāṃ</w><w n="76">ta</w><w n="77" lemma="raiḥ">rair </w><w n="78">u</w><w n="79">ddi</w><w n="80">śa</w><w n="81" lemma="ti">ti || </w>
</text></TEI>
<TEI n="V">
<text>
<w n="0">jā</w><w n="1" lemma="tiḥ">tir </w><w n="2" lemma="vā">vā </w><w n="3">dra</w><w n="4" lemma="vyaṃ">vyaṃ </w><w n="5" lemma="vā">vā </w><w n="6">pa</w><w n="7">dā</w><w n="8">rthā</w><w n="9" lemma="vi">v i</w><w n="10" lemma="tyu">ty u</w><w n="11" lemma="kta">kta </w><w n="12">ta</w><w n="13" lemma="tra">tra </w><w n="14">vā</w><w n="15">ja</w><w n="16">pyā</w><w n="17">ya</w><w n="18">na</w><w n="19">da</w><w n="20">rśa</w><w n="21">ne</w><w n="22" lemma="na">na </w><w n="23">jā</w><w n="24" lemma="tiṃ">tiṃ </w><w n="25">vi</w><w n="26">śe</w><w n="27">ṣa</w><w n="28">ṇa</w><w n="29">bhū</w><w n="30" lemma="tā">tā </w><w n="31">pa</w><w n="32">dā</w><w n="33" lemma="rthaṃ">rthaṃ </w><w n="34"></w><w n="35"></w><w n="36">vya</w><w n="37">va</w><w n="38">sthā</w><w n="39" lemma="pya">pya </w><w n="40">vyā</w><w n="41">ḍi</w><w n="42">da</w><w n="43">rśa</w><w n="44">ne</w><w n="45" lemma="na">na </w><w n="46">vi</w><w n="47">śe</w><w n="48">ṣya</w><w n="49">rū</w><w n="50" lemma="pa">pa </w><w n="51">dra</w><w n="52" lemma="vyaṃ">vyam </w><w n="53">a</w><w n="54"></w><w n="55" lemma="pi">pi </w><w n="56">pa</w><w n="57">dā</w><w n="58" lemma="rthaṃ">rthaṃ </w><w n="59">vya</w><w n="60">va</w><w n="61">sthā</w><w n="62">pa</w><w n="63">yi</w><w n="64" lemma="tuṃ">tuṃ </w><w n="65">ya</w><w n="66">thā</w><w n="67">da</w><w n="68">rśa</w><w n="69" lemma="naṃ">naṃ </w><w n="70">ta</w><w n="71" lemma="te">d e</w><w n="72" lemma="va">va </w><w n="73">pa</w><w n="74">ryā</w><w n="75">yāṃ</w><w n="76">ta</w><w n="77" lemma="raiḥ">rair </w><w n="78">u</w><w n="79">ddi</w><w n="80">śa</w><w n="81" lemma="ti">ti </w>
</text></TEI>
<TEI n="K">
<text>
<w n="0">jā</w><w n="1" lemma="tiḥ">tir </w><w n="2" lemma="vā">vā </w><w n="3">dra</w><w n="4" lemma="vyaṃ">vyaṃ </w><w n="5" lemma="vā">vā </w><w n="6">pa</w><w n="7">dā</w><w n="8">rthā</w><w n="9" lemma="vi">v i</w><w n="10" lemma="tyu">ty u</w><w n="11" lemma="kta">kta </w><w n="12">ta</w><w n="13" lemma="tra">tra </w><w n="14">vā</w><w n="15">ja</w><w n="16">pyā</w><w n="17">ya</w><w n="18">na</w><w n="19">da</w><w n="20">rśa</w><w n="21">ne</w><w n="22" lemma="na">na </w><w n="23">jā</w><w n="24" lemma="tiṃ">tiṃ </w><w n="25">vi</w><w n="26">śe</w><w n="27">ṣa</w><w n="28">ṇa</w><w n="29">bhū</w><w n="30" lemma="tā">tā </w><w n="31">pa</w><w n="32">dā</w><w n="33" lemma="rthaṃ">rthaṃ </w><w n="34"></w><w n="35"></w><w n="36">vya</w><w n="37">va</w><w n="38">sthā</w><w n="39" lemma="pya">pya </w><w n="40">vyā</w><w n="41">ḍi</w><w n="42">da</w><w n="43">rśa</w><w n="44">ne</w><w n="45" lemma="na">na </w><w n="46">vi</w><w n="47">śe</w><w n="48">ṣya</w><w n="49">rū</w><w n="50" lemma="pa">pa </w><w n="51">dra</w><w n="52" lemma="vyaṃ">vyam </w><w n="53">a</w><w n="54"></w><w n="55" lemma="pi">pi </w><w n="56">pa</w><w n="57">dā</w><w n="58" lemma="rthaṃ">rthaṃ </w><w n="59">vya</w><w n="60">va</w><w n="61">sthā</w><w n="62">pa</w><w n="63">yi</w><w n="64" lemma="tuṃ">tuṃ </w><w n="65">ya</w><w n="66">thā</w><w n="67">da</w><w n="68">rśa</w><w n="69" lemma="naṃ">naṃ </w><w n="70">ta</w><w n="71" lemma="te">d e</w><w n="72" lemma="va">va </w><w n="73">pa</w><w n="74">ryā</w><w n="75">yāṃ</w><w n="76">ta</w><w n="77" lemma="raiḥ">rair </w><w n="78">u</w><w n="79">ddi</w><w n="80">śa</w><w n="81" lemma="ti">ti || </w>
</text></TEI>
<TEI n="D">
<text>
<w n="0">jā</w><w n="1" lemma="tiḥ">tir </w><w n="2" lemma="vā">vā </w><w n="3">dra</w><w n="4" lemma="vyaṃ">vyaṃ </w><w n="5" lemma="vā">vā </w><w n="6">pa</w><w n="7">dā</w><w n="8">rthā</w><w n="9" lemma="vi">v i</w><w n="10" lemma="tyu">ty u</w><w n="11" lemma="ktaṃ">ktaṃ </w><w n="12">ta</w><w n="13" lemma="tra">tra </w><w n="14">vā</w><w n="15">ja</w><w n="16">pyā</w><w n="17">ya</w><w n="18">na</w><w n="19">da</w><w n="20">rśa</w><w n="21">ne</w><w n="22" lemma="na">na </w><w n="23">jā</w><w n="24" lemma="tiṃ">tiṃ </w><w n="25">vi</w><w n="26">śe</w><w n="27">ṣa</w><w n="28">ṇa</w><w n="29">bhū</w><w n="30" lemma="tāṃ">tāṃ </w><w n="31">pa</w><w n="32">dā</w><w n="33" lemma="rthaṃ">rthaṃ </w><w n="34"></w><w n="35"></w><w n="36">vya</w><w n="37">va</w><w n="38">sthā</w><w n="39" lemma="pya">pya </w><w n="40">vyā</w><w n="41">ḍi</w><w n="42">da</w><w n="43">rśa</w><w n="44">ne</w><w n="45" lemma="na">na </w><w n="46">vi</w><w n="47">śe</w><w n="48">ṣya</w><w n="49">rū</w><w n="50" lemma="paṃ">paṃ </w><w n="51">dra</w><w n="52" lemma="vyaṃ">vyam </w><w n="53">i</w><w n="54" lemma="ti">ti </w><w n="55" lemma="pi">pi </w><w n="56">pa</w><w n="57">dā</w><w n="58" lemma="rthaṃ">rthaṃ </w><w n="59">vya</w><w n="60">va</w><w n="61">sthā</w><w n="62">pa</w><w n="63">yi</w><w n="64" lemma="tuṃ">tuṃ </w><w n="65">ya</w><w n="66">thā</w><w n="67">da</w><w n="68">rśa</w><w n="69" lemma="naṃ">naṃ </w><w n="70">ta</w><w n="71" lemma="te">d e</w><w n="72" lemma="va">va </w><w n="73">pa</w><w n="74">ryā</w><w n="75">yāṃ</w><w n="76">ta</w><w n="77" lemma="raiḥ">rair </w><w n="78">u</w><w n="79">ddi</w><w n="80">śa</w><w n="81" lemma="ti">ti || </w>
</text></TEI>
</teiCorpus>
