<?xml version="1.0" encoding="UTF-8"?>
<teiCorpus xmlns="http://www.tei-c.org/ns/1.0">

<TEI n="GV">
<text>
<w n="0"></w><w n="1"></w><w n="2"></w><w n="3"></w><w n="4"></w><w n="5"></w><w n="6"></w><w n="7"></w><w n="8"></w><w n="9"></w><w n="10"></w><w n="11"></w><w n="12"></w><w n="13"></w><w n="14"></w><w n="15"></w><w n="16"></w><w n="17"></w><w n="18"></w><w n="19"></w><w n="20"></w><w n="21"></w><w n="22"></w><w n="23"></w><w n="24"></w><w n="25"></w><w n="26"></w><w n="27"></w><w n="28"></w><w n="29"></w><w n="30"></w><w n="31"></w><w n="32"></w><w n="33"></w><w n="34"></w><w n="35"></w><w n="36"></w><w n="37"></w><w n="38"></w><w n="39"></w><w n="40"></w><w n="41"></w><w n="42"></w><w n="43"></w><w n="44"></w><w n="45"></w><w n="46"></w><w n="47"></w><w n="48"></w><w n="49"></w><w n="50"></w><w n="51"></w><w n="52"></w><w n="53"></w><w n="54"></w><w n="55"></w><w n="56"></w><w n="57"></w><w n="58"></w><w n="59"></w><w n="60"></w><w n="61"></w><w n="62"></w><w n="63"></w><w n="64"></w><w n="65"></w><w n="66"></w><w n="67"></w><w n="68"></w><w n="69"></w><w n="70"></w><w n="71"></w><w n="72"></w><w n="73"></w><w n="74"></w><w n="75"></w><w n="76"></w><w n="77"></w><w n="78"></w><w n="79"></w><w n="80"></w><w n="81"></w><w n="82"></w><w n="83"></w><w n="84"></w><w n="85"></w><w n="86"></w><w n="87"></w><w n="88"></w><w n="89"></w><w n="90"></w><w n="91"></w><w n="92"></w><w n="93"></w><w n="94"></w><w n="95"></w><w n="96"></w><w n="97"></w><w n="98"></w><w n="99"></w><w n="100"></w><w n="101"></w><w n="102"></w><w n="103"></w><w n="104"></w><w n="105"></w><w n="106"></w><w n="107"></w><w n="108"></w><w n="109"></w><w n="110"></w><w n="111"></w><w n="112"></w><w n="113"></w><w n="114"></w><w n="115"></w><w n="116"></w><w n="117"></w><w n="118"></w><w n="119"></w><w n="120"></w><w n="121"></w><w n="122"></w><w n="123"></w><w n="124"></w><w n="125"></w><w n="126"></w><w n="127"></w><w n="128"></w><w n="129"></w><w n="130"></w><w n="131"></w><w n="132"></w><w n="133"></w><w n="134"></w><w n="135"></w><w n="136"></w><w n="137"></w><w n="138"></w><w n="139"></w><w n="140"></w><w n="141"></w><w n="142"></w><w n="143"></w><w n="144"></w>
</text></TEI>
<TEI n="CT">
<text>
<w n="0">gha</w><w n="1">ṭā</w><w n="2">kā</w><w n="3">ro</w><w n="4">pa</w><w n="5">dhā</w><w n="6">na</w><w n="7">pu</w><w n="8">raḥ</w><w n="9">sa</w><w n="10" lemma="raṃ">raṃ </w><w n="11">gha</w><w n="12" lemma="ṭa">ṭa-</w><w n="13">śa</w><w n="14">bde</w><w n="15" lemma="na">na </w><w n="16">bra</w><w n="17">hma</w><w n="18">dra</w><w n="19" lemma="vyaṃ">vyam </w><w n="20">ā</w><w n="21"></w><w n="22">mu</w><w n="23">khī</w><w n="24">kri</w><w n="25">ya</w><w n="26" lemma="te">te | </w><w n="27">pa</w><w n="28">ṭā</w><w n="29">kā</w><w n="30">ro</w><w n="31">pa</w><w n="32" lemma="dhā">dhā-</w><w n="33">ne</w><w n="34" lemma="na">na </w><w n="35" lemma="tu">tu </w><w n="36">pa</w><w n="37">ṭa</w><w n="38">śa</w><w n="39">bde</w><w n="40">ne</w><w n="41">tyā</w><w n="42" lemma="dyu">dy u</w><w n="43"></w><w n="44">pā</w><w n="45">dhi</w><w n="46">rū</w><w n="47">po</w><w n="48">pa</w><w n="49">hi</w><w n="50">ta</w><w n="51"></w><w n="52"></w><w n="53"></w><w n="54" lemma="tvaṃ">tvam </w><w n="55" lemma="a">a-</w><w n="56">bhi</w><w n="57">dhā</w><w n="58">nī</w><w n="59" lemma="yaṃ">yam | </w><w n="60">ta</w><w n="61" lemma="tya">d ya</w><w n="62" lemma="thā">thā </w><w n="63">nā</w><w n="64">ḍi</w><w n="65">kā</w><w n="66">su</w><w n="67">ṣi</w><w n="68" lemma="vaṃ">van</w><w n="69">ma</w><w n="70">rma</w><w n="71" lemma="ni">ni-</w><w n="72">hi</w><w n="73">ta</w><w n="74">na</w><w n="75">ya</w><w n="76" lemma="nāḥ">nās </w><w n="77">ta</w><w n="78">da</w><w n="79">va</w><w n="80">kā</w><w n="81">śā</w><w n="82">va</w><w n="83">sthi</w><w n="84" lemma="taṃ">tam </w><w n="85">e</w><w n="86">vā</w><w n="87">rtha</w><w n="88">bhā</w><w n="89" lemma="gaṃ">gaṃ </w><w n="90" lemma="pa">pa-</w><w n="91" lemma="śyaṃ">śyan</w><w n="92" lemma="ti">ti | </w><w n="93">ta</w><w n="94">thā</w><w n="95">vi</w><w n="96">dyā</w><w n="97">va</w><w n="98" lemma="chiṃ">cchin</w><w n="99">na</w><w n="100">dṛ</w><w n="101"></w><w n="102"></w><w n="103" lemma="khśa">k_śa</w><w n="104">kti</w><w n="105" lemma="bhiḥ">bhir </w><w n="106">ā</w><w n="107" lemma="kā">kā-</w><w n="108">ra</w><w n="109">bhe</w><w n="110" lemma="daiḥ">dair </w><w n="111">e</w><w n="112" lemma="va">va </w><w n="113">va</w><w n="114">stū</w><w n="115">pa</w><w n="116">la</w><w n="117">kṣya</w><w n="118" lemma="te">te | </w><w n="119">ta</w><w n="120">thai</w><w n="121" lemma="va">va </w><w n="122" lemma="ca">ca </w><w n="123">ya</w><w n="124">thā</w><w n="125">dhya</w><w n="126">va</w><w n="127" lemma="sā">sā-</w><w n="128" lemma="yaṃ">yaṃ </w><w n="129">śa</w><w n="130">bda</w><w n="131">vi</w><w n="132">śe</w><w n="133">ṣā</w><w n="134" lemma="cha">c cha</w><w n="135"></w><w n="136" lemma="bdaiḥ">bdair </w><w n="137">a</w><w n="138">bhi</w><w n="139">dhī</w><w n="140">ya</w><w n="141" lemma="ta">ta </w><w n="142">i</w><w n="143" lemma="tya">ty a</w><w n="144" lemma="rthaḥ">rthaḥ | </w>
</text></TEI>
<TEI n="T">
<text>
<w n="0">gha</w><w n="1">ṭā</w><w n="2">kā</w><w n="3">ro</w><w n="4">pa</w><w n="5">dhā</w><w n="6">na</w><w n="7">pu</w><w n="8" lemma="raḥ">ras</w><w n="9">sa</w><w n="10" lemma="raṃ">raṃ </w><w n="11">gha</w><w n="12">ṭa</w><w n="13">śa</w><w n="14">bde</w><w n="15" lemma="na">na </w><w n="16">bra</w><w n="17">hma</w><w n="18">dra</w><w n="19" lemma="vyaṃ">vyam </w><w n="20">ā</w><w n="21"></w><w n="22">mu</w><w n="23">khī</w><w n="24">kri</w><w n="25">ya</w><w n="26" lemma="te">te </w><w n="27">pa</w><w n="28">ṭā</w><w n="29">kā</w><w n="30">ro</w><w n="31">pa</w><w n="32">dhā</w><w n="33">ne</w><w n="34" lemma="na">na </w><w n="35" lemma="tu">tu </w><w n="36">pa</w><w n="37">ṭa</w><w n="38">śa</w><w n="39">bde</w><w n="40">ne</w><w n="41">tyā</w><w n="42" lemma="dyu">dy u</w><w n="43"></w><w n="44">pā</w><w n="45">dhi</w><w n="46">rū</w><w n="47">po</w><w n="48">pa</w><w n="49">hi</w><w n="50">ta</w><w n="51"></w><w n="52"></w><w n="53"></w><w n="54" lemma="tvaṃ">tvam </w><w n="55">a</w><w n="56">bhi</w><w n="57">dhā</w><w n="58">nī</w><w n="59" lemma="yaṃ">yaṃ </w><w n="60">ta</w><w n="61" lemma="tya">d ya</w><w n="62" lemma="thā">thā </w><w n="63">nā</w><w n="64">ḻi</w><w n="65">kā</w><w n="66">su</w><w n="67">ṣi</w><w n="68"></w><w n="69">va</w><w n="70">rtma</w><w n="71">ni</w><w n="72">hi</w><w n="73">ta</w><w n="74">na</w><w n="75">ya</w><w n="76" lemma="nāḥ">nās </w><w n="77">ta</w><w n="78">da</w><w n="79">va</w><w n="80">kā</w><w n="81">śā</w><w n="82">va</w><w n="83">sthi</w><w n="84" lemma="taṃ">tam </w><w n="85">e</w><w n="86">vā</w><w n="87" lemma="rtha">rttha</w><w n="88">bhā</w><w n="89" lemma="gaṃ">gaṃ </w><w n="90">pa</w><w n="91" lemma="śyaṃ">śyan</w><w n="92" lemma="ti">ti </w><w n="93">ta</w><w n="94">thā</w><w n="95">vi</w><w n="96">dyā</w><w n="97">va</w><w n="98" lemma="chiṃ">cśin</w><w n="99">na</w><w n="100">dṛ</w><w n="101"></w><w n="102"></w><w n="103" lemma="khśa">k_cha</w><w n="104">kti</w><w n="105" lemma="bhiḥ">bhir </w><w n="106">ā</w><w n="107">kā</w><w n="108">ra</w><w n="109">bhe</w><w n="110" lemma="daiḥ">dair </w><w n="111">e</w><w n="112" lemma="va">va </w><w n="113">va</w><w n="114">stū</w><w n="115">pa</w><w n="116">la</w><w n="117">kṣya</w><w n="118" lemma="te">te </w><w n="119">ta</w><w n="120">thai</w><w n="121" lemma="va">va </w><w n="122" lemma="ca">ca </w><w n="123">ya</w><w n="124">thā</w><w n="125" lemma="dhya">ddhya</w><w n="126">va</w><w n="127">sā</w><w n="128" lemma="yaṃ">yaṃ </w><w n="129">śa</w><w n="130">bda</w><w n="131">ni</w><w n="132">ve</w><w n="133">śā</w><w n="134" lemma="cha">c śa</w><w n="135"></w><w n="136" lemma="bdaiḥ">bdair </w><w n="137">a</w><w n="138">bhi</w><w n="139">dhī</w><w n="140">ya</w><w n="141" lemma="ta">ta </w><w n="142">i</w><w n="143" lemma="tya">ty a</w><w n="144" lemma="rthaḥ">rtthaḥ </w>
</text></TEI>
<TEI n="H">
<text>
<w n="0">gha</w><w n="1">ṭā</w><w n="2">kā</w><w n="3">ro</w><w n="4">pa</w><w n="5">dhā</w><w n="6">na</w><w n="7">pu</w><w n="8">raḥ</w><w n="9">sa</w><w n="10" lemma="raṃ">raṃ </w><w n="11">gha</w><w n="12">ṭa</w><w n="13">śa</w><w n="14">bde</w><w n="15" lemma="na">na </w><w n="16">bra</w><w n="17">hma</w><w n="18">dra</w><w n="19" lemma="vyaṃ">vyam </w><w n="20">a</w><w n="21">bhi</w><w n="22">mu</w><w n="23">khī</w><w n="24">kri</w><w n="25">ya</w><w n="26" lemma="te">te | </w><w n="27">pa</w><w n="28">ṭā</w><w n="29">kā</w><w n="30">ro</w><w n="31">pa</w><w n="32">dhā</w><w n="33">ne</w><w n="34" lemma="na">na </w><w n="35" lemma="tu">tu </w><w n="36">pa</w><w n="37">ṭa</w><w n="38">śa</w><w n="39">bde</w><w n="40">ne</w><w n="41">tyā</w><w n="42" lemma="dyu">dy u</w><w n="43"></w><w n="44">pā</w><w n="45">dhi</w><w n="46">rū</w><w n="47">po</w><w n="48">pa</w><w n="49">hi</w><w n="50">ta</w><w n="51">vi</w><w n="52">ve</w><w n="53">ki</w><w n="54" lemma="tvaṃ">tvam </w><w n="55">a</w><w n="56">bhi</w><w n="57">dhā</w><w n="58">nī</w><w n="59" lemma="yaṃ">yaṃ </w><w n="60">ta</w><w n="61" lemma="tya">d ya</w><w n="62" lemma="thā">thā </w><w n="63">nā</w><w n="64">li</w><w n="65">kā</w><w n="66">mu</w><w n="67">ṣi</w><w n="68">ra</w><w n="69">va</w><w n="70">rtma</w><w n="71">ni</w><w n="72">hi</w><w n="73">ta</w><w n="74">na</w><w n="75">ya</w><w n="76" lemma="nāḥ">nās </w><w n="77">ta</w><w n="78">da</w><w n="79">va</w><w n="80">kā</w><w n="81">śā</w><w n="82">va</w><w n="83">sthi</w><w n="84" lemma="taṃ">tam </w><w n="85">e</w><w n="86">vā</w><w n="87">rtha</w><w n="88">bhā</w><w n="89" lemma="gaṃ">gaṃ </w><w n="90">pa</w><w n="91" lemma="śyaṃ">śyan</w><w n="92" lemma="ti">ti </w><w n="93">ta</w><w n="94">thā</w><w n="95">vi</w><w n="96"></w><w n="97"></w><w n="98" lemma="chiṃ">chin</w><w n="99">na</w><w n="100">dṛ</w><w n="101"></w><w n="102"></w><w n="103" lemma="khśa">k_śa</w><w n="104">kti</w><w n="105" lemma="bhiḥ">bhir </w><w n="106">ā</w><w n="107">kā</w><w n="108">ra</w><w n="109">bhe</w><w n="110" lemma="daiḥ">dair </w><w n="111">e</w><w n="112" lemma="va">va </w><w n="113">va</w><w n="114">stū</w><w n="115">pa</w><w n="116">la</w><w n="117">kṣya</w><w n="118" lemma="te">te | </w><w n="119">ta</w><w n="120">thai</w><w n="121" lemma="va">va </w><w n="122" lemma="ca">ca </w><w n="123">ya</w><w n="124">thā</w><w n="125">rthā</w><w n="126">va</w><w n="127">sā</w><w n="128" lemma="yaṃ">yaṃ </w><w n="129">śa</w><w n="130">bda</w><w n="131">ni</w><w n="132">ve</w><w n="133" lemma="śāḥ">śās </w><w n="134">cha</w><w n="135">śa</w><w n="136" lemma="bdaiḥ">bdair </w><w n="137">a</w><w n="138">bhi</w><w n="139">dhī</w><w n="140">ya</w><w n="141" lemma="ta">ta </w><w n="142">i</w><w n="143" lemma="tya">ty a</w><w n="144" lemma="rthaḥ">rthaḥ | </w>
</text></TEI>
<TEI n="P">
<text>
<w n="0">gha</w><w n="1">ṭā</w><w n="2">kā</w><w n="3">ro</w><w n="4">pa</w><w n="5">dhā</w><w n="6">na</w><w n="7">pu</w><w n="8">raḥ</w><w n="9">sa</w><w n="10" lemma="raṃ">raṃ </w><w n="11">gha</w><w n="12">ṭa</w><w n="13">śa</w><w n="14">bde</w><w n="15" lemma="na">na </w><w n="16">bra</w><w n="17">hma</w><w n="18">dra</w><w n="19" lemma="vyaṃ">vyam </w><w n="20">a</w><w n="21">bhi</w><w n="22">mu</w><w n="23">khī</w><w n="24">kri</w><w n="25">ya</w><w n="26" lemma="te">te </w><w n="27">gha</w><w n="28">ṭā</w><w n="29">kā</w><w n="30">ro</w><w n="31">pa</w><w n="32">dhā</w><w n="33">ne</w><w n="34" lemma="na">na </w><w n="35" lemma="tu">tu </w><w n="36">pa</w><w n="37">ṭa</w><w n="38">śa</w><w n="39">bde</w><w n="40" lemma="ne">ne </w><w n="41" lemma="tuḥ">tur </w><w n="42">u</w><w n="43"></w><w n="44">pā</w><w n="45">dhi</w><w n="46">rū</w><w n="47">po</w><w n="48">pa</w><w n="49">hi</w><w n="50">ta</w><w n="51">vi</w><w n="52">ve</w><w n="53">kī</w><w n="54" lemma="tvaṃ">tvam </w><w n="55">a</w><w n="56">bhi</w><w n="57">dhā</w><w n="58">nī</w><w n="59" lemma="yaṃ">yaṃ </w><w n="60">ta</w><w n="61" lemma="tya">d ya</w><w n="62" lemma="thā">thā </w><w n="63">nā</w><w n="64">li</w><w n="65">kā</w><w n="66">su</w><w n="67">ṣi</w><w n="68">ra</w><w n="69">va</w><w n="70">rtma</w><w n="71" lemma="nī">nī </w><w n="72">hi</w><w n="73">ta</w><w n="74">na</w><w n="75">ya</w><w n="76" lemma="nāḥ">nās </w><w n="77">ta</w><w n="78">da</w><w n="79">va</w><w n="80">kā</w><w n="81">śā</w><w n="82">va</w><w n="83">sthi</w><w n="84" lemma="taṃ">tam </w><w n="85">e</w><w n="86">vā</w><w n="87">rtha</w><w n="88">bhā</w><w n="89" lemma="gaṃ">gaṃ </w><w n="90">pa</w><w n="91">śyaṃ</w><w n="92" lemma="ti">ti </w><w n="93">ta</w><w n="94">thā</w><w n="95">vi</w><w n="96">dyā</w><w n="97">va</w><w n="98" lemma="chiṃ">chin</w><w n="99">na</w><w n="100">pṛ</w><w n="101">tha</w><w n="102"></w><w n="103" lemma="khśa">k_śa</w><w n="104">kti</w><w n="105" lemma="bhiḥ">bhir </w><w n="106">ā</w><w n="107">kā</w><w n="108">ra</w><w n="109">bhe</w><w n="110" lemma="daiḥ">dair </w><w n="111">e</w><w n="112" lemma="va">va </w><w n="113">va</w><w n="114">stu</w><w n="115">pa</w><w n="116">la</w><w n="117">kṣya</w><w n="118" lemma="te">te </w><w n="119">ta</w><w n="120">thai</w><w n="121" lemma="va">va </w><w n="122" lemma="ca">ca </w><w n="123">ya</w><w n="124">thā</w><w n="125">dhya</w><w n="126">va</w><w n="127">sā</w><w n="128" lemma="yaṃ">yaṃ </w><w n="129">śa</w><w n="130">bda</w><w n="131">ni</w><w n="132">ve</w><w n="133">śā</w><w n="134" lemma="cha">c cha</w><w n="135"></w><w n="136" lemma="bdaiḥ">bdair </w><w n="137">a</w><w n="138">bhi</w><w n="139">dhī</w><w n="140">ya</w><w n="141" lemma="ta">ta </w><w n="142">ī</w><w n="143" lemma="tya">ty a</w><w n="144" lemma="rthaḥ">rthaḥ </w>
</text></TEI>
<TEI n="M">
<text>
<w n="0">gha</w><w n="1">ṭā</w><w n="2">kā</w><w n="3">ro</w><w n="4">pa</w><w n="5">dhā</w><w n="6">na</w><w n="7">pu</w><w n="8">raḥ</w><w n="9">sa</w><w n="10" lemma="raṃ">raṃ </w><w n="11">gha</w><w n="12">ṭa</w><w n="13">śa</w><w n="14">bde</w><w n="15" lemma="na">na </w><w n="16">bra</w><w n="17">hma</w><w n="18">dra</w><w n="19" lemma="vyaṃ">vyam </w><w n="20">a</w><w n="21">bhi</w><w n="22">mu</w><w n="23">khī</w><w n="24">kri</w><w n="25">ya</w><w n="26" lemma="te">te | </w><w n="27">pa</w><w n="28">ṭā</w><w n="29">kā</w><w n="30">ro</w><w n="31">pa</w><w n="32">dhā</w><w n="33">ne</w><w n="34" lemma="na">na </w><w n="35" lemma="tu">tu </w><w n="36">pa</w><w n="37">ṭa</w><w n="38">śa</w><w n="39">bde</w><w n="40">ne</w><w n="41" lemma="tyu">ty u</w><w n="42"></w><w n="43"></w><w n="44">pā</w><w n="45">dhi</w><w n="46">rū</w><w n="47">po</w><w n="48">pa</w><w n="49">hi</w><w n="50">ta</w><w n="51">vi</w><w n="52">ve</w><w n="53">ki</w><w n="54" lemma="tvaṃ">tvam </w><w n="55">a</w><w n="56">bhi</w><w n="57">dhā</w><w n="58">nī</w><w n="59" lemma="yaṃ">yaṃ | </w><w n="60">ta</w><w n="61" lemma="tya">d ya</w><w n="62" lemma="thā">thā | </w><w n="63">nā</w><w n="64">li</w><w n="65">kā</w><w n="66">su</w><w n="67">ṣi</w><w n="68">ra</w><w n="69">va</w><w n="70">rtma</w><w n="71">ni</w><w n="72">hi</w><w n="73">ta</w><w n="74">na</w><w n="75">ya</w><w n="76" lemma="nāḥ">nās </w><w n="77">ta</w><w n="78">da</w><w n="79">va</w><w n="80">kā</w><w n="81">śā</w><w n="82">va</w><w n="83">sthi</w><w n="84" lemma="taṃ">tam </w><w n="85">e</w><w n="86">vā</w><w n="87">rtha</w><w n="88">bhā</w><w n="89" lemma="gaṃ">gaṃ&#166; </w><w n="90">pa</w><w n="91">śyaṃ</w><w n="92" lemma="ti">ti | </w><w n="93">ta</w><w n="94">thā</w><w n="95">vi</w><w n="96">dyā</w><w n="97">va</w><w n="98" lemma="chiṃ">chin</w><w n="99">na</w><w n="100">pṛ</w><w n="101">tha</w><w n="102"></w><w n="103" lemma="khśa">k_śa</w><w n="104">kti</w><w n="105" lemma="bhiḥ">bhir </w><w n="106">ā</w><w n="107">kā</w><w n="108">ra</w><w n="109">bhe</w><w n="110" lemma="daiḥ">dair </w><w n="111">e</w><w n="112" lemma="va">va </w><w n="113">va</w><w n="114">stū</w><w n="115">pa</w><w n="116">la</w><w n="117">kṣya</w><w n="118" lemma="te">te | </w><w n="119">ta</w><w n="120">thai</w><w n="121" lemma="va">va </w><w n="122" lemma="ca">ca </w><w n="123">ya</w><w n="124">thā</w><w n="125">dhya</w><w n="126">va</w><w n="127">sā</w><w n="128" lemma="yaṃ">yaṃ </w><w n="129">śa</w><w n="130">bda</w><w n="131">ni</w><w n="132">ve</w><w n="133">śā</w><w n="134" lemma="cha">c cha</w><w n="135"></w><w n="136" lemma="bdaiḥ">bdair </w><w n="137">a</w><w n="138">bhi</w><w n="139">dhī</w><w n="140">ya</w><w n="141" lemma="ta">ta </w><w n="142">i</w><w n="143" lemma="tya">ty a</w><w n="144" lemma="rthaḥ">rthaḥ | </w>
</text></TEI>
<TEI n="G2">
<text>
<w n="0">ghā</w><w n="1">ṭā</w><w n="2">kā</w><w n="3">ro</w><w n="4">pa</w><w n="5">dhī</w><w n="6">na</w><w n="7">pu</w><w n="8">raḥ</w><w n="9">saṃ</w><w n="10" lemma="ra">ra </w><w n="11">gha</w><w n="12">ṭa</w><w n="13">śa</w><w n="14">bde</w><w n="15" lemma="na">na- </w><w n="16">bra</w><w n="17">hma</w><w n="18">dra</w><w n="19" lemma="vyaṃ">vyam </w><w n="20">a</w><w n="21">bhi</w><w n="22">mu</w><w n="23">khī</w><w n="24">kri</w><w n="25">ya</w><w n="26" lemma="te">te </w><w n="27">pa</w><w n="28">ṭā</w><w n="29">kā</w><w n="30">ro</w><w n="31">pa</w><w n="32">dhā</w><w n="33">ne</w><w n="34" lemma="na">na </w><w n="35" lemma="tu">tu </w><w n="36">pa</w><w n="37">ṭa</w><w n="38">śa</w><w n="39">dde</w><w n="40">ne</w><w n="41">tyā</w><w n="42" lemma="dyu">dy u</w><w n="43"></w><w n="44">pā</w><w n="45">dhi</w><w n="46">rū</w><w n="47">po</w><w n="48">pa</w><w n="49">hi</w><w n="50">ta</w><w n="51">vi</w><w n="52">ve</w><w n="53">ki</w><w n="54" lemma="tvaṃ">tvaṃm </w><w n="55">a</w><w n="56">ti</w><w n="57">dhā</w><w n="58">nī</w><w n="59">ya</w><w n="60" lemma="ta">ta </w><w n="61">ya</w><w n="62" lemma="thā">thā </w><w n="63">nā</w><w n="64">ḍi</w><w n="65">kā</w><w n="66">śu</w><w n="67">ṣi</w><w n="68">ra</w><w n="69">va</w><w n="70">rma</w><w n="71">ni</w><w n="72">hi</w><w n="73">ta</w><w n="74">na</w><w n="75">ya</w><w n="76" lemma="nāḥ">nās </w><w n="77">ta</w><w n="78">da</w><w n="79">va</w><w n="80">kya</w><w n="81">sā</w><w n="82">va</w><w n="83">sthi</w><w n="84" lemma="taṃ">tam </w><w n="85">e</w><w n="86">vā</w><w n="87">rtha</w><w n="88">hā</w><w n="89" lemma="gaṃ">gaṃ </w><w n="90">va</w><w n="91">śyaṃ</w><w n="92" lemma="ti">ti </w><w n="93">ta</w><w n="94">thā</w><w n="95"></w><w n="96"></w><w n="97">va</w><w n="98">dhiṃ</w><w n="99" lemma="naṃ">naṃ </w><w n="100"></w><w n="101">da</w><w n="102">kū</w><w n="103">śa</w><w n="104">kti</w><w n="105" lemma="bhiḥ">bhir </w><w n="106">a</w><w n="107">kā</w><w n="108">ra</w><w n="109">bhe</w><w n="110" lemma="daiḥ">dair </w><w n="111">a</w><w n="112">ve</w><w n="113">va</w><w n="114">stū</w><w n="115">pa</w><w n="116">la</w><w n="117">kṣya</w><w n="118" lemma="te">te </w><w n="119">ta</w><w n="120">thai</w><w n="121" lemma="va">va </w><w n="122"></w><w n="123">ya</w><w n="124">thā</w><w n="125">dhya</w><w n="126">va</w><w n="127">sā</w><w n="128" lemma="yaṃ">yaṃ </w><w n="129">śa</w><w n="130">bda</w><w n="131">ni</w><w n="132">ve</w><w n="133">śā</w><w n="134">cha</w><w n="135"></w><w n="136" lemma="bdaiḥ">bdair </w><w n="137">a</w><w n="138">bhi</w><w n="139">dhī</w><w n="140">ya</w><w n="141" lemma="ta">ta </w><w n="142">i</w><w n="143" lemma="tya">ty a</w><w n="144" lemma="rtha">rtha || </w>
</text></TEI>
<TEI n="G1">
<text>
<w n="0">ghā</w><w n="1">ṭā</w><w n="2">kā</w><w n="3">ro</w><w n="4">pa</w><w n="5">dhī</w><w n="6">na</w><w n="7">pu</w><w n="8">raḥ</w><w n="9">saṃ</w><w n="10" lemma="ra">ra </w><w n="11">gha</w><w n="12">ṭa</w><w n="13">śa</w><w n="14">bde</w><w n="15" lemma="na">na </w><w n="16">bra</w><w n="17">hma</w><w n="18">dra</w><w n="19" lemma="vyaṃ">vyam </w><w n="20">a</w><w n="21">bhi</w><w n="22">mu</w><w n="23">khī</w><w n="24">kri</w><w n="25">ya</w><w n="26" lemma="te">te </w><w n="27">pa</w><w n="28">ṭā</w><w n="29">kā</w><w n="30">ro</w><w n="31">pa</w><w n="32">dhā</w><w n="33">ne</w><w n="34" lemma="na">na </w><w n="35" lemma="tu">tu </w><w n="36">pa</w><w n="37">ṭa</w><w n="38">śa</w><w n="39">dde</w><w n="40" lemma="ne">ne|</w><w n="41">tyā</w><w n="42" lemma="dyu">dy u</w><w n="43"></w><w n="44">pā</w><w n="45">dhi</w><w n="46">rū</w><w n="47">po</w><w n="48">pa</w><w n="49">hi</w><w n="50">ta</w><w n="51">vi</w><w n="52">ve</w><w n="53">ki</w><w n="54" lemma="tvaṃ">tvaṃm </w><w n="55">a</w><w n="56">ti</w><w n="57">dhā</w><w n="58">nī</w><w n="59">ya</w><w n="60" lemma="ta">ta </w><w n="61">ya</w><w n="62" lemma="thā">thā </w><w n="63">nā</w><w n="64">ḍi</w><w n="65">kā</w><w n="66">śu</w><w n="67">ṣi</w><w n="68">ra</w><w n="69">va</w><w n="70">rma</w><w n="71">ni</w><w n="72">hi</w><w n="73">ta</w><w n="74">na</w><w n="75">ya</w><w n="76" lemma="nāḥ">nās </w><w n="77">ta</w><w n="78">da</w><w n="79">va</w><w n="80">kya</w><w n="81">sā</w><w n="82">va</w><w n="83">sthi</w><w n="84" lemma="taṃ">tam </w><w n="85">e</w><w n="86">vā</w><w n="87">rtha</w><w n="88">hā</w><w n="89" lemma="gaṃ">gaṃ </w><w n="90">va</w><w n="91">śyaṃ</w><w n="92" lemma="ti">ti </w><w n="93">ta</w><w n="94">thā</w><w n="95"></w><w n="96"></w><w n="97">va</w><w n="98">dhiṃ</w><w n="99" lemma="naṃ">naṃ </w><w n="100"></w><w n="101">da</w><w n="102">kū</w><w n="103">śa</w><w n="104">kti</w><w n="105" lemma="bhiḥ">bhir </w><w n="106">a</w><w n="107">kā</w><w n="108">ra</w><w n="109">bhe</w><w n="110" lemma="daiḥ">dair </w><w n="111">a</w><w n="112">ve</w><w n="113">va</w><w n="114">stū</w><w n="115">pa</w><w n="116">la</w><w n="117">kṣya</w><w n="118" lemma="te">te </w><w n="119">ta</w><w n="120">thai</w><w n="121" lemma="va">va </w><w n="122"></w><w n="123">ya</w><w n="124">thā</w><w n="125">dhya</w><w n="126">va</w><w n="127">sā</w><w n="128" lemma="yaṃ">yaṃ </w><w n="129">śa</w><w n="130">bda</w><w n="131">ni</w><w n="132">ve</w><w n="133">śā</w><w n="134">cha</w><w n="135"></w><w n="136" lemma="bdaiḥ">bdair </w><w n="137">a</w><w n="138">bhi</w><w n="139">dhī</w><w n="140">ya</w><w n="141" lemma="ta">ta </w><w n="142">i</w><w n="143" lemma="tya">ty a</w><w n="144" lemma="rtha">rtha || </w>
</text></TEI>
<TEI n="L">
<text>
<w n="0">gha</w><w n="1">ṭā</w><w n="2">kā</w><w n="3">ro</w><w n="4">pa</w><w n="5">dhā</w><w n="6">na</w><w n="7">pu</w><w n="8">raḥ</w><w n="9">sa</w><w n="10" lemma="ra">ra </w><w n="11">gha</w><w n="12">ṭa</w><w n="13">śa</w><w n="14">bde</w><w n="15" lemma="na">na </w><w n="16">bra</w><w n="17">hma</w><w n="18">dra</w><w n="19" lemma="vyaṃ">vyam </w><w n="20">a</w><w n="21">bhi</w><w n="22">mu</w><w n="23">khī</w><w n="24">kri</w><w n="25">ya</w><w n="26" lemma="te">te || </w><w n="27">pa</w><w n="28">ṭā</w><w n="29">kā</w><w n="30">ro</w><w n="31">pa</w><w n="32">dhā</w><w n="33">ne</w><w n="34" lemma="na">na </w><w n="35" lemma="tu">tu </w><w n="36">pa</w><w n="37">ṭa</w><w n="38">śa</w><w n="39">bde</w><w n="40">ne</w><w n="41">tyā</w><w n="42" lemma="di">di </w><w n="43">u</w><w n="44">pā</w><w n="45">dhi</w><w n="46">rū</w><w n="47">po</w><w n="48">pa</w><w n="49">hi</w><w n="50">ta</w><w n="51">vi</w><w n="52">ve</w><w n="53">ki</w><w n="54" lemma="tvaṃ">tvaṃm </w><w n="55">a</w><w n="56">bhi</w><w n="57">dhā</w><w n="58">nī</w><w n="59" lemma="yaṃ">yaṃ || </w><w n="60">ta</w><w n="61" lemma="tya">d ya</w><w n="62" lemma="thā">thā || </w><w n="63">nā</w><w n="64">ḍi</w><w n="65">kā</w><w n="66">su</w><w n="67">ṣi</w><w n="68">ra</w><w n="69">va</w><w n="70">rtma</w><w n="71">ni</w><w n="72">hi</w><w n="73">ta</w><w n="74">na</w><w n="75">ya</w><w n="76" lemma="nāḥ">nās </w><w n="77">ta</w><w n="78">da</w><w n="79">va</w><w n="80">kā</w><w n="81">śā</w><w n="82">va</w><w n="83">sthi</w><w n="84" lemma="taṃ">tam </w><w n="85">e</w><w n="86">va</w><w n="87">rtha</w><w n="88">bhā</w><w n="89" lemma="gaṃ">gaṃ </w><w n="90">va</w><w n="91">śyaṃ</w><w n="92" lemma="ti">ti </w><w n="93">ya</w><w n="94">thā</w><w n="95"></w><w n="96"></w><w n="97">ca</w><w n="98">dhi</w><w n="99" lemma="naṃ">naṃ </w><w n="100">dṛ</w><w n="101"></w><w n="102"></w><w n="103" lemma="khśa">k_śa</w><w n="104">kti</w><w n="105" lemma="bhiḥ">bhir </w><w n="106">ā</w><w n="107">kā</w><w n="108">ra</w><w n="109">bhe</w><w n="110" lemma="daiḥ">dair </w><w n="111">e</w><w n="112" lemma="va">va </w><w n="113">va</w><w n="114">stū</w><w n="115">pa</w><w n="116">la</w><w n="117">kṣya</w><w n="118" lemma="te">te </w><w n="119">ta</w><w n="120">thai</w><w n="121" lemma="va">va </w><w n="122"></w><w n="123">ya</w><w n="124">thā</w><w n="125">dhya</w><w n="126">va</w><w n="127">sā</w><w n="128" lemma="yaṃ">yaṃ </w><w n="129">śa</w><w n="130">bda</w><w n="131">ni</w><w n="132">ve</w><w n="133">śā</w><w n="134">cha</w><w n="135"></w><w n="136" lemma="bdaiḥ">bdair </w><w n="137">a</w><w n="138">bhi</w><w n="139">dhī</w><w n="140">ya</w><w n="141" lemma="ta">ta </w><w n="142">i</w><w n="143" lemma="tya">ty a</w><w n="144" lemma="rthaḥ">rthaḥ || </w>
</text></TEI>
<TEI n="O">
<text>
<w n="0">gha</w><w n="1">ṭā</w><w n="2">kā</w><w n="3">ro</w><w n="4">pa</w><w n="5">dhā</w><w n="6" lemma="ne">ne </w><w n="7">pu</w><w n="8">raḥ</w><w n="9">sa</w><w n="10" lemma="raṃ">raṃ </w><w n="11">gha</w><w n="12">ṭa</w><w n="13">śa</w><w n="14">bde</w><w n="15" lemma="na">na </w><w n="16">bra</w><w n="17">hma</w><w n="18">dra</w><w n="19" lemma="vyaṃ">vyam </w><w n="20">a</w><w n="21">bhi</w><w n="22">mu</w><w n="23">khī</w><w n="24">kri</w><w n="25">ya</w><w n="26" lemma="te">te </w><w n="27">pa</w><w n="28">ṭā</w><w n="29">kā</w><w n="30">ro</w><w n="31">pa</w><w n="32">dhā</w><w n="33">ne</w><w n="34" lemma="na">na </w><w n="35" lemma="tu">tu </w><w n="36">pa</w><w n="37">ṭa</w><w n="38">śa</w><w n="39">bde</w><w n="40">ne</w><w n="41">tyā</w><w n="42" lemma="dyu">dy u</w><w n="43"></w><w n="44">pā</w><w n="45">dhi</w><w n="46">rū</w><w n="47">po</w><w n="48">pa</w><w n="49">hi</w><w n="50">ta</w><w n="51">vi</w><w n="52">ve</w><w n="53">ki</w><w n="54" lemma="tvaṃ">tvam </w><w n="55">a</w><w n="56">bhi</w><w n="57">dhā</w><w n="58">nī</w><w n="59" lemma="yaṃ">yaṃ | </w><w n="60">ta</w><w n="61" lemma="tya">d ya</w><w n="62" lemma="thā">thā </w><w n="63">nā</w><w n="64">ḍi</w><w n="65">kā</w><w n="66">su</w><w n="67">ṣi</w><w n="68">ra</w><w n="69">va</w><w n="70">rtma</w><w n="71">ni</w><w n="72">hi</w><w n="73">ta</w><w n="74">na</w><w n="75">ya</w><w n="76" lemma="nāḥ">nās </w><w n="77">ta</w><w n="78">da</w><w n="79">va</w><w n="80">kā</w><w n="81">śā</w><w n="82">va</w><w n="83">sthi</w><w n="84" lemma="taṃ">tam </w><w n="85">e</w><w n="86">vā</w><w n="87" lemma="rtha">rttha</w><w n="88">bhā</w><w n="89" lemma="gaṃ">gaṃ </w><w n="90">pa</w><w n="91">śyaṃ</w><w n="92" lemma="ti">ti </w><w n="93">ta</w><w n="94">thā</w><w n="95"></w><w n="96"></w><w n="97">va</w><w n="98">di</w><w n="99" lemma="naṃ">naṃ </w><w n="100">dṛ</w><w n="101"></w><w n="102"></w><w n="103" lemma="khśa">k_śa</w><w n="104">kti</w><w n="105" lemma="rbhiḥ">rbhir </w><w n="106">ā</w><w n="107">kā</w><w n="108">ra</w><w n="109">bhe</w><w n="110" lemma="daiḥ">dair </w><w n="111">e</w><w n="112" lemma="va">va </w><w n="113">va</w><w n="114">stū</w><w n="115">pa</w><w n="116">la</w><w n="117">kṣya</w><w n="118" lemma="te">te </w><w n="119">ta</w><w n="120">thai</w><w n="121" lemma="va">va </w><w n="122"></w><w n="123">ya</w><w n="124">thā</w><w n="125">dhya</w><w n="126">va</w><w n="127">sā</w><w n="128" lemma="yaṃ">yaṃ </w><w n="129">śa</w><w n="130">bda</w><w n="131">ni</w><w n="132">ve</w><w n="133">śā</w><w n="134" lemma="cha">c cha</w><w n="135"></w><w n="136" lemma="bdaiḥ">bdair </w><w n="137">a</w><w n="138">bhi</w><w n="139">dhī</w><w n="140">ya</w><w n="141" lemma="ta">ta </w><w n="142">i</w><w n="143" lemma="tya">ty a</w><w n="144" lemma="rthaḥ">rtthaḥ | </w>
</text></TEI>
<TEI n="A">
<text>
<w n="0">gha</w><w n="1">ṭā</w><w n="2">kā</w><w n="3">ro</w><w n="4">pa</w><w n="5">dhā</w><w n="6">na</w><w n="7">pu</w><w n="8">raḥ</w><w n="9">sa</w><w n="10" lemma="raṃ">raṃ </w><w n="11">gha</w><w n="12">ṭa</w><w n="13">śa</w><w n="14">bde</w><w n="15" lemma="na">na </w><w n="16">bra</w><w n="17">hma</w><w n="18">dra</w><w n="19" lemma="vyaṃ">vyam </w><w n="20">a</w><w n="21">bhi</w><w n="22">mu</w><w n="23">khī</w><w n="24">kri</w><w n="25">ya</w><w n="26" lemma="te">te </w><w n="27">pa</w><w n="28">ṭā</w><w n="29">kā</w><w n="30">ro</w><w n="31">pa</w><w n="32">dhā</w><w n="33">ne</w><w n="34" lemma="na">na </w><w n="35" lemma="tu">tu </w><w n="36">pa</w><w n="37">ṭha</w><w n="38">śa</w><w n="39">bde</w><w n="40">ne</w><w n="41">tyā</w><w n="42" lemma="dyu">dy u</w><w n="43"></w><w n="44">pā</w><w n="45">dhi</w><w n="46">rū</w><w n="47">po</w><w n="48">pa</w><w n="49">hi</w><w n="50">ta</w><w n="51">vi</w><w n="52">ve</w><w n="53">ki</w><w n="54" lemma="tvaṃ">tvam </w><w n="55">a</w><w n="56">bhi</w><w n="57">dhā</w><w n="58">nī</w><w n="59" lemma="yaṃ">yaṃ </w><w n="60">ta</w><w n="61" lemma="tya">d ya</w><w n="62" lemma="thā">thā </w><w n="63">nā</w><w n="64">ḍi</w><w n="65">kā</w><w n="66">śu</w><w n="67" lemma="yi">yi_</w><w n="68">i</w><w n="69">va</w><w n="70">rtma</w><w n="71">ni</w><w n="72">hi</w><w n="73">ta</w><w n="74">na</w><w n="75">ya</w><w n="76" lemma="nāḥ">nās </w><w n="77">ta</w><w n="78">da</w><w n="79">va</w><w n="80">kā</w><w n="81">śā</w><w n="82">va</w><w n="83">sthi</w><w n="84" lemma="taṃ">tam </w><w n="85">e</w><w n="86">vā</w><w n="87">rtha</w><w n="88">bhā</w><w n="89" lemma="gaṃ">gaṃ </w><w n="90">pa</w><w n="91">śyaṃ</w><w n="92" lemma="ti">ti </w><w n="93">ta</w><w n="94">thā</w><w n="95">vi</w><w n="96">dyā</w><w n="97">va</w><w n="98" lemma="chiṃ">cchin</w><w n="99">na</w><w n="100">pṛ</w><w n="101">tha</w><w n="102"></w><w n="103" lemma="khśa">k_śa</w><w n="104">kti</w><w n="105" lemma="bhiḥ">bhir </w><w n="106">ā</w><w n="107">kā</w><w n="108">ra</w><w n="109">me</w><w n="110" lemma="daiḥ">dair </w><w n="111">e</w><w n="112" lemma="va">va </w><w n="113">va</w><w n="114">stū</w><w n="115">pa</w><w n="116">la</w><w n="117">kṣya</w><w n="118" lemma="te">te </w><w n="119">ta</w><w n="120">thai</w><w n="121" lemma="va">va </w><w n="122" lemma="ca">ca </w><w n="123">ya</w><w n="124">thā</w><w n="125">dhya</w><w n="126">va</w><w n="127">sā</w><w n="128" lemma="yaṃ">yaṃ </w><w n="129">śa</w><w n="130">bda</w><w n="131">ni</w><w n="132">ve</w><w n="133">śā</w><w n="134">cha</w><w n="135"></w><w n="136" lemma="bdaiḥ">bdair </w><w n="137">a</w><w n="138">bhi</w><w n="139">dhī</w><w n="140">ya</w><w n="141" lemma="ta">ta </w><w n="142">i</w><w n="143" lemma="tya">ty a</w><w n="144" lemma="rthaḥ">rthaḥ </w>
</text></TEI>
<TEI n="V">
<text>
<w n="0">gha</w><w n="1">ṭā</w><w n="2">kā</w><w n="3">do</w><w n="4">pa</w><w n="5">dhā</w><w n="6">na</w><w n="7">pu</w><w n="8">raḥ</w><w n="9">sa</w><w n="10" lemma="raṃ">raṃ </w><w n="11">gha</w><w n="12">ṭa</w><w n="13">śa</w><w n="14">bde</w><w n="15" lemma="na">na </w><w n="16">bra</w><w n="17">hma</w><w n="18">dra</w><w n="19" lemma="vyaṃ">vyam </w><w n="20">a</w><w n="21">bhi</w><w n="22">mu</w><w n="23">khī</w><w n="24">kri</w><w n="25">ya</w><w n="26" lemma="te">te </w><w n="27">pa</w><w n="28">ṭā</w><w n="29">kā</w><w n="30">ro</w><w n="31">pa</w><w n="32">dhā</w><w n="33">ne</w><w n="34" lemma="na">na </w><w n="35" lemma="tu">tu </w><w n="36">pa</w><w n="37">ṭa</w><w n="38">śa</w><w n="39">bde</w><w n="40">ne</w><w n="41">tvā</w><w n="42" lemma="dyu">dy u</w><w n="43"></w><w n="44">pā</w><w n="45">dhi</w><w n="46">rū</w><w n="47">po</w><w n="48">pa</w><w n="49">hi</w><w n="50">ta</w><w n="51">vi</w><w n="52">ve</w><w n="53">ki</w><w n="54" lemma="tvaṃ">tvam </w><w n="55">a</w><w n="56">bhi</w><w n="57">dhā</w><w n="58">nī</w><w n="59" lemma="yaṃ">yaṃ </w><w n="60">ta</w><w n="61" lemma="tya">d ya</w><w n="62" lemma="thā">thā </w><w n="63">nā</w><w n="64">ḍi</w><w n="65">kā</w><w n="66"></w><w n="67"></w><w n="68">ra</w><w n="69"></w><w n="70"></w><w n="71"></w><w n="72"></w><w n="73"></w><w n="74"></w><w n="75"></w><w n="76"></w><w n="77"></w><w n="78"></w><w n="79"></w><w n="80"></w><w n="81"></w><w n="82"></w><w n="83"></w><w n="84"></w><w n="85"></w><w n="86"></w><w n="87"></w><w n="88"></w><w n="89"></w><w n="90"></w><w n="91"></w><w n="92"></w><w n="93"></w><w n="94"></w><w n="95"></w><w n="96"></w><w n="97"></w><w n="98"></w><w n="99"></w><w n="100"></w><w n="101"></w><w n="102"></w><w n="103"></w><w n="104"></w><w n="105"></w><w n="106"></w><w n="107"></w><w n="108"></w><w n="109">bhe</w><w n="110" lemma="daiḥ">dair </w><w n="111">e</w><w n="112" lemma="va">va </w><w n="113">va</w><w n="114">stū</w><w n="115">pa</w><w n="116">la</w><w n="117">kṣya</w><w n="118" lemma="te">te </w><w n="119">ta</w><w n="120">thai</w><w n="121" lemma="va">va </w><w n="122" lemma="ca">ca </w><w n="123">ya</w><w n="124">thā</w><w n="125">dhya</w><w n="126">va</w><w n="127">sā</w><w n="128" lemma="yaṃ">yaṃ </w><w n="129">śa</w><w n="130">bda</w><w n="131">ni</w><w n="132">ve</w><w n="133">śā</w><w n="134">cha</w><w n="135"></w><w n="136" lemma="bdaiḥ">bdair </w><w n="137">a</w><w n="138">bhi</w><w n="139">dhā</w><w n="140">ya</w><w n="141" lemma="ta">ta </w><w n="142">i</w><w n="143" lemma="tya">ty a</w><w n="144" lemma="rthaḥ">rthaḥ </w>
</text></TEI>
<TEI n="K">
<text>
<w n="0">gha</w><w n="1">ṭā</w><w n="2">kā</w><w n="3">do</w><w n="4">pa</w><w n="5">dhā</w><w n="6">na</w><w n="7">pu</w><w n="8">raḥ</w><w n="9">sa</w><w n="10" lemma="raṃ">raṃ </w><w n="11">gha</w><w n="12">ṭa</w><w n="13">śa</w><w n="14">bde</w><w n="15" lemma="na">na </w><w n="16">bra</w><w n="17">hma</w><w n="18">dra</w><w n="19" lemma="vyaṃ">vyam </w><w n="20">a</w><w n="21">bhi</w><w n="22">mu</w><w n="23">khī</w><w n="24">kri</w><w n="25">ya</w><w n="26" lemma="te">te </w><w n="27">pa</w><w n="28">ṭā</w><w n="29">kā</w><w n="30">ro</w><w n="31">pa</w><w n="32">dhā</w><w n="33">ne</w><w n="34" lemma="na">na </w><w n="35" lemma="tu">tu </w><w n="36">pa</w><w n="37">ṭa</w><w n="38">śa</w><w n="39">bde</w><w n="40">ne</w><w n="41">tvā</w><w n="42" lemma="dyu">dy u</w><w n="43"></w><w n="44">pā</w><w n="45">dhi</w><w n="46">rū</w><w n="47">po</w><w n="48">pa</w><w n="49">hi</w><w n="50">ta</w><w n="51">vi</w><w n="52">ve</w><w n="53">ki</w><w n="54" lemma="tvaṃ">tvam </w><w n="55">a</w><w n="56">bhi</w><w n="57">dhā</w><w n="58">nī</w><w n="59" lemma="yaṃ">yaṃ | </w><w n="60">ta</w><w n="61" lemma="tya">d ya</w><w n="62" lemma="thā">thā </w><w n="63">nā</w><w n="64">ḍi</w><w n="65">kā</w><w n="66">śu</w><w n="67">ṣi</w><w n="68">ra</w><w n="69">va</w><w n="70">rtma</w><w n="71">ni</w><w n="72">hi</w><w n="73">ta</w><w n="74">na</w><w n="75">ya</w><w n="76" lemma="nāḥ">nās </w><w n="77">ta</w><w n="78">da</w><w n="79">va</w><w n="80">kā</w><w n="81">śā</w><w n="82">va</w><w n="83">schi</w><w n="84" lemma="taṃ">tam </w><w n="85">e</w><w n="86">vā</w><w n="87">rtha</w><w n="88">bhā</w><w n="89" lemma="gaṃ">gaṃ </w><w n="90">pa</w><w n="91">śyaṃ</w><w n="92" lemma="ti">ti </w><w n="93">ta</w><w n="94">thā</w><w n="95">vi</w><w n="96">dyā</w><w n="97">va</w><w n="98" lemma="chiṃ">chin</w><w n="99">na</w><w n="100">pṛ</w><w n="101">tha</w><w n="102"></w><w n="103" lemma="khśa">k_śa</w><w n="104">kti</w><w n="105" lemma="bhiḥ">bhir </w><w n="106">ā</w><w n="107">kā</w><w n="108">ra</w><w n="109">bhe</w><w n="110" lemma="daiḥ">dair </w><w n="111">e</w><w n="112" lemma="va">va </w><w n="113">va</w><w n="114">stū</w><w n="115">pa</w><w n="116">la</w><w n="117">kṣya</w><w n="118" lemma="te">te </w><w n="119">ta</w><w n="120">thai</w><w n="121" lemma="va">va </w><w n="122" lemma="ca">ca </w><w n="123">ya</w><w n="124">thā</w><w n="125">dhya</w><w n="126">va</w><w n="127">sā</w><w n="128" lemma="yaṃ">yaṃ </w><w n="129">śa</w><w n="130">bda</w><w n="131">ni</w><w n="132">ve</w><w n="133">śā</w><w n="134">cha</w><w n="135"></w><w n="136" lemma="bdaiḥ">bdair </w><w n="137">a</w><w n="138">bhi</w><w n="139">dhā</w><w n="140">ya</w><w n="141" lemma="ta">ta </w><w n="142">i</w><w n="143" lemma="tya">ty a</w><w n="144" lemma="rthaḥ">rthaḥ </w>
</text></TEI>
<TEI n="D">
<text>
<w n="0">gha</w><w n="1">ṭā</w><w n="2">kā</w><w n="3">ro</w><w n="4">pa</w><w n="5">dhā</w><w n="6">na</w><w n="7">pu</w><w n="8">raḥ</w><w n="9">sa</w><w n="10" lemma="raṃ">raṃ </w><w n="11">gha</w><w n="12">ṭa</w><w n="13">śa</w><w n="14">bde</w><w n="15" lemma="na">na </w><w n="16">bra</w><w n="17">hma</w><w n="18">dra</w><w n="19" lemma="vyaṃ">vyam </w><w n="20">a</w><w n="21">bhi</w><w n="22">mu</w><w n="23">khī</w><w n="24">kri</w><w n="25">ya</w><w n="26" lemma="te">te </w><w n="27">pa</w><w n="28">ṭā</w><w n="29">kā</w><w n="30">ro</w><w n="31">pa</w><w n="32">dhā</w><w n="33">ne</w><w n="34" lemma="na">na </w><w n="35" lemma="tu">tu </w><w n="36">pa</w><w n="37">ṭa</w><w n="38">śa</w><w n="39">bde</w><w n="40">ne</w><w n="41">tyā</w><w n="42" lemma="dyu">dy u</w><w n="43"></w><w n="44">pā</w><w n="45">dhi</w><w n="46">rū</w><w n="47">po</w><w n="48">pa</w><w n="49">hi</w><w n="50">ta</w><w n="51">vi</w><w n="52">ve</w><w n="53">ki</w><w n="54" lemma="tvaṃ">tvam </w><w n="55">a</w><w n="56">bhi</w><w n="57">dhā</w><w n="58">nī</w><w n="59" lemma="yaṃ">yaṃ | </w><w n="60">ta</w><w n="61" lemma="tya">d ya</w><w n="62" lemma="thā">thā </w><w n="63">nā</w><w n="64">ḍi</w><w n="65">kā</w><w n="66">śu</w><w n="67">ṣi</w><w n="68">ra</w><w n="69">va</w><w n="70">rtma</w><w n="71">ni</w><w n="72">hi</w><w n="73">ta</w><w n="74">na</w><w n="75">ya</w><w n="76" lemma="nāḥ">nās </w><w n="77">ta</w><w n="78">da</w><w n="79">va</w><w n="80">kā</w><w n="81">śā</w><w n="82">va</w><w n="83">sthi</w><w n="84" lemma="taṃ">tam </w><w n="85">e</w><w n="86">vā</w><w n="87">rtha</w><w n="88">bhā</w><w n="89" lemma="gaṃ">gaṃ </w><w n="90">pa</w><w n="91">śyaṃ</w><w n="92" lemma="ti">ti </w><w n="93">ta</w><w n="94">thā</w><w n="95">vi</w><w n="96">dyā</w><w n="97">va</w><w n="98" lemma="chiṃ">cchin</w><w n="99">na</w><w n="100">pṛ</w><w n="101">tha</w><w n="102"></w><w n="103" lemma="khśa">k_śa</w><w n="104">kti</w><w n="105" lemma="bhiḥ">bhir </w><w n="106">ā</w><w n="107">kā</w><w n="108">ra</w><w n="109">bhe</w><w n="110" lemma="daiḥ">dair </w><w n="111">e</w><w n="112" lemma="va">va </w><w n="113">va</w><w n="114">stū</w><w n="115">pa</w><w n="116">la</w><w n="117">kṣya</w><w n="118" lemma="te">te </w><w n="119">ta</w><w n="120">thai</w><w n="121" lemma="va">va </w><w n="122" lemma="ca">ca </w><w n="123">ya</w><w n="124">thā</w><w n="125">dhya</w><w n="126">va</w><w n="127">sā</w><w n="128" lemma="yaṃ">yaṃ </w><w n="129">śa</w><w n="130">bda</w><w n="131">ni</w><w n="132">ve</w><w n="133">śā</w><w n="134">cha</w><w n="135"></w><w n="136" lemma="bdaiḥ">bdair </w><w n="137">a</w><w n="138">bhi</w><w n="139">dhī</w><w n="140">ya</w><w n="141" lemma="ta">ta </w><w n="142">i</w><w n="143" lemma="tya">ty a</w><w n="144" lemma="rthaḥ">rthaḥ | </w>
</text></TEI>
</teiCorpus>
