<?xml version="1.0" encoding="UTF-8"?>
<teiCorpus xmlns="http://www.tei-c.org/ns/1.0">

<TEI n="GV">
<text>
<w n="0" lemma="bhā">|| bhā</w><w n="1">vā</w><w n="2">bhā</w><w n="3">vā</w><w n="4">vi</w><w n="5">kā</w><w n="6">rā</w><w n="7">va</w><w n="8">bhā</w><w n="9">sa</w><w n="10">ja</w><w n="11">na</w><w n="12">na</w><w n="13">śa</w><w n="14" lemma="kti">kti </w><w n="15">ta</w><w n="16" lemma="te">d e</w><w n="17">vā</w><w n="18" lemma="sti">sti </w><w n="19">nā</w><w n="20" lemma="sti">sti </w><w n="21"></w><w n="22" lemma="ca">ca </w><w n="23">sa</w><w n="24">tā</w><w n="25">sa</w><w n="26">to</w><w n="27">pā</w><w n="28">dhi</w><w n="29">ka</w><w n="30">vya</w><w n="31">va</w><w n="32">hā</w><w n="33"></w><w n="34"></w><w n="35"></w><w n="36">ra</w><w n="37">sa</w><w n="38"></w><w n="39" lemma="tbhā">d bhā</w><w n="40">va</w><w n="41" lemma="taḥ">tas </w><w n="42">ta</w><w n="43" lemma="nniḥ">n niḥ</w><w n="44">sa</w><w n="45">ttāṃ</w><w n="46">sa</w><w n="47" lemma="tvaṃ">tvaṃ </w><w n="48">niḥ</w><w n="49"></w><w n="50">sa</w><w n="51">da</w><w n="52">sa</w><w n="53" lemma="tpa">t pa</w><w n="54" lemma="raṃ">raṃ </w><w n="55">vra</w><w n="56" lemma="hma">hma </w><w n="57">vyā</w><w n="58">va</w><w n="59">hā</w><w n="60">ri</w><w n="61" lemma="kaṃ">kaṃ </w><w n="62">cai</w><w n="63">kā</w><w n="64">na</w><w n="65">ka</w><w n="66">vya</w><w n="67">va</w><w n="68">hā</w><w n="69" lemma="raṃ">raṃ </w><w n="70">jā</w><w n="71">ti</w><w n="72">vya</w><w n="73">ktyā</w><w n="74">tma</w><w n="75" lemma="nā">nā </w><w n="76">ta</w><w n="77" lemma="te">d e</w><w n="78" lemma="va">va </w><w n="79">va</w><w n="80">rta</w><w n="81">ya</w><w n="82" lemma="ti">ti | </w><w n="83">saṃ</w><w n="84">khyo</w><w n="85">pā</w><w n="86">dhi</w><w n="87" lemma="kaṃ">kam </w><w n="88">a</w><w n="89" lemma="pi">pi </w><w n="90" lemma="ca">ca | </w><w n="91">e</w><w n="92" lemma="vaṃ">vaṃ </w><w n="93">saṃ</w><w n="94">yo</w><w n="95">go</w><w n="96">pā</w><w n="97">dhi</w><w n="98" lemma="kaṃ">kam </w><w n="99">a</w><w n="100" lemma="pi">pi </w><w n="101" lemma="ca">ca || </w><w n="102">a</w><w n="103">nya</w><w n="104">saṃ</w><w n="105">sa</w><w n="106">rgi</w><w n="107">ta</w><w n="108">yā</w><w n="109">va</w><w n="110">bhā</w><w n="111">sa</w><w n="112">nā</w><w n="113" lemma="te">t | e</w><w n="114" lemma="vaṃ">vaṃ </w><w n="115">vi</w><w n="116">ve</w><w n="117">kā</w><w n="118">va</w><w n="119">sā</w><w n="120" lemma="yaḥ">yaḥ </w><w n="121">ta</w><w n="122" lemma="tra">tra </w><w n="123">ya</w><w n="124" lemma="thā">thā </w><w n="125">sa</w><w n="126">ma</w><w n="127">sta</w><w n="128">vi</w><w n="129">kā</w><w n="130">rā</w><w n="131">tma</w><w n="132" lemma="nā">nā </w><w n="133">ja</w><w n="134">nya</w><w n="135">mā</w><w n="136" lemma="naṃ">nam </w><w n="137">i</w><w n="138">vā</w><w n="139">kā</w><w n="140">śā</w><w n="141">dyā</w><w n="142">tma</w><w n="143" lemma="nā">nā </w><w n="144">kū</w><w n="145">ṭa</w><w n="146" lemma="stha">stha </w><w n="147">ta</w><w n="148"></w><w n="149"></w><w n="150" lemma="te">d e</w><w n="151">vā</w><w n="152">va</w><w n="153">bhā</w><w n="154">sa</w><w n="155" lemma="ta">ta </w><w n="156">i</w><w n="157" lemma="ti">ti </w><w n="158"></w><w n="159"></w><w n="160">ta</w><w n="161">dā</w><w n="162">tmai</w><w n="163" lemma="va">va </w><w n="164">ta</w><w n="165"></w><w n="166" lemma="tvaṃ">tvam </w><w n="167">i</w><w n="168" lemma="tyu">ty u</w><w n="169" lemma="ktaṃ">ktaṃ </w>
</text></TEI>
<TEI n="CT">
<text>
<w n="0">bhā</w><w n="1">vā</w><w n="2">bhā</w><w n="3">vā</w><w n="4"></w><w n="5">kā</w><w n="6">ra</w><w n="7"></w><w n="8">bhā</w><w n="9">sa</w><w n="10">ja</w><w n="11">na</w><w n="12">na</w><w n="13" lemma="śa">śa-</w><w n="14" lemma="kti">kti </w><w n="15">ta</w><w n="16" lemma="te">d e</w><w n="17">vā</w><w n="18" lemma="sti">sti </w><w n="19">nā</w><w n="20">stī</w><w n="21" lemma="ti">ti </w><w n="22" lemma="ca">ca </w><w n="23">sa</w><w n="24">ttā</w><w n="25">sa</w><w n="26">tto</w><w n="27">pā</w><w n="28" lemma="dhi">dhi-</w><w n="29">ka</w><w n="30">vya</w><w n="31">va</w><w n="32">hā</w><w n="33"></w><w n="34"></w><w n="35"></w><w n="36">ra</w><w n="37">sa</w><w n="38" lemma="haṃ">haṃ </w><w n="39">bhā</w><w n="40">va</w><w n="41" lemma="taḥ">tas </w><w n="42" lemma="tu">tu </w><w n="43" lemma="niḥ">nis</w><w n="44">sa</w><w n="45">ktā</w><w n="46">sa</w><w n="47" lemma="ktaṃ">ktaṃ </w><w n="48">ni</w><w n="49">daḥ</w><w n="50">sa</w><w n="51">da</w><w n="52">sa</w><w n="53" lemma="tpa">t pa</w><w n="54" lemma="raṃ">raṃ </w><w n="55">bra</w><w n="56" lemma="hma">hma | </w><w n="57">vyā</w><w n="58">va</w><w n="59">hā</w><w n="60">ri</w><w n="61" lemma="kaṃ">kaṃ </w><w n="62">cai</w><w n="63">kā</w><w n="64" lemma="ne">ne-</w><w n="65">ka</w><w n="66">vya</w><w n="67">va</w><w n="68">hā</w><w n="69" lemma="raṃ">raṃ </w><w n="70">jā</w><w n="71">ti</w><w n="72">vya</w><w n="73">ktā</w><w n="74">tma</w><w n="75" lemma="nā">nā </w><w n="76">ta</w><w n="77" lemma="te">d e</w><w n="78" lemma="va">va </w><w n="79">va</w><w n="80" lemma="rta">rta-</w><w n="81">ya</w><w n="82" lemma="ti">ti&#183; </w><w n="83">saṃ</w><w n="84">khyo</w><w n="85">pā</w><w n="86">dhi</w><w n="87" lemma="kaṃ">kam </w><w n="88">a</w><w n="89" lemma="pi">pi </w><w n="90" lemma="ca">ca </w><w n="91">e</w><w n="92" lemma="vaṃ">vaṃ </w><w n="93">saṃ</w><w n="94">yo</w><w n="95" lemma="go">go-</w><w n="96">pā</w><w n="97">dhi</w><w n="98" lemma="kaṃ">kam </w><w n="99">a</w><w n="100" lemma="pi">pi </w><w n="101"></w><w n="102">a</w><w n="103">nya</w><w n="104">saṃ</w><w n="105">sa</w><w n="106">rgi</w><w n="107">ta</w><w n="108">yā</w><w n="109">va</w><w n="110">bhā</w><w n="111">sa</w><w n="112">nā</w><w n="113" lemma="te">t e</w><w n="114" lemma="vaṃ">vaṃ </w><w n="115">vi</w><w n="116">ve</w><w n="117">kā</w><w n="118">va</w><w n="119">sā</w><w n="120" lemma="yaḥ">yas </w><w n="121">ta</w><w n="122" lemma="tra">tra </w><w n="123">ta</w><w n="124" lemma="thā">thā </w><w n="125">sa</w><w n="126">ma</w><w n="127">sta</w><w n="128">vi</w><w n="129" lemma="kā">kā-</w><w n="130">rā</w><w n="131">tma</w><w n="132" lemma="nā">nā </w><w n="133">ja</w><w n="134">nya</w><w n="135">mā</w><w n="136" lemma="naṃ">nam </w><w n="137">i</w><w n="138">vā</w><w n="139">kā</w><w n="140">śā</w><w n="141">dyā</w><w n="142">tma</w><w n="143" lemma="nā">nā </w><w n="144">kū</w><w n="145" lemma="ṭa">ṭa-</w><w n="146">stha</w><w n="147">ta</w><w n="148" lemma="yā">yā </w><w n="149">ta</w><w n="150" lemma="te">d e</w><w n="151">vā</w><w n="152">va</w><w n="153">bhā</w><w n="154">sa</w><w n="155" lemma="ta">ta </w><w n="156">i</w><w n="157" lemma="ti">ti </w><w n="158">i</w><w n="159" lemma="ti">ti </w><w n="160">ta</w><w n="161">dā</w><w n="162">tmai</w><w n="163" lemma="va">va </w><w n="164">ta</w><w n="165" lemma="tta">t ta</w><w n="166" lemma="tvaṃ">tvam </w><w n="167">i</w><w n="168" lemma="tyu">ty u</w><w n="169" lemma="ktaṃ">ktam |</w>
</text></TEI>
<TEI n="T">
<text>
<w n="0">bhā</w><w n="1">vā</w><w n="2">bhā</w><w n="3">vā</w><w n="4"></w><w n="5">kā</w><w n="6">rā</w><w n="7"></w><w n="8">bhā</w><w n="9">sa</w><w n="10">ja</w><w n="11">na</w><w n="12">na</w><w n="13">śa</w><w n="14" lemma="kti">kti </w><w n="15">ta</w><w n="16" lemma="te">d e</w><w n="17">vā</w><w n="18" lemma="sti">sti </w><w n="19">nā</w><w n="20">stī</w><w n="21" lemma="ti">ti </w><w n="22" lemma="ca">ca </w><w n="23">sa</w><w n="24">ttā</w><w n="25">sa</w><w n="26">tto</w><w n="27">pā</w><w n="28">dhi</w><w n="29">ka</w><w n="30">vya</w><w n="31">va</w><w n="32">hā</w><w n="33"></w><w n="34"></w><w n="35"></w><w n="36">ra</w><w n="37">sa</w><w n="38" lemma="haṃ">haṃ </w><w n="39">bhā</w><w n="40">va</w><w n="41" lemma="taḥ">tas </w><w n="42" lemma="tu">tu </w><w n="43" lemma="niḥ">nis</w><w n="44">sa</w><w n="45">ttā</w><w n="46">sa</w><w n="47">tta</w><w n="48" lemma="nniḥ">n nis</w><w n="49"></w><w n="50">sa</w><w n="51">da</w><w n="52">sa</w><w n="53" lemma="tpa">t_ pa</w><w n="54" lemma="raṃ">raṃ </w><w n="55">bra</w><w n="56" lemma="hma">hma </w><w n="57">vyā</w><w n="58">va</w><w n="59">hā</w><w n="60">ri</w><w n="61" lemma="kaṃ">kañ </w><w n="62">cai</w><w n="63">kā</w><w n="64">ne</w><w n="65">ka</w><w n="66">vya</w><w n="67">va</w><w n="68">hā</w><w n="69">ra</w><w n="70">jā</w><w n="71">ti</w><w n="72">vya</w><w n="73">ktyā</w><w n="74">tma</w><w n="75" lemma="nā">nā </w><w n="76">ta</w><w n="77" lemma="te">d e</w><w n="78" lemma="va">va </w><w n="79">va</w><w n="80" lemma="rta">rtta</w><w n="81">ya</w><w n="82" lemma="ti">ti </w><w n="83">saṃ</w><w n="84">khyo</w><w n="85">pā</w><w n="86">dhi</w><w n="87" lemma="kaṃ">kam </w><w n="88">a</w><w n="89" lemma="pi">pi </w><w n="90" lemma="ca">ca </w><w n="91">e</w><w n="92" lemma="vaṃ">vaṃ </w><w n="93">saṃ</w><w n="94">yo</w><w n="95">go</w><w n="96">pā</w><w n="97">dhi</w><w n="98" lemma="kaṃ">kam </w><w n="99">a</w><w n="100" lemma="pi">pi </w><w n="101"></w><w n="102">a</w><w n="103">nya</w><w n="104">saṃ</w><w n="105">sa</w><w n="106" lemma="rgi">rggi</w><w n="107">ta</w><w n="108">yā</w><w n="109">va</w><w n="110">bhā</w><w n="111">sa</w><w n="112">nā</w><w n="113" lemma="te">t_ e</w><w n="114" lemma="vaṃ">vaṃ </w><w n="115">vi</w><w n="116">ve</w><w n="117">kā</w><w n="118">va</w><w n="119">sā</w><w n="120" lemma="yaḥ">yas </w><w n="121">ta</w><w n="122" lemma="tra">tra </w><w n="123">ta</w><w n="124" lemma="thā">thā </w><w n="125">sa</w><w n="126">ma</w><w n="127">sta</w><w n="128">vi</w><w n="129">kā</w><w n="130">rā</w><w n="131">tma</w><w n="132" lemma="nā">nā </w><w n="133">ja</w><w n="134">nya</w><w n="135">mā</w><w n="136" lemma="naṃ">nam </w><w n="137">i</w><w n="138">vā</w><w n="139">kā</w><w n="140">śā</w><w n="141">dyā</w><w n="142">tma</w><w n="143" lemma="nā">nā </w><w n="144">kū</w><w n="145">ṭa</w><w n="146">stha</w><w n="147">ta</w><w n="148" lemma="yā">yā </w><w n="149">ta</w><w n="150" lemma="te">d e</w><w n="151"></w><w n="152" lemma="va">va </w><w n="153">bhā</w><w n="154">sa</w><w n="155" lemma="ta">ta </w><w n="156">i</w><w n="157" lemma="ti">ti </w><w n="158"></w><w n="159"></w><w n="160">ta</w><w n="161">dā</w><w n="162">tmai</w><w n="163" lemma="va">va </w><w n="164">ta</w><w n="165" lemma="tta">t ta</w><w n="166" lemma="tvaṃ">tvam </w><w n="167">i</w><w n="168" lemma="tyu">ty u</w><w n="169" lemma="ktaṃ">ktaṃ </w>
</text></TEI>
<TEI n="H">
<text>
<w n="0">bhā</w><w n="1">vā</w><w n="2">bhā</w><w n="3">va</w><w n="4">vi</w><w n="5">kā</w><w n="6">rā</w><w n="7">va</w><w n="8">bhā</w><w n="9">sa</w><w n="10">ja</w><w n="11">na</w><w n="12">na</w><w n="13">śa</w><w n="14" lemma="kti">kti </w><w n="15">ta</w><w n="16" lemma="te">d e</w><w n="17">vā</w><w n="18" lemma="sti">sti </w><w n="19">nā</w><w n="20">sti</w><w n="21" lemma="ti">ti </w><w n="22" lemma="ca">ca </w><w n="23">sa</w><w n="24">ttā</w><w n="25">sa</w><w n="26">tto</w><w n="27">pā</w><w n="28">dhi</w><w n="29">ka</w><w n="30">vya</w><w n="31">va</w><w n="32">hā</w><w n="33"></w><w n="34"></w><w n="35"></w><w n="36">ra</w><w n="37">sa</w><w n="38"></w><w n="39" lemma="tbhā">d bhā</w><w n="40">va</w><w n="41" lemma="taḥ">tas </w><w n="42">ta</w><w n="43" lemma="nniḥ">n niḥ</w><w n="44">sa</w><w n="45">ttā</w><w n="46">sa</w><w n="47" lemma="ttaṃ">ttaṃ </w><w n="48">niḥ</w><w n="49"></w><w n="50">sa</w><w n="51">da</w><w n="52">sa</w><w n="53" lemma="tpa">t pa</w><w n="54" lemma="raṃ">raṃ </w><w n="55">bra</w><w n="56" lemma="hma">hma </w><w n="57">vyā</w><w n="58">va</w><w n="59">hā</w><w n="60">ri</w><w n="61" lemma="kaṃ">kaṃ </w><w n="62">cai</w><w n="63">kā</w><w n="64">ne</w><w n="65">ka</w><w n="66">vya</w><w n="67">va</w><w n="68">hā</w><w n="69" lemma="ri">ri </w><w n="70">jā</w><w n="71">ti</w><w n="72">vya</w><w n="73">ktyā</w><w n="74">tma</w><w n="75" lemma="nā">nā </w><w n="76">ta</w><w n="77" lemma="te">d e</w><w n="78" lemma="va">va </w><w n="79">va</w><w n="80" lemma="rta">rtta</w><w n="81">ya</w><w n="82" lemma="ti">ti | </w><w n="83">saṃ</w><w n="84">khyo</w><w n="85">pā</w><w n="86">dhi</w><w n="87" lemma="kaṃ">kam </w><w n="88">a</w><w n="89" lemma="pi">pi </w><w n="90" lemma="ca">ca </w><w n="91">e</w><w n="92" lemma="vaṃ">vaṃ </w><w n="93">saṃ</w><w n="94">yo</w><w n="95">go</w><w n="96">pā</w><w n="97">dhi</w><w n="98" lemma="kaṃ">kam </w><w n="99">a</w><w n="100" lemma="pya">py a</w><w n="101"></w><w n="102"></w><w n="103">nya</w><w n="104">saṃ</w><w n="105">sa</w><w n="106">rgi</w><w n="107">ta</w><w n="108">yā</w><w n="109">va</w><w n="110">bhā</w><w n="111">sa</w><w n="112">nā</w><w n="113" lemma="te">d e</w><w n="114" lemma="vaṃ">vaṃ </w><w n="115">vi</w><w n="116">ve</w><w n="117">kā</w><w n="118">va</w><w n="119">sā</w><w n="120" lemma="yaḥ">yas </w><w n="121">ta</w><w n="122" lemma="tra">tra </w><w n="123">ta</w><w n="124" lemma="thā">thā </w><w n="125">sa</w><w n="126">ma</w><w n="127">sta</w><w n="128">vi</w><w n="129">kā</w><w n="130">rā</w><w n="131">tma</w><w n="132" lemma="nā">nā </w><w n="133">ja</w><w n="134">nya</w><w n="135">mā</w><w n="136" lemma="naṃ">nam </w><w n="137">i</w><w n="138">vā</w><w n="139">kā</w><w n="140">śā</w><w n="141">dyā</w><w n="142">tma</w><w n="143" lemma="nā">nā </w><w n="144">kū</w><w n="145">ṭa</w><w n="146">stha</w><w n="147">ta</w><w n="148" lemma="yā">yā </w><w n="149">ta</w><w n="150" lemma="te">d e</w><w n="151">vā</w><w n="152">va</w><w n="153">bhā</w><w n="154">sa</w><w n="155" lemma="ta">ta </w><w n="156">i</w><w n="157" lemma="ti">ti </w><w n="158"></w><w n="159"></w><w n="160">ta</w><w n="161">dā</w><w n="162">tmai</w><w n="163" lemma="va">va </w><w n="164">ta</w><w n="165"></w><w n="166" lemma="tvaṃ">tvam </w><w n="167">i</w><w n="168" lemma="tyu">ty u</w><w n="169" lemma="ktaṃ">ktaṃ | </w>
</text></TEI>
<TEI n="P">
<text>
<w n="0" lemma="bhā">| bhā</w><w n="1">vā</w><w n="2">bhā</w><w n="3">va</w><w n="4">vi</w><w n="5">kā</w><w n="6">rā</w><w n="7">va</w><w n="8">bhā</w><w n="9">sa</w><w n="10">ja</w><w n="11">na</w><w n="12">na</w><w n="13">śa</w><w n="14" lemma="kti">kti </w><w n="15">ta</w><w n="16" lemma="te">d e</w><w n="17">vā</w><w n="18" lemma="sti">sti </w><w n="19">nā</w><w n="20" lemma="sti">sti </w><w n="21"></w><w n="22" lemma="ca">ca </w><w n="23">sa</w><w n="24">tā</w><w n="25">sa</w><w n="26">to</w><w n="27">pā</w><w n="28">dhi</w><w n="29">ka</w><w n="30">vya</w><w n="31">va</w><w n="32">hā</w><w n="33"></w><w n="34"></w><w n="35"></w><w n="36">ra</w><w n="37">sa</w><w n="38"></w><w n="39" lemma="tbhā">d bhā</w><w n="40">va</w><w n="41" lemma="taḥ">tas </w><w n="42">ta</w><w n="43" lemma="nniḥ">n niḥ</w><w n="44">sa</w><w n="45">ttā</w><w n="46">sa</w><w n="47" lemma="tvaṃ">tvaṃ </w><w n="48">niḥ</w><w n="49"></w><w n="50">sa</w><w n="51">da</w><w n="52">sa</w><w n="53" lemma="tpa">t pa</w><w n="54" lemma="raṃ">raṃ </w><w n="55">bra</w><w n="56" lemma="hma">hma </w><w n="57">vyā</w><w n="58">va</w><w n="59">hā</w><w n="60">ri</w><w n="61" lemma="kaṃ">kaṃ </w><w n="62">cai</w><w n="63">kā</w><w n="64">na</w><w n="65">ka</w><w n="66">vya</w><w n="67">va</w><w n="68">hā</w><w n="69" lemma="raṃ">raṃ </w><w n="70">jā</w><w n="71">ti</w><w n="72">vya</w><w n="73">ktyā</w><w n="74">tma</w><w n="75" lemma="nā">nā </w><w n="76">ta</w><w n="77" lemma="te">d e</w><w n="78" lemma="va">va </w><w n="79">va</w><w n="80" lemma="rta">rtta</w><w n="81">ya</w><w n="82" lemma="ti">ti </w><w n="83">saṃ</w><w n="84">khyo</w><w n="85">pā</w><w n="86">dhi</w><w n="87" lemma="kaṃ">kam </w><w n="88">a</w><w n="89" lemma="pi">pi </w><w n="90" lemma="ca">ca </w><w n="91">e</w><w n="92" lemma="vaṃ">vaṃ </w><w n="93">saṃ</w><w n="94">yo</w><w n="95">go</w><w n="96">pā</w><w n="97">dhi</w><w n="98" lemma="kaṃ">kam </w><w n="99">a</w><w n="100" lemma="pi">pi </w><w n="101" lemma="ca">ca </w><w n="102">a</w><w n="103">nya</w><w n="104">saṃ</w><w n="105">sa</w><w n="106">rgi</w><w n="107">ta</w><w n="108">yā</w><w n="109">va</w><w n="110">bhā</w><w n="111">sa</w><w n="112">nā</w><w n="113" lemma="te">t e</w><w n="114" lemma="vaṃ">vaṃ </w><w n="115">vi</w><w n="116">ve</w><w n="117">kā</w><w n="118">va</w><w n="119">sā</w><w n="120" lemma="yaḥ">yaḥ </w><w n="121">ta</w><w n="122" lemma="tra">tra </w><w n="123">ya</w><w n="124" lemma="thā">thā </w><w n="125" lemma="sa">sa&#166;</w><w n="126">ma</w><w n="127">sta</w><w n="128">vi</w><w n="129">kā</w><w n="130">rā</w><w n="131">tma</w><w n="132" lemma="kā">kā </w><w n="133">ja</w><w n="134">nya</w><w n="135">mā</w><w n="136" lemma="naṃ">nam </w><w n="137">i</w><w n="138">vā</w><w n="139">kā</w><w n="140">śā</w><w n="141">dyā</w><w n="142">tma</w><w n="143" lemma="nā">nā </w><w n="144">kū</w><w n="145">ṭa</w><w n="146" lemma="stha">stha </w><w n="147">ta</w><w n="148"></w><w n="149"></w><w n="150" lemma="te">d e</w><w n="151">vā</w><w n="152">va</w><w n="153">bhā</w><w n="154">sa</w><w n="155" lemma="ta">ta </w><w n="156">i</w><w n="157" lemma="ti">ti </w><w n="158"></w><w n="159"></w><w n="160">ta</w><w n="161">dā</w><w n="162">tmai</w><w n="163" lemma="va">va </w><w n="164">ta</w><w n="165"></w><w n="166" lemma="tvaṃ">tvam </w><w n="167">i</w><w n="168" lemma="tyu">ty u</w><w n="169" lemma="ktaṃ">ktaṃ </w>
</text></TEI>
<TEI n="M">
<text>
<w n="0" lemma="bhā">|| bhā</w><w n="1">vā</w><w n="2">bhā</w><w n="3">va</w><w n="4">vi</w><w n="5">kā</w><w n="6">rā</w><w n="7">va</w><w n="8">bhā</w><w n="9">sa</w><w n="10">ja</w><w n="11">na</w><w n="12">na</w><w n="13">śa</w><w n="14" lemma="kti">kti </w><w n="15">ta</w><w n="16" lemma="te">d e&#166;</w><w n="17">vā</w><w n="18" lemma="sti">sti </w><w n="19">nā</w><w n="20" lemma="sti">sti </w><w n="21"></w><w n="22" lemma="ca">ca | </w><w n="23">sa</w><w n="24">ttā</w><w n="25">sa</w><w n="26">tto</w><w n="27">pā</w><w n="28">dhi</w><w n="29">ka</w><w n="30">vya</w><w n="31">va</w><w n="32">hā</w><w n="33"></w><w n="34"></w><w n="35"></w><w n="36">ra</w><w n="37">sa</w><w n="38"></w><w n="39" lemma="tbhā">d bhā</w><w n="40">va</w><w n="41" lemma="taḥ">tas </w><w n="42">ta</w><w n="43" lemma="nniḥ">n niḥ</w><w n="44">sa</w><w n="45">ttā</w><w n="46">sa</w><w n="47" lemma="ttaṃ">ttaṃ </w><w n="48">niḥ</w><w n="49"></w><w n="50">sa</w><w n="51">da</w><w n="52">sa</w><w n="53" lemma="tpa">t pa</w><w n="54" lemma="raṃ">raṃ </w><w n="55">bra</w><w n="56" lemma="hma">hma </w><w n="57">vyā</w><w n="58">va</w><w n="59">hā</w><w n="60">ri</w><w n="61" lemma="kaṃ">kaṃ </w><w n="62">cai</w><w n="63">kā</w><w n="64">ne</w><w n="65">ka</w><w n="66">vya</w><w n="67">va</w><w n="68">hā</w><w n="69" lemma="raṃ">raṃ </w><w n="70">jā</w><w n="71">ti</w><w n="72">vya</w><w n="73">ktyā</w><w n="74">tma</w><w n="75" lemma="nā">nā </w><w n="76">ta</w><w n="77" lemma="te">d e</w><w n="78" lemma="va">va </w><w n="79">va</w><w n="80" lemma="rta">rtta</w><w n="81">ya</w><w n="82" lemma="ti">ti | </w><w n="83">saṃ</w><w n="84">khyo</w><w n="85">pā</w><w n="86">dhi</w><w n="87" lemma="kaṃ">kam </w><w n="88">a</w><w n="89" lemma="pi">pi </w><w n="90" lemma="ca">ca | </w><w n="91">e</w><w n="92" lemma="vaṃ">vaṃ </w><w n="93">saṃ</w><w n="94">yo</w><w n="95">go</w><w n="96">pā</w><w n="97">dhi</w><w n="98" lemma="kaṃ">kam </w><w n="99">a</w><w n="100" lemma="pi">pi </w><w n="101" lemma="ca">ca | </w><w n="102">a</w><w n="103">nya</w><w n="104">saṃ</w><w n="105">sa</w><w n="106">rgi</w><w n="107">ta</w><w n="108">yā</w><w n="109">va</w><w n="110">bhā</w><w n="111">sa</w><w n="112">nā</w><w n="113" lemma="te">t | e</w><w n="114" lemma="vaṃ">vaṃ </w><w n="115">vi</w><w n="116">ve</w><w n="117">kā</w><w n="118">va</w><w n="119">sā</w><w n="120" lemma="yaḥ">yaḥ | </w><w n="121">ta</w><w n="122" lemma="tra">tra </w><w n="123">ya</w><w n="124" lemma="thā">thā </w><w n="125">sa</w><w n="126">ma</w><w n="127">sta</w><w n="128">vi</w><w n="129">kā</w><w n="130">rā</w><w n="131">tma</w><w n="132" lemma="nā">nā </w><w n="133">ja</w><w n="134">nya</w><w n="135">mā</w><w n="136" lemma="naṃ">nam </w><w n="137">i</w><w n="138">vā</w><w n="139">kā</w><w n="140">śā</w><w n="141">dyā</w><w n="142">tma</w><w n="143" lemma="nā">nā </w><w n="144">kū</w><w n="145">ṭa</w><w n="146" lemma="stha">stha </w><w n="147">ta</w><w n="148"></w><w n="149"></w><w n="150" lemma="te">d e</w><w n="151">vā</w><w n="152">va</w><w n="153">bhā</w><w n="154">sa</w><w n="155" lemma="ta">ta </w><w n="156">i</w><w n="157" lemma="ti">ti </w><w n="158"></w><w n="159"></w><w n="160">ta</w><w n="161">dā</w><w n="162">tmai</w><w n="163" lemma="va">va </w><w n="164">ta</w><w n="165"></w><w n="166" lemma="tvaṃ">tvam </w><w n="167">i</w><w n="168" lemma="tyu">ty u</w><w n="169" lemma="ktaṃ">ktaṃ | </w>
</text></TEI>
<TEI n="G2">
<text>
<w n="0">bhā</w><w n="1">vā</w><w n="2">bhā</w><w n="3">va</w><w n="4">dhi</w><w n="5">kā</w><w n="6">rā</w><w n="7">va</w><w n="8">bhā</w><w n="9">sa</w><w n="10">ja</w><w n="11">na</w><w n="12"></w><w n="13">śa</w><w n="14" lemma="kti">kti </w><w n="15">ta</w><w n="16" lemma="te">d e</w><w n="17">vā</w><w n="18" lemma="sti">sti </w><w n="19"></w><w n="20"></w><w n="21"></w><w n="22" lemma="va">va </w><w n="23">sa</w><w n="24">tvā</w><w n="25">sa</w><w n="26">tto</w><w n="27">pā</w><w n="28">dhi</w><w n="29">ka</w><w n="30">vya</w><w n="31">va</w><w n="32">hā</w><w n="33"></w><w n="34"></w><w n="35"></w><w n="36" lemma="raṃ">ram </w><w n="37">a</w><w n="38">hāṃ</w><w n="39">bha</w><w n="40" lemma="vaḥ">vas </w><w n="41"></w><w n="42" lemma="tu">tu </w><w n="43">niḥ</w><w n="44">sa</w><w n="45">ttā</w><w n="46">saṃ</w><w n="47">tta</w><w n="48">niḥ</w><w n="49"></w><w n="50">sa</w><w n="51">da</w><w n="52">sa</w><w n="53" lemma="tpa">t pa</w><w n="54" lemma="raṃ">raṃ </w><w n="55">bra</w><w n="56" lemma="hma">hma </w><w n="57">vya</w><w n="58">va</w><w n="59">hā</w><w n="60">ri</w><w n="61" lemma="kaṃ">kaṃ </w><w n="62">vai</w><w n="63">kā</w><w n="64">ne</w><w n="65">ka</w><w n="66">vya</w><w n="67">va</w><w n="68">hā</w><w n="69" lemma="raṃ">raṃ </w><w n="70">jā</w><w n="71">ti</w><w n="72">vya</w><w n="73">ktyā</w><w n="74">tma</w><w n="75" lemma="nā">nā </w><w n="76">ta</w><w n="77" lemma="te">d e</w><w n="78" lemma="va">va </w><w n="79">va</w><w n="80" lemma="rta">rtta</w><w n="81">ya</w><w n="82" lemma="ti">ti </w><w n="83">saṃ</w><w n="84">khyo</w><w n="85">pā</w><w n="86">dhi</w><w n="87" lemma="kaṃ">kam </w><w n="88">a</w><w n="89" lemma="pi">pi </w><w n="90" lemma="va">va </w><w n="91">e</w><w n="92" lemma="vaṃ">vaṃ </w><w n="93">saṃ</w><w n="94">yo</w><w n="95">gā</w><w n="96">pā</w><w n="97">dhi</w><w n="98" lemma="kaṃ">kam </w><w n="99">a</w><w n="100" lemma="pi">pi </w><w n="101"></w><w n="102">a</w><w n="103">nya</w><w n="104">saṃ</w><w n="105">sa</w><w n="106">rgi</w><w n="107">ta</w><w n="108">yā</w><w n="109">va</w><w n="110">bhā</w><w n="111">sa</w><w n="112">nā</w><w n="113" lemma="te">t_ e</w><w n="114" lemma="vaṃ">vaṃ </w><w n="115">vi</w><w n="116">ve</w><w n="117">kā</w><w n="118">va</w><w n="119">sā</w><w n="120" lemma="yaḥ">yas </w><w n="121">ta</w><w n="122" lemma="tra">tra </w><w n="123">ta</w><w n="124" lemma="thā">thā </w><w n="125">sa</w><w n="126">ma</w><w n="127">sta</w><w n="128">vi</w><w n="129">kā</w><w n="130">rā</w><w n="131">tma</w><w n="132" lemma="nā">nā </w><w n="133">ja</w><w n="134">nya</w><w n="135">mā</w><w n="136" lemma="naṃ">nam </w><w n="137">i</w><w n="138">vā</w><w n="139">kā</w><w n="140">śā</w><w n="141">dyā</w><w n="142">tma</w><w n="143" lemma="nā">nā </w><w n="144">kū</w><w n="145">ṭa</w><w n="146">stha</w><w n="147"></w><w n="148" lemma="yā">yā </w><w n="149">ta</w><w n="150" lemma="te">d e</w><w n="151">vā</w><w n="152">va</w><w n="153">bhā</w><w n="154" lemma="sa">sa </w><w n="155"></w><w n="156">i</w><w n="157" lemma="ti">ti </w><w n="158"></w><w n="159"></w><w n="160">ta</w><w n="161">dā</w><w n="162">tmai</w><w n="163" lemma="va">va </w><w n="164">ta</w><w n="165"></w><w n="166" lemma="tvaṃ">tvam </w><w n="167">i</w><w n="168" lemma="tyu">ty u</w><w n="169" lemma="ktaṃ">ktaṃ </w>
</text></TEI>
<TEI n="G1">
<text>
<w n="0">bhā</w><w n="1">vā</w><w n="2">bhā</w><w n="3">va</w><w n="4">dhi</w><w n="5">kā</w><w n="6">rā</w><w n="7">va</w><w n="8">bhā</w><w n="9">sa</w><w n="10">ta</w><w n="11">na</w><w n="12"></w><w n="13">śa</w><w n="14" lemma="kti">kti </w><w n="15">ta</w><w n="16" lemma="te">d e</w><w n="17">vā</w><w n="18" lemma="sti">sti </w><w n="19"></w><w n="20"></w><w n="21"></w><w n="22" lemma="va">va </w><w n="23">sa</w><w n="24">tvā</w><w n="25">sa</w><w n="26">tto</w><w n="27">pā</w><w n="28">dhi</w><w n="29">ka</w><w n="30">vya</w><w n="31">va</w><w n="32">hā</w><w n="33"></w><w n="34"></w><w n="35"></w><w n="36" lemma="raṃ">ram </w><w n="37">a</w><w n="38">hāṃ</w><w n="39">bha</w><w n="40" lemma="vaḥ">vas </w><w n="41"></w><w n="42" lemma="tu">tu </w><w n="43">niḥ</w><w n="44">sa</w><w n="45">ttā</w><w n="46">saṃ</w><w n="47">tta</w><w n="48" lemma="niḥ">niḥ||</w><w n="49"></w><w n="50">sa</w><w n="51">da</w><w n="52">sa</w><w n="53" lemma="tpa">t pa</w><w n="54" lemma="raṃ">raṃ </w><w n="55">bra</w><w n="56" lemma="hma">hma </w><w n="57">vya</w><w n="58">va</w><w n="59">hā</w><w n="60">ri</w><w n="61" lemma="kaṃ">kaṃ </w><w n="62">vai</w><w n="63">kā</w><w n="64">ne</w><w n="65">ka</w><w n="66">vya</w><w n="67">va</w><w n="68">hā</w><w n="69" lemma="raṃ">raṃ </w><w n="70">jā</w><w n="71">ti</w><w n="72">vya</w><w n="73">ktyā</w><w n="74">tma</w><w n="75" lemma="nā">nā </w><w n="76">ta</w><w n="77" lemma="te">d e</w><w n="78" lemma="va">va </w><w n="79">va</w><w n="80" lemma="rta">rtta</w><w n="81">ya</w><w n="82" lemma="ti">ti </w><w n="83">saṃ</w><w n="84">khyo</w><w n="85">pā</w><w n="86">dhi</w><w n="87" lemma="kaṃ">kam </w><w n="88">a</w><w n="89" lemma="pi">pi </w><w n="90" lemma="va">va </w><w n="91">e</w><w n="92" lemma="vaṃ">vaṃ </w><w n="93">saṃ</w><w n="94">yo</w><w n="95">gā</w><w n="96">pā</w><w n="97">dhi</w><w n="98" lemma="kaṃ">kam </w><w n="99">a</w><w n="100" lemma="pi">pi </w><w n="101"></w><w n="102">a</w><w n="103">nya</w><w n="104">saṃ</w><w n="105">sa</w><w n="106">rgi</w><w n="107">ta</w><w n="108">yā</w><w n="109">va</w><w n="110">bhā</w><w n="111">sa</w><w n="112">nā</w><w n="113" lemma="te">t_ e</w><w n="114" lemma="vaṃ">vaṃ </w><w n="115">vi</w><w n="116">ve</w><w n="117">kā</w><w n="118">va</w><w n="119">sā</w><w n="120" lemma="yaḥ">yas </w><w n="121">ta</w><w n="122" lemma="tra">tra </w><w n="123">ta</w><w n="124" lemma="thā">thā </w><w n="125">sa</w><w n="126">ma</w><w n="127">sta</w><w n="128">vi</w><w n="129">kā</w><w n="130">rā</w><w n="131">tma</w><w n="132" lemma="nā">nā </w><w n="133">ja</w><w n="134">nya</w><w n="135">mā</w><w n="136" lemma="naṃ">nam </w><w n="137">i</w><w n="138">vā</w><w n="139">kā</w><w n="140">śā</w><w n="141">dyā</w><w n="142">tma</w><w n="143" lemma="nā">nā </w><w n="144">kū</w><w n="145">ṭa</w><w n="146">stha</w><w n="147"></w><w n="148" lemma="yā">yā </w><w n="149">ta</w><w n="150" lemma="te">d e-</w><w n="151">vā</w><w n="152">va</w><w n="153">bhā</w><w n="154" lemma="sa">sa </w><w n="155"></w><w n="156">i</w><w n="157" lemma="ti">ti </w><w n="158"></w><w n="159"></w><w n="160">ta</w><w n="161">dā</w><w n="162">tmai</w><w n="163" lemma="va">va </w><w n="164">ta</w><w n="165"></w><w n="166" lemma="tvaṃ">tvam </w><w n="167">i</w><w n="168" lemma="tyu">ty u</w><w n="169" lemma="ktaṃ">ktaṃ </w>
</text></TEI>
<TEI n="L">
<text>
<w n="0">bhā</w><w n="1">vā</w><w n="2">bhā</w><w n="3">vā</w><w n="4">dhi</w><w n="5">kā</w><w n="6">rā</w><w n="7">va</w><w n="8">bhā</w><w n="9">sa</w><w n="10">ja</w><w n="11">na</w><w n="12"></w><w n="13">śa</w><w n="14" lemma="kti">kti </w><w n="15">ta</w><w n="16" lemma="te">d e</w><w n="17">vā</w><w n="18" lemma="sti">sti </w><w n="19"></w><w n="20"></w><w n="21"></w><w n="22" lemma="ca">ca </w><w n="23">sa</w><w n="24">ttā</w><w n="25">sa</w><w n="26">tto</w><w n="27">pā</w><w n="28">dhi</w><w n="29">ka</w><w n="30">vya</w><w n="31">va</w><w n="32">hā</w><w n="33"></w><w n="34"></w><w n="35"></w><w n="36" lemma="raṃ">ram </w><w n="37">a</w><w n="38">haṃ</w><w n="39">bhā</w><w n="40" lemma="vaḥ">vas </w><w n="41"></w><w n="42" lemma="tu">tu </w><w n="43">niḥ</w><w n="44">sa</w><w n="45">ttā</w><w n="46">sa</w><w n="47" lemma="ttaṃ">ttaṃ </w><w n="48">niḥ</w><w n="49"></w><w n="50">sa</w><w n="51">da</w><w n="52">sa</w><w n="53" lemma="tpa">t pa</w><w n="54" lemma="raṃ">raṃ </w><w n="55">bra</w><w n="56" lemma="hma">hma </w><w n="57">vya</w><w n="58">va</w><w n="59">hā</w><w n="60">ri</w><w n="61" lemma="kaṃ">kaṃ </w><w n="62">vai</w><w n="63">kā</w><w n="64">ne</w><w n="65">ka</w><w n="66">vya</w><w n="67">va</w><w n="68">hā</w><w n="69" lemma="raṃ">raṃ </w><w n="70">jā</w><w n="71">ti</w><w n="72">vya</w><w n="73">ktyā</w><w n="74">tma</w><w n="75" lemma="nā">nā </w><w n="76">ta</w><w n="77" lemma="te">d e</w><w n="78" lemma="va">va </w><w n="79">va</w><w n="80">rta</w><w n="81">ya</w><w n="82" lemma="ti">ti </w><w n="83">saṃ</w><w n="84">khyo</w><w n="85">pā</w><w n="86">dhi</w><w n="87" lemma="kaṃ">kam </w><w n="88">a</w><w n="89" lemma="pi">pi </w><w n="90" lemma="ca">ca </w><w n="91">e</w><w n="92" lemma="vaṃ">vaṃ </w><w n="93">saṃ</w><w n="94">yo</w><w n="95">go</w><w n="96">pā</w><w n="97">dhi</w><w n="98" lemma="kaṃ">kam </w><w n="99">a</w><w n="100" lemma="pi">pi </w><w n="101" lemma="tu">tu </w><w n="102">a</w><w n="103">nya</w><w n="104">saṃ</w><w n="105">sa</w><w n="106">rgi</w><w n="107">ta</w><w n="108">yā</w><w n="109">va</w><w n="110">bhā</w><w n="111">sa</w><w n="112">nā</w><w n="113" lemma="te">t || e</w><w n="114" lemma="vaṃ">vaṃ </w><w n="115">vi</w><w n="116">ve</w><w n="117">kā</w><w n="118">va</w><w n="119">sā</w><w n="120" lemma="yaḥ">yas </w><w n="121">ta</w><w n="122" lemma="tra">tra </w><w n="123">ta</w><w n="124" lemma="thā">thā </w><w n="125">sa</w><w n="126">ma</w><w n="127">sta</w><w n="128">vi</w><w n="129">kā</w><w n="130">rā</w><w n="131">tma</w><w n="132" lemma="nā">nā </w><w n="133">ja</w><w n="134">nya</w><w n="135">mā</w><w n="136" lemma="naṃ">nam </w><w n="137">i</w><w n="138">vā</w><w n="139">kā</w><w n="140">śā</w><w n="141">dyā</w><w n="142">tma</w><w n="143" lemma="nā">nā </w><w n="144">kū</w><w n="145">ṭa</w><w n="146">stha</w><w n="147"></w><w n="148" lemma="yā">yā </w><w n="149">ta</w><w n="150" lemma="te">d e</w><w n="151">vā</w><w n="152">va</w><w n="153">bhā</w><w n="154" lemma="sa">sa </w><w n="155"></w><w n="156">i</w><w n="157" lemma="ti">ti </w><w n="158"></w><w n="159"></w><w n="160">ta</w><w n="161">dā</w><w n="162">tmai</w><w n="163" lemma="va">va </w><w n="164">ta</w><w n="165"></w><w n="166" lemma="tvaṃ">tvam </w><w n="167">i</w><w n="168" lemma="tyu">ty u</w><w n="169" lemma="ktaṃ">ktaṃ || </w>
</text></TEI>
<TEI n="O">
<text>
<w n="0">bhā</w><w n="1">vā</w><w n="2">bhā</w><w n="3">va</w><w n="4">vi</w><w n="5">kā</w><w n="6">rā</w><w n="7">va</w><w n="8">bhā</w><w n="9">sa</w><w n="10">ja</w><w n="11">na</w><w n="12">na</w><w n="13">śa</w><w n="14" lemma="kti">kti </w><w n="15">ta</w><w n="16" lemma="te">d e</w><w n="17">vā</w><w n="18" lemma="sti">sti </w><w n="19"></w><w n="20"></w><w n="21"></w><w n="22" lemma="ca">ca </w><w n="23">sa</w><w n="24">ttā</w><w n="25">sa</w><w n="26">tto</w><w n="27">pā</w><w n="28">dhi</w><w n="29">ka</w><w n="30">vya</w><w n="31">va</w><w n="32">hā</w><w n="33"></w><w n="34"></w><w n="35"></w><w n="36" lemma="raṃ">ram </w><w n="37">a</w><w n="38">haṃ</w><w n="39">bhā</w><w n="40" lemma="vaḥ">vas </w><w n="41"></w><w n="42" lemma="tu">tu </w><w n="43">niḥ</w><w n="44">sa</w><w n="45">ttā</w><w n="46">sa</w><w n="47" lemma="ttaṃ">ttaṃ </w><w n="48">niḥ</w><w n="49"></w><w n="50">sa</w><w n="51">da</w><w n="52">sa</w><w n="53" lemma="dpa">d pa</w><w n="54" lemma="raṃ">raṃ </w><w n="55">bra</w><w n="56" lemma="hma">hma </w><w n="57">vyā</w><w n="58">va</w><w n="59">hā</w><w n="60">ri</w><w n="61" lemma="kaṃ">kaṃ </w><w n="62">cai</w><w n="63">kā</w><w n="64">ne</w><w n="65">ka</w><w n="66">vya</w><w n="67">va</w><w n="68">hā</w><w n="69" lemma="raṃ">raṃ </w><w n="70">jā</w><w n="71">ti</w><w n="72">vya</w><w n="73">ktyā</w><w n="74">tma</w><w n="75" lemma="nā">nā </w><w n="76">ta</w><w n="77" lemma="te">d e</w><w n="78" lemma="va">va </w><w n="79">va</w><w n="80">rta</w><w n="81">ya</w><w n="82" lemma="ti">ti </w><w n="83">saṃ</w><w n="84">khyo</w><w n="85">pā</w><w n="86">dhi</w><w n="87" lemma="kaṃ">kam </w><w n="88">a</w><w n="89" lemma="pi">pi </w><w n="90" lemma="ca">ca </w><w n="91">e</w><w n="92" lemma="vaṃ">vaṃ </w><w n="93">saṃ</w><w n="94">yo</w><w n="95">go</w><w n="96">pā</w><w n="97">dhi</w><w n="98" lemma="kaṃ">kam </w><w n="99">a</w><w n="100" lemma="pi">pi </w><w n="101"></w><w n="102">a</w><w n="103">nya</w><w n="104">saṃ</w><w n="105">sa</w><w n="106">rgi</w><w n="107">ta</w><w n="108">yā</w><w n="109">va</w><w n="110">bhā</w><w n="111">sa</w><w n="112">nā</w><w n="113" lemma="te">t_ e</w><w n="114" lemma="vaṃ">vaṃ </w><w n="115">vi</w><w n="116">ve</w><w n="117">kā</w><w n="118">va</w><w n="119">sā</w><w n="120" lemma="yaḥ">yaḥ </w><w n="121">ta</w><w n="122" lemma="tra">tra </w><w n="123">ta</w><w n="124" lemma="dā">dā </w><w n="125">sa</w><w n="126">ma</w><w n="127">sta</w><w n="128">vi</w><w n="129">kā</w><w n="130">rā</w><w n="131">tma</w><w n="132" lemma="nā">nā </w><w n="133">ja</w><w n="134">nya</w><w n="135">mā</w><w n="136" lemma="naṃ">nam </w><w n="137">i</w><w n="138">vā</w><w n="139">kā</w><w n="140">śā</w><w n="141">dyā</w><w n="142">tma</w><w n="143" lemma="nā">nā </w><w n="144">kū</w><w n="145">ṭa</w><w n="146">stha</w><w n="147"></w><w n="148" lemma="yā">yā </w><w n="149">ta</w><w n="150" lemma="te">d e</w><w n="151">vā</w><w n="152">va</w><w n="153">bhā</w><w n="154">sa</w><w n="155" lemma="ta">ta </w><w n="156">i</w><w n="157" lemma="ti">ti </w><w n="158"></w><w n="159"></w><w n="160">ta</w><w n="161">dā</w><w n="162">tmai</w><w n="163" lemma="va">va </w><w n="164">ta</w><w n="165"></w><w n="166" lemma="tvaṃ">tvam </w><w n="167">i</w><w n="168" lemma="tyu">ty u</w><w n="169" lemma="ktaṃ">ktaṃ | </w>
</text></TEI>
<TEI n="A">
<text>
<w n="0">bhā</w><w n="1">vā</w><w n="2">bhā</w><w n="3">va</w><w n="4">vi</w><w n="5">kā</w><w n="6">rā</w><w n="7">va</w><w n="8">bhā</w><w n="9">sa</w><w n="10">ta</w><w n="11">na</w><w n="12">na</w><w n="13">śa</w><w n="14" lemma="kti">kti </w><w n="15">ta</w><w n="16" lemma="te">d e</w><w n="17">vā</w><w n="18" lemma="sti">sti </w><w n="19"></w><w n="20"></w><w n="21"></w><w n="22" lemma="ca">ca </w><w n="23">sa</w><w n="24">ttā</w><w n="25">sa</w><w n="26">tto</w><w n="27">pā</w><w n="28">dhi</w><w n="29">ka</w><w n="30">vya</w><w n="31">va</w><w n="32">hā</w><w n="33"></w><w n="34"></w><w n="35"></w><w n="36" lemma="raṃ">ram </w><w n="37">a</w><w n="38">haṃ</w><w n="39">bhā</w><w n="40" lemma="vaḥ">vas </w><w n="41"></w><w n="42" lemma="tu">tu </w><w n="43">niḥ</w><w n="44">sa</w><w n="45">ttā</w><w n="46">sa</w><w n="47" lemma="ttaṃ">ttaṃ </w><w n="48">niḥ</w><w n="49"></w><w n="50">sa</w><w n="51">da</w><w n="52">sa</w><w n="53" lemma="tpa">t pa</w><w n="54" lemma="raṃ">raṃ </w><w n="55">bra</w><w n="56" lemma="hma">hma </w><w n="57">vya</w><w n="58">va</w><w n="59">hā</w><w n="60">ri</w><w n="61" lemma="kaṃ">kaṃ </w><w n="62">cai</w><w n="63">kā</w><w n="64">ne</w><w n="65">ka</w><w n="66">vya</w><w n="67">va</w><w n="68">hā</w><w n="69" lemma="raṃ">raṃ </w><w n="70">jā</w><w n="71">ti</w><w n="72" lemma="vya">vya|</w><w n="73">ktyā</w><w n="74">tma</w><w n="75" lemma="nā">nā </w><w n="76">ta</w><w n="77" lemma="te">d e</w><w n="78" lemma="va">va </w><w n="79">va</w><w n="80">rta</w><w n="81">ya</w><w n="82" lemma="ti">ti </w><w n="83">saṃ</w><w n="84">khyo</w><w n="85">pā</w><w n="86">dhi</w><w n="87" lemma="kaṃ">kam </w><w n="88">a</w><w n="89" lemma="pi">pi </w><w n="90" lemma="ca">ca </w><w n="91">e</w><w n="92" lemma="vaṃ">vaṃ </w><w n="93">saṃ</w><w n="94">yo</w><w n="95">go</w><w n="96">pā</w><w n="97">dhi</w><w n="98" lemma="kaṃ">kam </w><w n="99">a</w><w n="100" lemma="pi">pi </w><w n="101"></w><w n="102">a</w><w n="103">nya</w><w n="104">saṃ</w><w n="105">sa</w><w n="106">rgi</w><w n="107">ta</w><w n="108" lemma="yā">yā </w><w n="109" lemma="ca">ca </w><w n="110">bhā</w><w n="111">sa</w><w n="112">nā</w><w n="113" lemma="te">t_ e</w><w n="114" lemma="vaṃ">vaṃ </w><w n="115">vi</w><w n="116">ce</w><w n="117">kā</w><w n="118">ca</w><w n="119">sā</w><w n="120" lemma="yaḥ">yas </w><w n="121">ta</w><w n="122" lemma="tra">tra </w><w n="123">ta</w><w n="124" lemma="thā">thā </w><w n="125">sa</w><w n="126">ma</w><w n="127">sta</w><w n="128">vi</w><w n="129">kā</w><w n="130">rā</w><w n="131">tma</w><w n="132" lemma="nā">nā </w><w n="133">ta</w><w n="134" lemma="sya">sya </w><w n="135">mā</w><w n="136" lemma="naṃ">nam </w><w n="137">i</w><w n="138" lemma="vā">vā&#166;</w><w n="139">kā</w><w n="140">śā</w><w n="141">dyā</w><w n="142">tma</w><w n="143" lemma="nā">nā </w><w n="144">kū</w><w n="145">ṭa</w><w n="146">stha</w><w n="147">ta</w><w n="148" lemma="yā">yā </w><w n="149">ta</w><w n="150" lemma="te">d e</w><w n="151">vā</w><w n="152">va</w><w n="153">bhā</w><w n="154" lemma="sa">sa </w><w n="155"></w><w n="156">i</w><w n="157" lemma="ti">ti </w><w n="158"></w><w n="159"></w><w n="160">ta</w><w n="161">dā</w><w n="162">tmai</w><w n="163" lemma="va">va </w><w n="164">ta</w><w n="165"></w><w n="166" lemma="tvaṃ">tvam </w><w n="167">i</w><w n="168" lemma="tyu">ty u</w><w n="169" lemma="ktaṃ">ktaṃ </w>
</text></TEI>
<TEI n="V">
<text>
<w n="0">bhā</w><w n="1">vā</w><w n="2"></w><w n="3">va</w><w n="4">vi</w><w n="5">kā</w><w n="6">rā</w><w n="7">va</w><w n="8">bhā</w><w n="9">sa</w><w n="10">ja</w><w n="11">na</w><w n="12">na</w><w n="13">śa</w><w n="14" lemma="kti">kti </w><w n="15">ta</w><w n="16" lemma="te">d e</w><w n="17">vā</w><w n="18" lemma="sti">sti </w><w n="19"></w><w n="20"></w><w n="21"></w><w n="22" lemma="ca">ca </w><w n="23">sa</w><w n="24">ttā</w><w n="25">sa</w><w n="26">tto</w><w n="27">pā</w><w n="28">dhi</w><w n="29">ka</w><w n="30">vya</w><w n="31">va</w><w n="32">hā</w><w n="33">ra</w><w n="34">ma</w><w n="35">hā</w><w n="36" lemma="raṃ">ram </w><w n="37">a</w><w n="38">he</w><w n="39">bhā</w><w n="40" lemma="vaḥ">vas </w><w n="41"></w><w n="42" lemma="tu">tu </w><w n="43">niḥ</w><w n="44">sa</w><w n="45">ttā</w><w n="46">sa</w><w n="47" lemma="ttaṃ">ttaṃ </w><w n="48">niḥ</w><w n="49"></w><w n="50">sa</w><w n="51">da</w><w n="52">sa</w><w n="53" lemma="tpa">t pa</w><w n="54" lemma="raṃ">raṃ </w><w n="55">bra</w><w n="56" lemma="hma">hma </w><w n="57">vya</w><w n="58">va</w><w n="59">hā</w><w n="60">ri</w><w n="61" lemma="kaṃ">kaṃ </w><w n="62">cai</w><w n="63">kā</w><w n="64">ne</w><w n="65">ka</w><w n="66">vya</w><w n="67">va</w><w n="68">hā</w><w n="69" lemma="raṃ">raṃ </w><w n="70">jā</w><w n="71">ti</w><w n="72">vya</w><w n="73">ktyā</w><w n="74">tma</w><w n="75" lemma="nā">nā </w><w n="76">ta</w><w n="77" lemma="te">d e</w><w n="78" lemma="va">va </w><w n="79">va</w><w n="80">rta</w><w n="81">ya</w><w n="82" lemma="ti">ti </w><w n="83">saṃ</w><w n="84">khyo</w><w n="85">pā</w><w n="86">dhi</w><w n="87" lemma="kaṃ">kam </w><w n="88">a</w><w n="89" lemma="pi">pi </w><w n="90" lemma="ca">ca </w><w n="91">e</w><w n="92" lemma="vaṃ">vaṃ </w><w n="93">saṃ</w><w n="94">yo</w><w n="95">go</w><w n="96">pā</w><w n="97">dhi</w><w n="98" lemma="kaṃ">kam </w><w n="99">a</w><w n="100" lemma="pi">pi </w><w n="101"></w><w n="102">a</w><w n="103">nya</w><w n="104">saṃ</w><w n="105">sa</w><w n="106">rgi</w><w n="107">ta</w><w n="108">yā</w><w n="109">va</w><w n="110">bhā</w><w n="111">sa</w><w n="112">nā</w><w n="113" lemma="te">t_ e</w><w n="114" lemma="vaṃ">vaṃ </w><w n="115">vi</w><w n="116">ve</w><w n="117">kā</w><w n="118">va</w><w n="119">sā</w><w n="120" lemma="yaḥ">yas </w><w n="121">ta</w><w n="122" lemma="tra">tra </w><w n="123">ta</w><w n="124" lemma="thā">thā </w><w n="125">sa</w><w n="126">ma</w><w n="127">sta</w><w n="128">vi</w><w n="129">kā</w><w n="130">rā</w><w n="131">tma</w><w n="132" lemma="nā">nā </w><w n="133">ja</w><w n="134">nya</w><w n="135">mā</w><w n="136" lemma="naṃ">nam </w><w n="137">i</w><w n="138">vā</w><w n="139">kā</w><w n="140">śā</w><w n="141">dyā</w><w n="142">tma</w><w n="143">nā</w><w n="144" lemma="tka">t ka</w><w n="145">ṭa</w><w n="146">stha</w><w n="147">ta</w><w n="148" lemma="yā">yā </w><w n="149">ta</w><w n="150" lemma="te">d e</w><w n="151">vā</w><w n="152">va</w><w n="153">bhā</w><w n="154" lemma="sa">sa </w><w n="155"></w><w n="156">i</w><w n="157" lemma="ti">ti </w><w n="158"></w><w n="159"></w><w n="160">ta</w><w n="161">dā</w><w n="162">tmai</w><w n="163" lemma="va">va </w><w n="164">ta</w><w n="165"></w><w n="166" lemma="tvaṃ">tvam </w><w n="167">i</w><w n="168" lemma="tyu">ty u</w><w n="169" lemma="ktaṃ">ktaṃ </w>
</text></TEI>
<TEI n="K">
<text>
<w n="0" lemma="bhā">|| bhā</w><w n="1">vā</w><w n="2"></w><w n="3">va</w><w n="4">vi</w><w n="5">kā</w><w n="6">rā</w><w n="7">va</w><w n="8">bhā</w><w n="9">sa</w><w n="10">ja</w><w n="11">na</w><w n="12">na</w><w n="13">śa</w><w n="14" lemma="kti">kti </w><w n="15">ta</w><w n="16" lemma="te">d e</w><w n="17">vā</w><w n="18" lemma="sti">sti </w><w n="19"></w><w n="20"></w><w n="21"></w><w n="22" lemma="ca">ca </w><w n="23">sa</w><w n="24">ttā</w><w n="25">sa</w><w n="26">tto</w><w n="27">pā</w><w n="28">dhi</w><w n="29">ka</w><w n="30">vya</w><w n="31">va</w><w n="32">hā</w><w n="33">ra</w><w n="34">ma</w><w n="35">hā</w><w n="36" lemma="raṃ">ram </w><w n="37">a</w><w n="38">he</w><w n="39">bhā</w><w n="40" lemma="vaḥ">vas </w><w n="41"></w><w n="42" lemma="tu">tu </w><w n="43">niḥ</w><w n="44">sa</w><w n="45">ttā</w><w n="46">sa</w><w n="47" lemma="ttaṃ">ttaṃ </w><w n="48">niḥ</w><w n="49"></w><w n="50">sa</w><w n="51">da</w><w n="52">sa</w><w n="53" lemma="tpa">t pa</w><w n="54" lemma="raṃ">raṃ </w><w n="55">bra</w><w n="56" lemma="hma">hma </w><w n="57">rvya</w><w n="58">va</w><w n="59">hā</w><w n="60">ri</w><w n="61" lemma="kaṃ">kaṃ </w><w n="62">cai</w><w n="63">kā</w><w n="64">ne</w><w n="65">ka</w><w n="66">vya</w><w n="67">va</w><w n="68">hā</w><w n="69" lemma="raṃ">raṃ </w><w n="70">jā</w><w n="71">ti</w><w n="72">vya</w><w n="73">ktyā</w><w n="74">tma</w><w n="75" lemma="nā">nā </w><w n="76">ta</w><w n="77" lemma="te">d e</w><w n="78" lemma="va">va </w><w n="79">va</w><w n="80">rta</w><w n="81">ya</w><w n="82" lemma="ti">ti </w><w n="83">saṃ</w><w n="84">khyo</w><w n="85">pā</w><w n="86">dhi</w><w n="87" lemma="kaṃ">kam </w><w n="88">a</w><w n="89" lemma="pi">pi </w><w n="90" lemma="ca">ca </w><w n="91">e</w><w n="92" lemma="vaṃ">vaṃ </w><w n="93">saṃ</w><w n="94">yo</w><w n="95">go</w><w n="96">pā</w><w n="97">dhi</w><w n="98" lemma="kaṃ">kam </w><w n="99">a</w><w n="100" lemma="pi">pi </w><w n="101"></w><w n="102">a</w><w n="103">nya</w><w n="104">saṃ</w><w n="105">sa</w><w n="106">rgi</w><w n="107">ta</w><w n="108">yā</w><w n="109">va</w><w n="110">bhā</w><w n="111">sa</w><w n="112">nā</w><w n="113" lemma="te">t | e</w><w n="114" lemma="vaṃ">vaṃ </w><w n="115">vi</w><w n="116">ve</w><w n="117">kā</w><w n="118">va</w><w n="119">sā</w><w n="120" lemma="yaḥ">yas </w><w n="121">ta</w><w n="122" lemma="tra">tra </w><w n="123">ta</w><w n="124" lemma="thā">thā </w><w n="125">sa</w><w n="126">ma</w><w n="127">sta</w><w n="128">vi</w><w n="129">kā</w><w n="130">rā</w><w n="131">tma</w><w n="132" lemma="nā">nā </w><w n="133">ja</w><w n="134">nya</w><w n="135">mā</w><w n="136" lemma="naṃ">nam </w><w n="137">i</w><w n="138">vā</w><w n="139">kā</w><w n="140">śā</w><w n="141">dyā</w><w n="142">tma</w><w n="143">nā</w><w n="144" lemma="tkṛ">t kṛ</w><w n="145">ṭa</w><w n="146">stha</w><w n="147">ta</w><w n="148" lemma="yā">yā </w><w n="149">ta</w><w n="150" lemma="te">d e</w><w n="151">vā</w><w n="152">va</w><w n="153">bhā</w><w n="154" lemma="sa">sa </w><w n="155"></w><w n="156">i</w><w n="157" lemma="ti">ti </w><w n="158"></w><w n="159"></w><w n="160">ta</w><w n="161">dā</w><w n="162">tmai</w><w n="163" lemma="va">va </w><w n="164">ta</w><w n="165"></w><w n="166" lemma="tvaṃ">tvam </w><w n="167">i</w><w n="168" lemma="tyu">ty u</w><w n="169" lemma="ktaṃ">ktaṃ </w>
</text></TEI>
<TEI n="D">
<text>
<w n="0" lemma="bhā">|| bhā</w><w n="1">vā</w><w n="2">bhā</w><w n="3">va</w><w n="4">vi</w><w n="5">kā</w><w n="6">rā</w><w n="7">va</w><w n="8">bhā</w><w n="9">sa</w><w n="10">ja</w><w n="11">na</w><w n="12">na</w><w n="13">śa</w><w n="14" lemma="kti">kti </w><w n="15">ta</w><w n="16" lemma="te">d e</w><w n="17">vā</w><w n="18" lemma="sti">sti </w><w n="19"></w><w n="20"></w><w n="21"></w><w n="22" lemma="ca">ca </w><w n="23">sa</w><w n="24">ttā</w><w n="25">sa</w><w n="26">tto</w><w n="27">pā</w><w n="28">dhi</w><w n="29">ka</w><w n="30">vya</w><w n="31">va</w><w n="32">hā</w><w n="33"></w><w n="34"></w><w n="35"></w><w n="36" lemma="raṃ">ram </w><w n="37">a</w><w n="38">haṃ</w><w n="39">bhā</w><w n="40" lemma="vaḥ">vas </w><w n="41"></w><w n="42" lemma="tu">tu </w><w n="43">niḥ</w><w n="44">sa</w><w n="45">ttā</w><w n="46">sa</w><w n="47" lemma="ttaṃ">ttaṃ </w><w n="48">niḥ</w><w n="49"></w><w n="50">sa</w><w n="51">da</w><w n="52">sa</w><w n="53" lemma="tpa">t pa</w><w n="54" lemma="raṃ">raṃ </w><w n="55">bra</w><w n="56" lemma="hma">hma </w><w n="57">vyā</w><w n="58">va</w><w n="59">hā</w><w n="60">ri</w><w n="61" lemma="kaṃ">kaṃ </w><w n="62">cai</w><w n="63">kā</w><w n="64">ne</w><w n="65">ka</w><w n="66">vya</w><w n="67">va</w><w n="68">hā</w><w n="69" lemma="raṃ">raṃ </w><w n="70">jā</w><w n="71">ti</w><w n="72">vya</w><w n="73">ktyā</w><w n="74">tma</w><w n="75" lemma="nā">nā </w><w n="76">ta</w><w n="77" lemma="te">d e</w><w n="78" lemma="va">va </w><w n="79">va</w><w n="80">rta</w><w n="81">ya</w><w n="82" lemma="ti">ti </w><w n="83">saṃ</w><w n="84">khyo</w><w n="85">pā</w><w n="86">dhi</w><w n="87" lemma="kaṃ">kam </w><w n="88">a</w><w n="89" lemma="pi">pi </w><w n="90" lemma="ca">ca </w><w n="91">e</w><w n="92" lemma="vaṃ">vaṃ </w><w n="93">saṃ</w><w n="94">yo</w><w n="95">go</w><w n="96">pā</w><w n="97">dhi</w><w n="98" lemma="kaṃ">kam </w><w n="99">a</w><w n="100" lemma="pi">pi </w><w n="101"></w><w n="102">a</w><w n="103">nya</w><w n="104">saṃ</w><w n="105">sa</w><w n="106">rgi</w><w n="107">ta</w><w n="108">yā</w><w n="109">va</w><w n="110">bhā</w><w n="111">sa</w><w n="112">nā</w><w n="113" lemma="te">t_ e</w><w n="114" lemma="vaṃ">vaṃ </w><w n="115">vi</w><w n="116">ve</w><w n="117">kā</w><w n="118">va</w><w n="119">sā</w><w n="120" lemma="yaḥ">yas </w><w n="121">ta</w><w n="122" lemma="tra">tra </w><w n="123">ta</w><w n="124" lemma="thā">thā </w><w n="125">sa</w><w n="126">ma</w><w n="127">sta</w><w n="128">vi</w><w n="129">kā</w><w n="130">rā</w><w n="131">tma</w><w n="132" lemma="nā">nā </w><w n="133">ja</w><w n="134">nya</w><w n="135">mā</w><w n="136" lemma="naṃ">nam </w><w n="137">i</w><w n="138">vā</w><w n="139">kā</w><w n="140">śā</w><w n="141">dyā</w><w n="142">tma</w><w n="143" lemma="nā">nā </w><w n="144">kū</w><w n="145">ṭa</w><w n="146">stha</w><w n="147">ta</w><w n="148" lemma="yā">yā </w><w n="149">ta</w><w n="150" lemma="te">d e</w><w n="151">vā</w><w n="152">va</w><w n="153">bhā</w><w n="154" lemma="sa">sa </w><w n="155"></w><w n="156">i</w><w n="157" lemma="ti">ti </w><w n="158"></w><w n="159"></w><w n="160">ta</w><w n="161">dā</w><w n="162">tmai</w><w n="163" lemma="va">va </w><w n="164">ta</w><w n="165"></w><w n="166" lemma="tvaṃ">tvam </w><w n="167">i</w><w n="168" lemma="tyu">ty u</w><w n="169" lemma="ktaṃ">ktaṃ </w>
</text></TEI>
</teiCorpus>
