<?xml version="1.0" encoding="UTF-8"?>
<teiCorpus xmlns="http://www.tei-c.org/ns/1.0">

<TEI n="GV">
<text>
<w n="0"></w><w n="1"></w><w n="2"></w><w n="3"></w><w n="4"></w><w n="5"></w><w n="6"></w><w n="7"></w><w n="8"></w><w n="9"></w><w n="10"></w><w n="11"></w><w n="12"></w><w n="13"></w><w n="14"></w><w n="15"></w><w n="16"></w><w n="17"></w><w n="18"></w><w n="19"></w><w n="20"></w><w n="21"></w><w n="22"></w><w n="23"></w><w n="24"></w><w n="25"></w><w n="26"></w><w n="27"></w><w n="28"></w><w n="29"></w><w n="30"></w><w n="31"></w><w n="32"></w><w n="33"></w><w n="34"></w><w n="35"></w><w n="36"></w><w n="37"></w><w n="38"></w><w n="39"></w><w n="40"></w><w n="41"></w><w n="42"></w><w n="43"></w><w n="44"></w><w n="45"></w><w n="46"></w><w n="47"></w><w n="48"></w><w n="49"></w><w n="50"></w><w n="51"></w><w n="52"></w><w n="53"></w><w n="54"></w><w n="55"></w><w n="56"></w><w n="57"></w><w n="58"></w><w n="59"></w><w n="60"></w><w n="61"></w><w n="62"></w><w n="63"></w><w n="64"></w><w n="65"></w><w n="66"></w><w n="67"></w><w n="68"></w><w n="69"></w><w n="70"></w><w n="71"></w><w n="72"></w><w n="73"></w><w n="74"></w><w n="75"></w><w n="76"></w><w n="77"></w><w n="78"></w><w n="79"></w><w n="80"></w><w n="81"></w><w n="82"></w><w n="83"></w><w n="84"></w><w n="85"></w><w n="86"></w><w n="87"></w><w n="88"></w><w n="89"></w><w n="90"></w><w n="91"></w><w n="92"></w><w n="93"></w><w n="94"></w><w n="95"></w><w n="96"></w><w n="97"></w><w n="98"></w><w n="99"></w><w n="100"></w><w n="101"></w><w n="102"></w><w n="103"></w><w n="104"></w><w n="105"></w><w n="106"></w><w n="107"></w><w n="108"></w><w n="109"></w><w n="110"></w><w n="111"></w><w n="112"></w><w n="113"></w><w n="114"></w><w n="115"></w><w n="116"></w><w n="117"></w><w n="118"></w><w n="119"></w><w n="120"></w><w n="121"></w><w n="122"></w><w n="123"></w><w n="124"></w><w n="125"></w><w n="126"></w><w n="127"></w><w n="128"></w><w n="129"></w><w n="130"></w><w n="131"></w><w n="132"></w><w n="133"></w><w n="134"></w><w n="135"></w><w n="136"></w><w n="137"></w><w n="138"></w><w n="139"></w><w n="140"></w><w n="141"></w><w n="142"></w><w n="143"></w><w n="144"></w><w n="145"></w><w n="146"></w><w n="147"></w><w n="148"></w><w n="149"></w><w n="150"></w><w n="151"></w><w n="152"></w><w n="153"></w><w n="154"></w><w n="155"></w><w n="156"></w><w n="157"></w><w n="158"></w><w n="159"></w><w n="160"></w><w n="161"></w><w n="162"></w><w n="163"></w><w n="164"></w><w n="165"></w><w n="166"></w><w n="167"></w><w n="168"></w><w n="169"></w><w n="170"></w><w n="171"></w><w n="172"></w><w n="173"></w><w n="174"></w><w n="175"></w><w n="176"></w><w n="177"></w><w n="178"></w><w n="179"></w><w n="180"></w><w n="181"></w><w n="182"></w><w n="183"></w><w n="184"></w><w n="185"></w><w n="186"></w><w n="187"></w><w n="188"></w><w n="189"></w><w n="190"></w><w n="191"></w><w n="192"></w><w n="193"></w><w n="194"></w><w n="195"></w><w n="196"></w><w n="197"></w><w n="198"></w><w n="199"></w><w n="200"></w><w n="201"></w><w n="202"></w><w n="203"></w><w n="204"></w><w n="205"></w><w n="206"></w><w n="207"></w><w n="208"></w><w n="209"></w><w n="210"></w><w n="211"></w><w n="212"></w><w n="213"></w><w n="214"></w><w n="215"></w><w n="216"></w><w n="217"></w><w n="218"></w><w n="219"></w><w n="220"></w><w n="221"></w>
</text></TEI>
<TEI n="CT">
<text>
<w n="0">ta</w><w n="1">tta</w><w n="2">du</w><w n="3">pā</w><w n="4">dhi</w><w n="5">pa</w><w n="6">ri</w><w n="7">ka</w><w n="8">lpi</w><w n="9"></w><w n="10">ta</w><w n="11">bhe</w><w n="12" lemma="da">da-</w><w n="13">ba</w><w n="14">hu</w><w n="15">la</w><w n="16">ta</w><w n="17" lemma="yā">yā </w><w n="18">vya</w><w n="19">va</w><w n="20">hā</w><w n="21">ra</w><w n="22">syā</w><w n="23"></w><w n="24">vi</w><w n="25">dyā</w><w n="26">bhū</w><w n="27">ya</w><w n="28" lemma="stve">stve </w><w n="29"></w><w n="30">pra</w><w n="31">ti</w><w n="32" lemma="ni">ni-</w><w n="33">ya</w><w n="34">tā</w><w n="35">kā</w><w n="36">ro</w><w n="37">pa</w><w n="38">dhī</w><w n="39">ya</w><w n="40">mā</w><w n="41">na</w><w n="42">rū</w><w n="43">pa</w><w n="44"></w><w n="45"></w><w n="46"></w><w n="47">bhe</w><w n="48" lemma="daṃ">daṃ </w><w n="49">bra</w><w n="50">hmai</w><w n="51" lemma="va">va </w><w n="52">sa</w><w n="53">rva</w><w n="54" lemma="śa">śa-</w><w n="55">bda</w><w n="56">vi</w><w n="57"></w><w n="58">ṣa</w><w n="59" lemma="ya">ya </w><w n="60">i</w><w n="61" lemma="tyu">ty u</w><w n="62"></w><w n="63" lemma="ktaḥ">kto '</w><w n="64" lemma="rtha">rthaḥ </w><w n="65">ā</w><w n="66" lemma="tmā">tmā </w><w n="67">bra</w><w n="68" lemma="hma">hma </w><w n="69">ta</w><w n="70" lemma="tvaṃ">tvam </w><w n="71">i</w><w n="72">tyā</w><w n="73">da</w><w n="74" lemma="yo">yo '</w><w n="75" lemma="pi">pi </w><w n="76" lemma="hi">hi </w><w n="77">śa</w><w n="78" lemma="bdāḥ">bdāḥ </w><w n="79">sa</w><w n="80">ma</w><w n="81">va</w><w n="82" lemma="laṃ">lam</w><w n="83">bi</w><w n="84">to</w><w n="85">pā</w><w n="86">dha</w><w n="87" lemma="yaḥ">yo </w><w n="88">dra</w><w n="89">vyā</w><w n="90">tmā</w><w n="91" lemma="naṃ">nam </w><w n="92">a</w><w n="93" lemma="nu">nu </w><w n="94">pa</w><w n="95">ri</w><w n="96">va</w><w n="97" lemma="rtaṃ">rtan</w><w n="98" lemma="te">te | </w><w n="99">ni</w><w n="100">ru</w><w n="101">pā</w><w n="102">dhi</w><w n="103" lemma="naḥ">no </w><w n="104">vā</w><w n="105">gvi</w><w n="106">ṣa</w><w n="107">yā</w><w n="108" lemma="tī">tī-</w><w n="109">ta</w><w n="110">tvā</w><w n="111"></w><w n="112"></w><w n="113"></w><w n="114"></w><w n="115"></w><w n="116"></w><w n="117" lemma="tvāṃ">t_ vāṅ</w><w n="118">ma</w><w n="119">na</w><w n="120">sā</w><w n="121">tī</w><w n="122" lemma="taṃ">taṃ </w><w n="123">vi</w><w n="124">ta</w><w n="125"></w><w n="126" lemma="tvaṃ">tvam </w><w n="127">i</w><w n="128" lemma="tyu">ty u</w><w n="129">pa</w><w n="130"></w><w n="131">di</w><w n="132" lemma="śaṃ">śan</w><w n="133" lemma="ti">ti | </w><w n="134">bra</w><w n="135">hma</w><w n="136">vi</w><w n="137" lemma="daḥ">daḥ </w><w n="138"></w><w n="139">gha</w><w n="140">ṭā</w><w n="141">di</w><w n="142">śa</w><w n="143">bdā</w><w n="144">pe</w><w n="145">kṣa</w><w n="146" lemma="yā">yā </w><w n="147" lemma="tvā">tv ā</w><w n="148">tmā</w><w n="149">di</w><w n="150" lemma="śa">śa-</w><w n="151" lemma="bdāḥ">bdāḥ </w><w n="152">pra</w><w n="153">tyā</w><w n="154" lemma="saṃ">san</w><w n="155" lemma="nāḥ">nāḥ </w><w n="156">sa</w><w n="157">rva</w><w n="158" lemma="sya">sya </w><w n="159"></w><w n="160" lemma="taṃ">tan</w><w n="161">ma</w><w n="162">ya</w><w n="163">tvā</w><w n="164" lemma="cha">c cha</w><w n="165" lemma="bdā">bdā </w><w n="166"></w><w n="167"></w><w n="168"></w><w n="169">a</w><w n="170" lemma="pi">pi </w><w n="171">ta</w><w n="172">dā</w><w n="173">tma</w><w n="174">ta</w><w n="175" lemma="yā">yā </w><w n="176">ya</w><w n="177">thā</w><w n="178">vi</w><w n="179">bha</w><w n="180" lemma="ktaṃ">ktaṃ </w><w n="181">prā</w><w n="182" lemma="ka">k_ a</w><w n="183">bhe</w><w n="184" lemma="de">de '</w><w n="185" lemma="pi">pi </w><w n="186" lemma="ca">ca </w><w n="187"></w><w n="188"></w><w n="189"></w><w n="190"></w><w n="191"></w><w n="192"></w><w n="193"></w><w n="194"></w><w n="195"></w><w n="196"></w><w n="197"></w><w n="198"></w><w n="199"></w><w n="200" lemma="yāṃ">yāṃ </w><w n="201">bhe</w><w n="202" lemma="do">do </w><w n="203">sa</w><w n="204" lemma="tya">tya </w><w n="205">i</w><w n="206">tī</w><w n="207">va</w><w n="208">śa</w><w n="209" lemma="bdaḥ">bdaḥ </w><w n="210">a</w><w n="211" lemma="ta">ta </w><w n="212">e</w><w n="213" lemma="va">va </w><w n="214">dvi</w><w n="215">ṣṭha</w><w n="216" lemma="saṃ">sam</w><w n="217" lemma="baṃ">ba-n</w><w n="218">dho</w><w n="219">pa</w><w n="220">pa</w><w n="221" lemma="tiḥ">ttiḥ || </w>
</text></TEI>
<TEI n="T">
<text>
<w n="0">ta</w><w n="1">tta</w><w n="2">du</w><w n="3">pā</w><w n="4">dhi</w><w n="5">pa</w><w n="6">ri</w><w n="7">ka</w><w n="8">lpi</w><w n="9"></w><w n="10">ta</w><w n="11">bhe</w><w n="12">da</w><w n="13">ba</w><w n="14">hu</w><w n="15">la</w><w n="16">ta</w><w n="17" lemma="yā">yā </w><w n="18">vya</w><w n="19">va</w><w n="20">hā</w><w n="21">ra</w><w n="22">syā</w><w n="23"></w><w n="24">vi</w><w n="25">dyā</w><w n="26">bhū</w><w n="27">ya</w><w n="28" lemma="stve">stve </w><w n="29"></w><w n="30">pra</w><w n="31">ti</w><w n="32">ni</w><w n="33">ya</w><w n="34">tā</w><w n="35">kā</w><w n="36">ro</w><w n="37">pa</w><w n="38">dhī</w><w n="39">ya</w><w n="40">mā</w><w n="41">na</w><w n="42">rū</w><w n="43">pa</w><w n="44"></w><w n="45"></w><w n="46"></w><w n="47">bhe</w><w n="48" lemma="daṃ">daṃ </w><w n="49">bra</w><w n="50">hmai</w><w n="51" lemma="va">va </w><w n="52">sa</w><w n="53" lemma="rva">rvva</w><w n="54">śa</w><w n="55">bda</w><w n="56">vi</w><w n="57"></w><w n="58">ṣa</w><w n="59" lemma="ya">ya </w><w n="60">i</w><w n="61" lemma="ti">ti </w><w n="62">u</w><w n="63" lemma="ktaḥ">kto </w><w n="64" lemma="rtha">rtthaḥ </w><w n="65">ā</w><w n="66" lemma="tmā">tmā </w><w n="67">bra</w><w n="68" lemma="hma">hma </w><w n="69">ta</w><w n="70" lemma="tvaṃ">tvam </w><w n="71">i</w><w n="72">tyā</w><w n="73">da</w><w n="74" lemma="yo">yo </w><w n="75" lemma="pi">pi </w><w n="76" lemma="hi">hi </w><w n="77">śa</w><w n="78" lemma="bdāḥ">bdās </w><w n="79">sa</w><w n="80">ma</w><w n="81"></w><w n="82">laṃ</w><w n="83">bi</w><w n="84">ko</w><w n="85">pā</w><w n="86">dha</w><w n="87" lemma="yaḥ">yo </w><w n="88">dra</w><w n="89">vyā</w><w n="90">tmā</w><w n="91" lemma="naṃ">nam </w><w n="92">a</w><w n="93" lemma="nu">nu </w><w n="94">pa</w><w n="95">ri</w><w n="96">va</w><w n="97" lemma="rtaṃ">rttan</w><w n="98" lemma="te">te </w><w n="99">ni</w><w n="100">ru</w><w n="101">pā</w><w n="102">dhi</w><w n="103" lemma="naḥ">no </w><w n="104">vā</w><w n="105">gvi</w><w n="106">ṣa</w><w n="107">yā</w><w n="108">tī</w><w n="109">ta</w><w n="110">tvā</w><w n="111"></w><w n="112"></w><w n="113"></w><w n="114"></w><w n="115"></w><w n="116"></w><w n="117" lemma="tvāṃ">t_ vāṅ</w><w n="118">ma</w><w n="119">na</w><w n="120">sā</w><w n="121">tī</w><w n="122" lemma="taṃ">taṃ </w><w n="123" lemma="hi">hi </w><w n="124">ta</w><w n="125"></w><w n="126" lemma="tvaṃ">tvam </w><w n="127"></w><w n="128">u</w><w n="129">pa</w><w n="130"></w><w n="131">di</w><w n="132" lemma="śaṃ">śan</w><w n="133" lemma="ti">ti </w><w n="134">bra</w><w n="135">hma</w><w n="136">vi</w><w n="137" lemma="daḥ">daḥ </w><w n="138"></w><w n="139">gha</w><w n="140">ṭā</w><w n="141">di</w><w n="142">śa</w><w n="143">bdā</w><w n="144">pe</w><w n="145">kṣa</w><w n="146" lemma="yā">yā </w><w n="147" lemma="tvā">tv ā</w><w n="148">tmā</w><w n="149">di</w><w n="150">śa</w><w n="151" lemma="bdāḥ">bdāḥ </w><w n="152">pra</w><w n="153">tyā</w><w n="154" lemma="saṃ">san</w><w n="155" lemma="nāḥ">nāḥ </w><w n="156">sa</w><w n="157" lemma="rva">rvva</w><w n="158" lemma="sya">sya </w><w n="159" lemma="ca">ca </w><w n="160" lemma="taṃ">tan</w><w n="161">ma</w><w n="162">ya</w><w n="163">tva</w><w n="164" lemma="cha">c śa</w><w n="165" lemma="bdā">bdā </w><w n="166"></w><w n="167"></w><w n="168"></w><w n="169">a</w><w n="170" lemma="pi">pi </w><w n="171">ta</w><w n="172">dā</w><w n="173">tma</w><w n="174"></w><w n="175" lemma="kā">kāḥ </w><w n="176">ya</w><w n="177">thā</w><w n="178">vi</w><w n="179">bha</w><w n="180" lemma="ktaṃ">ktaṃ </w><w n="181">prā</w><w n="182" lemma="ka">k_ a</w><w n="183">bhe</w><w n="184" lemma="de">de </w><w n="185" lemma="pi">pi </w><w n="186" lemma="ca">ca </w><w n="187">pā</w><w n="188">ra</w><w n="189">mā</w><w n="190" lemma="rthi">rtthi</w><w n="191" lemma="ke">ke </w><w n="192">sāṃ</w><w n="193">vṛ</w><w n="194" lemma="taḥ">to </w><w n="195">lo</w><w n="196"></w><w n="197">ka</w><w n="198">yā</w><w n="199">trā</w><w n="200" lemma="yāṃ">yāṃ </w><w n="201">bhe</w><w n="202" lemma="do">do </w><w n="203">sa</w><w n="204" lemma="tya">tya </w><w n="205">i</w><w n="206">tī</w><w n="207">va</w><w n="208">śa</w><w n="209" lemma="bdaḥ">bdaḥ </w><w n="210">a</w><w n="211" lemma="ta">ta </w><w n="212">e</w><w n="213" lemma="va">va </w><w n="214">dvi</w><w n="215">ṣṭha</w><w n="216">saṃ</w><w n="217">baṃ</w><w n="218">dho</w><w n="219">pa</w><w n="220">pa</w><w n="221" lemma="tiḥ">ttiḥ </w>
</text></TEI>
<TEI n="H">
<text>
<w n="0">ta</w><w n="1">tta</w><w n="2">du</w><w n="3">pā</w><w n="4">dhi</w><w n="5">pa</w><w n="6">ri</w><w n="7">ka</w><w n="8">lpi</w><w n="9"></w><w n="10">ta</w><w n="11">bhe</w><w n="12">da</w><w n="13">ba</w><w n="14">hu</w><w n="15">la</w><w n="16">ta</w><w n="17" lemma="yā">yā </w><w n="18">vya</w><w n="19">va</w><w n="20">hā</w><w n="21">ra</w><w n="22">syā</w><w n="23"></w><w n="24">vi</w><w n="25">dyā</w><w n="26">bhū</w><w n="27">ya</w><w n="28">stve</w><w n="29" lemma="na">na </w><w n="30">pra</w><w n="31">ti</w><w n="32">ni</w><w n="33">ya</w><w n="34">vā</w><w n="35">kā</w><w n="36">ro</w><w n="37">pā</w><w n="38">dhī</w><w n="39">ya</w><w n="40">mā</w><w n="41">na</w><w n="42">rū</w><w n="43">pa</w><w n="44"></w><w n="45"></w><w n="46"></w><w n="47">bhe</w><w n="48" lemma="daṃ">daṃ </w><w n="49">bra</w><w n="50">hmai</w><w n="51" lemma="va">va </w><w n="52">sa</w><w n="53">rva</w><w n="54">śa</w><w n="55">bda</w><w n="56">vi</w><w n="57">vi</w><w n="58">ṣa</w><w n="59" lemma="ya">ya </w><w n="60">i</w><w n="61" lemma="tyu">ty u</w><w n="62"></w><w n="63" lemma="ktaḥ">kto </w><w n="64" lemma="rthaḥ">rthaḥ | </w><w n="65">ā</w><w n="66" lemma="tmā">tmā </w><w n="67">bra</w><w n="68" lemma="hma">hma </w><w n="69">ta</w><w n="70" lemma="tvaṃ">ttvam </w><w n="71">i</w><w n="72">tyā</w><w n="73">da</w><w n="74" lemma="yo">yo </w><w n="75" lemma="pi">pi </w><w n="76" lemma="hi">hi </w><w n="77">śa</w><w n="78" lemma="bdāḥ">bdāḥ </w><w n="79">sa</w><w n="80">ma</w><w n="81">va</w><w n="82">laṃ</w><w n="83">bi</w><w n="84">to</w><w n="85">pā</w><w n="86">dha</w><w n="87" lemma="yaḥ">yo </w><w n="88">dra</w><w n="89">vyā</w><w n="90">tmā</w><w n="91" lemma="naṃ">nam </w><w n="92">a</w><w n="93" lemma="nu">nu </w><w n="94">pa</w><w n="95">ri</w><w n="96">va</w><w n="97" lemma="rtaṃ">rttaṃ</w><w n="98" lemma="te">te </w><w n="99">ni</w><w n="100">ru</w><w n="101">pā</w><w n="102">dhi</w><w n="103" lemma="kaḥ">ko </w><w n="104">vā</w><w n="105">gvi</w><w n="106">ṣa</w><w n="107">yā</w><w n="108"></w><w n="109">ta</w><w n="110" lemma="tvā">ttvā</w><w n="111">vi</w><w n="112">ṣa</w><w n="113" lemma="ya">ya </w><w n="114">i</w><w n="115" lemma="ti">ti </w><w n="116">ta</w><w n="117" lemma="tvāṃ">d vāṅ</w><w n="118">ma</w><w n="119">na</w><w n="120">sā</w><w n="121">tī</w><w n="122" lemma="taṃ">taṃ </w><w n="123" lemma="hi">hi </w><w n="124">ta</w><w n="125" lemma="tta">t ta</w><w n="126" lemma="tvaṃ">ttvam </w><w n="127"></w><w n="128">u</w><w n="129">pa</w><w n="130"></w><w n="131">di</w><w n="132">śaṃ</w><w n="133" lemma="ti">ti </w><w n="134">bra</w><w n="135">hma</w><w n="136">vi</w><w n="137" lemma="daḥ">daḥ | </w><w n="138"></w><w n="139">gha</w><w n="140">ṭā</w><w n="141">di</w><w n="142">śa</w><w n="143">bdā</w><w n="144">pe</w><w n="145">kṣa</w><w n="146" lemma="yā">yā </w><w n="147" lemma="tvā">tv ā</w><w n="148">tmā</w><w n="149">di</w><w n="150">śa</w><w n="151" lemma="bdāḥ">bdāḥ </w><w n="152">pra</w><w n="153">tyā</w><w n="154" lemma="saṃ">san</w><w n="155" lemma="nāḥ">nāḥ </w><w n="156">sa</w><w n="157">rva</w><w n="158" lemma="sya">sya </w><w n="159" lemma="ca">ca </w><w n="160" lemma="taṃ">tan</w><w n="161">ma</w><w n="162">ya</w><w n="163" lemma="tva">tva </w><w n="164">ta</w><w n="165">dā</w><w n="166">tma</w><w n="167">ka</w><w n="168" lemma="tvā">tvā </w><w n="169">a</w><w n="170" lemma="pi">pi </w><w n="171">ta</w><w n="172">dā</w><w n="173">tma</w><w n="174"></w><w n="175" lemma="kā">kā </w><w n="176">ya</w><w n="177">thā</w><w n="178">vi</w><w n="179">bha</w><w n="180" lemma="ktaṃ">ktaṃ </w><w n="181">prā</w><w n="182" lemma="ka">k | a</w><w n="183">bhe</w><w n="184" lemma="de">de </w><w n="185" lemma="pi">pi </w><w n="186" lemma="ca">ca </w><w n="187">pā</w><w n="188">ra</w><w n="189">mā</w><w n="190">rthi</w><w n="191" lemma="ke">ke </w><w n="192">saṃ</w><w n="193">vṛ</w><w n="194" lemma="taḥ">to </w><w n="195">lo</w><w n="196"></w><w n="197">ka</w><w n="198">yā</w><w n="199">trā</w><w n="200" lemma="yāṃ">yāṃ </w><w n="201">bhe</w><w n="202" lemma="do">do </w><w n="203">sa</w><w n="204" lemma="tya">tya </w><w n="205">i</w><w n="206">tī</w><w n="207">va</w><w n="208">śa</w><w n="209" lemma="bdaḥ">bdaḥ | </w><w n="210">a</w><w n="211" lemma="ta">ta </w><w n="212">e</w><w n="213" lemma="va">va </w><w n="214">dvi</w><w n="215">ṣṭa</w><w n="216">saṃ</w><w n="217">baṃ</w><w n="218">dho</w><w n="219">pa</w><w n="220">pa</w><w n="221" lemma="tiḥ">ttiḥ </w>
</text></TEI>
<TEI n="P">
<text>
<w n="0" lemma="ta">| ta</w><w n="1"></w><w n="2">du</w><w n="3">pā</w><w n="4">dhi</w><w n="5">pa</w><w n="6">ri</w><w n="7">ka</w><w n="8">lpi</w><w n="9">tkaṃ</w><w n="10">ta</w><w n="11">bhe</w><w n="12">da</w><w n="13">ba</w><w n="14">hu</w><w n="15"></w><w n="16">ta</w><w n="17" lemma="yā">yā </w><w n="18">vya</w><w n="19">va</w><w n="20">hā</w><w n="21">ra</w><w n="22">syā</w><w n="23" lemma="pi">pi </w><w n="24">vi</w><w n="25">dyā</w><w n="26">bhū</w><w n="27">ya</w><w n="28" lemma="stve">stve </w><w n="29"></w><w n="30">pra</w><w n="31">ti</w><w n="32" lemma="ni">ni&#166;</w><w n="33">ya</w><w n="34">tā</w><w n="35">kā</w><w n="36" lemma="raḥ">ro </w><w n="37"></w><w n="38">hī</w><w n="39" lemma="yaṃ">yam </w><w n="40">ā</w><w n="41">na</w><w n="42">rū</w><w n="43">pa</w><w n="44">bra</w><w n="45">hmai</w><w n="46" lemma="va">va </w><w n="47">bhe</w><w n="48" lemma="daṃ">daṃ </w><w n="49">bra</w><w n="50">hmai</w><w n="51" lemma="va">va </w><w n="52">sa</w><w n="53">rva</w><w n="54">vi</w><w n="55">dyā</w><w n="56">vi</w><w n="57"></w><w n="58">ṣa</w><w n="59" lemma="ya">ya </w><w n="60">i</w><w n="61" lemma="tyu">ty u</w><w n="62"></w><w n="63" lemma="ktaḥ">kto </w><w n="64" lemma="rtha">rthaḥ </w><w n="65">ā</w><w n="66" lemma="tmā">tmā </w><w n="67">bra</w><w n="68" lemma="hma">hma </w><w n="69">ta</w><w n="70" lemma="tvaṃ">tvam </w><w n="71">i</w><w n="72" lemma="tyu">ty u</w><w n="73"></w><w n="74" lemma="kte">kte </w><w n="75" lemma="pi">pi </w><w n="76" lemma="hi">hi </w><w n="77">śa</w><w n="78" lemma="bdaḥ">bdaḥ </w><w n="79">sa</w><w n="80">ma</w><w n="81">ba</w><w n="82">laṃ</w><w n="83">vi</w><w n="84">to</w><w n="85">pā</w><w n="86">dha</w><w n="87" lemma="yo">yo </w><w n="88"></w><w n="89" lemma="pyā">py ā</w><w n="90" lemma="tmā">tmā&#166;</w><w n="91" lemma="naṃ">nam </w><w n="92">a</w><w n="93" lemma="nu">nu </w><w n="94">pa</w><w n="95">ri</w><w n="96">va</w><w n="97" lemma="rta">rtta</w><w n="98" lemma="te">te </w><w n="99">ni</w><w n="100">ru</w><w n="101">pā</w><w n="102">dhi</w><w n="103" lemma="naḥ">no </w><w n="104" lemma="vā">vā </w><w n="105">vi</w><w n="106">ṣa</w><w n="107">yā</w><w n="108">tī</w><w n="109">ta</w><w n="110"></w><w n="111"></w><w n="112"></w><w n="113"></w><w n="114"></w><w n="115"></w><w n="116"></w><w n="117"></w><w n="118"></w><w n="119"></w><w n="120"></w><w n="121"></w><w n="122"></w><w n="123">hi</w><w n="124">ta</w><w n="125"></w><w n="126" lemma="tvaṃ">tvam </w><w n="127">i</w><w n="128" lemma="tyu">ty u</w><w n="129">pa</w><w n="130"></w><w n="131">di</w><w n="132">śaṃ</w><w n="133" lemma="ti">ti </w><w n="134">bra</w><w n="135">hma</w><w n="136">vi</w><w n="137" lemma="daḥ">das </w><w n="138" lemma="tu">tu </w><w n="139">ya</w><w n="140"></w><w n="141" lemma="di">di </w><w n="142">śa</w><w n="143" lemma="bdo">bdo </w><w n="144">pe</w><w n="145">kṣa</w><w n="146" lemma="yā">yā </w><w n="147" lemma="tvā">tv ā</w><w n="148">tmā</w><w n="149">di</w><w n="150">śa</w><w n="151" lemma="bdāḥ">bdāḥ </w><w n="152">pra</w><w n="153">tyā</w><w n="154" lemma="saṃ">san</w><w n="155" lemma="nāḥ">nāḥ </w><w n="156">sa</w><w n="157">rva</w><w n="158" lemma="sya">sya </w><w n="159" lemma="ca">ca </w><w n="160" lemma="taṃ">tan</w><w n="161">ma</w><w n="162">ya</w><w n="163">tvā</w><w n="164">cha</w><w n="165" lemma="bdā">bdā </w><w n="166"></w><w n="167"></w><w n="168"></w><w n="169">a</w><w n="170" lemma="pi">pi </w><w n="171">ta</w><w n="172">dā</w><w n="173">tma</w><w n="174"></w><w n="175" lemma="kā">kāḥ </w><w n="176">ya</w><w n="177">thā</w><w n="178">ci</w><w n="179"></w><w n="180" lemma="taṃ">ttaṃ &#175;&#175;</w><w n="181">śa</w><w n="182">kya</w><w n="183">bhe</w><w n="184" lemma="de">de </w><w n="185" lemma="pi">pi </w><w n="186" lemma="ca">ca </w><w n="187">pā</w><w n="188">ra</w><w n="189">mā</w><w n="190">rthi</w><w n="191" lemma="kaṃ">kaṃ </w><w n="192">saṃ</w><w n="193">sṛ</w><w n="194">ṣṭa</w><w n="195" lemma="to">to </w><w n="196">trai</w><w n="197">ka</w><w n="198">yā</w><w n="199">trā</w><w n="200" lemma="yāṃ">yāṃ </w><w n="201">bhe</w><w n="202" lemma="dā">dā </w><w n="203">sa</w><w n="204" lemma="tya">tya </w><w n="205">i</w><w n="206">tī</w><w n="207">va</w><w n="208">śa</w><w n="209" lemma="bdaḥ">bdaḥ </w><w n="210">a</w><w n="211" lemma="ta">ta </w><w n="212">e</w><w n="213" lemma="va">va </w><w n="214">dvi</w><w n="215"></w><w n="216">saṃ</w><w n="217">baṃ</w><w n="218">dho</w><w n="219">pa</w><w n="220">pa</w><w n="221" lemma="tiḥ">tiḥ </w>
</text></TEI>
<TEI n="M">
<text>
<w n="0" lemma="ta">|| ta</w><w n="1"></w><w n="2">du</w><w n="3">pā</w><w n="4">dhi</w><w n="5">pa</w><w n="6">ri</w><w n="7">ka</w><w n="8">lpi</w><w n="9"></w><w n="10">ta</w><w n="11">bhe</w><w n="12">da</w><w n="13">ba</w><w n="14">hu</w><w n="15"></w><w n="16">ta</w><w n="17" lemma="yā">yā </w><w n="18">vya</w><w n="19">va</w><w n="20">hā</w><w n="21">ra</w><w n="22">syā</w><w n="23" lemma="pi">pi </w><w n="24">vi</w><w n="25">dyā</w><w n="26">bhū</w><w n="27">ya</w><w n="28" lemma="stve">stve </w><w n="29"></w><w n="30">pra</w><w n="31">ti</w><w n="32">ni</w><w n="33">ya</w><w n="34">tā</w><w n="35">kā</w><w n="36">ro</w><w n="37"></w><w n="38" lemma="thī">tthī</w><w n="39">ya</w><w n="40">mā</w><w n="41">na</w><w n="42">rū</w><w n="43">pa</w><w n="44"></w><w n="45"></w><w n="46"></w><w n="47">bhe</w><w n="48" lemma="daṃ">daṃ </w><w n="49">bra</w><w n="50">hmai</w><w n="51" lemma="va">va </w><w n="52">sa</w><w n="53">rva</w><w n="54">vi</w><w n="55">dyā</w><w n="56">vi</w><w n="57"></w><w n="58">ṣa</w><w n="59" lemma="ya">ya </w><w n="60">i</w><w n="61" lemma="tyu">ty u</w><w n="62"></w><w n="63" lemma="ktaḥ">kto </w><w n="64" lemma="rthaḥ">rthaḥ | </w><w n="65">ā</w><w n="66" lemma="tmā">tmā </w><w n="67">bra</w><w n="68" lemma="hma">hma </w><w n="69">ta</w><w n="70" lemma="tvaṃ">tvam </w><w n="71">i</w><w n="72" lemma="tyu">ty u</w><w n="73"></w><w n="74" lemma="kte">kte </w><w n="75" lemma="pi">pi </w><w n="76" lemma="hi">hi </w><w n="77">śa</w><w n="78" lemma="bdāḥ">bdāḥ </w><w n="79">sa</w><w n="80">ma</w><w n="81">va</w><w n="82">laṃ</w><w n="83">bi</w><w n="84">to</w><w n="85">pā</w><w n="86">dha</w><w n="87" lemma="yo">yo </w><w n="88"></w><w n="89" lemma="pyā">py ā</w><w n="90">tmā</w><w n="91" lemma="naṃ">nam </w><w n="92">a</w><w n="93" lemma="nu">nu </w><w n="94">pa</w><w n="95">ri</w><w n="96">va</w><w n="97" lemma="rtaṃ">rttaṃ</w><w n="98" lemma="te">te | </w><w n="99">ni</w><w n="100">ru</w><w n="101">pā</w><w n="102">dhi</w><w n="103" lemma="naḥ">no </w><w n="104" lemma="vā">vā </w><w n="105">vi</w><w n="106">ṣa</w><w n="107">yā</w><w n="108">tī</w><w n="109">ta</w><w n="110">tvā</w><w n="111"></w><w n="112"></w><w n="113"></w><w n="114"></w><w n="115"></w><w n="116"></w><w n="117" lemma="tvā">d vā </w><w n="118">ma</w><w n="119">na</w><w n="120">sā</w><w n="121">tī</w><w n="122" lemma="taṃ">taṃ </w><w n="123" lemma="hi">hi </w><w n="124">ta</w><w n="125"></w><w n="126" lemma="tvaṃ">tvam </w><w n="127">i</w><w n="128" lemma="tyu">ty u</w><w n="129">pa</w><w n="130">pa</w><w n="131">di</w><w n="132">śaṃ</w><w n="133" lemma="ti">ti | </w><w n="134">bra</w><w n="135">hma</w><w n="136">vi</w><w n="137" lemma="daḥ">das </w><w n="138" lemma="tu">tu </w><w n="139" lemma="ya">ya&#166;</w><w n="140"></w><w n="141" lemma="di">di </w><w n="142">śa</w><w n="143">bdā</w><w n="144">pe</w><w n="145">kṣa</w><w n="146" lemma="yā">yā </w><w n="147" lemma="tvā">tv ā</w><w n="148">tmā</w><w n="149">di</w><w n="150">śa</w><w n="151" lemma="bdāḥ">bdāḥ </w><w n="152">pra</w><w n="153">tyā</w><w n="154" lemma="saṃ">san</w><w n="155" lemma="nāḥ">nāḥ | </w><w n="156">sa</w><w n="157">rva</w><w n="158" lemma="sya">sya </w><w n="159" lemma="ca">ca </w><w n="160" lemma="taṃ">tan</w><w n="161">ma</w><w n="162">ya</w><w n="163">tvā</w><w n="164" lemma="cha">c cha</w><w n="165" lemma="bdā">bdā </w><w n="166"></w><w n="167"></w><w n="168"></w><w n="169">a</w><w n="170" lemma="pi">pi </w><w n="171">ta</w><w n="172">dā</w><w n="173">tma</w><w n="174"></w><w n="175" lemma="kāḥ">kāḥ | </w><w n="176">ya</w><w n="177">thā</w><w n="178">ci</w><w n="179"></w><w n="180" lemma="taṃ">ttaṃ &#175;&#175;</w><w n="181">śa</w><w n="182">ktya</w><w n="183">bhe</w><w n="184" lemma="de">de </w><w n="185" lemma="pi">pi </w><w n="186" lemma="ca">ca </w><w n="187">pā</w><w n="188">ra</w><w n="189">mā</w><w n="190">rthi</w><w n="191" lemma="kaṃ">kaṃ </w><w n="192">saṃ</w><w n="193">sṛ</w><w n="194">ṣṭa</w><w n="195" lemma="to">to </w><w n="196">trai</w><w n="197">ka</w><w n="198">yā</w><w n="199">trā</w><w n="200" lemma="yāṃ">yāṃ </w><w n="201">bhe</w><w n="202" lemma="do">do </w><w n="203">sa</w><w n="204" lemma="tya">tya </w><w n="205">i</w><w n="206">tī</w><w n="207">va</w><w n="208">śa</w><w n="209" lemma="bdaḥ">bdaḥ | </w><w n="210">a</w><w n="211" lemma="ta">ta </w><w n="212">e</w><w n="213" lemma="va">va </w><w n="214">dvi</w><w n="215">ṣṭha</w><w n="216">saṃ</w><w n="217">baṃ</w><w n="218">dho</w><w n="219">pa</w><w n="220">pa</w><w n="221" lemma="tiḥ">ttiḥ | </w>
</text></TEI>
<TEI n="G2">
<text>
<w n="0"></w><w n="1"></w><w n="2"></w><w n="3"></w><w n="4"></w><w n="5"></w><w n="6"></w><w n="7"></w><w n="8"></w><w n="9"></w><w n="10"></w><w n="11"></w><w n="12"></w><w n="13"></w><w n="14"></w><w n="15"></w><w n="16"></w><w n="17"></w><w n="18"></w><w n="19"></w><w n="20"></w><w n="21"></w><w n="22"></w><w n="23"></w><w n="24"></w><w n="25"></w><w n="26"></w><w n="27"></w><w n="28"></w><w n="29"></w><w n="30"></w><w n="31"></w><w n="32"></w><w n="33"></w><w n="34"></w><w n="35"></w><w n="36"></w><w n="37"></w><w n="38"></w><w n="39"></w><w n="40"></w><w n="41"></w><w n="42"></w><w n="43"></w><w n="44"></w><w n="45"></w><w n="46"></w><w n="47"></w><w n="48"></w><w n="49"></w><w n="50"></w><w n="51"></w><w n="52"></w><w n="53"></w><w n="54"></w><w n="55"></w><w n="56"></w><w n="57"></w><w n="58"></w><w n="59"></w><w n="60"></w><w n="61"></w><w n="62"></w><w n="63"></w><w n="64"></w><w n="65"></w><w n="66"></w><w n="67"></w><w n="68"></w><w n="69"></w><w n="70"></w><w n="71"></w><w n="72"></w><w n="73"></w><w n="74"></w><w n="75"></w><w n="76"></w><w n="77"></w><w n="78"></w><w n="79"></w><w n="80"></w><w n="81"></w><w n="82"></w><w n="83"></w><w n="84"></w><w n="85"></w><w n="86"></w><w n="87"></w><w n="88"></w><w n="89"></w><w n="90"></w><w n="91"></w><w n="92"></w><w n="93"></w><w n="94"></w><w n="95"></w><w n="96"></w><w n="97"></w><w n="98"></w><w n="99"></w><w n="100"></w><w n="101"></w><w n="102"></w><w n="103"></w><w n="104"></w><w n="105"></w><w n="106"></w><w n="107"></w><w n="108"></w><w n="109"></w><w n="110"></w><w n="111"></w><w n="112"></w><w n="113"></w><w n="114"></w><w n="115"></w><w n="116"></w><w n="117"></w><w n="118"></w><w n="119"></w><w n="120"></w><w n="121"></w><w n="122"></w><w n="123"></w><w n="124"></w><w n="125"></w><w n="126"></w><w n="127"></w><w n="128"></w><w n="129"></w><w n="130"></w><w n="131"></w><w n="132"></w><w n="133"></w><w n="134"></w><w n="135"></w><w n="136"></w><w n="137"></w><w n="138"></w><w n="139"></w><w n="140"></w><w n="141"></w><w n="142"></w><w n="143"></w><w n="144"></w><w n="145"></w><w n="146"></w><w n="147"></w><w n="148"></w><w n="149"></w><w n="150"></w><w n="151"></w><w n="152"></w><w n="153"></w><w n="154"></w><w n="155"></w><w n="156"></w><w n="157"></w><w n="158"></w><w n="159"></w><w n="160"></w><w n="161"></w><w n="162"></w><w n="163"></w><w n="164"></w><w n="165"></w><w n="166"></w><w n="167"></w><w n="168"></w><w n="169"></w><w n="170"></w><w n="171"></w><w n="172"></w><w n="173"></w><w n="174"></w><w n="175"></w><w n="176"></w><w n="177"></w><w n="178"></w><w n="179"></w><w n="180"></w><w n="181"></w><w n="182"></w><w n="183"></w><w n="184"></w><w n="185"></w><w n="186"></w><w n="187"></w><w n="188"></w><w n="189"></w><w n="190"></w><w n="191"></w><w n="192"></w><w n="193"></w><w n="194"></w><w n="195"></w><w n="196"></w><w n="197"></w><w n="198"></w><w n="199"></w><w n="200"></w><w n="201"></w><w n="202"></w><w n="203"></w><w n="204"></w><w n="205"></w><w n="206"></w><w n="207"></w><w n="208"></w><w n="209"></w><w n="210"></w><w n="211"></w><w n="212"></w><w n="213"></w><w n="214"></w><w n="215"></w><w n="216"></w><w n="217"></w><w n="218"></w><w n="219"></w><w n="220"></w><w n="221"></w>
</text></TEI>
<TEI n="G1">
<text>
<w n="0"></w><w n="1"></w><w n="2"></w><w n="3"></w><w n="4"></w><w n="5"></w><w n="6"></w><w n="7"></w><w n="8"></w><w n="9"></w><w n="10"></w><w n="11"></w><w n="12"></w><w n="13"></w><w n="14"></w><w n="15"></w><w n="16"></w><w n="17"></w><w n="18"></w><w n="19"></w><w n="20"></w><w n="21"></w><w n="22"></w><w n="23"></w><w n="24"></w><w n="25"></w><w n="26"></w><w n="27"></w><w n="28"></w><w n="29"></w><w n="30"></w><w n="31"></w><w n="32"></w><w n="33"></w><w n="34"></w><w n="35"></w><w n="36"></w><w n="37"></w><w n="38"></w><w n="39"></w><w n="40"></w><w n="41"></w><w n="42"></w><w n="43"></w><w n="44"></w><w n="45"></w><w n="46"></w><w n="47"></w><w n="48"></w><w n="49"></w><w n="50"></w><w n="51"></w><w n="52"></w><w n="53"></w><w n="54"></w><w n="55"></w><w n="56"></w><w n="57"></w><w n="58"></w><w n="59"></w><w n="60"></w><w n="61"></w><w n="62"></w><w n="63"></w><w n="64"></w><w n="65"></w><w n="66"></w><w n="67"></w><w n="68"></w><w n="69"></w><w n="70"></w><w n="71"></w><w n="72"></w><w n="73"></w><w n="74"></w><w n="75"></w><w n="76"></w><w n="77"></w><w n="78"></w><w n="79"></w><w n="80"></w><w n="81"></w><w n="82"></w><w n="83"></w><w n="84"></w><w n="85"></w><w n="86"></w><w n="87"></w><w n="88"></w><w n="89"></w><w n="90"></w><w n="91"></w><w n="92"></w><w n="93"></w><w n="94"></w><w n="95"></w><w n="96"></w><w n="97"></w><w n="98"></w><w n="99"></w><w n="100"></w><w n="101"></w><w n="102"></w><w n="103"></w><w n="104"></w><w n="105"></w><w n="106"></w><w n="107"></w><w n="108"></w><w n="109"></w><w n="110"></w><w n="111"></w><w n="112"></w><w n="113"></w><w n="114"></w><w n="115"></w><w n="116"></w><w n="117"></w><w n="118"></w><w n="119"></w><w n="120"></w><w n="121"></w><w n="122"></w><w n="123"></w><w n="124"></w><w n="125"></w><w n="126"></w><w n="127"></w><w n="128"></w><w n="129"></w><w n="130"></w><w n="131"></w><w n="132"></w><w n="133"></w><w n="134"></w><w n="135"></w><w n="136"></w><w n="137"></w><w n="138"></w><w n="139"></w><w n="140"></w><w n="141"></w><w n="142"></w><w n="143"></w><w n="144"></w><w n="145"></w><w n="146"></w><w n="147"></w><w n="148"></w><w n="149"></w><w n="150"></w><w n="151"></w><w n="152"></w><w n="153"></w><w n="154"></w><w n="155"></w><w n="156"></w><w n="157"></w><w n="158"></w><w n="159"></w><w n="160"></w><w n="161"></w><w n="162"></w><w n="163"></w><w n="164"></w><w n="165"></w><w n="166"></w><w n="167"></w><w n="168"></w><w n="169"></w><w n="170"></w><w n="171"></w><w n="172"></w><w n="173"></w><w n="174"></w><w n="175"></w><w n="176"></w><w n="177"></w><w n="178"></w><w n="179"></w><w n="180"></w><w n="181"></w><w n="182"></w><w n="183"></w><w n="184"></w><w n="185"></w><w n="186"></w><w n="187"></w><w n="188"></w><w n="189"></w><w n="190"></w><w n="191"></w><w n="192"></w><w n="193"></w><w n="194"></w><w n="195"></w><w n="196"></w><w n="197"></w><w n="198"></w><w n="199"></w><w n="200"></w><w n="201"></w><w n="202"></w><w n="203"></w><w n="204"></w><w n="205"></w><w n="206"></w><w n="207"></w><w n="208"></w><w n="209"></w><w n="210"></w><w n="211"></w><w n="212"></w><w n="213"></w><w n="214"></w><w n="215"></w><w n="216"></w><w n="217"></w><w n="218"></w><w n="219"></w><w n="220"></w><w n="221"></w>
</text></TEI>
<TEI n="L">
<text>
<w n="0">ta</w><w n="1">tta</w><w n="2">du</w><w n="3">pā</w><w n="4">dhi</w><w n="5">pa</w><w n="6">ri</w><w n="7">ka</w><w n="8">lpi</w><w n="9"></w><w n="10">ta</w><w n="11">bhe</w><w n="12">da</w><w n="13">ba</w><w n="14">hu</w><w n="15"></w><w n="16">ta</w><w n="17" lemma="yā">yā </w><w n="18">vya</w><w n="19">va</w><w n="20">hā</w><w n="21">ra</w><w n="22">syā</w><w n="23" lemma="pi">pi </w><w n="24">vi</w><w n="25">dyā</w><w n="26">bhū</w><w n="27">ya</w><w n="28" lemma="stve">stve </w><w n="29"></w><w n="30">pra</w><w n="31">ti</w><w n="32">ni</w><w n="33">ya</w><w n="34">tā</w><w n="35">kā</w><w n="36" lemma="ro">ro </w><w n="37"></w><w n="38">sthī</w><w n="39">ya</w><w n="40">mā</w><w n="41">na</w><w n="42">rū</w><w n="43">pa</w><w n="44"></w><w n="45"></w><w n="46"></w><w n="47">bhe</w><w n="48" lemma="daṃ">daṃ </w><w n="49">bra</w><w n="50">hmai</w><w n="51" lemma="va">va </w><w n="52">sa</w><w n="53">rva</w><w n="54">śa</w><w n="55">bda</w><w n="56">vi</w><w n="57"></w><w n="58">ṣa</w><w n="59" lemma="ya">ya </w><w n="60">i</w><w n="61" lemma="tyu">ty u</w><w n="62"></w><w n="63" lemma="ktaḥ">kto </w><w n="64" lemma="rtha">rtha </w><w n="65">ā</w><w n="66" lemma="tmā">tmā </w><w n="67">bra</w><w n="68" lemma="hma">hma </w><w n="69">ta</w><w n="70" lemma="tvaṃ">tvam </w><w n="71">i</w><w n="72">tyā</w><w n="73">da</w><w n="74" lemma="yo">yo </w><w n="75" lemma="pi">pi </w><w n="76" lemma="hi">hi&#166; </w><w n="77">śa</w><w n="78" lemma="bdāḥ">bdāḥ </w><w n="79">sa</w><w n="80">ma</w><w n="81">va</w><w n="82">laṃ</w><w n="83">bi</w><w n="84">to</w><w n="85">pā</w><w n="86">dha</w><w n="87" lemma="yo">yo '</w><w n="88"></w><w n="89" lemma="pyā">py ā</w><w n="90">tmā</w><w n="91" lemma="naṃ">nam </w><w n="92">u</w><w n="93" lemma="nu">nu </w><w n="94">pa</w><w n="95">ri</w><w n="96">va</w><w n="97">rtaṃ</w><w n="98" lemma="te">te </w><w n="99">ni</w><w n="100">ru</w><w n="101">pā</w><w n="102">dhi</w><w n="103" lemma="naḥ">no </w><w n="104">vā</w><w n="105">gvi</w><w n="106">ṣa</w><w n="107">yā</w><w n="108">tī</w><w n="109">ta</w><w n="110">tvā</w><w n="111"></w><w n="112"></w><w n="113"></w><w n="114"></w><w n="115"></w><w n="116"></w><w n="117" lemma="tvā">d vā </w><w n="118">ma</w><w n="119">na</w><w n="120">sā</w><w n="121">tī</w><w n="122" lemma="taṃ">taṃ&#166; </w><w n="123" lemma="hi">hi </w><w n="124">ta</w><w n="125"></w><w n="126" lemma="tvaṃ">ttvam </w><w n="127">i</w><w n="128" lemma="tyu">ty u</w><w n="129">pa</w><w n="130"></w><w n="131">di</w><w n="132">śaṃ</w><w n="133" lemma="ti">ti </w><w n="134">bra</w><w n="135">hma</w><w n="136">vi</w><w n="137" lemma="da">da </w><w n="138">kya</w><w n="139">ya</w><w n="140"></w><w n="141">di</w><w n="142">śa</w><w n="143">bdā</w><w n="144">pe</w><w n="145">kṣa</w><w n="146" lemma="yā">yā </w><w n="147" lemma="tvā">tv ā</w><w n="148">tmā</w><w n="149">di</w><w n="150">śa</w><w n="151" lemma="bdāḥ">bdāḥ </w><w n="152">pra</w><w n="153">tyā</w><w n="154" lemma="saṃ">san</w><w n="155" lemma="nāḥ">nāḥ </w><w n="156">sa</w><w n="157">rva</w><w n="158" lemma="sya">sya </w><w n="159" lemma="ca">ca </w><w n="160" lemma="taṃ">tan</w><w n="161">ma</w><w n="162">ya</w><w n="163">tvā</w><w n="164" lemma="cha">c cha</w><w n="165" lemma="bdā">bdā </w><w n="166"></w><w n="167"></w><w n="168"></w><w n="169">a</w><w n="170" lemma="pi">pi </w><w n="171">ta</w><w n="172">dā</w><w n="173">tmi</w><w n="174"></w><w n="175" lemma="kāḥ">kāḥ | </w><w n="176">ya</w><w n="177">thā</w><w n="178">vi</w><w n="179">bha</w><w n="180" lemma="ktaṃ">ktaṃ </w><w n="181">prā</w><w n="182" lemma="ka">k_ a</w><w n="183">bhe</w><w n="184" lemma="de">de </w><w n="185" lemma="pi">pi </w><w n="186" lemma="ca">ca </w><w n="187">pā</w><w n="188">ra</w><w n="189">mā</w><w n="190">rthi</w><w n="191">ka</w><w n="192">saṃ</w><w n="193">vṛ</w><w n="194" lemma="taḥ">to </w><w n="195">lo</w><w n="196"></w><w n="197">ka</w><w n="198">yā</w><w n="199">trā</w><w n="200" lemma="yāṃ">yāṃ </w><w n="201">bhe</w><w n="202" lemma="do">do </w><w n="203">sa</w><w n="204" lemma="tya">tya </w><w n="205">i</w><w n="206">tī</w><w n="207">va</w><w n="208">śa</w><w n="209" lemma="bdaḥ">bdaḥ </w><w n="210">a</w><w n="211" lemma="ta">ta </w><w n="212">e</w><w n="213" lemma="va">va </w><w n="214">dvi</w><w n="215">psa</w><w n="216">saṃ</w><w n="217">baṃ</w><w n="218">dho</w><w n="219">pa</w><w n="220">pa</w><w n="221" lemma="tiḥ">ttiḥ || </w>
</text></TEI>
<TEI n="O">
<text>
<w n="0">ta</w><w n="1">tta</w><w n="2">du</w><w n="3">pā</w><w n="4">dhi</w><w n="5">pa</w><w n="6">ri</w><w n="7">ka</w><w n="8">lpi</w><w n="9"></w><w n="10">ta</w><w n="11">bhe</w><w n="12">da</w><w n="13">ba</w><w n="14">hu</w><w n="15"></w><w n="16">ta</w><w n="17" lemma="yā">yā </w><w n="18">vya</w><w n="19">va</w><w n="20">hā</w><w n="21">ra</w><w n="22">syā</w><w n="23" lemma="pi">pi </w><w n="24">vi</w><w n="25">dyā</w><w n="26">bhū</w><w n="27">ya</w><w n="28" lemma="stve">stve </w><w n="29"></w><w n="30">pra</w><w n="31">ti</w><w n="32">ni</w><w n="33">ya</w><w n="34">tā</w><w n="35">kā</w><w n="36">ro</w><w n="37"></w><w n="38" lemma="thī">tthī</w><w n="39">ya</w><w n="40">mā</w><w n="41">na</w><w n="42">rū</w><w n="43">pa</w><w n="44"></w><w n="45"></w><w n="46"></w><w n="47">bhe</w><w n="48" lemma="daṃ">daṃ </w><w n="49">bra</w><w n="50">hmai</w><w n="51" lemma="va">va </w><w n="52">sa</w><w n="53">rva</w><w n="54">śa</w><w n="55">bda</w><w n="56">vi</w><w n="57"></w><w n="58">ṣa</w><w n="59" lemma="ya">ya </w><w n="60">i</w><w n="61" lemma="tyu">ty u</w><w n="62"></w><w n="63" lemma="ktaḥ">kto </w><w n="64" lemma="rtha">rttha </w><w n="65">ā</w><w n="66" lemma="tmā">tmā </w><w n="67">bra</w><w n="68" lemma="hma">hma </w><w n="69">ta</w><w n="70" lemma="tvaṃ">tvam </w><w n="71">i</w><w n="72">tyā</w><w n="73">da</w><w n="74" lemma="yo">yo </w><w n="75" lemma="pi">pi </w><w n="76"></w><w n="77">śa</w><w n="78" lemma="bdāḥ">bdāḥ </w><w n="79">sa</w><w n="80">ma</w><w n="81">va</w><w n="82">laṃ</w><w n="83">bi</w><w n="84">to</w><w n="85">pā</w><w n="86">dha</w><w n="87" lemma="yo">yo </w><w n="88"></w><w n="89" lemma="pyā">py ā</w><w n="90">tmā</w><w n="91" lemma="naṃ">nam </w><w n="92">a</w><w n="93" lemma="nu">nu </w><w n="94">pa</w><w n="95">ri</w><w n="96">va</w><w n="97">rtaṃ</w><w n="98" lemma="te">te | </w><w n="99">ni</w><w n="100">ru</w><w n="101">pā</w><w n="102">dhi</w><w n="103" lemma="naḥ">no </w><w n="104">vā</w><w n="105">gvi</w><w n="106">ṣa</w><w n="107">yā</w><w n="108">tī</w><w n="109">ta</w><w n="110">tvā</w><w n="111"></w><w n="112"></w><w n="113"></w><w n="114"></w><w n="115"></w><w n="116"></w><w n="117" lemma="tvā">d vā </w><w n="118">ma</w><w n="119">na</w><w n="120">sā</w><w n="121">tī</w><w n="122" lemma="taṃ">taṃ </w><w n="123" lemma="hi">hi </w><w n="124">ta</w><w n="125"></w><w n="126" lemma="tvaṃ">tvam </w><w n="127">i</w><w n="128" lemma="tyu">ty u</w><w n="129">pa</w><w n="130"></w><w n="131">di</w><w n="132">śaṃ</w><w n="133" lemma="ti">ti </w><w n="134">bra</w><w n="135">hma</w><w n="136">vi</w><w n="137" lemma="da">da </w><w n="138">kya</w><w n="139">ya</w><w n="140"></w><w n="141">di</w><w n="142">śa</w><w n="143">bdā</w><w n="144">pe</w><w n="145">kṣa</w><w n="146" lemma="yā">yā </w><w n="147" lemma="tvā">tv ā</w><w n="148">tmā</w><w n="149">di</w><w n="150">śa</w><w n="151" lemma="bdāḥ">bdāḥ </w><w n="152">pra</w><w n="153">tyā</w><w n="154" lemma="saṃ">san</w><w n="155" lemma="nāḥ">nāḥ </w><w n="156">sa</w><w n="157" lemma="rva">rva </w><w n="158"></w><w n="159" lemma="ca">ca </w><w n="160" lemma="taṃ">tan</w><w n="161">ma</w><w n="162">ya</w><w n="163">tvā</w><w n="164" lemma="cha">c cha</w><w n="165" lemma="bdā">bdā </w><w n="166"></w><w n="167"></w><w n="168"></w><w n="169">a</w><w n="170" lemma="pi">pi </w><w n="171">ta</w><w n="172">dā</w><w n="173">tmi</w><w n="174"></w><w n="175" lemma="kā">kāḥ </w><w n="176">ya</w><w n="177">thā</w><w n="178">vi</w><w n="179">bha</w><w n="180" lemma="ktaṃ">ktaṃ </w><w n="181">prā</w><w n="182" lemma="ka">k_ a</w><w n="183">bhe</w><w n="184" lemma="de">de </w><w n="185" lemma="pi">pi </w><w n="186" lemma="ca">ca </w><w n="187">pā</w><w n="188">ra</w><w n="189">mā</w><w n="190" lemma="rthi">rtthi</w><w n="191">ka</w><w n="192">saṃ</w><w n="193">vṛ</w><w n="194" lemma="taḥ">to </w><w n="195">lo</w><w n="196"></w><w n="197">ka</w><w n="198">yā</w><w n="199">trā</w><w n="200" lemma="yāṃ">yāṃ </w><w n="201">bhe</w><w n="202" lemma="do">do </w><w n="203">sa</w><w n="204" lemma="tya">tya </w><w n="205">i</w><w n="206">tī</w><w n="207">va</w><w n="208">śa</w><w n="209" lemma="bdaḥ">bdaḥ </w><w n="210">a</w><w n="211" lemma="ta">ta </w><w n="212">e</w><w n="213" lemma="va">va </w><w n="214">dvi</w><w n="215">sa</w><w n="216">saṃ</w><w n="217">baṃ</w><w n="218">dho</w><w n="219">pa</w><w n="220">pa</w><w n="221" lemma="tiḥ">ttiḥ </w>
</text></TEI>
<TEI n="A">
<text>
<w n="0">ta</w><w n="1">tta</w><w n="2">du</w><w n="3">pā</w><w n="4">dhi</w><w n="5">pa</w><w n="6">ri</w><w n="7">ka</w><w n="8">lpi</w><w n="9"></w><w n="10">ta</w><w n="11">bhe</w><w n="12">da</w><w n="13">ba</w><w n="14">hu</w><w n="15"></w><w n="16">ta</w><w n="17" lemma="yā">yā </w><w n="18">vya</w><w n="19">va</w><w n="20">tā</w><w n="21">ra</w><w n="22">syā</w><w n="23" lemma="pi">pi </w><w n="24">vi</w><w n="25">dyā</w><w n="26">bhū</w><w n="27">ya</w><w n="28" lemma="stve">stve </w><w n="29"></w><w n="30">pra</w><w n="31">ti</w><w n="32">ni</w><w n="33">ya</w><w n="34">tā</w><w n="35">kā</w><w n="36" lemma="ro">ro </w><w n="37"></w><w n="38">sthī</w><w n="39">ya</w><w n="40">mā</w><w n="41">na</w><w n="42">rū</w><w n="43">pa</w><w n="44"></w><w n="45"></w><w n="46"></w><w n="47">bhe</w><w n="48" lemma="daṃ">daṃ </w><w n="49">bra</w><w n="50">hmai</w><w n="51" lemma="va">va </w><w n="52">sa</w><w n="53">rva</w><w n="54">śa</w><w n="55">bda</w><w n="56">vi</w><w n="57"></w><w n="58">ṣa</w><w n="59" lemma="ya">ya </w><w n="60">i</w><w n="61" lemma="tyu">ty u</w><w n="62"></w><w n="63" lemma="ktaḥ">kto </w><w n="64" lemma="rtha">rtha </w><w n="65">ā</w><w n="66" lemma="tmā">tmā </w><w n="67">bra</w><w n="68" lemma="hma">hma </w><w n="69">ta</w><w n="70" lemma="tvaṃ">tvam </w><w n="71">i</w><w n="72" lemma="tyu">ty u</w><w n="73">da</w><w n="74" lemma="yeḥ">yer </w><w n="75" lemma="hi">hi </w><w n="76" lemma="pi">pi </w><w n="77">śa</w><w n="78" lemma="bdāḥ">bdāḥ </w><w n="79">sa</w><w n="80">ma</w><w n="81">va</w><w n="82">laṃ</w><w n="83">bi</w><w n="84">to</w><w n="85">pā</w><w n="86">dha</w><w n="87" lemma="yo">yo </w><w n="88"></w><w n="89" lemma="pyā">py ā</w><w n="90">tmā</w><w n="91" lemma="naṃ">nam </w><w n="92">a</w><w n="93" lemma="nu">nu </w><w n="94">pa</w><w n="95">ri</w><w n="96">va</w><w n="97" lemma="rtaṃ">rttaṃ</w><w n="98" lemma="te">te </w><w n="99">ni</w><w n="100">ru</w><w n="101">pā</w><w n="102">dhi</w><w n="103" lemma="taḥ">to </w><w n="104">vā</w><w n="105">gvi</w><w n="106">ṣa</w><w n="107">yā</w><w n="108">tī</w><w n="109">ta</w><w n="110">tvā</w><w n="111"></w><w n="112"></w><w n="113"></w><w n="114"></w><w n="115"></w><w n="116"></w><w n="117" lemma="tvā">d vā </w><w n="118">ma</w><w n="119">na</w><w n="120">sā</w><w n="121">tī</w><w n="122" lemma="taṃ">taṃ </w><w n="123" lemma="hi">hi </w><w n="124">ta</w><w n="125"></w><w n="126" lemma="tvaṃ">tvam </w><w n="127">i</w><w n="128" lemma="tyu">ty u</w><w n="129">pa</w><w n="130"></w><w n="131">di</w><w n="132">śaṃ</w><w n="133" lemma="ti">ti </w><w n="134">bra</w><w n="135">hma</w><w n="136">vi</w><w n="137" lemma="ddaḥ">ddaḥ </w><w n="138"></w><w n="139">ya</w><w n="140"></w><w n="141" lemma="di">di </w><w n="142">śa</w><w n="143">bdā</w><w n="144">pe</w><w n="145">kṣa</w><w n="146" lemma="yā">yā </w><w n="147" lemma="tvā">tv ā</w><w n="148">tmā</w><w n="149">di</w><w n="150">śa</w><w n="151" lemma="bdāḥ">bdāḥ </w><w n="152">pra</w><w n="153">tyā</w><w n="154" lemma="saṃ">san</w><w n="155" lemma="nāḥ">nāḥ </w><w n="156">sa</w><w n="157">rva</w><w n="158" lemma="sya">sya </w><w n="159" lemma="ca">ca </w><w n="160" lemma="taṃ">tan</w><w n="161">ma</w><w n="162">ya</w><w n="163">tvā</w><w n="164">cha</w><w n="165" lemma="bdā">bdā </w><w n="166"></w><w n="167"></w><w n="168"></w><w n="169">a</w><w n="170" lemma="pi">pi </w><w n="171">ta</w><w n="172">dā</w><w n="173">tmi</w><w n="174"></w><w n="175" lemma="kā">kāḥ </w><w n="176">ya</w><w n="177">thā</w><w n="178">vi</w><w n="179">bha</w><w n="180" lemma="ktaṃ">ktaṃ </w><w n="181">prā</w><w n="182" lemma="ka">k_ a</w><w n="183">bhe</w><w n="184" lemma="de">de </w><w n="185" lemma="pi">pi </w><w n="186" lemma="ca">ca </w><w n="187">pā</w><w n="188">ra</w><w n="189">mā</w><w n="190">rthi</w><w n="191">ka</w><w n="192">saṃ</w><w n="193">vṛ</w><w n="194" lemma="taḥ">to </w><w n="195">lo</w><w n="196"></w><w n="197">ka</w><w n="198">yā</w><w n="199">trā</w><w n="200" lemma="yāṃ">yāṃ </w><w n="201">bhe</w><w n="202" lemma="do">do </w><w n="203">sa</w><w n="204" lemma="tya">tya </w><w n="205">i</w><w n="206">tī</w><w n="207">va</w><w n="208">śa</w><w n="209" lemma="bdaḥ">bdaḥ </w><w n="210">a</w><w n="211" lemma="ta">ta </w><w n="212">e</w><w n="213" lemma="va">va </w><w n="214">dvi</w><w n="215">ṣṭa</w><w n="216">saṃ</w><w n="217">baṃ</w><w n="218">dho</w><w n="219">pa</w><w n="220">pa</w><w n="221" lemma="tiḥ">ttiḥ </w>
</text></TEI>
<TEI n="V">
<text>
<w n="0">ta</w><w n="1">tta</w><w n="2">du</w><w n="3">pā</w><w n="4">dhi</w><w n="5">pa</w><w n="6">ri</w><w n="7">ka</w><w n="8">lpi</w><w n="9"></w><w n="10">ta</w><w n="11">bhe</w><w n="12">da</w><w n="13">ba</w><w n="14">hu</w><w n="15"></w><w n="16">ta</w><w n="17" lemma="yā">yā </w><w n="18">vya</w><w n="19">va</w><w n="20">hā</w><w n="21">ra</w><w n="22">syā</w><w n="23" lemma="pi">pi </w><w n="24">vi</w><w n="25">dyā</w><w n="26">bhū</w><w n="27">ya</w><w n="28" lemma="stve">stve </w><w n="29"></w><w n="30">pra</w><w n="31">ti</w><w n="32">ni</w><w n="33">ya</w><w n="34">tā</w><w n="35">kā</w><w n="36" lemma="ro">ro </w><w n="37"></w><w n="38">sthā</w><w n="39">ya</w><w n="40">mā</w><w n="41">na</w><w n="42">rū</w><w n="43">pa</w><w n="44"></w><w n="45"></w><w n="46"></w><w n="47">bhe</w><w n="48" lemma="daṃ">daṃ </w><w n="49">bra</w><w n="50">hmai</w><w n="51" lemma="va">va </w><w n="52">sa</w><w n="53">rva</w><w n="54">śa</w><w n="55">bda</w><w n="56">vi</w><w n="57"></w><w n="58">ṣa</w><w n="59" lemma="ya">ya </w><w n="60">i</w><w n="61" lemma="tyu">ty u</w><w n="62"></w><w n="63" lemma="ktaḥ">kto </w><w n="64" lemma="rtha">rthaḥ </w><w n="65">ā</w><w n="66" lemma="tmā">tmā </w><w n="67">bra</w><w n="68" lemma="hma">hma </w><w n="69">ta</w><w n="70" lemma="tvaṃ">tvam </w><w n="71">i</w><w n="72" lemma="tyu">ty u</w><w n="73">da</w><w n="74" lemma="ye">ye </w><w n="75" lemma="pi">pi </w><w n="76" lemma="hi">hi </w><w n="77">śa</w><w n="78" lemma="bdāḥ">bdāḥ </w><w n="79">sa</w><w n="80">ma</w><w n="81">va</w><w n="82">laṃ</w><w n="83">bi</w><w n="84">to</w><w n="85">pā</w><w n="86">dha</w><w n="87" lemma="yo">yo </w><w n="88"></w><w n="89">thā</w><w n="90">tmā</w><w n="91" lemma="naṃ">nam </w><w n="92">a</w><w n="93" lemma="na">na </w><w n="94">pa</w><w n="95">ri</w><w n="96">va</w><w n="97">rtaṃ</w><w n="98" lemma="te">te </w><w n="99">ni</w><w n="100">ha</w><w n="101">pā</w><w n="102">dhi</w><w n="103" lemma="taḥ">to </w><w n="104">vā</w><w n="105">dye</w><w n="106">ṣa</w><w n="107">yā</w><w n="108">tī</w><w n="109">ta</w><w n="110">tvā</w><w n="111"></w><w n="112"></w><w n="113"></w><w n="114"></w><w n="115"></w><w n="116"></w><w n="117" lemma="tvā">d vā </w><w n="118">ma</w><w n="119">na</w><w n="120">sā</w><w n="121">tī</w><w n="122" lemma="taṃ">taṃ </w><w n="123" lemma="hi">hi </w><w n="124">ta</w><w n="125"></w><w n="126" lemma="tvaṃ">tvam </w><w n="127">i</w><w n="128" lemma="tyu">ty u</w><w n="129">pa</w><w n="130"></w><w n="131">di</w><w n="132">śaṃ</w><w n="133" lemma="ti">ti </w><w n="134">bra</w><w n="135">hma</w><w n="136">vi</w><w n="137" lemma="daḥ">daḥ </w><w n="138"></w><w n="139">ya</w><w n="140"></w><w n="141" lemma="di">di </w><w n="142">śa</w><w n="143">bdā</w><w n="144">pe</w><w n="145">kṣe</w><w n="146" lemma="yā">yā </w><w n="147" lemma="tvā">tv ā</w><w n="148">tmā</w><w n="149">di</w><w n="150">śa</w><w n="151" lemma="bdāḥ">bdāḥ </w><w n="152">pra</w><w n="153">tyā</w><w n="154" lemma="saṃ">san</w><w n="155" lemma="nāḥ">nāḥ </w><w n="156">sa</w><w n="157">rva</w><w n="158" lemma="sya">sya </w><w n="159" lemma="va">va </w><w n="160" lemma="taṃ">tan</w><w n="161">ma</w><w n="162">ya</w><w n="163">tvā</w><w n="164">cha</w><w n="165" lemma="bdā">bdā </w><w n="166"></w><w n="167"></w><w n="168"></w><w n="169">a</w><w n="170" lemma="pi">pi </w><w n="171">ta</w><w n="172">dā</w><w n="173">tmi</w><w n="174"></w><w n="175" lemma="kā">kāḥ </w><w n="176">ya</w><w n="177">thā</w><w n="178">vi</w><w n="179">bha</w><w n="180" lemma="ktaṃ">ktaṃ </w><w n="181">prā</w><w n="182" lemma="ka">k_ a</w><w n="183">bhe</w><w n="184" lemma="de">de </w><w n="185" lemma="pi">pi </w><w n="186" lemma="va">va </w><w n="187">pā</w><w n="188">ra</w><w n="189">mā</w><w n="190">rthi</w><w n="191">ka</w><w n="192">saṃ</w><w n="193">va</w><w n="194" lemma="taḥ">to </w><w n="195">lo</w><w n="196"></w><w n="197">ka</w><w n="198">yā</w><w n="199">lā</w><w n="200" lemma="yāṃ">yāṃ </w><w n="201">bhe</w><w n="202" lemma="do">do </w><w n="203">sa</w><w n="204" lemma="tya">tya </w><w n="205">i</w><w n="206">tī</w><w n="207">va</w><w n="208">śa</w><w n="209" lemma="bdaḥ">bdaḥ </w><w n="210">a</w><w n="211" lemma="ta">ta </w><w n="212">e</w><w n="213" lemma="va">va </w><w n="214">dvi</w><w n="215">ṣṭa</w><w n="216">saṃ</w><w n="217">baṃ</w><w n="218">dho</w><w n="219">pa</w><w n="220">pa</w><w n="221" lemma="tiḥ">tiḥ </w>
</text></TEI>
<TEI n="K">
<text>
<w n="0">ta</w><w n="1">tta</w><w n="2">du</w><w n="3">pā</w><w n="4">dhi</w><w n="5">pa</w><w n="6">ri</w><w n="7">ka</w><w n="8">lpi</w><w n="9"></w><w n="10">ta</w><w n="11">bhe</w><w n="12">da</w><w n="13">ba</w><w n="14">hu</w><w n="15"></w><w n="16">ta</w><w n="17" lemma="yā">yā </w><w n="18">vya</w><w n="19">va</w><w n="20">hā</w><w n="21">ra</w><w n="22">syā</w><w n="23" lemma="pi">pi </w><w n="24">vi</w><w n="25">dyā</w><w n="26">bhū</w><w n="27">ya</w><w n="28" lemma="stve">stve </w><w n="29"></w><w n="30">pra</w><w n="31">ti</w><w n="32">ni</w><w n="33">ya</w><w n="34">tā</w><w n="35">kā</w><w n="36" lemma="ro">ro </w><w n="37"></w><w n="38">sthā</w><w n="39">ya</w><w n="40">mā</w><w n="41">na</w><w n="42">rū</w><w n="43">pa</w><w n="44"></w><w n="45"></w><w n="46"></w><w n="47">bhe</w><w n="48" lemma="daṃ">daṃ </w><w n="49">bra</w><w n="50">hmai</w><w n="51" lemma="va">va </w><w n="52">sa</w><w n="53">rva</w><w n="54">śa</w><w n="55">bda</w><w n="56">vi</w><w n="57"></w><w n="58">ṣa</w><w n="59" lemma="ya">ya </w><w n="60">i</w><w n="61" lemma="tyu">ty u</w><w n="62"></w><w n="63" lemma="ktaḥ">kto </w><w n="64" lemma="rtha">rthaḥ </w><w n="65">ā</w><w n="66" lemma="tmā">tmā </w><w n="67">bra</w><w n="68" lemma="hma">hma </w><w n="69">ta</w><w n="70" lemma="tvaṃ">tvam </w><w n="71">i</w><w n="72" lemma="tyu">ty u</w><w n="73">da</w><w n="74" lemma="ye">ye </w><w n="75" lemma="pi">pi </w><w n="76" lemma="hi">hi </w><w n="77">śa</w><w n="78" lemma="bdāḥ">bdāḥ </w><w n="79">sa</w><w n="80">ma</w><w n="81">va</w><w n="82">laṃ</w><w n="83">bi</w><w n="84">to</w><w n="85">pā</w><w n="86">dha</w><w n="87" lemma="yo">yo </w><w n="88"></w><w n="89">thā</w><w n="90">tmā</w><w n="91" lemma="naṃ">nam </w><w n="92">a</w><w n="93" lemma="na">na </w><w n="94">pa</w><w n="95">ri</w><w n="96">va</w><w n="97">rtaṃ</w><w n="98" lemma="te">te </w><w n="99">ni</w><w n="100">ha</w><w n="101">pā</w><w n="102">dhi</w><w n="103" lemma="taḥ">to </w><w n="104">vā</w><w n="105">gvi</w><w n="106">ṣa</w><w n="107">yā</w><w n="108">tī</w><w n="109">ta</w><w n="110">tvā</w><w n="111"></w><w n="112"></w><w n="113"></w><w n="114"></w><w n="115"></w><w n="116"></w><w n="117" lemma="tvā">d vā </w><w n="118">ma</w><w n="119">na</w><w n="120">sā</w><w n="121">tī</w><w n="122" lemma="taṃ">taṃ </w><w n="123" lemma="hi">hi </w><w n="124">ta</w><w n="125"></w><w n="126" lemma="tvaṃ">tvam </w><w n="127">i</w><w n="128" lemma="tyu">ty u</w><w n="129">pa</w><w n="130"></w><w n="131">di</w><w n="132">śaṃ</w><w n="133" lemma="ti">ti </w><w n="134">bra</w><w n="135">hma</w><w n="136">vi</w><w n="137" lemma="daḥ">daḥ </w><w n="138"></w><w n="139">ya</w><w n="140"></w><w n="141" lemma="di">di </w><w n="142">śa</w><w n="143">bdā</w><w n="144">pe</w><w n="145">kṣe</w><w n="146" lemma="yā">yā </w><w n="147" lemma="tvā">tv ā</w><w n="148">tmā</w><w n="149">di</w><w n="150">śa</w><w n="151" lemma="bdāḥ">bdāḥ </w><w n="152">pra</w><w n="153">tyā</w><w n="154" lemma="saṃ">san</w><w n="155" lemma="nāḥ">nāḥ </w><w n="156">sa</w><w n="157">rva</w><w n="158" lemma="sya">sya </w><w n="159" lemma="va">va </w><w n="160" lemma="taṃ">tan</w><w n="161">ma</w><w n="162">ya</w><w n="163">tvā</w><w n="164">cha</w><w n="165" lemma="bdā">bdā </w><w n="166"></w><w n="167"></w><w n="168"></w><w n="169">a</w><w n="170" lemma="pi">pi </w><w n="171">ta</w><w n="172">dā</w><w n="173">tmi</w><w n="174"></w><w n="175" lemma="kā">kāḥ </w><w n="176">ya</w><w n="177">thā</w><w n="178">vi</w><w n="179">bha</w><w n="180" lemma="ktaṃ">ktaṃ </w><w n="181">prā</w><w n="182" lemma="ka">k_ a</w><w n="183">bhe</w><w n="184" lemma="de">de </w><w n="185" lemma="pi">pi </w><w n="186" lemma="va">va </w><w n="187">pā</w><w n="188">ra</w><w n="189">mā</w><w n="190">rthi</w><w n="191">ka</w><w n="192">saṃ</w><w n="193">va</w><w n="194" lemma="taḥ">to </w><w n="195">lo</w><w n="196"></w><w n="197">ka</w><w n="198">yā</w><w n="199">trā</w><w n="200" lemma="yāṃ">yāṃ </w><w n="201">bhe</w><w n="202" lemma="do">do </w><w n="203">sa</w><w n="204" lemma="tya">tya </w><w n="205">i</w><w n="206">tī</w><w n="207">va</w><w n="208">śa</w><w n="209" lemma="bdaḥ">bdaḥ </w><w n="210">a</w><w n="211" lemma="ta">ta </w><w n="212">e</w><w n="213" lemma="va">va </w><w n="214">dvi</w><w n="215">ṣṭa</w><w n="216">saṃ</w><w n="217">baṃ</w><w n="218">dho</w><w n="219">pa</w><w n="220">pa</w><w n="221" lemma="tiḥ">ttiḥ </w>
</text></TEI>
<TEI n="D">
<text>
<w n="0">ta</w><w n="1">tta</w><w n="2">du</w><w n="3">pā</w><w n="4">dhi</w><w n="5">pa</w><w n="6">ri</w><w n="7">ka</w><w n="8">lpi</w><w n="9"></w><w n="10">ta</w><w n="11">bhe</w><w n="12">da</w><w n="13">ba</w><w n="14">hu</w><w n="15"></w><w n="16">ta</w><w n="17" lemma="yā">yā </w><w n="18">vya</w><w n="19">va</w><w n="20">hā</w><w n="21">ra</w><w n="22">syā</w><w n="23" lemma="pi">pi </w><w n="24">vi</w><w n="25">dyā</w><w n="26">bhū</w><w n="27">ya</w><w n="28" lemma="stve">stve </w><w n="29"></w><w n="30">pra</w><w n="31">ti</w><w n="32">ni</w><w n="33">ya</w><w n="34">tā</w><w n="35">kā</w><w n="36" lemma="ro">ro </w><w n="37"></w><w n="38">sthī</w><w n="39">ya</w><w n="40">mā</w><w n="41">na</w><w n="42">rū</w><w n="43">pa</w><w n="44"></w><w n="45"></w><w n="46"></w><w n="47">bhe</w><w n="48" lemma="daṃ">daṃ </w><w n="49">bra</w><w n="50">hmai</w><w n="51" lemma="va">va </w><w n="52">sa</w><w n="53">rva</w><w n="54">śa</w><w n="55">bda</w><w n="56">vi</w><w n="57"></w><w n="58">ṣa</w><w n="59" lemma="ya">ya </w><w n="60">i</w><w n="61" lemma="tyu">ty u</w><w n="62"></w><w n="63" lemma="ktaḥ">kto </w><w n="64" lemma="rtha">rtha </w><w n="65">ā</w><w n="66" lemma="tmā">tmā </w><w n="67">bra</w><w n="68" lemma="hma">hma </w><w n="69">ta</w><w n="70" lemma="tvaṃ">tvam </w><w n="71">i</w><w n="72" lemma="tyu">ty u</w><w n="73">da</w><w n="74" lemma="ye">ye </w><w n="75" lemma="pi">pi </w><w n="76" lemma="hi">hi </w><w n="77">śa</w><w n="78" lemma="bdāḥ">bdāḥ </w><w n="79">sa</w><w n="80">ma</w><w n="81">va</w><w n="82">laṃ</w><w n="83">bi</w><w n="84">to</w><w n="85">pā</w><w n="86">dha</w><w n="87" lemma="yo">yo </w><w n="88"></w><w n="89" lemma="pyā">py ā</w><w n="90">tmā</w><w n="91" lemma="naṃ">nam </w><w n="92">a</w><w n="93" lemma="nu">nu </w><w n="94">pa</w><w n="95">ri</w><w n="96">va</w><w n="97">rtaṃ</w><w n="98" lemma="te">te </w><w n="99">ni</w><w n="100">ru</w><w n="101">pā</w><w n="102">dhi</w><w n="103" lemma="taḥ">to </w><w n="104">vā</w><w n="105">gvi</w><w n="106">ṣa</w><w n="107">yā</w><w n="108">tī</w><w n="109">ta</w><w n="110">tvā</w><w n="111"></w><w n="112"></w><w n="113"></w><w n="114"></w><w n="115"></w><w n="116"></w><w n="117" lemma="tvā">d vā </w><w n="118">ma</w><w n="119">na</w><w n="120">sā</w><w n="121">tī</w><w n="122" lemma="taṃ">taṃ </w><w n="123" lemma="hi">hi </w><w n="124">ta</w><w n="125"></w><w n="126" lemma="tvaṃ">tvam </w><w n="127">i</w><w n="128" lemma="tyu">ty u</w><w n="129">pa</w><w n="130"></w><w n="131">di</w><w n="132">śaṃ</w><w n="133" lemma="ti">ti </w><w n="134">bra</w><w n="135">hma</w><w n="136">vi</w><w n="137" lemma="daḥ">daḥ </w><w n="138"></w><w n="139">ya</w><w n="140"></w><w n="141" lemma="di">di </w><w n="142">śa</w><w n="143">bdā</w><w n="144">pe</w><w n="145">kṣa</w><w n="146" lemma="yā">yā </w><w n="147" lemma="tvā">tv ā</w><w n="148">tmā</w><w n="149">di</w><w n="150">śa</w><w n="151" lemma="bdāḥ">bdāḥ </w><w n="152">pra</w><w n="153">tyā</w><w n="154" lemma="saṃ">san</w><w n="155" lemma="nāḥ">nāḥ </w><w n="156">sa</w><w n="157">rva</w><w n="158" lemma="sya">sya </w><w n="159" lemma="ca">ca </w><w n="160" lemma="taṃ">tan</w><w n="161">ma</w><w n="162">ya</w><w n="163">tvā</w><w n="164">cha</w><w n="165" lemma="bdā">bdā </w><w n="166"></w><w n="167"></w><w n="168"></w><w n="169">a</w><w n="170" lemma="pi">pi </w><w n="171">ta</w><w n="172">dā</w><w n="173">tmi</w><w n="174"></w><w n="175" lemma="kā">kāḥ </w><w n="176">ya</w><w n="177">thā</w><w n="178">vi</w><w n="179">bha</w><w n="180" lemma="ktaṃ">ktaṃ </w><w n="181">prā</w><w n="182" lemma="ka">k_ a</w><w n="183">bhe</w><w n="184" lemma="de">de </w><w n="185" lemma="pi">pi </w><w n="186" lemma="ca">ca </w><w n="187">pā</w><w n="188">ra</w><w n="189">mā</w><w n="190">rthi</w><w n="191">ka</w><w n="192">saṃ</w><w n="193">vṛ</w><w n="194" lemma="taḥ">to </w><w n="195">lo</w><w n="196"></w><w n="197">ka</w><w n="198">yā</w><w n="199">trā</w><w n="200" lemma="yāṃ">yāṃ </w><w n="201">bhe</w><w n="202" lemma="do">do </w><w n="203">sa</w><w n="204" lemma="tya">tya </w><w n="205">i</w><w n="206">tī</w><w n="207">va</w><w n="208">śa</w><w n="209" lemma="bdaḥ">bdaḥ </w><w n="210">a</w><w n="211" lemma="ta">ta </w><w n="212">e</w><w n="213" lemma="va">va </w><w n="214">dvi</w><w n="215">ṣṭha</w><w n="216">saṃ</w><w n="217">baṃ</w><w n="218">dho</w><w n="219">pa</w><w n="220">pa</w><w n="221" lemma="tiḥ">ttiḥ </w>
</text></TEI>
</teiCorpus>
