<?xml version="1.0" encoding="UTF-8"?>
<teiCorpus xmlns="http://www.tei-c.org/ns/1.0">

<TEI n="GV">
<text>
<w n="0">yu</w><w n="1" lemma="ktaṃ">ktam </w><w n="2">i</w><w n="3" lemma="daṃ">daṃ </w><w n="4">ā</w><w n="5">kṛ</w><w n="6">ta</w><w n="7">saṃ</w><w n="8">hā</w><w n="9" lemma="re">re </w><w n="10"></w><w n="11">ya</w><w n="12" lemma="ta">d a</w><w n="13">va</w><w n="14">ti</w><w n="15">ṣṭha</w><w n="16" lemma="te">te | </w><w n="17">ta</w><w n="18" lemma="tsa">t sa</w><w n="19" lemma="tyaṃ">tyam </w><w n="20">i</w><w n="21" lemma="ti">ti </w><w n="22">ta</w><w n="23">trai</w><w n="24" lemma="ta">ta </w><w n="25">syā</w><w n="26" lemma="tta">t_ ta</w><w n="27" lemma="ta">d a</w><w n="28">ne</w><w n="29" lemma="na">na </w><w n="30">kiṃ</w><w n="31">ci</w><w n="32" lemma="ta">d a</w><w n="33">va</w><w n="34">ti</w><w n="35">ṣṭha</w><w n="36" lemma="te">te | </w><w n="37">ā</w><w n="38">sa</w><w n="39"></w><w n="40" lemma="ta">d a</w><w n="41">pa</w><w n="42" lemma="daṃ">dam </w><w n="43">e</w><w n="44">vai</w><w n="45">ta</w><w n="46" lemma="tvi">d vi</w><w n="47" lemma="śvaṃ">śvam </w><w n="48">ā</w><w n="49">vi</w><w n="50">rbha</w><w n="51"></w><w n="52">tī</w><w n="53" lemma="tyā">ty ā</w><w n="54"></w><w n="55">śaṃ</w><w n="56">kyā</w><w n="57" lemma="pi">pi </w><w n="58"></w><w n="59">he</w><w n="60">tu</w><w n="61"></w><w n="62"></w><w n="63" lemma="bhiṃ">bhin</w><w n="64">na</w><w n="65">kā</w><w n="66">ra</w><w n="67">ṇa</w><w n="68">pū</w><w n="69">rva</w><w n="70">ka</w><w n="71" lemma="tvaṃ">tvam </w><w n="72">a</w><w n="73">nva</w><w n="74">ya</w><w n="75">mu</w><w n="76">khe</w><w n="77" lemma="na">na </w><w n="78">dṛ</w><w n="79">ṣṭhāṃ</w><w n="80">to</w><w n="81">pa</w><w n="82">kra</w><w n="83" lemma="maṃ">maṃ </w><w n="84">saṃ</w><w n="85">dhā</w><w n="86">yi</w><w n="87" lemma="tuṃ">tum </w><w n="88">ā</w><w n="89" lemma="ha">ha || </w>
</text></TEI>
<TEI n="CT">
<text>
<w n="0">u</w><w n="1" lemma="ktaṃ">ktam </w><w n="2">i</w><w n="3" lemma="daṃ">dam </w><w n="4">ā</w><w n="5">kṛ</w><w n="6">ti</w><w n="7">saṃ</w><w n="8">hā</w><w n="9" lemma="reṃ">re 'n</w><w n="10" lemma="te">te </w><w n="11">ya</w><w n="12" lemma="ta">d a-</w><w n="13">va</w><w n="14">ti</w><w n="15">ṣṭha</w><w n="16" lemma="te">te </w><w n="17">ta</w><w n="18" lemma="tsa">t sa</w><w n="19" lemma="tyaṃ">tyam </w><w n="20">i</w><w n="21" lemma="ti">ti </w><w n="22">ta</w><w n="23">trai</w><w n="24">ta</w><w n="25" lemma="tsyā">t_ syā</w><w n="26"></w><w n="27" lemma="taṃ">t | an</w><w n="28" lemma="te">te </w><w n="29" lemma="na">na </w><w n="30">kiṃ</w><w n="31">ci</w><w n="32" lemma="ta">d a</w><w n="33">va</w><w n="34">ti</w><w n="35">ṣṭha</w><w n="36" lemma="te">te | </w><w n="37">a</w><w n="38">sa</w><w n="39"></w><w n="40" lemma="ta">d a</w><w n="41">pa</w><w n="42" lemma="daṃ">dam </w><w n="43">e</w><w n="44">vai</w><w n="45">ta</w><w n="46" lemma="tvi">d vi</w><w n="47" lemma="śvaṃ">śva-m </w><w n="48">ā</w><w n="49">vi</w><w n="50">rbha</w><w n="51">va</w><w n="52">tī</w><w n="53" lemma="tyā">ty ā</w><w n="54"></w><w n="55" lemma="śaṃ">śaṅ</w><w n="56">kyā</w><w n="57" lemma="pi">pi </w><w n="58"></w><w n="59">he</w><w n="60">tu</w><w n="61" lemma="nā">nā </w><w n="62">a</w><w n="63" lemma="bhiṃ">bhin</w><w n="64">na</w><w n="65">kā</w><w n="66">ra</w><w n="67" lemma="ṇe">ṇe </w><w n="68">pū</w><w n="69">rva</w><w n="70">ka</w><w n="71" lemma="tvaṃ">tvam </w><w n="72">a</w><w n="73">nva</w><w n="74" lemma="yaṃ">yaṃ </w><w n="75">mu</w><w n="76">khe</w><w n="77" lemma="na">na </w><w n="78">dṛ</w><w n="79" lemma="ṣṭāṃ">ṣṭān</w><w n="80">to</w><w n="81">pa</w><w n="82" lemma="kra">kra-</w><w n="83" lemma="maṃ">maṃ </w><w n="84">sā</w><w n="85">dha</w><w n="86">yi</w><w n="87" lemma="tuṃ">tum </w><w n="88">ā</w><w n="89" lemma="ha">ha&#8212;</w>
</text></TEI>
<TEI n="T">
<text>
<w n="0">u</w><w n="1" lemma="ktaṃ">ktam </w><w n="2">i</w><w n="3"></w><w n="4"></w><w n="5"></w><w n="6" lemma="ti">ti </w><w n="7">saṃ</w><w n="8">hā</w><w n="9" lemma="reṃ">re n</w><w n="10" lemma="te">te </w><w n="11">ya</w><w n="12" lemma="ta">d a</w><w n="13">va</w><w n="14">ti</w><w n="15">ṣṭha</w><w n="16" lemma="te">te </w><w n="17">ta</w><w n="18" lemma="tsa">t_ sa</w><w n="19" lemma="tyaṃ">tyam </w><w n="20">i</w><w n="21" lemma="ti">ti </w><w n="22">ta</w><w n="23">trai</w><w n="24">ta</w><w n="25" lemma="tsyā">t syā</w><w n="26"></w><w n="27" lemma="taṃ">t_ an</w><w n="28" lemma="te">te </w><w n="29" lemma="na">na </w><w n="30" lemma="kiṃ">kiñ</w><w n="31">ci</w><w n="32" lemma="ta">d a</w><w n="33">va</w><w n="34">ti</w><w n="35">ṣṭha</w><w n="36" lemma="te">te </w><w n="37">a</w><w n="38">sa</w><w n="39"></w><w n="40" lemma="ta">d a</w><w n="41">pa</w><w n="42" lemma="daṃ">dam </w><w n="43">e</w><w n="44">vai</w><w n="45">ta</w><w n="46" lemma="tvi">d vi</w><w n="47" lemma="śvaṃ">śvam </w><w n="48">ā</w><w n="49">vi</w><w n="50">rbha</w><w n="51">va</w><w n="52">tī</w><w n="53" lemma="tyā">ty ā</w><w n="54"></w><w n="55">śaṃ</w><w n="56">kyā</w><w n="57">pī</w><w n="58" lemma="ta">ta </w><w n="59">he</w><w n="60">tu</w><w n="61" lemma="nā">nā </w><w n="62">a</w><w n="63" lemma="bhiṃ">bhin</w><w n="64">na</w><w n="65">kā</w><w n="66">ra</w><w n="67" lemma="ṇe">ṇe </w><w n="68">pū</w><w n="69" lemma="rva">rvva</w><w n="70">ka</w><w n="71" lemma="tvaṃ">tvam </w><w n="72">a</w><w n="73">nva</w><w n="74">ya</w><w n="75">mu</w><w n="76">khe</w><w n="77" lemma="na">na </w><w n="78">dṛ</w><w n="79" lemma="ṣṭāṃ">ṣṭān</w><w n="80">to</w><w n="81">pa</w><w n="82">kra</w><w n="83" lemma="maṃ">maṃ </w><w n="84">sā</w><w n="85">dha</w><w n="86">yi</w><w n="87" lemma="tuṃ">tum </w><w n="88">ā</w><w n="89" lemma="ha">ha | </w>
</text></TEI>
<TEI n="H">
<text>
<w n="0">u</w><w n="1" lemma="ktaṃ">ktam </w><w n="2">i</w><w n="3" lemma="daṃ">dam </w><w n="4">ā</w><w n="5">kta</w><w n="6">ti</w><w n="7">saṃ</w><w n="8">hā</w><w n="9">rāṃ</w><w n="10" lemma="te">te </w><w n="11">ya</w><w n="12" lemma="ta">d a</w><w n="13">va</w><w n="14">ti</w><w n="15">ṣṭa</w><w n="16" lemma="te">te </w><w n="17">ta</w><w n="18" lemma="tsa">t sa</w><w n="19" lemma="tyaṃ">tyam </w><w n="20">i</w><w n="21" lemma="ti">ti | </w><w n="22">ta</w><w n="23">trai</w><w n="24">ta</w><w n="25" lemma="tsyā">t syā</w><w n="26"></w><w n="27" lemma="taṃ">d aṃ</w><w n="28" lemma="te">te </w><w n="29" lemma="na">na </w><w n="30">kiṃ</w><w n="31">ci</w><w n="32" lemma="ta">d a</w><w n="33">va</w><w n="34">ti</w><w n="35">ṣṭa</w><w n="36" lemma="te">te | </w><w n="37">a</w><w n="38">sa</w><w n="39"></w><w n="40" lemma="ta">d a</w><w n="41">pa</w><w n="42" lemma="daṃ">dam </w><w n="43">e</w><w n="44">vai</w><w n="45">ta</w><w n="46" lemma="tvi">d vi</w><w n="47" lemma="śvaṃ">śvam </w><w n="48">ā</w><w n="49">vi</w><w n="50">rbha</w><w n="51">va</w><w n="52">tī</w><w n="53" lemma="tyā">ty ā</w><w n="54"></w><w n="55">śaṃ</w><w n="56" lemma="kya">kya </w><w n="57">vi</w><w n="58" lemma="nā">nā </w><w n="59">he</w><w n="60">tu</w><w n="61" lemma="nā">nā'</w><w n="62"></w><w n="63" lemma="bhiṃ">bhin</w><w n="64">na</w><w n="65">kā</w><w n="66">ra</w><w n="67">ṇa</w><w n="68">pū</w><w n="69">rva</w><w n="70">ka</w><w n="71" lemma="tvaṃ">tvam </w><w n="72">a</w><w n="73">nva</w><w n="74">ya</w><w n="75">mu</w><w n="76">khe</w><w n="77" lemma="na">na </w><w n="78">dṛ</w><w n="79">ṣṭāṃ</w><w n="80">to</w><w n="81">pa</w><w n="82">kra</w><w n="83" lemma="maṃ">maṃ </w><w n="84">sā</w><w n="85">dha</w><w n="86">yi</w><w n="87" lemma="tuṃ">tum </w><w n="88">ā</w><w n="89" lemma="ha">ha || &#43256; || </w>
</text></TEI>
<TEI n="P">
<text>
<w n="0">yu</w><w n="1" lemma="ktaṃ">ktam </w><w n="2">i</w><w n="3" lemma="daṃ">daṃ </w><w n="4">ā</w><w n="5">kṛ</w><w n="6">ta</w><w n="7">saṃ</w><w n="8">hā</w><w n="9" lemma="re">re </w><w n="10"></w><w n="11">ya</w><w n="12" lemma="ta">d a</w><w n="13">va</w><w n="14">ti</w><w n="15">ṣṭha</w><w n="16" lemma="te">te </w><w n="17">ta</w><w n="18" lemma="tsa">t sa</w><w n="19" lemma="tyaṃ">tyam </w><w n="20">i</w><w n="21" lemma="ti">ti </w><w n="22">ta</w><w n="23">trai</w><w n="24">ta</w><w n="25">smā</w><w n="26" lemma="tta">t ta</w><w n="27" lemma="ta">d a</w><w n="28">ne</w><w n="29" lemma="na">na </w><w n="30">kiṃ</w><w n="31">ci</w><w n="32" lemma="ta">d a</w><w n="33">va</w><w n="34">ti</w><w n="35">ṣṭha</w><w n="36" lemma="te">te </w><w n="37">ā</w><w n="38">sa</w><w n="39"></w><w n="40" lemma="ta">d a</w><w n="41">pa</w><w n="42" lemma="daṃ">dam </w><w n="43">e</w><w n="44">vai</w><w n="45">ta</w><w n="46" lemma="tvi">d vi</w><w n="47" lemma="śvaṃ">śvam </w><w n="48">ā</w><w n="49">vi</w><w n="50">rbha</w><w n="51"></w><w n="52">tī</w><w n="53" lemma="vyā">vy ā</w><w n="54"></w><w n="55">śaṃ</w><w n="56">kyā</w><w n="57" lemma="pi">pi </w><w n="58"></w><w n="59">he</w><w n="60">tu</w><w n="61"></w><w n="62"></w><w n="63" lemma="bhiṃ">bhin</w><w n="64">na</w><w n="65">kā</w><w n="66">ra</w><w n="67">ṇa</w><w n="68">pū</w><w n="69">rva</w><w n="70">ka</w><w n="71" lemma="tvaṃ">tvam </w><w n="72">a</w><w n="73">nva</w><w n="74">ya</w><w n="75">mu</w><w n="76">khe</w><w n="77" lemma="na">na </w><w n="78">dṛ</w><w n="79">ṣṭāṃ</w><w n="80">to</w><w n="81">pa</w><w n="82">kra</w><w n="83" lemma="maṃ">maṃ </w><w n="84">saṃ</w><w n="85">dhā</w><w n="86">yi</w><w n="87" lemma="tuṃ">tum </w><w n="88">ā</w><w n="89" lemma="ha">ha | </w>
</text></TEI>
<TEI n="M">
<text>
<w n="0">yu</w><w n="1" lemma="ktaṃ">ktam </w><w n="2">i</w><w n="3" lemma="daṃ">dam | </w><w n="4">a</w><w n="5">kṛ</w><w n="6">ta</w><w n="7">saṃ</w><w n="8">hā</w><w n="9" lemma="reṃ">re ṃ</w><w n="10" lemma="te">te </w><w n="11">ya</w><w n="12" lemma="ta">d a</w><w n="13">va</w><w n="14">ti</w><w n="15">ṣṭha</w><w n="16" lemma="te">te | </w><w n="17">ta</w><w n="18" lemma="tsa">t sa</w><w n="19" lemma="tyaṃ">tyam </w><w n="20">i</w><w n="21" lemma="ti">ti | </w><w n="22">ta</w><w n="23">trai</w><w n="24">ta</w><w n="25" lemma="tsyā">t syā</w><w n="26" lemma="tta">t | ta</w><w n="27" lemma="ta">d a</w><w n="28">ne</w><w n="29" lemma="na">na </w><w n="30">kiṃ</w><w n="31">ci</w><w n="32" lemma="ta">d a</w><w n="33">va</w><w n="34">ti</w><w n="35">ṣṭha</w><w n="36" lemma="te">te | </w><w n="37">a</w><w n="38">sa</w><w n="39"></w><w n="40" lemma="ta">d a</w><w n="41">pa</w><w n="42" lemma="daṃ">dam </w><w n="43">e</w><w n="44">vai</w><w n="45">ta</w><w n="46" lemma="tvi">d vi</w><w n="47" lemma="śvaṃ">śvam </w><w n="48">ā</w><w n="49">vi</w><w n="50">rbha</w><w n="51">va</w><w n="52">tī</w><w n="53" lemma="tyā">ty ā</w><w n="54"></w><w n="55">śaṃ</w><w n="56">kyā</w><w n="57" lemma="pi">pi </w><w n="58"></w><w n="59">he</w><w n="60">tu</w><w n="61">nā</w><w n="62"></w><w n="63" lemma="bhiṃ">bhin</w><w n="64" lemma="na">na&#166;</w><w n="65">kā</w><w n="66">ra</w><w n="67">ṇa</w><w n="68">pū</w><w n="69">rva</w><w n="70">ka</w><w n="71" lemma="tvaṃ">tvam </w><w n="72">a</w><w n="73">nva</w><w n="74">ya</w><w n="75">mu</w><w n="76">khe</w><w n="77" lemma="na">na </w><w n="78">dṛ</w><w n="79">ṣṭāṃ</w><w n="80">to</w><w n="81">pa</w><w n="82">kra</w><w n="83" lemma="maṃ">maṃ </w><w n="84">sā</w><w n="85">dha</w><w n="86">yi</w><w n="87" lemma="tuṃ">tum </w><w n="88">ā</w><w n="89" lemma="ha">ha || </w>
</text></TEI>
<TEI n="G2">
<text>
<w n="0">yu</w><w n="1" lemma="ktaṃ">ktam </w><w n="2">i</w><w n="3" lemma="daṃ">daṃ </w><w n="4">ā</w><w n="5">kṛ</w><w n="6">ti</w><w n="7">saṃ</w><w n="8">hā</w><w n="9" lemma="re">re </w><w n="10" lemma="te">te </w><w n="11">ya</w><w n="12" lemma="ta">d a</w><w n="13">va</w><w n="14">ti</w><w n="15">ṣṭha</w><w n="16" lemma="te">te </w><w n="17">ta</w><w n="18" lemma="tsa">t sa</w><w n="19" lemma="tyaṃ">tyaṃm </w><w n="20">i</w><w n="21" lemma="ti">ti </w><w n="22"></w><w n="23">tai</w><w n="24">tra</w><w n="25" lemma="tsyā">t syā</w><w n="26"></w><w n="27" lemma="taṃ">d an</w><w n="28" lemma="te">te </w><w n="29" lemma="ja">ja </w><w n="30">kiṃ</w><w n="31">vi</w><w n="32" lemma="ta">d a</w><w n="33">va</w><w n="34">ti</w><w n="35">ṣṭha</w><w n="36" lemma="te">te </w><w n="37">a</w><w n="38">sa</w><w n="39" lemma="daṃ">dam </w><w n="40">a</w><w n="41">pa</w><w n="42" lemma="daṃ">dam </w><w n="43">eṃ</w><w n="44">vai</w><w n="45">ta</w><w n="46" lemma="tvi">d vi</w><w n="47" lemma="śvaṃ">śvam </w><w n="48">ā</w><w n="49">vi</w><w n="50">rbha</w><w n="51">va</w><w n="52">tī</w><w n="53" lemma="tyā">ty ā</w><w n="54"></w><w n="55">śaṃ</w><w n="56">kyā</w><w n="57" lemma="pi">pi </w><w n="58"></w><w n="59">he</w><w n="60">tu</w><w n="61" lemma="nā">nā'</w><w n="62"></w><w n="63" lemma="bhiṃ">bhin</w><w n="64">na</w><w n="65">kā</w><w n="66">ra</w><w n="67">ṇa</w><w n="68">pū</w><w n="69">rva</w><w n="70">ka</w><w n="71" lemma="tvaṃ">tvam </w><w n="72">a</w><w n="73">nva</w><w n="74">ya</w><w n="75">mu</w><w n="76" lemma="kheṃ">khen</w><w n="77" lemma="na">na </w><w n="78">dṛ</w><w n="79">stāṃ</w><w n="80">to</w><w n="81">pa</w><w n="82">kra</w><w n="83" lemma="maṃ">maṃ </w><w n="84">sā</w><w n="85">dha</w><w n="86">yi</w><w n="87" lemma="tuṃ">tum </w><w n="88">ā</w><w n="89" lemma="ha">ha || </w>
</text></TEI>
<TEI n="G1">
<text>
<w n="0">yu</w><w n="1" lemma="ktaṃ">ktam </w><w n="2">i</w><w n="3" lemma="daṃ">daṃ </w><w n="4">ā</w><w n="5">kṛ</w><w n="6">ti</w><w n="7">saṃ</w><w n="8">hā</w><w n="9" lemma="re">re </w><w n="10" lemma="te">te </w><w n="11">ya</w><w n="12" lemma="ta">d a</w><w n="13">va</w><w n="14">ti</w><w n="15">ṣṭha</w><w n="16" lemma="te">te </w><w n="17">ta</w><w n="18" lemma="tsa">t sa</w><w n="19" lemma="tyaṃ">tyaṃm </w><w n="20">i</w><w n="21" lemma="ti">ti </w><w n="22"></w><w n="23">tai</w><w n="24">tra</w><w n="25" lemma="tsyā">t syā</w><w n="26"></w><w n="27" lemma="taṃ">d an</w><w n="28" lemma="te">te </w><w n="29" lemma="ja">ja </w><w n="30">kiṃ</w><w n="31">vi</w><w n="32" lemma="ta">d a</w><w n="33">va</w><w n="34">ti</w><w n="35">ṣṭha</w><w n="36" lemma="te">te </w><w n="37">a</w><w n="38">sa</w><w n="39" lemma="daṃ">dam </w><w n="40">a</w><w n="41">pa</w><w n="42" lemma="daṃ">dam </w><w n="43">eṃ</w><w n="44">vai</w><w n="45">ta</w><w n="46" lemma="tvi">d vi</w><w n="47" lemma="śvaṃ">śvam </w><w n="48">ā</w><w n="49">vi</w><w n="50">rbha</w><w n="51">va</w><w n="52">tī</w><w n="53" lemma="tyā">ty ā</w><w n="54"></w><w n="55">śaṃ</w><w n="56">kyā</w><w n="57" lemma="pi">pi </w><w n="58"></w><w n="59">de</w><w n="60">tu</w><w n="61" lemma="nā">nā'</w><w n="62"></w><w n="63" lemma="bhiṃ">bhin</w><w n="64">na</w><w n="65">kā</w><w n="66">ra</w><w n="67">ṇa</w><w n="68">pū</w><w n="69">rva</w><w n="70">ka</w><w n="71" lemma="tvaṃ">tvam </w><w n="72">a</w><w n="73">nva</w><w n="74">ya</w><w n="75">mu</w><w n="76" lemma="kheṃ">khen</w><w n="77" lemma="na">na </w><w n="78">dṛ</w><w n="79">stāṃ</w><w n="80">to</w><w n="81">pa</w><w n="82">kra</w><w n="83" lemma="maṃ">maṃ </w><w n="84">sā</w><w n="85">dha</w><w n="86">yi</w><w n="87" lemma="tuṃ">tum </w><w n="88">ā</w><w n="89" lemma="ha">ha || </w>
</text></TEI>
<TEI n="L">
<text>
<w n="0">u</w><w n="1" lemma="ktaṃ">ktam </w><w n="2">i</w><w n="3" lemma="daṃ">daṃ </w><w n="4">ā</w><w n="5">kṛ</w><w n="6">ti</w><w n="7">saṃ</w><w n="8">hā</w><w n="9" lemma="reṃ">re ṃ</w><w n="10" lemma="te">te </w><w n="11">ya</w><w n="12" lemma="ta">d a</w><w n="13">va</w><w n="14">ti</w><w n="15">ṣṭha</w><w n="16" lemma="te">te </w><w n="17">ta</w><w n="18" lemma="tsa">t sa</w><w n="19" lemma="tyaṃ">tyam </w><w n="20">i</w><w n="21" lemma="ti">ti </w><w n="22">ta</w><w n="23">trai</w><w n="24">ta</w><w n="25" lemma="tsyā">t syā</w><w n="26"></w><w n="27" lemma="taṃ">d an</w><w n="28" lemma="te">te </w><w n="29" lemma="na">na </w><w n="30">kiṃ</w><w n="31">ci</w><w n="32" lemma="ta">d a</w><w n="33">va</w><w n="34">ti</w><w n="35">ṣṭha</w><w n="36" lemma="te">te </w><w n="37">a</w><w n="38">sa</w><w n="39" lemma="daṃ">dam </w><w n="40">a</w><w n="41">pa</w><w n="42" lemma="daṃ">dam </w><w n="43">e</w><w n="44">vai</w><w n="45">ta</w><w n="46" lemma="tvi">d vi</w><w n="47" lemma="śraṃ">śram </w><w n="48">ā</w><w n="49">vi</w><w n="50">rbha</w><w n="51">va</w><w n="52">tī</w><w n="53" lemma="ti">ti </w><w n="54">ā</w><w n="55">śaṃ</w><w n="56">kyā</w><w n="57" lemma="pi">pi </w><w n="58"></w><w n="59">he</w><w n="60">tu</w><w n="61" lemma="nā">nā'</w><w n="62"></w><w n="63" lemma="bhiṃ">bhin</w><w n="64">na</w><w n="65">kā</w><w n="66">ra</w><w n="67">ṇa</w><w n="68">pū</w><w n="69">rva</w><w n="70">ka</w><w n="71" lemma="tvaṃ">tvam </w><w n="72">a</w><w n="73">nva</w><w n="74">ya</w><w n="75">mu</w><w n="76">khe</w><w n="77" lemma="na">na </w><w n="78">dṛ</w><w n="79">ṣṭāṃ</w><w n="80">to</w><w n="81">pa</w><w n="82">kra</w><w n="83" lemma="maṃ">maṃ </w><w n="84">sā</w><w n="85">dha</w><w n="86">yi</w><w n="87" lemma="tuṃ">tum </w><w n="88">ā</w><w n="89" lemma="ha">ha || </w>
</text></TEI>
<TEI n="O">
<text>
<w n="0">yu</w><w n="1" lemma="ktaṃ">ktam </w><w n="2">i</w><w n="3" lemma="daṃ">daṃ </w><w n="4">ā</w><w n="5">kṛ</w><w n="6">ti</w><w n="7">saṃ</w><w n="8">hā</w><w n="9" lemma="reṃ">re ṃ</w><w n="10" lemma="te">te </w><w n="11">ya</w><w n="12" lemma="ta">d a</w><w n="13">va</w><w n="14">ti</w><w n="15">ṣṭha</w><w n="16" lemma="te">te </w><w n="17">ta</w><w n="18" lemma="tsa">t sa</w><w n="19" lemma="tyaṃ">tyam </w><w n="20">i</w><w n="21" lemma="ti">ti </w><w n="22">ta</w><w n="23">trai</w><w n="24">ta</w><w n="25" lemma="tsyā">t syā</w><w n="26"></w><w n="27" lemma="taṃ">d aṃ</w><w n="28" lemma="te">te </w><w n="29" lemma="na">na </w><w n="30">kiṃ</w><w n="31">ci</w><w n="32" lemma="ta">d a</w><w n="33">va</w><w n="34">ti</w><w n="35">ṣṭha</w><w n="36" lemma="te">te </w><w n="37">a</w><w n="38">sa</w><w n="39"></w><w n="40" lemma="ta">d a</w><w n="41">pa</w><w n="42" lemma="daṃ">dam </w><w n="43">e</w><w n="44">vai</w><w n="45">ta</w><w n="46" lemma="tvi">d vi</w><w n="47" lemma="śvaṃ">śvam </w><w n="48">ā</w><w n="49">vi</w><w n="50">rbha</w><w n="51">va</w><w n="52">tī</w><w n="53" lemma="tyā">ty ā</w><w n="54"></w><w n="55">śaṃ</w><w n="56">kyā</w><w n="57" lemma="pi">pi </w><w n="58"></w><w n="59">he</w><w n="60">tu</w><w n="61">tā</w><w n="62"></w><w n="63" lemma="bhiṃ">bhin</w><w n="64">na</w><w n="65">kā</w><w n="66">ra</w><w n="67">ṇa</w><w n="68">pū</w><w n="69">rva</w><w n="70">ka</w><w n="71" lemma="tvaṃ">tvam </w><w n="72">a</w><w n="73">nva</w><w n="74">ya</w><w n="75">mu</w><w n="76">khe</w><w n="77" lemma="na">na </w><w n="78">dṛ</w><w n="79">ṣṭāṃ</w><w n="80">to</w><w n="81">pa</w><w n="82">kra</w><w n="83" lemma="maṃ">maṃ </w><w n="84">sā</w><w n="85">dha</w><w n="86">yi</w><w n="87" lemma="tuṃ">tum </w><w n="88">ā</w><w n="89" lemma="ha">ha || </w>
</text></TEI>
<TEI n="A">
<text>
<w n="0">yu</w><w n="1" lemma="ktaṃ">ktam </w><w n="2">i</w><w n="3" lemma="daṃ">daṃ </w><w n="4">ā</w><w n="5">kṛ</w><w n="6">ti</w><w n="7">saṃ</w><w n="8">hā</w><w n="9" lemma="re">re </w><w n="10" lemma="te">te </w><w n="11">ya</w><w n="12" lemma="ta">d a</w><w n="13">va</w><w n="14">ti</w><w n="15">ṣṭa</w><w n="16" lemma="tte">tte </w><w n="17">ta</w><w n="18" lemma="tsa">t sa</w><w n="19" lemma="tyaṃ">tyam </w><w n="20">i</w><w n="21" lemma="ti">ti </w><w n="22">ta</w><w n="23">trai</w><w n="24">ta</w><w n="25" lemma="tsyā">t syā</w><w n="26"></w><w n="27" lemma="ta">d a</w><w n="28" lemma="tte">tte </w><w n="29" lemma="na">na </w><w n="30">kiṃ</w><w n="31">ci</w><w n="32" lemma="ta">d a</w><w n="33">va</w><w n="34">ti</w><w n="35">ṣṭa</w><w n="36" lemma="te">te </w><w n="37">a</w><w n="38">sa</w><w n="39" lemma="ddaṃ">ddam </w><w n="40">a</w><w n="41">pa</w><w n="42" lemma="daṃ">dam </w><w n="43">e</w><w n="44">vai</w><w n="45">ta</w><w n="46" lemma="tvi">d vi</w><w n="47" lemma="śvaṃ">śvam </w><w n="48">ā</w><w n="49">vi</w><w n="50">rbha</w><w n="51">va</w><w n="52">tī</w><w n="53" lemma="tyā">ty ā</w><w n="54"></w><w n="55">śaṃ</w><w n="56">kyā</w><w n="57" lemma="pi">pi </w><w n="58"></w><w n="59">he</w><w n="60">tu</w><w n="61" lemma="nā">nā'</w><w n="62"></w><w n="63" lemma="bhiṃ">bhin</w><w n="64">na</w><w n="65">kā</w><w n="66">ra</w><w n="67">ṇa</w><w n="68">pū</w><w n="69">rva</w><w n="70">ka</w><w n="71" lemma="tvaṃ">tvam </w><w n="72">a</w><w n="73">nva</w><w n="74">ya</w><w n="75">mu</w><w n="76">khe</w><w n="77" lemma="na">na </w><w n="78">dṛ</w><w n="79" lemma="ṣṭāṃ">ṣṭān</w><w n="80">to</w><w n="81">pa</w><w n="82">kra</w><w n="83" lemma="maṃ">maṃ </w><w n="84">sā</w><w n="85">dha</w><w n="86">yi</w><w n="87" lemma="tuṃ">tum </w><w n="88">ā</w><w n="89" lemma="ha">ha || </w>
</text></TEI>
<TEI n="V">
<text>
<w n="0">yu</w><w n="1" lemma="ktaṃ">ktam </w><w n="2">i</w><w n="3" lemma="daṃ">daṃ </w><w n="4">ā</w><w n="5">ka</w><w n="6">ti</w><w n="7">saṃ</w><w n="8">hā</w><w n="9" lemma="re">re </w><w n="10" lemma="te">te </w><w n="11">ya</w><w n="12" lemma="ta">d a</w><w n="13">va</w><w n="14">ti</w><w n="15">ṣṭha</w><w n="16" lemma="te">te </w><w n="17">ta</w><w n="18" lemma="tsa">t sa</w><w n="19" lemma="tyaṃ">tyam </w><w n="20">i</w><w n="21" lemma="ti">ti </w><w n="22">ta</w><w n="23">trai</w><w n="24">ta</w><w n="25" lemma="tsyā">t syā</w><w n="26"></w><w n="27" lemma="ta">d a</w><w n="28" lemma="tre">tre </w><w n="29" lemma="na">na </w><w n="30">kiṃ</w><w n="31">ci</w><w n="32" lemma="ta">d a</w><w n="33">va</w><w n="34">ti</w><w n="35">ṣṭa</w><w n="36" lemma="te">te </w><w n="37">a</w><w n="38">sa</w><w n="39" lemma="daṃ">dam </w><w n="40">a</w><w n="41">pa</w><w n="42" lemma="daṃ">dam </w><w n="43">e</w><w n="44">vai</w><w n="45">ta</w><w n="46" lemma="tvi">d vi</w><w n="47" lemma="śvaṃ">śvam </w><w n="48">ā</w><w n="49">vi</w><w n="50">rbha</w><w n="51">va</w><w n="52">tī</w><w n="53" lemma="tyā">ty ā</w><w n="54"></w><w n="55">śaṃ</w><w n="56">kyā</w><w n="57" lemma="pi">pi </w><w n="58"></w><w n="59">he</w><w n="60">tu</w><w n="61">nā</w><w n="62"></w><w n="63" lemma="bhiṃ">bhin</w><w n="64">na</w><w n="65">kā</w><w n="66">ra</w><w n="67">ṇa</w><w n="68">sa</w><w n="69">rva</w><w n="70">ka</w><w n="71" lemma="tvaṃ">tvam </w><w n="72">a</w><w n="73">nva</w><w n="74">ya</w><w n="75">mu</w><w n="76">khe</w><w n="77" lemma="na">na </w><w n="78">dṛ</w><w n="79" lemma="ṣṭāṃ">ṣṭān</w><w n="80">to</w><w n="81">ma</w><w n="82">kra</w><w n="83" lemma="maṃ">maṃ </w><w n="84">sā</w><w n="85">dha</w><w n="86">yi</w><w n="87" lemma="tuṃ">tum </w><w n="88">ā</w><w n="89" lemma="ha">ha </w>
</text></TEI>
<TEI n="K">
<text>
<w n="0">yu</w><w n="1" lemma="ktaṃ">ktam </w><w n="2">i</w><w n="3" lemma="daṃ">daṃ </w><w n="4">ā</w><w n="5">kṛ</w><w n="6">ti</w><w n="7">saṃ</w><w n="8">hā</w><w n="9" lemma="reṃ">re ṃ</w><w n="10" lemma="te">te </w><w n="11">ya</w><w n="12" lemma="ta">d a</w><w n="13">va</w><w n="14">ti</w><w n="15">ṣṭha</w><w n="16" lemma="te">te </w><w n="17">ta</w><w n="18" lemma="tsa">t sa</w><w n="19" lemma="tyaṃ">tyam </w><w n="20">i</w><w n="21" lemma="ti">ti </w><w n="22">ta</w><w n="23">trai</w><w n="24">ta</w><w n="25" lemma="tsyā">t syā</w><w n="26"></w><w n="27" lemma="ta">d a</w><w n="28" lemma="tre">tre </w><w n="29" lemma="na">na </w><w n="30">kiṃ</w><w n="31">ci</w><w n="32" lemma="ta">d a</w><w n="33">va</w><w n="34">ti</w><w n="35">ṣṭa</w><w n="36" lemma="te">te </w><w n="37">a</w><w n="38">sa</w><w n="39" lemma="daṃ">dam </w><w n="40">a</w><w n="41">pa</w><w n="42" lemma="daṃ">dam </w><w n="43">e</w><w n="44">vai</w><w n="45">ta</w><w n="46" lemma="tvi">d vi</w><w n="47" lemma="śvaṃ">śvam </w><w n="48">ā</w><w n="49">vi</w><w n="50">rbha</w><w n="51">va</w><w n="52">tī</w><w n="53" lemma="tyā">ty ā</w><w n="54"></w><w n="55">śaṃ</w><w n="56">kyā</w><w n="57" lemma="pi">pi </w><w n="58"></w><w n="59">he</w><w n="60">tu</w><w n="61">nā</w><w n="62"></w><w n="63" lemma="bhiṃ">bhin</w><w n="64">na</w><w n="65">kā</w><w n="66">ra</w><w n="67">ṇa</w><w n="68">sa</w><w n="69">rva</w><w n="70">ka</w><w n="71" lemma="tvaṃ">tvam </w><w n="72">a</w><w n="73">nva</w><w n="74">ya</w><w n="75">mu</w><w n="76">khe</w><w n="77" lemma="na">na </w><w n="78">dṛ</w><w n="79" lemma="ṣṭāṃ">ṣṭān</w><w n="80">to</w><w n="81">ma</w><w n="82">kra</w><w n="83" lemma="maṃ">maṃ </w><w n="84">sā</w><w n="85">dha</w><w n="86">yi</w><w n="87" lemma="tuṃ">tum </w><w n="88">ā</w><w n="89" lemma="ha">ha || </w>
</text></TEI>
<TEI n="D">
<text>
<w n="0">yu</w><w n="1" lemma="ktaṃ">ktam </w><w n="2">i</w><w n="3" lemma="daṃ">daṃ </w><w n="4">ā</w><w n="5">kṛ</w><w n="6">ti</w><w n="7">saṃ</w><w n="8">hā</w><w n="9" lemma="reṃ">re ṃ</w><w n="10" lemma="te">te </w><w n="11">ya</w><w n="12" lemma="ta">d a</w><w n="13">va</w><w n="14">ti</w><w n="15">ṣṭha</w><w n="16" lemma="te">te </w><w n="17">ta</w><w n="18" lemma="tsa">t sa</w><w n="19" lemma="tyaṃ">tyam </w><w n="20">i</w><w n="21" lemma="ti">ti </w><w n="22">ta</w><w n="23">trai</w><w n="24">ta</w><w n="25" lemma="tsyā">t syā</w><w n="26"></w><w n="27" lemma="taṃ">d an</w><w n="28" lemma="te">te </w><w n="29" lemma="na">na </w><w n="30">kiṃ</w><w n="31">ci</w><w n="32" lemma="ta">d a</w><w n="33">va</w><w n="34">ti</w><w n="35">ṣṭha</w><w n="36" lemma="te">te </w><w n="37">a</w><w n="38">sa</w><w n="39" lemma="daṃ">dam </w><w n="40">a</w><w n="41">pa</w><w n="42" lemma="daṃ">dam </w><w n="43">e</w><w n="44">vai</w><w n="45">ta</w><w n="46" lemma="tvi">d vi</w><w n="47" lemma="śvaṃ">śvam </w><w n="48">ā</w><w n="49">vi</w><w n="50">rbha</w><w n="51">va</w><w n="52">tī</w><w n="53" lemma="tyā">ty ā</w><w n="54"></w><w n="55">śaṃ</w><w n="56">kyā</w><w n="57" lemma="pi">pi </w><w n="58"></w><w n="59">he</w><w n="60">tu</w><w n="61" lemma="nā">nā'</w><w n="62"></w><w n="63" lemma="bhiṃ">bhin</w><w n="64">na</w><w n="65">kā</w><w n="66">ra</w><w n="67">ṇa</w><w n="68">pū</w><w n="69">rva</w><w n="70">ka</w><w n="71" lemma="tvaṃ">tvam </w><w n="72">a</w><w n="73">nva</w><w n="74">ya</w><w n="75">mu</w><w n="76">khe</w><w n="77" lemma="na">na </w><w n="78">dṛ</w><w n="79" lemma="ṣṭāṃ">ṣṭān</w><w n="80">to</w><w n="81">pa</w><w n="82">kra</w><w n="83" lemma="maṃ">maṃ </w><w n="84">sā</w><w n="85">dha</w><w n="86">yi</w><w n="87" lemma="tuṃ">tum </w><w n="88">ā</w><w n="89" lemma="ha">ha || </w>
</text></TEI>
</teiCorpus>
