<?xml version="1.0" encoding="UTF-8"?>
<teiCorpus xmlns="http://www.tei-c.org/ns/1.0">

<TEI n="GV">
<text>
<w n="0"></w><w n="1"></w><w n="2"></w><w n="3"></w><w n="4"></w><w n="5"></w><w n="6"></w><w n="7"></w><w n="8"></w><w n="9"></w><w n="10"></w><w n="11"></w><w n="12"></w><w n="13"></w><w n="14"></w><w n="15"></w><w n="16"></w><w n="17"></w><w n="18"></w><w n="19"></w><w n="20"></w><w n="21"></w><w n="22"></w><w n="23"></w><w n="24"></w><w n="25"></w><w n="26"></w><w n="27"></w><w n="28"></w><w n="29"></w><w n="30"></w><w n="31"></w><w n="32"></w><w n="33"></w><w n="34"></w><w n="35"></w><w n="36"></w><w n="37"></w><w n="38"></w><w n="39"></w><w n="40"></w><w n="41"></w><w n="42"></w><w n="43"></w><w n="44"></w><w n="45"></w><w n="46"></w><w n="47"></w><w n="48"></w><w n="49"></w><w n="50"></w><w n="51"></w><w n="52"></w><w n="53"></w><w n="54"></w><w n="55"></w><w n="56"></w><w n="57"></w><w n="58"></w><w n="59"></w><w n="60"></w><w n="61"></w><w n="62"></w><w n="63"></w><w n="64"></w><w n="65"></w><w n="66"></w><w n="67"></w><w n="68"></w><w n="69"></w><w n="70"></w><w n="71"></w><w n="72"></w><w n="73"></w><w n="74"></w><w n="75"></w><w n="76"></w><w n="77"></w><w n="78"></w><w n="79"></w><w n="80"></w><w n="81"></w><w n="82"></w><w n="83"></w><w n="84"></w><w n="85"></w><w n="86"></w><w n="87"></w><w n="88"></w><w n="89"></w><w n="90"></w><w n="91"></w><w n="92"></w><w n="93"></w><w n="94"></w><w n="95"></w><w n="96"></w><w n="97"></w><w n="98"></w><w n="99"></w><w n="100"></w><w n="101"></w><w n="102"></w><w n="103"></w><w n="104"></w><w n="105"></w><w n="106"></w><w n="107"></w><w n="108"></w><w n="109"></w><w n="110"></w><w n="111"></w><w n="112"></w><w n="113"></w><w n="114"></w><w n="115"></w><w n="116"></w><w n="117"></w><w n="118"></w><w n="119"></w><w n="120"></w><w n="121"></w><w n="122"></w><w n="123"></w><w n="124"></w><w n="125"></w><w n="126"></w><w n="127"></w><w n="128"></w><w n="129"></w><w n="130"></w><w n="131"></w><w n="132"></w><w n="133"></w><w n="134"></w><w n="135"></w><w n="136"></w><w n="137"></w><w n="138"></w><w n="139"></w><w n="140"></w><w n="141"></w><w n="142"></w><w n="143"></w><w n="144"></w><w n="145"></w><w n="146"></w><w n="147"></w><w n="148"></w><w n="149"></w><w n="150"></w><w n="151"></w><w n="152"></w><w n="153"></w><w n="154"></w><w n="155"></w><w n="156"></w><w n="157"></w><w n="158"></w><w n="159"></w><w n="160"></w><w n="161"></w><w n="162"></w><w n="163"></w><w n="164"></w><w n="165"></w><w n="166"></w><w n="167"></w><w n="168"></w><w n="169"></w><w n="170"></w><w n="171"></w><w n="172"></w><w n="173"></w><w n="174"></w><w n="175"></w><w n="176"></w><w n="177"></w><w n="178"></w><w n="179"></w><w n="180"></w><w n="181"></w><w n="182"></w><w n="183"></w><w n="184"></w><w n="185"></w><w n="186"></w>
</text></TEI>
<TEI n="CT">
<text>
<w n="0">ya</w><w n="1">thā</w><w n="2"></w><w n="3">va</w><w n="4">ra</w><w n="5">ṇā</w><w n="6">di</w><w n="7" lemma="neṃ">nen</w><w n="8">dri</w><w n="9">ya</w><w n="10">syai</w><w n="11" lemma="va">va </w><w n="12">pra</w><w n="13">kā</w><w n="14">śa</w><w n="15"></w><w n="16">śa</w><w n="17" lemma="ktiḥ">ktiḥ </w><w n="18" lemma="pra">pra-</w><w n="19">ti</w><w n="20">ba</w><w n="21">dhya</w><w n="22" lemma="te">te | </w><w n="23"></w><w n="24" lemma="na">na </w><w n="25">vi</w><w n="26">ṣa</w><w n="27" lemma="yo">yo '</w><w n="28" lemma="pi">pi </w><w n="29">kri</w><w n="30">ya</w><w n="31" lemma="te">te | </w><w n="32">ta</w><w n="33" lemma="thā">thā'</w><w n="34">nā</w><w n="35" lemma="dya">dya-</w><w n="36">vi</w><w n="37">dyā</w><w n="38">va</w><w n="39" lemma="che">cche</w><w n="40">da</w><w n="41">pra</w><w n="42">ka</w><w n="43">lpi</w><w n="44">ta</w><w n="45">vi</w><w n="46">bhā</w><w n="47">gā</w><w n="48" lemma="nāṃ">nāṃ </w><w n="49"></w><w n="50">jī</w><w n="51">vā</w><w n="52" lemma="nāṃ">nām </w><w n="53" lemma="e">e-</w><w n="54" lemma="va">va </w><w n="55">saṃ</w><w n="56">ve</w><w n="57">da</w><w n="58">na</w><w n="59">śa</w><w n="60" lemma="ktiḥ">ktir </w><w n="61">ni</w><w n="62">ya</w><w n="63">mya</w><w n="64" lemma="te">te | </w><w n="65">ye</w><w n="66" lemma="na">na </w><w n="67">vi</w><w n="68" lemma="chiṃ">cchin</w><w n="69">nā</w><w n="70">rthā</w><w n="71" lemma="bhi">bhi-</w><w n="72">dhā</w><w n="73">ne</w><w n="74" lemma="na">na </w><w n="75">bhe</w><w n="76">da</w><w n="77">vi</w><w n="78">ṣa</w><w n="79">yā</w><w n="80" lemma="ṇya">ṇy a</w><w n="81">bhi</w><w n="82">dhā</w><w n="83">nā</w><w n="84" lemma="ni">ni </w><w n="85">pra</w><w n="86" lemma="yuṃ">yu-ñ</w><w n="87">ja</w><w n="88" lemma="te">te | </w><w n="89" lemma="na">na </w><w n="90" lemma="tu">tu </w><w n="91">ta</w><w n="92">tva</w><w n="93"></w><w n="94">vi</w><w n="95">dya</w><w n="96">yā</w><w n="97"></w><w n="98">vi</w><w n="99">lī</w><w n="100">kri</w><w n="101">ya</w><w n="102" lemma="ta">ta </w><w n="103"></w><w n="104">i</w><w n="105" lemma="ti">ti </w><w n="106">nā</w><w n="107" lemma="ḍi">ḍi-</w><w n="108"></w><w n="109"></w><w n="110">kā</w><w n="111">di</w><w n="112">da</w><w n="113">rśa</w><w n="114">ne</w><w n="115" lemma="na">na </w><w n="116">sū</w><w n="117">ca</w><w n="118">ya</w><w n="119" lemma="ti">ti | </w><w n="120">nā</w><w n="121">ḍi</w><w n="122">kā</w><w n="123">di</w><w n="124" lemma="bhiḥ">bhir </w><w n="125" lemma="i">i-</w><w n="126" lemma="tyā">ty ā</w><w n="127">di</w><w n="128">gra</w><w n="129">ha</w><w n="130">ṇā</w><w n="131" lemma="ta">d a</w><w n="132">va</w><w n="133">dhā</w><w n="134">na</w><w n="135"></w><w n="136">pra</w><w n="137">ti</w><w n="138"></w><w n="139">ghā</w><w n="140">ta</w><w n="141">mū</w><w n="142">rtya</w><w n="143"></w><w n="144">ja</w><w n="145"></w><w n="146">nā</w><w n="147">dya</w><w n="148" lemma="va">va-</w><w n="149">ro</w><w n="150" lemma="dhaḥ">dhaḥ </w><w n="151">ya</w><w n="152">trai</w><w n="153" lemma="vaṃ">vaṃ </w><w n="154"></w><w n="155" lemma="hya">hy a</w><w n="156">va</w><w n="157">dhā</w><w n="158" lemma="naṃ">naṃ </w><w n="159">ta</w><w n="160" lemma="te">d e</w><w n="161">vā</w><w n="162"></w><w n="163">va</w><w n="164">dhā</w><w n="165">rya</w><w n="166" lemma="te">te | </w><w n="167">mū</w><w n="168" lemma="rtya">rtya-</w><w n="169">bhi</w><w n="170">ja</w><w n="171" lemma="naḥ">no </w><w n="172">rū</w><w n="173" lemma="paṃ">paṃ </w><w n="174" lemma="sauṃ">saun</w><w n="175">da</w><w n="176" lemma="ryaṃ">ryaṃ </w><w n="177">te</w><w n="178">nā</w><w n="179">pa</w><w n="180">hṛ</w><w n="181" lemma="taḥ">to '</w><w n="182">nya</w><w n="183" lemma="nna">n na </w><w n="184">pa</w><w n="185">śya</w><w n="186" lemma="ti">ti | </w>
</text></TEI>
<TEI n="T">
<text>
<w n="0">ya</w><w n="1">thā</w><w n="2"></w><w n="3">va</w><w n="4">ra</w><w n="5">ṇā</w><w n="6">di</w><w n="7" lemma="neṃ">nen</w><w n="8">dri</w><w n="9">ya</w><w n="10">syai</w><w n="11" lemma="va">va </w><w n="12">pra</w><w n="13">kā</w><w n="14">śa</w><w n="15"></w><w n="16">śa</w><w n="17" lemma="ktiḥ">ktiḥ </w><w n="18">pra</w><w n="19">ti</w><w n="20">ba</w><w n="21" lemma="dhya">ddhya</w><w n="22" lemma="te">te </w><w n="23"></w><w n="24" lemma="na">na </w><w n="25">vi</w><w n="26">ṣa</w><w n="27" lemma="yaḥ">yo </w><w n="28">vi</w><w n="29">kri</w><w n="30">ya</w><w n="31" lemma="te">te </w><w n="32">ta</w><w n="33">thā</w><w n="34">nā</w><w n="35">dya</w><w n="36">vi</w><w n="37">dyā</w><w n="38">va</w><w n="39" lemma="che">cśe</w><w n="40">da</w><w n="41">pra</w><w n="42">ka</w><w n="43">lpi</w><w n="44">ta</w><w n="45">vi</w><w n="46">bhā</w><w n="47">gā</w><w n="48" lemma="nāṃ">nāñ </w><w n="49"></w><w n="50">jī</w><w n="51">vā</w><w n="52" lemma="nāṃ">nām </w><w n="53">e</w><w n="54" lemma="va">va </w><w n="55">saṃ</w><w n="56">ve</w><w n="57">da</w><w n="58">na</w><w n="59">śa</w><w n="60" lemma="ktiḥ">ktiḥ </w><w n="61">ni</w><w n="62">ya</w><w n="63">mya</w><w n="64" lemma="te">te </w><w n="65">ye</w><w n="66" lemma="na">na </w><w n="67">vi</w><w n="68" lemma="chiṃ">cśin</w><w n="69">nā</w><w n="70" lemma="rthā">rtthā</w><w n="71">bhi</w><w n="72">dhā</w><w n="73">ne</w><w n="74" lemma="na">na </w><w n="75">bhe</w><w n="76">da</w><w n="77">vi</w><w n="78">ṣa</w><w n="79">yā</w><w n="80" lemma="ṇya">ṇy a</w><w n="81">bhi</w><w n="82">dhā</w><w n="83">nā</w><w n="84" lemma="ni">ni </w><w n="85">pra</w><w n="86">yu</w><w n="87">ja</w><w n="88" lemma="te">te </w><w n="89" lemma="na">na </w><w n="90" lemma="tu">tu </w><w n="91">ta</w><w n="92" lemma="tvaṃ">tvam </w><w n="93">a</w><w n="94">vi</w><w n="95">dya</w><w n="96">yā</w><w n="97"></w><w n="98">vi</w><w n="99">lī</w><w n="100">kri</w><w n="101">ya</w><w n="102" lemma="ta">ta </w><w n="103"></w><w n="104">i</w><w n="105" lemma="ti">ti </w><w n="106">nā</w><w n="107">ḻi</w><w n="108"></w><w n="109"></w><w n="110">kā</w><w n="111">ni</w><w n="112">da</w><w n="113">rśa</w><w n="114">ne</w><w n="115" lemma="na">na </w><w n="116">sū</w><w n="117">ca</w><w n="118">ya</w><w n="119" lemma="ti">ti </w><w n="120">nā</w><w n="121">ḻi</w><w n="122">kā</w><w n="123">di</w><w n="124" lemma="bhiḥ">bhir </w><w n="125">i</w><w n="126" lemma="tyā">ty ā</w><w n="127">di</w><w n="128">gra</w><w n="129">ha</w><w n="130">ṇā</w><w n="131" lemma="ta">d a</w><w n="132">va</w><w n="133">dhā</w><w n="134">na</w><w n="135"></w><w n="136">pra</w><w n="137">ti</w><w n="138">ta</w><w n="139">ghā</w><w n="140">ta</w><w n="141">mū</w><w n="142" lemma="rtya">rttya</w><w n="143">bhi</w><w n="144">ja</w><w n="145"></w><w n="146">nā</w><w n="147">dya</w><w n="148">va</w><w n="149">ro</w><w n="150" lemma="dhaḥ">dhaḥ </w><w n="151">ya</w><w n="152">trai</w><w n="153" lemma="va">va </w><w n="154"></w><w n="155" lemma="hya">hy a</w><w n="156">va</w><w n="157">dhā</w><w n="158">na</w><w n="159" lemma="nta">n ta</w><w n="160" lemma="te">d e</w><w n="161">vā</w><w n="162"></w><w n="163">va</w><w n="164">dhā</w><w n="165" lemma="rya">ryya</w><w n="166" lemma="te">te </w><w n="167">mū</w><w n="168" lemma="rtya">rttya</w><w n="169">bhi</w><w n="170">ja</w><w n="171" lemma="naḥ">no </w><w n="172">rū</w><w n="173">pa</w><w n="174" lemma="sauṃ">saun</w><w n="175">da</w><w n="176" lemma="ryaṃ">ryyaṃ </w><w n="177">te</w><w n="178">nā</w><w n="179">pa</w><w n="180">hṛ</w><w n="181" lemma="taḥ">to </w><w n="182">nya</w><w n="183" lemma="nna">n na </w><w n="184">pa</w><w n="185">śya</w><w n="186" lemma="ti">ti </w>
</text></TEI>
<TEI n="H">
<text>
<w n="0">ya</w><w n="1" lemma="thā">thā'</w><w n="2"></w><w n="3">va</w><w n="4">ra</w><w n="5">ṇā</w><w n="6">di</w><w n="7">neṃ</w><w n="8">dri</w><w n="9">ya</w><w n="10">syai</w><w n="11" lemma="va">va </w><w n="12">pra</w><w n="13">kā</w><w n="14">śa</w><w n="15">na</w><w n="16">śa</w><w n="17" lemma="ktiḥ">ktiḥ </w><w n="18">pra</w><w n="19">ti</w><w n="20">ba</w><w n="21">dhya</w><w n="22" lemma="te">te </w><w n="23"></w><w n="24" lemma="na">na </w><w n="25">vi</w><w n="26">ṣa</w><w n="27" lemma="yaḥ">yo </w><w n="28">vi</w><w n="29">kri</w><w n="30">ya</w><w n="31" lemma="te">te </w><w n="32">ta</w><w n="33">thā</w><w n="34">nā</w><w n="35">dya</w><w n="36">vi</w><w n="37">dyā</w><w n="38">va</w><w n="39">che</w><w n="40">da</w><w n="41">pra</w><w n="42">ka</w><w n="43">lpi</w><w n="44">ta</w><w n="45">vi</w><w n="46">bhā</w><w n="47">gā</w><w n="48" lemma="nāṃ">nāṃ </w><w n="49"></w><w n="50">jī</w><w n="51">vā</w><w n="52" lemma="nāṃ">nām </w><w n="53">e</w><w n="54" lemma="va">va </w><w n="55">sa</w><w n="56">ve</w><w n="57">da</w><w n="58">na</w><w n="59">śa</w><w n="60" lemma="ktiḥ">ktir </w><w n="61">ni</w><w n="62">ya</w><w n="63">mya</w><w n="64" lemma="te">te </w><w n="65">ye</w><w n="66" lemma="na">na </w><w n="67">vi</w><w n="68" lemma="chiṃ">chin</w><w n="69">nā</w><w n="70">rthā</w><w n="71">bhi</w><w n="72">mā</w><w n="73">ne</w><w n="74" lemma="na">na </w><w n="75">bhe</w><w n="76">da</w><w n="77">vi</w><w n="78">ṣa</w><w n="79">yā</w><w n="80" lemma="ṇya">ṇy a</w><w n="81">bhi</w><w n="82">dhā</w><w n="83">nā</w><w n="84" lemma="ni">ni </w><w n="85">pra</w><w n="86">yu</w><w n="87">ja</w><w n="88" lemma="te">te | </w><w n="89" lemma="na">na </w><w n="90" lemma="tu">tu </w><w n="91">ta</w><w n="92" lemma="tvaṃ">ttvam </w><w n="93">a</w><w n="94">vi</w><w n="95">dya</w><w n="96">yā</w><w n="97"></w><w n="98">vi</w><w n="99">līṃ</w><w n="100">kri</w><w n="101">ya</w><w n="102" lemma="ta">ta </w><w n="103"></w><w n="104">i</w><w n="105" lemma="ti">ti </w><w n="106">nā</w><w n="107">li</w><w n="108"></w><w n="109"></w><w n="110">kā</w><w n="111">ni</w><w n="112">da</w><w n="113">rśa</w><w n="114">ne</w><w n="115" lemma="na">na </w><w n="116">sū</w><w n="117">ca</w><w n="118">ya</w><w n="119" lemma="ti">ti | </w><w n="120">nā</w><w n="121">li</w><w n="122">kā</w><w n="123">di</w><w n="124" lemma="bhiḥ">bhir </w><w n="125">i</w><w n="126" lemma="tyā">ty ā</w><w n="127">di</w><w n="128">gra</w><w n="129">ha</w><w n="130">ṇā</w><w n="131" lemma="ta">d a</w><w n="132">va</w><w n="133">dhā</w><w n="134">na</w><w n="135"></w><w n="136">pra</w><w n="137">ti</w><w n="138"></w><w n="139">ghā</w><w n="140">ta</w><w n="141">mū</w><w n="142">rtya</w><w n="143">bhi</w><w n="144">ja</w><w n="145" lemma="naṃ">naṃ </w><w n="146">nā</w><w n="147">dya</w><w n="148">va</w><w n="149">ro</w><w n="150" lemma="dhaḥ">dhaḥ | </w><w n="151">ya</w><w n="152">trai</w><w n="153" lemma="va">va </w><w n="154"></w><w n="155">vya</w><w n="156">va</w><w n="157">dhā</w><w n="158" lemma="naṃ">naṃ </w><w n="159">ta</w><w n="160" lemma="te">d e</w><w n="161">vā</w><w n="162"></w><w n="163">va</w><w n="164">dhā</w><w n="165">rya</w><w n="166" lemma="te">te | </w><w n="167">mū</w><w n="168">rtya</w><w n="169">bhi</w><w n="170">ja</w><w n="171" lemma="naḥ">no </w><w n="172">rū</w><w n="173">pa</w><w n="174">sauṃ</w><w n="175">da</w><w n="176" lemma="rya">rya </w><w n="177">te</w><w n="178">nā</w><w n="179">pa</w><w n="180">hṛ</w><w n="181" lemma="taḥ">to </w><w n="182" lemma="nyaṃ">nyaṃ </w><w n="183" lemma="na">na </w><w n="184">pa</w><w n="185">śya</w><w n="186" lemma="ti">ti | </w>
</text></TEI>
<TEI n="P">
<text>
<w n="0">ya</w><w n="1" lemma="thā">thā </w><w n="2">ā</w><w n="3">va</w><w n="4">ra</w><w n="5">ṇā</w><w n="6">di</w><w n="7"></w><w n="8">dri</w><w n="9">ya</w><w n="10">syai</w><w n="11" lemma="va">va </w><w n="12">pra</w><w n="13">kā</w><w n="14">śa</w><w n="15"></w><w n="16">śa</w><w n="17" lemma="kti">kti </w><w n="18">pra</w><w n="19">ti</w><w n="20">ba</w><w n="21">dhya</w><w n="22" lemma="te">te </w><w n="23">te</w><w n="24" lemma="na">na </w><w n="25">vi</w><w n="26">ṣa</w><w n="27" lemma="yaḥ">yo </w><w n="28">vi</w><w n="29">kri</w><w n="30">ya</w><w n="31" lemma="te">te </w><w n="32">ta</w><w n="33">thā</w><w n="34">nā</w><w n="35">dyā</w><w n="36">vi</w><w n="37">dyā</w><w n="38">va</w><w n="39">chaṃ</w><w n="40">da</w><w n="41">pra</w><w n="42">ka</w><w n="43">lpi</w><w n="44">ta</w><w n="45">vi</w><w n="46">bhā</w><w n="47">gā</w><w n="48" lemma="nāṃ">nāṃ </w><w n="49"></w><w n="50">jī</w><w n="51" lemma="vā">vā&#166;</w><w n="52" lemma="nāṃ">nām </w><w n="53">e</w><w n="54" lemma="va">va </w><w n="55">saṃ</w><w n="56">ve</w><w n="57">da</w><w n="58">na</w><w n="59">śa</w><w n="60" lemma="ktiḥ">ktir </w><w n="61">ni</w><w n="62">ya</w><w n="63">mya</w><w n="64" lemma="te">te </w><w n="65">ye</w><w n="66" lemma="na">na </w><w n="67">vi</w><w n="68" lemma="chiṃ">chin</w><w n="69">nā</w><w n="70">rthā</w><w n="71">bhi</w><w n="72">mā</w><w n="73">ne</w><w n="74" lemma="na">na </w><w n="75">bhe</w><w n="76">da</w><w n="77">vi</w><w n="78">ṣa</w><w n="79">yā</w><w n="80" lemma="nya">ny a</w><w n="81">bhi</w><w n="82">dhā</w><w n="83">nā</w><w n="84" lemma="ni">ni </w><w n="85">pra</w><w n="86">yu</w><w n="87">jya</w><w n="88" lemma="te">te </w><w n="89" lemma="na">na </w><w n="90" lemma="tu">tu </w><w n="91">ta</w><w n="92" lemma="tvaṃ">tvam </w><w n="93">a</w><w n="94">vi</w><w n="95">dya</w><w n="96" lemma="yā">yā </w><w n="97">ā</w><w n="98">vi</w><w n="99">lī</w><w n="100">kri</w><w n="101">ya</w><w n="102" lemma="te">te </w><w n="103"></w><w n="104">i</w><w n="105" lemma="ti">ti </w><w n="106">nā</w><w n="107" lemma="ti">ti&#166; </w><w n="108">nā</w><w n="109">li</w><w n="110">kā</w><w n="111">ni</w><w n="112">da</w><w n="113">rśa</w><w n="114">ne</w><w n="115" lemma="na">na </w><w n="116">su</w><w n="117">ca</w><w n="118">ya</w><w n="119" lemma="ti">ti </w><w n="120">nā</w><w n="121">li</w><w n="122">kā</w><w n="123">di</w><w n="124" lemma="bhiḥ">bhir </w><w n="125">i</w><w n="126" lemma="tyā">ty ā</w><w n="127">di</w><w n="128">gra</w><w n="129">ha</w><w n="130">ṇā</w><w n="131" lemma="ta">d a</w><w n="132">va</w><w n="133">dhā</w><w n="134">na</w><w n="135"></w><w n="136">pra</w><w n="137">ti</w><w n="138"></w><w n="139">ghā</w><w n="140">ta</w><w n="141">mū</w><w n="142" lemma="rtya">rttya</w><w n="143">bhi</w><w n="144">ja</w><w n="145"></w><w n="146">nā</w><w n="147">dya</w><w n="148">va</w><w n="149">ro</w><w n="150" lemma="dhaḥ">dhaḥ </w><w n="151">ya</w><w n="152">trai</w><w n="153" lemma="va">va </w><w n="154"></w><w n="155">vya</w><w n="156">va</w><w n="157">dhā</w><w n="158" lemma="naṃ">naṃ </w><w n="159">ta</w><w n="160" lemma="te">d e</w><w n="161">vā</w><w n="162"></w><w n="163">va</w><w n="164">dhā</w><w n="165">rya</w><w n="166" lemma="te">te </w><w n="167">mū</w><w n="168">rtya</w><w n="169">bhi</w><w n="170">ja</w><w n="171" lemma="naḥ">no </w><w n="172">rū</w><w n="173">pa</w><w n="174">sau</w><w n="175">da</w><w n="176" lemma="ryaṃ">ryaṃ </w><w n="177">te</w><w n="178">nā</w><w n="179">pa</w><w n="180">hṛ</w><w n="181" lemma="taḥ">to </w><w n="182" lemma="nya">nya </w><w n="183" lemma="na">na </w><w n="184">pa</w><w n="185">śya</w><w n="186" lemma="ti">ti </w>
</text></TEI>
<TEI n="M">
<text>
<w n="0">ya</w><w n="1" lemma="thā">thā </w><w n="2">ā</w><w n="3">va</w><w n="4">ra</w><w n="5">ṇā</w><w n="6" lemma="diṃ">diṃ&#166;</w><w n="7"></w><w n="8">dri</w><w n="9">ya</w><w n="10">syai</w><w n="11" lemma="va">va </w><w n="12">pra</w><w n="13">kā</w><w n="14">śa</w><w n="15"></w><w n="16">śa</w><w n="17" lemma="ktiḥ">ktiḥ </w><w n="18">pra</w><w n="19">ti</w><w n="20">ba</w><w n="21">dhya</w><w n="22" lemma="te">te | </w><w n="23">te</w><w n="24" lemma="na">na </w><w n="25">vi</w><w n="26">ṣa</w><w n="27" lemma="yaḥ">yo </w><w n="28">vi</w><w n="29">kri</w><w n="30">ya</w><w n="31" lemma="te">te | </w><w n="32">ta</w><w n="33">thā</w><w n="34">nā</w><w n="35">dyā</w><w n="36">vi</w><w n="37">dyā</w><w n="38">va</w><w n="39">che</w><w n="40">da</w><w n="41">pra</w><w n="42">ka</w><w n="43">lpi</w><w n="44">ta</w><w n="45">vi</w><w n="46">bhā</w><w n="47">gā</w><w n="48" lemma="nāṃ">nāṃ </w><w n="49"></w><w n="50">jī</w><w n="51">vā</w><w n="52" lemma="nāṃ">nām </w><w n="53">e</w><w n="54" lemma="va">va </w><w n="55">saṃ</w><w n="56">ve</w><w n="57">da</w><w n="58">na</w><w n="59">śa</w><w n="60" lemma="ktiḥ">ktir </w><w n="61">ni</w><w n="62">ya</w><w n="63">mya</w><w n="64" lemma="te">te | </w><w n="65">ye</w><w n="66" lemma="na">na </w><w n="67" lemma="vi">vi&#166;&#166;</w><w n="68" lemma="chiṃ">chin</w><w n="69">nā</w><w n="70">rthā</w><w n="71">bhi</w><w n="72">mā</w><w n="73">ne</w><w n="74" lemma="na">na </w><w n="75">bhe</w><w n="76">da</w><w n="77">vi</w><w n="78">ṣa</w><w n="79">yā</w><w n="80" lemma="ṇya">ṇy a</w><w n="81">bhi</w><w n="82">dhā</w><w n="83">nā</w><w n="84" lemma="ni">ni </w><w n="85">pra</w><w n="86">yu</w><w n="87">jyaṃ</w><w n="88" lemma="te">te | </w><w n="89" lemma="na">na </w><w n="90" lemma="tu">tu </w><w n="91">ta</w><w n="92" lemma="tvaṃ">tvam </w><w n="93">a</w><w n="94">vi</w><w n="95">dya</w><w n="96" lemma="yā">yā </w><w n="97">ā</w><w n="98">vi</w><w n="99">lī</w><w n="100">kri</w><w n="101">ya</w><w n="102" lemma="ta">ta </w><w n="103"></w><w n="104">i</w><w n="105" lemma="ti">ti </w><w n="106">nā</w><w n="107">li</w><w n="108"></w><w n="109"></w><w n="110">kā</w><w n="111">ni</w><w n="112">da</w><w n="113">rśa</w><w n="114">ne</w><w n="115" lemma="na">na </w><w n="116">sū</w><w n="117">ca</w><w n="118">ya</w><w n="119" lemma="ti">ti | </w><w n="120">nā</w><w n="121">li</w><w n="122">kā</w><w n="123">di</w><w n="124" lemma="bhiḥ">bhir </w><w n="125">i</w><w n="126">tyā</w><w n="127" lemma="di">di | </w><w n="128">gra</w><w n="129">ha</w><w n="130">ṇā</w><w n="131" lemma="ta">d a</w><w n="132">va</w><w n="133">ghā</w><w n="134">na</w><w n="135">bhū</w><w n="136">pra</w><w n="137">ti</w><w n="138"></w><w n="139">ghā</w><w n="140">ta</w><w n="141">mū</w><w n="142" lemma="rtya">rttya</w><w n="143">bhi</w><w n="144">ja</w><w n="145"></w><w n="146">nā</w><w n="147">dya</w><w n="148">va</w><w n="149">ro</w><w n="150" lemma="dhaḥ">dhaḥ | </w><w n="151">ya</w><w n="152">trai</w><w n="153" lemma="va">va </w><w n="154"></w><w n="155">vya</w><w n="156">va</w><w n="157">dhā</w><w n="158" lemma="naṃ">naṃ </w><w n="159">ta</w><w n="160" lemma="te">d e</w><w n="161">vā</w><w n="162"></w><w n="163">va</w><w n="164">dhā</w><w n="165">rya</w><w n="166" lemma="te">te | </w><w n="167">mū</w><w n="168" lemma="rtya">rttya</w><w n="169">bhi</w><w n="170">ja</w><w n="171" lemma="naḥ">no </w><w n="172">rū</w><w n="173">pa</w><w n="174">sauṃ</w><w n="175">da</w><w n="176" lemma="ryaṃ">ryaṃ | </w><w n="177">te</w><w n="178">nā</w><w n="179">pa</w><w n="180">hṛ</w><w n="181" lemma="taḥ">to </w><w n="182" lemma="nyaṃ">nyaṃ </w><w n="183" lemma="na">na </w><w n="184">pa</w><w n="185">śya</w><w n="186" lemma="ti">ti | </w>
</text></TEI>
<TEI n="G2">
<text>
<w n="0">ya</w><w n="1">thā</w><w n="2"></w><w n="3">va</w><w n="4">ra</w><w n="5">ṇā</w><w n="6">mi</w><w n="7">neṃ</w><w n="8">dri</w><w n="9">ya</w><w n="10">syai</w><w n="11" lemma="va">va </w><w n="12">pra</w><w n="13">kā</w><w n="14">śā</w><w n="15"></w><w n="16">śa</w><w n="17" lemma="ktiḥ">ktiḥ </w><w n="18">pra</w><w n="19">ti</w><w n="20">ba</w><w n="21">dhya</w><w n="22" lemma="te">te </w><w n="23"></w><w n="24" lemma="na">na </w><w n="25">vi</w><w n="26">ṣa</w><w n="27" lemma="yaḥ">yo </w><w n="28">vi</w><w n="29">kri</w><w n="30">ya</w><w n="31" lemma="te">te </w><w n="32">ta</w><w n="33">thā</w><w n="34">nā</w><w n="35"></w><w n="36"></w><w n="37">dyā</w><w n="38">va</w><w n="39">che</w><w n="40">da</w><w n="41">pra</w><w n="42">ka</w><w n="43">lpa</w><w n="44">ta</w><w n="45">vi</w><w n="46">bhā</w><w n="47">gā</w><w n="48" lemma="nāṃ">nāṃ </w><w n="49"></w><w n="50">jī</w><w n="51">jñā</w><w n="52" lemma="nāṃ">nām </w><w n="53">e</w><w n="54" lemma="va">va </w><w n="55">saṃ</w><w n="56">ve</w><w n="57">da</w><w n="58">na</w><w n="59">śa</w><w n="60" lemma="ktiḥ">ktir </w><w n="61">ni</w><w n="62">ya</w><w n="63">mya</w><w n="64" lemma="te">te </w><w n="65">ye</w><w n="66" lemma="na">na </w><w n="67">vi</w><w n="68">chi</w><w n="69">nā</w><w n="70">yā</w><w n="71">ti</w><w n="72" lemma="dhī">dhī || </w><w n="73">te</w><w n="74" lemma="na">na </w><w n="75">bhe</w><w n="76">da</w><w n="77">vi</w><w n="78">ṣa</w><w n="79">yā</w><w n="80">smā</w><w n="81">bhi</w><w n="82">dhā</w><w n="83">nā</w><w n="84" lemma="ni">ni </w><w n="85">prā</w><w n="86">yuṃ</w><w n="87">ja</w><w n="88" lemma="te">te </w><w n="89" lemma="na">na </w><w n="90" lemma="tu">tu </w><w n="91">ta</w><w n="92" lemma="tvaṃ">tvam </w><w n="93">a</w><w n="94">vi</w><w n="95">dya</w><w n="96">yā</w><w n="97"></w><w n="98">va</w><w n="99">nī</w><w n="100">kṛ</w><w n="101"></w><w n="102">te</w><w n="103" lemma="ya">ya </w><w n="104">i</w><w n="105" lemma="ti">ti </w><w n="106">nā</w><w n="107">ḍi</w><w n="108"></w><w n="109"></w><w n="110">kā</w><w n="111">ni</w><w n="112">da</w><w n="113">rśa</w><w n="114">ne</w><w n="115" lemma="na">na </w><w n="116">sū</w><w n="117">va</w><w n="118">ya</w><w n="119" lemma="ti">ti </w><w n="120">nā</w><w n="121">ḍi</w><w n="122">kā</w><w n="123">di</w><w n="124" lemma="bhiḥ">bhir </w><w n="125">i</w><w n="126" lemma="tyā">ty ā</w><w n="127">di</w><w n="128">gra</w><w n="129">ha</w><w n="130">ṇā</w><w n="131"></w><w n="132">va</w><w n="133">dhī</w><w n="134">na</w><w n="135"></w><w n="136">pra</w><w n="137">ti</w><w n="138"></w><w n="139">vā</w><w n="140">ta</w><w n="141">ma</w><w n="142" lemma="rtya">rttya</w><w n="143">ti</w><w n="144">ja</w><w n="145"></w><w n="146">nā</w><w n="147">ghṛ</w><w n="148">va</w><w n="149">ro</w><w n="150" lemma="dhaḥ">dhaḥ </w><w n="151">ya</w><w n="152" lemma="trai">trai&#8254;</w><w n="153">vye</w><w n="154"></w><w n="155">vgha</w><w n="156">va</w><w n="157">dhā</w><w n="158" lemma="naṃ">naṃ </w><w n="159">ta</w><w n="160" lemma="te">d e</w><w n="161" lemma="va">va </w><w n="162" lemma="hya">hy a</w><w n="163">dya</w><w n="164">dhā</w><w n="165">rya</w><w n="166" lemma="te">te </w><w n="167">mū</w><w n="168">rcya</w><w n="169">bhi</w><w n="170">ja</w><w n="171" lemma="naḥ">no </w><w n="172"></w><w n="173" lemma="ya">ya </w><w n="174">sauṃ</w><w n="175">da</w><w n="176" lemma="rya">rya </w><w n="177">te</w><w n="178">nā</w><w n="179">pa</w><w n="180">hu</w><w n="181" lemma="taḥ">to </w><w n="182" lemma="nyaṃ">nyaṃ </w><w n="183" lemma="na">na </w><w n="184">pa</w><w n="185">śya</w><w n="186" lemma="ti">ti </w>
</text></TEI>
<TEI n="G1">
<text>
<w n="0">ya</w><w n="1">thā</w><w n="2"></w><w n="3">va</w><w n="4">ra</w><w n="5">ṇā</w><w n="6">mi</w><w n="7">neṃ</w><w n="8">dri</w><w n="9">ya</w><w n="10">syai</w><w n="11" lemma="va">va </w><w n="12">pra</w><w n="13">kā</w><w n="14">śā</w><w n="15"></w><w n="16">śa</w><w n="17" lemma="ktiḥ">ktiḥ </w><w n="18">pra</w><w n="19">ti</w><w n="20">ba</w><w n="21">dhya</w><w n="22" lemma="te">te </w><w n="23"></w><w n="24" lemma="na">na </w><w n="25">vi</w><w n="26">ṣa</w><w n="27" lemma="yaḥ">yo </w><w n="28" lemma="vi">vi-</w><w n="29">kri</w><w n="30">ya</w><w n="31" lemma="te">te </w><w n="32">ta</w><w n="33">thā</w><w n="34">nā</w><w n="35"></w><w n="36"></w><w n="37">dyā</w><w n="38">va</w><w n="39">che</w><w n="40">da</w><w n="41">pra</w><w n="42">ka</w><w n="43">lpa</w><w n="44">ta</w><w n="45">vi</w><w n="46">bhā</w><w n="47">gā</w><w n="48" lemma="nāṃ">nāṃ </w><w n="49"></w><w n="50">jī</w><w n="51">jñā</w><w n="52" lemma="nāṃ">nām </w><w n="53">e</w><w n="54" lemma="va">va </w><w n="55">saṃ</w><w n="56">ve</w><w n="57">da</w><w n="58">na</w><w n="59">śa</w><w n="60" lemma="ktiḥ">ktir </w><w n="61">ni</w><w n="62">ya</w><w n="63">mya</w><w n="64" lemma="te">te </w><w n="65">ye</w><w n="66" lemma="na">na </w><w n="67">vi</w><w n="68">chi</w><w n="69">nā</w><w n="70">yā</w><w n="71">ti</w><w n="72" lemma="dhī">dhī || </w><w n="73">te</w><w n="74" lemma="na">na </w><w n="75">bhe</w><w n="76">da</w><w n="77">vi</w><w n="78">ṣa</w><w n="79">yā</w><w n="80">smā</w><w n="81">bhi</w><w n="82">dhā</w><w n="83">nā</w><w n="84" lemma="ni">ni </w><w n="85">prā</w><w n="86">yuṃ</w><w n="87">ja</w><w n="88" lemma="te">te </w><w n="89" lemma="na">na </w><w n="90" lemma="tu">tu </w><w n="91">ta</w><w n="92" lemma="tvaṃ">tvam </w><w n="93">a</w><w n="94">vi</w><w n="95">dya</w><w n="96">yā</w><w n="97"></w><w n="98">va</w><w n="99">nī</w><w n="100">kṛ</w><w n="101"></w><w n="102">te</w><w n="103" lemma="ya">ya </w><w n="104">i</w><w n="105" lemma="ti">ti </w><w n="106">nā</w><w n="107">ḍi</w><w n="108"></w><w n="109"></w><w n="110">kā</w><w n="111">ni</w><w n="112">da</w><w n="113">rśa</w><w n="114">ne</w><w n="115" lemma="na">na </w><w n="116">sū</w><w n="117">va</w><w n="118">ya</w><w n="119" lemma="ti">ti </w><w n="120">nā</w><w n="121">ḍi</w><w n="122">kā</w><w n="123" lemma="di">di-</w><w n="124" lemma="bhiḥ">bhir </w><w n="125">i</w><w n="126" lemma="tyā">ty ā</w><w n="127">di</w><w n="128">gra</w><w n="129">ha</w><w n="130">ṇā</w><w n="131"></w><w n="132">va</w><w n="133">dhī</w><w n="134">na</w><w n="135"></w><w n="136">pra</w><w n="137">ti</w><w n="138"></w><w n="139">vā</w><w n="140">ta</w><w n="141">ma</w><w n="142" lemma="rtya">rttya</w><w n="143">ti</w><w n="144">ja</w><w n="145"></w><w n="146">nā</w><w n="147">ghṛ</w><w n="148">va</w><w n="149">ro</w><w n="150" lemma="dhaḥ">dhaḥ || </w><w n="151">ya</w><w n="152" lemma="trai">trai&#8254;</w><w n="153">vye</w><w n="154"></w><w n="155">vgha</w><w n="156">va</w><w n="157">dhā</w><w n="158" lemma="naṃ">naṃ </w><w n="159">ta</w><w n="160" lemma="te">d e</w><w n="161" lemma="va">va </w><w n="162" lemma="hya">hy a</w><w n="163">dya</w><w n="164">dhā</w><w n="165">rya</w><w n="166" lemma="te">te </w><w n="167">mū</w><w n="168">rcya</w><w n="169">bhi</w><w n="170">ja</w><w n="171" lemma="naḥ">no </w><w n="172"></w><w n="173" lemma="ya">ya </w><w n="174">sauṃ</w><w n="175">da</w><w n="176" lemma="rya">rya </w><w n="177">te</w><w n="178">nā</w><w n="179">pa</w><w n="180">hu</w><w n="181" lemma="taḥ">to </w><w n="182" lemma="nyaṃ">nyaṃ </w><w n="183" lemma="na">na </w><w n="184">pa</w><w n="185">śya</w><w n="186" lemma="ti">ti </w>
</text></TEI>
<TEI n="L">
<text>
<w n="0">ya</w><w n="1">thā</w><w n="2"></w><w n="3">ca</w><w n="4">ra</w><w n="5">ṇā</w><w n="6">di</w><w n="7">neṃ</w><w n="8">dri</w><w n="9">ya</w><w n="10">syai</w><w n="11" lemma="va">va </w><w n="12">pra</w><w n="13">kā</w><w n="14">śa</w><w n="15"></w><w n="16">śa</w><w n="17" lemma="ktiḥ">ktiḥ </w><w n="18">pra</w><w n="19">ti</w><w n="20">ba</w><w n="21">dhya</w><w n="22" lemma="te">te </w><w n="23"></w><w n="24" lemma="na">na </w><w n="25">vi</w><w n="26">ṣa</w><w n="27" lemma="yaḥ">yo </w><w n="28">vi</w><w n="29">kri</w><w n="30">ya</w><w n="31" lemma="te">te | </w><w n="32">ta</w><w n="33">thā</w><w n="34">nā</w><w n="35">dya</w><w n="36">vi</w><w n="37">dyā</w><w n="38">va</w><w n="39">che</w><w n="40">da</w><w n="41">pra</w><w n="42">ka</w><w n="43">lpi</w><w n="44">ta</w><w n="45">vi</w><w n="46">bhā</w><w n="47">gā</w><w n="48" lemma="nāṃ">nāṃ </w><w n="49"></w><w n="50">ji</w><w n="51">jñā</w><w n="52" lemma="nāṃ">nām </w><w n="53">e</w><w n="54" lemma="va">va </w><w n="55">saṃ</w><w n="56">ve</w><w n="57">da</w><w n="58">na</w><w n="59">śa</w><w n="60" lemma="ktiḥ">ktir </w><w n="61">ni</w><w n="62">ya</w><w n="63">mya</w><w n="64" lemma="te">te </w><w n="65">ye</w><w n="66" lemma="na">na </w><w n="67">vi</w><w n="68" lemma="chiṃ">chin</w><w n="69">nā</w><w n="70">yā</w><w n="71">bhi</w><w n="72">dhā</w><w n="73">ne</w><w n="74" lemma="na">na </w><w n="75">bhe</w><w n="76">da</w><w n="77">vi</w><w n="78">ṣa</w><w n="79">yā</w><w n="80">smā</w><w n="81">bhi</w><w n="82">dhā</w><w n="83">nā</w><w n="84" lemma="ni">ni </w><w n="85">pra</w><w n="86">yuṃ</w><w n="87">ja</w><w n="88" lemma="te">te | </w><w n="89" lemma="na">na </w><w n="90" lemma="tu">tu </w><w n="91">ta</w><w n="92" lemma="tvaṃ">tvam </w><w n="93">a</w><w n="94">vi</w><w n="95">dya</w><w n="96" lemma="yā">yā </w><w n="97"></w><w n="98">ba</w><w n="99">lī</w><w n="100">kri</w><w n="101">ya</w><w n="102" lemma="te">te </w><w n="103"></w><w n="104">i</w><w n="105" lemma="ti">ti </w><w n="106">nā</w><w n="107">ḍi</w><w n="108"></w><w n="109"></w><w n="110">kā</w><w n="111">ni</w><w n="112">da</w><w n="113">rśa</w><w n="114">ne</w><w n="115" lemma="na">na </w><w n="116">sū</w><w n="117">ca</w><w n="118">ya</w><w n="119" lemma="ti">ti || </w><w n="120">nā</w><w n="121">ḍi</w><w n="122">kā</w><w n="123">di</w><w n="124" lemma="bhiḥ">bhir </w><w n="125">i</w><w n="126" lemma="tyā">ty ā</w><w n="127">di</w><w n="128">gra</w><w n="129">ha</w><w n="130">ṇā</w><w n="131"></w><w n="132">va</w><w n="133">dhā</w><w n="134">na</w><w n="135"></w><w n="136">pra</w><w n="137">ti</w><w n="138"></w><w n="139">ghā</w><w n="140">ta</w><w n="141">ma</w><w n="142">rtya</w><w n="143">bhi</w><w n="144">ja</w><w n="145"></w><w n="146">nā</w><w n="147">dya</w><w n="148">vi</w><w n="149">ro</w><w n="150" lemma="dhaḥ">dhaḥ | </w><w n="151">ya</w><w n="152">trai</w><w n="153">va</w><w n="154" lemma="vye">vye </w><w n="155" lemma="hya">hy a</w><w n="156">va</w><w n="157">dhā</w><w n="158" lemma="naṃ">naṃ </w><w n="159">ta</w><w n="160" lemma="te">d e</w><w n="161" lemma="va">va </w><w n="162" lemma="hya">hy a</w><w n="163">va</w><w n="164">dhā</w><w n="165">rya</w><w n="166" lemma="te">te </w><w n="167">mū</w><w n="168">rtya</w><w n="169">bhi</w><w n="170">ja</w><w n="171" lemma="no">no </w><w n="172"></w><w n="173"></w><w n="174">sau</w><w n="175">da</w><w n="176" lemma="ryaṃ">ryaṃ </w><w n="177">te</w><w n="178">nā</w><w n="179">pa</w><w n="180">hṛ</w><w n="181" lemma="taḥ">to </w><w n="182" lemma="nyaṃ">nyaṃ </w><w n="183" lemma="na">na </w><w n="184">pa</w><w n="185">śya</w><w n="186" lemma="ti">ti </w>
</text></TEI>
<TEI n="O">
<text>
<w n="0">ya</w><w n="1">thā</w><w n="2"></w><w n="3">va</w><w n="4">ra</w><w n="5">ṇā</w><w n="6">di</w><w n="7">neṃ</w><w n="8">dri</w><w n="9">ya</w><w n="10">sye</w><w n="11" lemma="va">va </w><w n="12">pra</w><w n="13">kā</w><w n="14">śa</w><w n="15"></w><w n="16">śa</w><w n="17" lemma="ktiḥ">ktiḥ </w><w n="18">pra</w><w n="19">ti</w><w n="20">ba</w><w n="21">dhya</w><w n="22" lemma="te">te </w><w n="23"></w><w n="24" lemma="na">na </w><w n="25">vi</w><w n="26">ṣa</w><w n="27" lemma="yaḥ">yo </w><w n="28">vi</w><w n="29">kri</w><w n="30">ya</w><w n="31" lemma="te">te </w><w n="32">ta</w><w n="33" lemma="thā">thā'</w><w n="34">nā</w><w n="35">dya</w><w n="36">vi</w><w n="37">dyā</w><w n="38">va</w><w n="39" lemma="che">cche</w><w n="40">da</w><w n="41">pra</w><w n="42">ka</w><w n="43">lpi</w><w n="44">ta</w><w n="45">vi</w><w n="46">bhā</w><w n="47">gā</w><w n="48" lemma="nāṃ">nāṃ </w><w n="49">vi</w><w n="50">jñā</w><w n="51">nā</w><w n="52" lemma="nāṃ">nām </w><w n="53">e</w><w n="54" lemma="va">va </w><w n="55">saṃ</w><w n="56">ve</w><w n="57">da</w><w n="58">na</w><w n="59">śa</w><w n="60" lemma="ktiḥ">ktir </w><w n="61">ni</w><w n="62">ya</w><w n="63">mya</w><w n="64" lemma="te">te </w><w n="65">ye</w><w n="66" lemma="na">na </w><w n="67">vi</w><w n="68" lemma="chiṃ">cchin</w><w n="69">nā</w><w n="70">dyā</w><w n="71">bhi</w><w n="72">dhā</w><w n="73">ne</w><w n="74" lemma="na">na </w><w n="75">bhe</w><w n="76">da</w><w n="77">vi</w><w n="78">ṣa</w><w n="79">yā</w><w n="80">smā</w><w n="81">bhi</w><w n="82">dhā</w><w n="83">nā</w><w n="84" lemma="ni">ni </w><w n="85">pra</w><w n="86">yuṃ</w><w n="87">ja</w><w n="88" lemma="te">te </w><w n="89" lemma="na">na </w><w n="90" lemma="tu">tu </w><w n="91">ta</w><w n="92" lemma="tvaṃ">tvam </w><w n="93">a</w><w n="94">vi</w><w n="95">dya</w><w n="96">yā</w><w n="97"></w><w n="98">vi</w><w n="99">lī</w><w n="100">kri</w><w n="101">ya</w><w n="102" lemma="te">te </w><w n="103"></w><w n="104">i</w><w n="105" lemma="ti">ti </w><w n="106">nā</w><w n="107">ḍi</w><w n="108"></w><w n="109"></w><w n="110">kā</w><w n="111">ni</w><w n="112">da</w><w n="113">rśa</w><w n="114">ne</w><w n="115" lemma="na">na </w><w n="116">sū</w><w n="117">ca</w><w n="118">ya</w><w n="119" lemma="ti">ti </w><w n="120">nā</w><w n="121">ḍi</w><w n="122">kā</w><w n="123">di</w><w n="124" lemma="bhiḥ">bhir </w><w n="125">i</w><w n="126" lemma="tyā">ty ā</w><w n="127">di</w><w n="128">gra</w><w n="129">ha</w><w n="130">ṇā</w><w n="131"></w><w n="132">va</w><w n="133">dhā</w><w n="134">na</w><w n="135"></w><w n="136">pra</w><w n="137">ti</w><w n="138"></w><w n="139">ghā</w><w n="140">ta</w><w n="141">ma</w><w n="142">tya</w><w n="143">bhi</w><w n="144">ja</w><w n="145"></w><w n="146">nā</w><w n="147">dya</w><w n="148">va</w><w n="149">ro</w><w n="150" lemma="dhaḥ">dhaḥ | </w><w n="151">ya</w><w n="152">trai</w><w n="153">va</w><w n="154" lemma="vye">vye </w><w n="155" lemma="hya">hy a</w><w n="156">va</w><w n="157">dhā</w><w n="158" lemma="naṃ">naṃ </w><w n="159">ta</w><w n="160" lemma="te">d e</w><w n="161" lemma="va">va </w><w n="162" lemma="hya">hy a</w><w n="163">va</w><w n="164">dhā</w><w n="165">rya</w><w n="166" lemma="te">te </w><w n="167">mū</w><w n="168">rtya</w><w n="169">bhi</w><w n="170">ja</w><w n="171" lemma="no">no </w><w n="172"></w><w n="173">pa</w><w n="174">sauṃ</w><w n="175">da</w><w n="176" lemma="ryaṃ">ryaṃ </w><w n="177">te</w><w n="178">nā</w><w n="179">pa</w><w n="180">hṛ</w><w n="181" lemma="taḥ">to </w><w n="182" lemma="nyaṃ">nyaṃ </w><w n="183" lemma="na">na </w><w n="184">pa</w><w n="185">śya</w><w n="186" lemma="ti">ti </w>
</text></TEI>
<TEI n="A">
<text>
<w n="0">ya</w><w n="1" lemma="thā">thā''</w><w n="2"></w><w n="3">va</w><w n="4">ra</w><w n="5">ṇā</w><w n="6">di</w><w n="7">neṃ</w><w n="8">dri</w><w n="9">ya</w><w n="10">syai</w><w n="11" lemma="va">va </w><w n="12">pra</w><w n="13">kā</w><w n="14">śa</w><w n="15"></w><w n="16">śa</w><w n="17" lemma="ktiḥ">ktiḥ </w><w n="18">pra</w><w n="19">ti</w><w n="20">ba</w><w n="21">dhya</w><w n="22" lemma="te">te </w><w n="23"></w><w n="24" lemma="na">na </w><w n="25">vi</w><w n="26">ṣa</w><w n="27" lemma="yaḥ">yo </w><w n="28">vi</w><w n="29">kri</w><w n="30">ya</w><w n="31" lemma="te">te </w><w n="32">ta</w><w n="33" lemma="thā">thā'</w><w n="34">nā</w><w n="35">dya</w><w n="36">vi</w><w n="37">dyā</w><w n="38">va</w><w n="39">che</w><w n="40">da</w><w n="41">pra</w><w n="42">ka</w><w n="43">lpi</w><w n="44">ta</w><w n="45">vi</w><w n="46">bhā</w><w n="47">gā</w><w n="48" lemma="nāṃ">nāṃ </w><w n="49"></w><w n="50">jī</w><w n="51">vā</w><w n="52" lemma="nāṃ">nām </w><w n="53">e</w><w n="54" lemma="va">va </w><w n="55">saṃ</w><w n="56">ve</w><w n="57">da</w><w n="58">na</w><w n="59">śa</w><w n="60" lemma="ktiḥ">ktir </w><w n="61">ni</w><w n="62">ya</w><w n="63">mya</w><w n="64" lemma="te">te </w><w n="65">ye</w><w n="66" lemma="na">na </w><w n="67">vi</w><w n="68" lemma="dyiṃ">dyin</w><w n="69">nā</w><w n="70">rthā</w><w n="71">bhi</w><w n="72">dhā</w><w n="73">ne</w><w n="74" lemma="na">na </w><w n="75">bhe</w><w n="76">da</w><w n="77">vi</w><w n="78">ṣa</w><w n="79">yā</w><w n="80" lemma="ṇya">ṇy a</w><w n="81">bhi</w><w n="82">dhā</w><w n="83">nā</w><w n="84" lemma="ni">ni </w><w n="85">pra</w><w n="86">yu</w><w n="87">jyaṃ</w><w n="88" lemma="te">te </w><w n="89" lemma="na">na </w><w n="90" lemma="tu">tu </w><w n="91">ta</w><w n="92" lemma="tvaṃ">tvam </w><w n="93">a</w><w n="94">vi</w><w n="95">dya</w><w n="96">yā</w><w n="97"></w><w n="98">vi</w><w n="99">lī</w><w n="100">kri</w><w n="101">ya</w><w n="102" lemma="te">te </w><w n="103"></w><w n="104">i</w><w n="105" lemma="ti">ti </w><w n="106">nā</w><w n="107">ḍi</w><w n="108"></w><w n="109"></w><w n="110">kā</w><w n="111">ni</w><w n="112">da</w><w n="113">rśa</w><w n="114">ne</w><w n="115" lemma="na">na </w><w n="116">sū</w><w n="117">ca</w><w n="118">ya</w><w n="119" lemma="ti">ti </w><w n="120">nā</w><w n="121">ḍi</w><w n="122">kā</w><w n="123">di</w><w n="124" lemma="bhiḥ">bhir </w><w n="125">i</w><w n="126" lemma="tyā">ty ā</w><w n="127">di</w><w n="128">gra</w><w n="129">ha</w><w n="130">ṇā</w><w n="131" lemma="ta">d a</w><w n="132">va</w><w n="133">dhā</w><w n="134">ta</w><w n="135"></w><w n="136">pra</w><w n="137">ti</w><w n="138"></w><w n="139">dhā</w><w n="140">ta</w><w n="141">mū</w><w n="142">rtya</w><w n="143">bhi</w><w n="144">ja</w><w n="145"></w><w n="146">nā</w><w n="147">dya</w><w n="148">va</w><w n="149">ro</w><w n="150" lemma="dhaḥ">dhaḥ </w><w n="151">ya</w><w n="152">trai</w><w n="153" lemma="va">va </w><w n="154"></w><w n="155" lemma="hyā">hy ā</w><w n="156">va</w><w n="157">dhā</w><w n="158" lemma="naṃ">naṃ </w><w n="159">ta</w><w n="160" lemma="te">d e</w><w n="161" lemma="va">va </w><w n="162" lemma="hya">hy a</w><w n="163">va</w><w n="164">dhā</w><w n="165">rya</w><w n="166" lemma="te">te </w><w n="167">mū</w><w n="168">rtya</w><w n="169">bhi</w><w n="170">ja</w><w n="171" lemma="nā">nā </w><w n="172">rū</w><w n="173">pa</w><w n="174">sau</w><w n="175">da</w><w n="176" lemma="ryaṃ">ryaṃ </w><w n="177">te</w><w n="178">nā</w><w n="179">pa</w><w n="180">ha</w><w n="181" lemma="taḥ">to </w><w n="182" lemma="nyaṃ">nyaṃ </w><w n="183" lemma="na">na </w><w n="184">pa</w><w n="185">śya</w><w n="186" lemma="ti">ti </w>
</text></TEI>
<TEI n="V">
<text>
<w n="0">ya</w><w n="1" lemma="thā">thā'</w><w n="2"></w><w n="3">va</w><w n="4">ra</w><w n="5">ṇā</w><w n="6">di</w><w n="7">neṃ</w><w n="8">dri</w><w n="9">ya</w><w n="10">syai</w><w n="11" lemma="va">va </w><w n="12">pra</w><w n="13">kā</w><w n="14">śa</w><w n="15"></w><w n="16">śa</w><w n="17" lemma="ktiḥ">ktir </w><w n="18"></w><w n="19"></w><w n="20"></w><w n="21"></w><w n="22"></w><w n="23"></w><w n="24"></w><w n="25"></w><w n="26"></w><w n="27"></w><w n="28"></w><w n="29"></w><w n="30"></w><w n="31"></w><w n="32"></w><w n="33"></w><w n="34"></w><w n="35"></w><w n="36"></w><w n="37"></w><w n="38"></w><w n="39"></w><w n="40"></w><w n="41"></w><w n="42"></w><w n="43"></w><w n="44"></w><w n="45"></w><w n="46"></w><w n="47"></w><w n="48"></w><w n="49"></w><w n="50"></w><w n="51"></w><w n="52"></w><w n="53"></w><w n="54"></w><w n="55"></w><w n="56"></w><w n="57"></w><w n="58"></w><w n="59"></w><w n="60"></w><w n="61">ni</w><w n="62">ya</w><w n="63">mya</w><w n="64" lemma="te">te </w><w n="65">ye</w><w n="66" lemma="na">na </w><w n="67">vi</w><w n="68" lemma="chiṃ">chin</w><w n="69">nā</w><w n="70">rthā</w><w n="71">bhi</w><w n="72">dhā</w><w n="73">ne</w><w n="74" lemma="na">na </w><w n="75">bhe</w><w n="76">da</w><w n="77">vi</w><w n="78">ṣa</w><w n="79">yā</w><w n="80" lemma="ṇya">ṇy a</w><w n="81">bhi</w><w n="82">dhā</w><w n="83">nā</w><w n="84" lemma="ni">ni </w><w n="85">pra</w><w n="86">yu</w><w n="87">yaṃ</w><w n="88" lemma="te">te </w><w n="89" lemma="na">na </w><w n="90" lemma="tu">tu </w><w n="91">ta</w><w n="92" lemma="tvaṃ">tvam </w><w n="93">a</w><w n="94">vi</w><w n="95">dya</w><w n="96">yā</w><w n="97"></w><w n="98">vi</w><w n="99">lī</w><w n="100">kri</w><w n="101">ya</w><w n="102" lemma="te">te </w><w n="103"></w><w n="104">i</w><w n="105" lemma="ti">ti </w><w n="106">nā</w><w n="107">ḍi</w><w n="108"></w><w n="109"></w><w n="110">kā</w><w n="111">ni</w><w n="112">da</w><w n="113">rśa</w><w n="114">ne</w><w n="115" lemma="na">na </w><w n="116">sū</w><w n="117">ca</w><w n="118">va</w><w n="119" lemma="ti">ti </w><w n="120">nā</w><w n="121">ḍi</w><w n="122">kā</w><w n="123">di</w><w n="124" lemma="bhiḥ">bhir </w><w n="125">i</w><w n="126" lemma="tyā">ty ā</w><w n="127">di</w><w n="128">gra</w><w n="129">ha</w><w n="130">ṇā</w><w n="131" lemma="ta">d a</w><w n="132">va</w><w n="133">dhā</w><w n="134">na</w><w n="135"></w><w n="136">pra</w><w n="137">ti</w><w n="138"></w><w n="139">ghā</w><w n="140">ta</w><w n="141">mū</w><w n="142">rtya</w><w n="143">bhi</w><w n="144">ja</w><w n="145"></w><w n="146">nā</w><w n="147">dya</w><w n="148">va</w><w n="149">ro</w><w n="150" lemma="dhaḥ">dhaḥ </w><w n="151">ya</w><w n="152">trai</w><w n="153" lemma="va">va </w><w n="154"></w><w n="155" lemma="hya">hy a</w><w n="156">va</w><w n="157">dhā</w><w n="158" lemma="naṃ">naṃ </w><w n="159">ta</w><w n="160" lemma="te">d e</w><w n="161" lemma="va">va </w><w n="162" lemma="hya">hy a</w><w n="163">va</w><w n="164">dhā</w><w n="165">rya</w><w n="166" lemma="te">te </w><w n="167">mū</w><w n="168">rtya</w><w n="169">bhi</w><w n="170">ja</w><w n="171" lemma="naḥ">no </w><w n="172">rū</w><w n="173">pa</w><w n="174">sau</w><w n="175">da</w><w n="176" lemma="ryaṃ">ryaṃ </w><w n="177">te</w><w n="178">nā</w><w n="179">pa</w><w n="180">ha</w><w n="181" lemma="taḥ">to </w><w n="182" lemma="nyaṃ">nyaṃ </w><w n="183" lemma="na">na </w><w n="184">pa</w><w n="185">śya</w><w n="186" lemma="ti">ti </w>
</text></TEI>
<TEI n="K">
<text>
<w n="0">ya</w><w n="1" lemma="thā">thā''</w><w n="2"></w><w n="3">va</w><w n="4">ra</w><w n="5">ṇā</w><w n="6">di</w><w n="7">neṃ</w><w n="8">dri</w><w n="9">ya</w><w n="10">syai</w><w n="11" lemma="va">va </w><w n="12">pra</w><w n="13">kā</w><w n="14">śa</w><w n="15"></w><w n="16">śa</w><w n="17" lemma="kti">kti </w><w n="18">pra</w><w n="19">ti</w><w n="20">ba</w><w n="21">dhya</w><w n="22" lemma="te">te </w><w n="23"></w><w n="24" lemma="na">na </w><w n="25">vi</w><w n="26">ṣa</w><w n="27" lemma="yaḥ">yo </w><w n="28">vi</w><w n="29">kri</w><w n="30">ya</w><w n="31" lemma="te">te </w><w n="32">ta</w><w n="33" lemma="thā">thā'</w><w n="34">nā</w><w n="35">dya</w><w n="36">vi</w><w n="37">dyā</w><w n="38">va</w><w n="39">che</w><w n="40">da</w><w n="41">pra</w><w n="42">ka</w><w n="43">lpi</w><w n="44">ta</w><w n="45">vi</w><w n="46">bhā</w><w n="47">gā</w><w n="48" lemma="nāṃ">nāṃ </w><w n="49"></w><w n="50">jī</w><w n="51">vā</w><w n="52" lemma="nāṃ">nām </w><w n="53">e</w><w n="54" lemma="vaṃ">vaṃ </w><w n="55">sa</w><w n="56">ve</w><w n="57">da</w><w n="58">na</w><w n="59">śa</w><w n="60" lemma="ktiḥ">ktir </w><w n="61">ni</w><w n="62">ya</w><w n="63">mya</w><w n="64" lemma="te">te </w><w n="65">ye</w><w n="66" lemma="na">na </w><w n="67">vi</w><w n="68" lemma="chiṃ">chin</w><w n="69">nā</w><w n="70">rdyā</w><w n="71">bhi</w><w n="72">dhā</w><w n="73">ne</w><w n="74" lemma="na">na </w><w n="75">bhe</w><w n="76">da</w><w n="77">vi</w><w n="78">ṣa</w><w n="79">yā</w><w n="80" lemma="ṇya">ṇy a</w><w n="81">bhi</w><w n="82">dhā</w><w n="83">nā</w><w n="84" lemma="ni">ni </w><w n="85">pra</w><w n="86">yu</w><w n="87">yaṃ</w><w n="88" lemma="te">te </w><w n="89" lemma="na">na </w><w n="90" lemma="tu">tu </w><w n="91">ta</w><w n="92" lemma="tvaṃ">tvam </w><w n="93">a</w><w n="94">vi</w><w n="95">dya</w><w n="96">yā</w><w n="97"></w><w n="98">vi</w><w n="99">lī</w><w n="100">kri</w><w n="101">ya</w><w n="102" lemma="te">te </w><w n="103"></w><w n="104">i</w><w n="105" lemma="ti">ti </w><w n="106">nā</w><w n="107">ḍi</w><w n="108"></w><w n="109"></w><w n="110">kā</w><w n="111">ni</w><w n="112">da</w><w n="113">rśa</w><w n="114">ne</w><w n="115" lemma="na">na </w><w n="116">sū</w><w n="117">ca</w><w n="118">va</w><w n="119" lemma="ti">ti </w><w n="120">nā</w><w n="121">ḍi</w><w n="122">kā</w><w n="123">di</w><w n="124" lemma="bhiḥ">bhir </w><w n="125">i</w><w n="126" lemma="tyā">ty ā</w><w n="127">di</w><w n="128">gra</w><w n="129">ha</w><w n="130">ṇā</w><w n="131" lemma="ta">d a</w><w n="132">va</w><w n="133">dhā</w><w n="134">na</w><w n="135"></w><w n="136">pra</w><w n="137">ti</w><w n="138"></w><w n="139">ghā</w><w n="140">ta</w><w n="141">mū</w><w n="142">rtya</w><w n="143">bhi</w><w n="144">ja</w><w n="145"></w><w n="146">nā</w><w n="147">dya</w><w n="148">va</w><w n="149">ro</w><w n="150" lemma="dhaḥ">dhaḥ </w><w n="151">ya</w><w n="152">trai</w><w n="153" lemma="va">va </w><w n="154"></w><w n="155" lemma="hya">hy a</w><w n="156">va</w><w n="157">dhā</w><w n="158" lemma="naṃ">naṃ </w><w n="159">ta</w><w n="160" lemma="te">d e</w><w n="161" lemma="va">va </w><w n="162" lemma="hya">hy a</w><w n="163">va</w><w n="164">dhā</w><w n="165">rya</w><w n="166" lemma="te">te </w><w n="167">mū</w><w n="168">rtya</w><w n="169">bhi</w><w n="170">ja</w><w n="171" lemma="naḥ">no </w><w n="172">rū</w><w n="173">pa</w><w n="174">sau</w><w n="175">da</w><w n="176" lemma="ryaṃ">ryaṃ </w><w n="177">te</w><w n="178">nā</w><w n="179">pa</w><w n="180">ha</w><w n="181" lemma="taḥ">to </w><w n="182" lemma="nyaṃ">nyaṃ </w><w n="183" lemma="na">na </w><w n="184">pa</w><w n="185">śya</w><w n="186" lemma="ti">ti </w>
</text></TEI>
<TEI n="D">
<text>
<w n="0">ya</w><w n="1" lemma="thā">thā''</w><w n="2"></w><w n="3">va</w><w n="4">ra</w><w n="5">ṇā</w><w n="6">di</w><w n="7">neṃ</w><w n="8">dri</w><w n="9">ya</w><w n="10">syai</w><w n="11" lemma="va">va </w><w n="12">pra</w><w n="13">kā</w><w n="14">śa</w><w n="15"></w><w n="16">śa</w><w n="17" lemma="ktiḥ">ktiḥ </w><w n="18">pra</w><w n="19">ti</w><w n="20">ba</w><w n="21">dhya</w><w n="22" lemma="te">te </w><w n="23"></w><w n="24" lemma="na">na </w><w n="25">vi</w><w n="26">ṣa</w><w n="27" lemma="yaḥ">yo </w><w n="28">vi</w><w n="29">kri</w><w n="30">ya</w><w n="31" lemma="te">te </w><w n="32">ta</w><w n="33" lemma="thā">thā'</w><w n="34">nā</w><w n="35">dya</w><w n="36">vi</w><w n="37">dyā</w><w n="38">va</w><w n="39">che</w><w n="40">da</w><w n="41">pra</w><w n="42">ka</w><w n="43">lpi</w><w n="44">ta</w><w n="45">vi</w><w n="46">bhā</w><w n="47">gā</w><w n="48" lemma="nāṃ">nāṃ </w><w n="49"></w><w n="50">jī</w><w n="51">vā</w><w n="52" lemma="nāṃ">nām </w><w n="53">e</w><w n="54" lemma="va">va </w><w n="55">saṃ</w><w n="56">ve</w><w n="57">da</w><w n="58">na</w><w n="59">śa</w><w n="60" lemma="ktiḥ">ktir </w><w n="61">ni</w><w n="62">ya</w><w n="63">mya</w><w n="64" lemma="te">te </w><w n="65">ye</w><w n="66" lemma="na">na </w><w n="67">vi</w><w n="68" lemma="chiṃ">chin</w><w n="69">nā</w><w n="70">rthā</w><w n="71">bhi</w><w n="72">dhā</w><w n="73">ne</w><w n="74" lemma="na">na </w><w n="75">bhe</w><w n="76">da</w><w n="77">vi</w><w n="78">ṣa</w><w n="79">yā</w><w n="80" lemma="ṇya">ṇy a</w><w n="81">bhi</w><w n="82">dhā</w><w n="83">nā</w><w n="84" lemma="ni">ni </w><w n="85">pra</w><w n="86">yu</w><w n="87">jyaṃ</w><w n="88" lemma="te">te </w><w n="89" lemma="na">na </w><w n="90" lemma="tu">tu </w><w n="91">ta</w><w n="92" lemma="tvaṃ">tvam </w><w n="93">a</w><w n="94">vi</w><w n="95">dya</w><w n="96">yā</w><w n="97"></w><w n="98">vi</w><w n="99">lī</w><w n="100">kri</w><w n="101">ya</w><w n="102" lemma="te">te </w><w n="103"></w><w n="104">i</w><w n="105" lemma="ti">ti </w><w n="106">nā</w><w n="107">ḍi</w><w n="108"></w><w n="109"></w><w n="110">kā</w><w n="111">ni</w><w n="112">da</w><w n="113">rśa</w><w n="114">ne</w><w n="115" lemma="na">na </w><w n="116">sū</w><w n="117">ca</w><w n="118">ya</w><w n="119" lemma="ti">ti </w><w n="120">nā</w><w n="121">ḍi</w><w n="122">kā</w><w n="123">di</w><w n="124" lemma="bhiḥ">bhir </w><w n="125">i</w><w n="126" lemma="tyā">ty ā</w><w n="127">di</w><w n="128">gra</w><w n="129">ha</w><w n="130">ṇā</w><w n="131" lemma="ta">d a</w><w n="132">va</w><w n="133">dhā</w><w n="134">na</w><w n="135"></w><w n="136">pra</w><w n="137">ti</w><w n="138"></w><w n="139">ghā</w><w n="140">ta</w><w n="141">mū</w><w n="142">rtya</w><w n="143">bhi</w><w n="144">ja</w><w n="145"></w><w n="146">nā</w><w n="147">dya</w><w n="148">va</w><w n="149">ro</w><w n="150" lemma="dhaḥ">dhaḥ | </w><w n="151">ya</w><w n="152">trai</w><w n="153" lemma="va">va </w><w n="154"></w><w n="155" lemma="hya">hy a</w><w n="156">va</w><w n="157">dhā</w><w n="158" lemma="naṃ">naṃ </w><w n="159">ta</w><w n="160" lemma="te">d e</w><w n="161" lemma="va">va </w><w n="162" lemma="hya">hy a</w><w n="163">va</w><w n="164">dhā</w><w n="165">rya</w><w n="166" lemma="te">te </w><w n="167">mū</w><w n="168">rtya</w><w n="169">bhi</w><w n="170">ja</w><w n="171" lemma="naḥ">no </w><w n="172">rū</w><w n="173">pa</w><w n="174">sauṃ</w><w n="175">da</w><w n="176" lemma="ryaṃ">ryaṃ </w><w n="177">te</w><w n="178">nā</w><w n="179">pa</w><w n="180">ha</w><w n="181" lemma="taḥ">to </w><w n="182" lemma="nyaṃ">nyaṃ </w><w n="183" lemma="na">na </w><w n="184">pa</w><w n="185">śya</w><w n="186" lemma="ti">ti </w>
</text></TEI>
</teiCorpus>
