<?xml version="1.0" encoding="UTF-8"?>
<teiCorpus xmlns="http://www.tei-c.org/ns/1.0">

<TEI n="GV">
<text>
<w n="0">pa</w><w n="1">ra</w><w n="2">mā</w><w n="3">rtha</w><w n="4" lemma="taḥ">to </w><w n="5"></w><w n="6">vi</w><w n="7">ka</w><w n="8">lpi</w><w n="9" lemma="taṃ">taṃ </w><w n="10">vi</w><w n="11">ka</w><w n="12"></w><w n="13">lpā</w><w n="14" lemma="nāṃ">nām </w><w n="15">a</w><w n="16">vi</w><w n="17">ṣa</w><w n="18" lemma="yaḥ">yaḥ </w><w n="19">ya</w><w n="20" lemma="te">d e</w><w n="21" lemma="va">va </w><w n="22">ta</w><w n="23"></w><w n="24" lemma="tvaṃ">tvaṃ </w><w n="25">vya</w><w n="26">va</w><w n="27">hā</w><w n="28" lemma="re">re </w><w n="29" lemma="pya">py a</w><w n="30" lemma="sti">sti </w><w n="31">sva</w><w n="32">bhā</w><w n="33">vā</w><w n="34" lemma="tvi">d vi</w><w n="35">ka</w><w n="36">lpa</w><w n="37">mā</w><w n="38" lemma="naṃ">naṃ </w><w n="39">vi</w><w n="40">ka</w><w n="41">lpa</w><w n="42"></w><w n="43">rū</w><w n="44" lemma="paṃ">paṃ </w><w n="45">vi</w><w n="46">ka</w><w n="47">lpa</w><w n="48">rū</w><w n="49" lemma="paṃ">paṃ </w><w n="50">nā</w><w n="51">nā</w><w n="52">vi</w><w n="53">dha</w><w n="54">bhe</w><w n="55">dā</w><w n="56">va</w><w n="57">bhā</w><w n="58">sa</w><w n="59">mā</w><w n="60">nā</w><w n="61">di</w><w n="62">si</w><w n="63" lemma="dhā">ddhā</w><w n="64">vi</w><w n="65">dyā</w><w n="66">va</w><w n="67">śā</w><w n="68" lemma="tsa">t_ sa</w><w n="69" lemma="rvaṃ">rvam </w><w n="70">a</w><w n="71">va</w><w n="72">laṃ</w><w n="73">ba</w><w n="74" lemma="te">te | </w><w n="75">jī</w><w n="76">vā</w><w n="77">tma</w><w n="78">bhe</w><w n="79">de</w><w n="80">nā</w><w n="81">va</w><w n="82">ti</w><w n="83">ṣṭa</w><w n="84">mā</w><w n="85" lemma="naṃ">naṃ </w><w n="86">ta</w><w n="87">dga</w><w n="88">ta</w><w n="89">tve</w><w n="90">ne</w><w n="91" lemma="ti">ti </w><w n="92"></w><w n="93">vi</w><w n="94">vi</w><w n="95">va</w><w n="96">rtā</w><w n="97">di</w><w n="98">śra</w><w n="99">yā</w><w n="100">di</w><w n="101"></w><w n="102" lemma="khśa">k_śa</w><w n="103">kti</w><w n="104">pra</w><w n="105">vi</w><w n="106">bha</w><w n="107" lemma="kte">kte </w><w n="108"></w><w n="109"></w><w n="110">nā</w><w n="111">nā</w><w n="112">tva</w><w n="113">ni</w><w n="114">mi</w><w n="115" lemma="ta">tta</w><w n="116">pau</w><w n="117">rvā</w><w n="118">pa</w><w n="119">ryā</w><w n="120"></w><w n="121">laṃ</w><w n="122">ba</w><w n="123">na</w><w n="124">sa</w><w n="125" lemma="haṃ">haṃ | </w><w n="126">e</w><w n="127" lemma="vaṃ">vaṃ </w><w n="128"></w><w n="129">kā</w><w n="130">la</w><w n="131">ka</w><w n="132">lpi</w><w n="133" lemma="taṃ">tam </w><w n="134">a</w><w n="135" lemma="pi">pi </w><w n="136">ta</w><w n="137"></w><w n="138" lemma="tvaṃ">tvam </w><w n="139">a</w><w n="140">nā</w><w n="141">dhi</w><w n="142">ni</w><w n="143">dhā</w><w n="144" lemma="naṃ">naṃ </w><w n="145">kā</w><w n="146">lā</w><w n="147" lemma="khyaṃ">khyaṃ </w><w n="148">svā</w><w n="149">taṃ</w><w n="150">trya</w><w n="151">śa</w><w n="152">kti</w><w n="153"></w><w n="154">ni</w><w n="155">ve</w><w n="156">śi</w><w n="157">ta</w><w n="158">pra</w><w n="159">ti</w><w n="160">baṃ</w><w n="161">dhā</w><w n="162">bhya</w><w n="163">nu</w><w n="164">jñā</w><w n="165"></w><w n="166">va</w><w n="167"></w><w n="168"></w><w n="169">śā</w><w n="170" lemma="tjaṃ">j jan</w><w n="171">mā</w><w n="172">di</w><w n="173">bhā</w><w n="174">va</w><w n="175">vi</w><w n="176">kā</w><w n="177">rā</w><w n="178">vi</w><w n="179">dhī</w><w n="180">ya</w><w n="181">mā</w><w n="182">na</w><w n="183">pau</w><w n="184">rvā</w><w n="185">pa</w><w n="186" lemma="ryaṃ">ryaṃ </w><w n="187">ca</w><w n="188">kā</w><w n="189">sti</w><w n="190" lemma="tya">ty a</w><w n="191" lemma="rthaḥ">rthaḥ | </w>
</text></TEI>
<TEI n="CT">
<text>
<w n="0">pa</w><w n="1">ra</w><w n="2">mā</w><w n="3">rtha</w><w n="4" lemma="taḥ">to </w><w n="5"></w><w n="6">vi</w><w n="7">ka</w><w n="8">lpi</w><w n="9" lemma="taṃ">taṃ </w><w n="10">vi</w><w n="11" lemma="ka">ka-</w><w n="12"></w><w n="13">lpā</w><w n="14" lemma="nāṃ">nām </w><w n="15">a</w><w n="16">vi</w><w n="17">ṣa</w><w n="18" lemma="yaḥ">yo '</w><w n="19" lemma="yaṃ">yaṃ </w><w n="20">ta</w><w n="21" lemma="tvaṃ">tvaṃ </w><w n="22">ta</w><w n="23" lemma="te">d e</w><w n="24" lemma="va">va </w><w n="25">vya</w><w n="26">va</w><w n="27">hā</w><w n="28" lemma="re">re '</w><w n="29" lemma="nya">nya-</w><w n="30">syā</w><w n="31"></w><w n="32">bhā</w><w n="33">vā</w><w n="34" lemma="tvi">d vi</w><w n="35">ka</w><w n="36">lpa</w><w n="37">mā</w><w n="38" lemma="naṃ">naṃ </w><w n="39">vi</w><w n="40">ka</w><w n="41">lpa</w><w n="42"></w><w n="43">rū</w><w n="44" lemma="paṃ">paṃ </w><w n="45"></w><w n="46"></w><w n="47"></w><w n="48"></w><w n="49"></w><w n="50">nā</w><w n="51">nā</w><w n="52">vi</w><w n="53" lemma="dha">dha-</w><w n="54">bhe</w><w n="55">dā</w><w n="56">va</w><w n="57">bhā</w><w n="58">sa</w><w n="59">mā</w><w n="60">nā</w><w n="61">di</w><w n="62">si</w><w n="63" lemma="dhā">ddhā</w><w n="64">vi</w><w n="65">dyā</w><w n="66">va</w><w n="67">śā</w><w n="68" lemma="tsa">t_ sa</w><w n="69"></w><w n="70" lemma="ma">ma-</w><w n="71">va</w><w n="72" lemma="laṃ">lam</w><w n="73">ba</w><w n="74" lemma="te">te | </w><w n="75">jī</w><w n="76">vā</w><w n="77">tma</w><w n="78">bhā</w><w n="79">ve</w><w n="80">nā</w><w n="81">va</w><w n="82">ti</w><w n="83">ṣṭha</w><w n="84">mā</w><w n="85" lemma="naṃ">naṃ </w><w n="86">ta</w><w n="87">dga</w><w n="88" lemma="ta">ta-</w><w n="89">tve</w><w n="90">ne</w><w n="91" lemma="ti">ti </w><w n="92">mū</w><w n="93">rti</w><w n="94">vi</w><w n="95">va</w><w n="96">rtā</w><w n="97"></w><w n="98">śra</w><w n="99">ya</w><w n="100">di</w><w n="101"></w><w n="102" lemma="khśa">k_śa</w><w n="103">kti</w><w n="104">pra</w><w n="105">vi</w><w n="106">bha</w><w n="107">kta</w><w n="108" lemma="de">de-</w><w n="109">śa</w><w n="110">nā</w><w n="111">nā</w><w n="112">tva</w><w n="113"></w><w n="114">mi</w><w n="115" lemma="ta">tta</w><w n="116">pau</w><w n="117">rvā</w><w n="118">pa</w><w n="119">ryā</w><w n="120"></w><w n="121" lemma="laṃ">lam</w><w n="122">ba</w><w n="123">na</w><w n="124">sa</w><w n="125" lemma="haṃ">haṃ </w><w n="126">e</w><w n="127" lemma="vaṃ">vam </w><w n="128">a</w><w n="129" lemma="kā">kā-</w><w n="130">la</w><w n="131">ka</w><w n="132">li</w><w n="133" lemma="taṃ">tam </w><w n="134">a</w><w n="135" lemma="pi">pi </w><w n="136">ta</w><w n="137" lemma="tta">t ta</w><w n="138" lemma="tvaṃ">tvam </w><w n="139">a</w><w n="140">nā</w><w n="141">di</w><w n="142">ni</w><w n="143">dha</w><w n="144" lemma="naṃ">naṃ </w><w n="145">kā</w><w n="146">lā</w><w n="147" lemma="khya">khya-</w><w n="148">svā</w><w n="149" lemma="taṃ">tan</w><w n="150">trya</w><w n="151">śa</w><w n="152">kti</w><w n="153">vi</w><w n="154">ni</w><w n="155">ve</w><w n="156">śi</w><w n="157">ta</w><w n="158">pra</w><w n="159">ti</w><w n="160" lemma="baṃ">ban</w><w n="161">dhā</w><w n="162" lemma="bhya">bhya-</w><w n="163">nu</w><w n="164">jñā</w><w n="165"></w><w n="166">va</w><w n="167"></w><w n="168"></w><w n="169">śā</w><w n="170" lemma="tjaṃ">t_ jan</w><w n="171">mā</w><w n="172">di</w><w n="173">bhā</w><w n="174">va</w><w n="175">vi</w><w n="176">kā</w><w n="177">rā</w><w n="178"></w><w n="179">dhī</w><w n="180">ya</w><w n="181">mā</w><w n="182" lemma="na">na-</w><w n="183">pau</w><w n="184">rvā</w><w n="185">pa</w><w n="186" lemma="ryaṃ">ryaṃ </w><w n="187">ca</w><w n="188">kā</w><w n="189">stī</w><w n="190" lemma="tya">ty a</w><w n="191" lemma="rthaḥ">rthaḥ || </w>
</text></TEI>
<TEI n="T">
<text>
<w n="0">pa</w><w n="1">ra</w><w n="2">mā</w><w n="3" lemma="rtha">rttha</w><w n="4" lemma="taḥ">to </w><w n="5"></w><w n="6">vi</w><w n="7">ka</w><w n="8">lpi</w><w n="9" lemma="taṃ">taṃ </w><w n="10">vi</w><w n="11">ka</w><w n="12"></w><w n="13">lpā</w><w n="14" lemma="nāṃ">nām </w><w n="15">a</w><w n="16">vi</w><w n="17">ṣa</w><w n="18" lemma="yaḥ">yo </w><w n="19">ya</w><w n="20" lemma="tta">t ta</w><w n="21">tva</w><w n="22" lemma="nta">n ta</w><w n="23" lemma="te">d e</w><w n="24" lemma="va">va </w><w n="25">vya</w><w n="26">va</w><w n="27">hā</w><w n="28" lemma="re">re </w><w n="29">nya</w><w n="30">syā</w><w n="31"></w><w n="32">bhā</w><w n="33">vā</w><w n="34" lemma="tvi">d vi</w><w n="35">ka</w><w n="36">lpa</w><w n="37">mā</w><w n="38" lemma="naṃ">naṃ </w><w n="39">vi</w><w n="40">ka</w><w n="41">lpa</w><w n="42"></w><w n="43">rū</w><w n="44" lemma="paṃ">paṃ </w><w n="45"></w><w n="46"></w><w n="47"></w><w n="48"></w><w n="49"></w><w n="50">nā</w><w n="51">nā</w><w n="52">vi</w><w n="53">dha</w><w n="54">bhe</w><w n="55">dā</w><w n="56">va</w><w n="57">bhā</w><w n="58" lemma="saṃ">sam </w><w n="59">a</w><w n="60">nā</w><w n="61">di</w><w n="62">si</w><w n="63" lemma="dhā">ddhā</w><w n="64">vi</w><w n="65">dyā</w><w n="66">va</w><w n="67">śā</w><w n="68" lemma="tsa">t_ sa</w><w n="69"></w><w n="70">ma</w><w n="71">va</w><w n="72">laṃ</w><w n="73">ba</w><w n="74" lemma="te">te </w><w n="75">jī</w><w n="76">vā</w><w n="77">tma</w><w n="78">bhā</w><w n="79">ve</w><w n="80">nā</w><w n="81">va</w><w n="82">ti</w><w n="83">ṣṭha</w><w n="84">mā</w><w n="85">na</w><w n="86" lemma="nta">n ta</w><w n="87" lemma="dga">d_ga</w><w n="88">ta</w><w n="89">tve</w><w n="90">ne</w><w n="91" lemma="ti">ti </w><w n="92">mū</w><w n="93" lemma="rti">rtti</w><w n="94">vi</w><w n="95">va</w><w n="96" lemma="rtā">rttā</w><w n="97"></w><w n="98">śra</w><w n="99">ya</w><w n="100">di</w><w n="101"></w><w n="102" lemma="khśa">k_cha</w><w n="103">kti</w><w n="104">pra</w><w n="105">vi</w><w n="106">bha</w><w n="107">kti</w><w n="108">de</w><w n="109">śa</w><w n="110">nā</w><w n="111">nā</w><w n="112">tva</w><w n="113">ni</w><w n="114">mi</w><w n="115" lemma="ta">tta</w><w n="116">pau</w><w n="117" lemma="rvā">rvvā</w><w n="118">pa</w><w n="119" lemma="ryā">ryyā</w><w n="120"></w><w n="121">laṃ</w><w n="122">ba</w><w n="123">na</w><w n="124">sa</w><w n="125" lemma="haṃ">haṃ </w><w n="126">e</w><w n="127" lemma="vaṃ">vam </w><w n="128">a</w><w n="129">kā</w><w n="130">la</w><w n="131">ka</w><w n="132">li</w><w n="133" lemma="taṃ">tam </w><w n="134">a</w><w n="135" lemma="pi">pi </w><w n="136">ta</w><w n="137" lemma="tta">t ta</w><w n="138" lemma="tvaṃ">tvam </w><w n="139">a</w><w n="140">nā</w><w n="141">di</w><w n="142">ni</w><w n="143">dha</w><w n="144" lemma="naṃ">naṃ </w><w n="145">kā</w><w n="146">lā</w><w n="147">khya</w><w n="148">svā</w><w n="149" lemma="taṃ">tan</w><w n="150">trya</w><w n="151">śa</w><w n="152">kti</w><w n="153">vi</w><w n="154">ni</w><w n="155">ve</w><w n="156">śi</w><w n="157">ta</w><w n="158">pra</w><w n="159">ti</w><w n="160" lemma="baṃ">ban</w><w n="161">dhā</w><w n="162">bhya</w><w n="163">nu</w><w n="164">jñā</w><w n="165"></w><w n="166">va</w><w n="167"></w><w n="168"></w><w n="169">śā</w><w n="170" lemma="tjaṃ">j jan</w><w n="171">mā</w><w n="172">di</w><w n="173">bhā</w><w n="174">va</w><w n="175">vi</w><w n="176">kā</w><w n="177">rā</w><w n="178"></w><w n="179">dhī</w><w n="180">ya</w><w n="181">mā</w><w n="182">na</w><w n="183">pau</w><w n="184" lemma="rvā">rvvā</w><w n="185">pa</w><w n="186" lemma="ryaṃ">ryyañ </w><w n="187">ca</w><w n="188">kā</w><w n="189">stī</w><w n="190" lemma="tya">ty a</w><w n="191" lemma="rthaḥ">rtthaḥ </w>
</text></TEI>
<TEI n="H">
<text>
<w n="0">pa</w><w n="1">ra</w><w n="2">mā</w><w n="3">rtha</w><w n="4" lemma="taḥ">to </w><w n="5"></w><w n="6">vi</w><w n="7">ka</w><w n="8">lpi</w><w n="9" lemma="taṃ">taṃ </w><w n="10">vi</w><w n="11">ka</w><w n="12"></w><w n="13">lpā</w><w n="14" lemma="nāṃ">nām </w><w n="15">a</w><w n="16">vi</w><w n="17">ṣa</w><w n="18" lemma="yaḥ">yo </w><w n="19">ya</w><w n="20" lemma="tta">t ta</w><w n="21" lemma="tvaṃ">tvaṃ </w><w n="22">ta</w><w n="23" lemma="te">d e</w><w n="24" lemma="va">va </w><w n="25">vya</w><w n="26">va</w><w n="27">hā</w><w n="28" lemma="re">re </w><w n="29">nya</w><w n="30">syā</w><w n="31"></w><w n="32">bhā</w><w n="33">vā</w><w n="34" lemma="tvi">d vi</w><w n="35">ka</w><w n="36">lpya</w><w n="37">mā</w><w n="38" lemma="naṃ">naṃ </w><w n="39">vi</w><w n="40">ka</w><w n="41">lpa</w><w n="42">ta</w><w n="43">rū</w><w n="44" lemma="paṃ">paṃ </w><w n="45"></w><w n="46"></w><w n="47"></w><w n="48"></w><w n="49"></w><w n="50">nā</w><w n="51">nā</w><w n="52">vi</w><w n="53">ṣa</w><w n="54">bhe</w><w n="55">dā</w><w n="56">va</w><w n="57">bhā</w><w n="58">sa</w><w n="59"></w><w n="60">nā</w><w n="61">di</w><w n="62">si</w><w n="63" lemma="dhā">ddhā</w><w n="64">vi</w><w n="65">dyā</w><w n="66">va</w><w n="67">śā</w><w n="68" lemma="nma">t ma</w><w n="69" lemma="rvaṃ">rvam </w><w n="70">a</w><w n="71">va</w><w n="72">laṃ</w><w n="73">ba</w><w n="74" lemma="te">te </w><w n="75">jī</w><w n="76">vā</w><w n="77">tma</w><w n="78">bhā</w><w n="79">ve</w><w n="80">nā</w><w n="81">va</w><w n="82">ti</w><w n="83">ṣṭa</w><w n="84">mā</w><w n="85" lemma="naṃ">naṃ </w><w n="86">ta</w><w n="87">dga</w><w n="88">ta</w><w n="89">tye</w><w n="90">ne</w><w n="91" lemma="ti">ti </w><w n="92">mū</w><w n="93" lemma="rti">rtti</w><w n="94">vi</w><w n="95">va</w><w n="96" lemma="rtā">rttā</w><w n="97"></w><w n="98">śra</w><w n="99">ya</w><w n="100">di</w><w n="101"></w><w n="102" lemma="khśa">k_śa</w><w n="103">kti</w><w n="104">pra</w><w n="105">vi</w><w n="106">bha</w><w n="107" lemma="kta">kta | </w><w n="108"></w><w n="109"></w><w n="110">nā</w><w n="111">nā</w><w n="112">tva</w><w n="113">ni</w><w n="114">mi</w><w n="115" lemma="ta">tta</w><w n="116">pau</w><w n="117">rvā</w><w n="118">pa</w><w n="119">ryā</w><w n="120">va</w><w n="121">laṃ</w><w n="122">ba</w><w n="123">na</w><w n="124">sa</w><w n="125" lemma="haṃ">haṃ | </w><w n="126">e</w><w n="127" lemma="vaṃ">vaṃm </w><w n="128">a</w><w n="129">kā</w><w n="130">la</w><w n="131">ka</w><w n="132">li</w><w n="133" lemma="taṃ">tam </w><w n="134">a</w><w n="135" lemma="pi">pi </w><w n="136">ta</w><w n="137"></w><w n="138" lemma="tvaṃ">ttvam </w><w n="139">a</w><w n="140">nā</w><w n="141">di</w><w n="142">ni</w><w n="143">dha</w><w n="144" lemma="naṃ">naṃ </w><w n="145">kā</w><w n="146">lā</w><w n="147" lemma="khyaṃ">khyaṃ </w><w n="148">svā</w><w n="149">taṃ</w><w n="150" lemma="tryaṃ">tryaṃ </w><w n="151">śa</w><w n="152" lemma="ktiṃ">ktiṃ </w><w n="153">vi</w><w n="154">ni</w><w n="155">ve</w><w n="156">śi</w><w n="157">ta</w><w n="158">pra</w><w n="159">ti</w><w n="160">baṃ</w><w n="161">dhā</w><w n="162">bhya</w><w n="163">nu</w><w n="164">jñā</w><w n="165"></w><w n="166">va</w><w n="167" lemma="śaḥ">śo </w><w n="168">va</w><w n="169">śā</w><w n="170" lemma="tjaṃ">j jan</w><w n="171">mā</w><w n="172">di</w><w n="173">bhā</w><w n="174">va</w><w n="175">vi</w><w n="176">kā</w><w n="177">rā</w><w n="178">vi</w><w n="179">dhī</w><w n="180">ya</w><w n="181">mā</w><w n="182">na</w><w n="183">pau</w><w n="184">rvā</w><w n="185">pa</w><w n="186" lemma="ryaṃ">ryaṃ </w><w n="187">ca</w><w n="188">kā</w><w n="189">stī</w><w n="190" lemma="tya">ty a</w><w n="191" lemma="rthaḥ">rthaḥ | </w>
</text></TEI>
<TEI n="P">
<text>
<w n="0">pa</w><w n="1">ra</w><w n="2">mā</w><w n="3">rtha</w><w n="4" lemma="taḥ">to </w><w n="5"></w><w n="6">vi</w><w n="7">ka</w><w n="8">lpi</w><w n="9" lemma="taṃ">taṃ </w><w n="10">vi</w><w n="11">ka</w><w n="12"></w><w n="13">lpā</w><w n="14" lemma="nāṃ">nām </w><w n="15">a</w><w n="16">vi</w><w n="17">ṣa</w><w n="18" lemma="yaḥ">yaḥ </w><w n="19">ya</w><w n="20" lemma="te">d e</w><w n="21" lemma="va">va </w><w n="22">ta</w><w n="23"></w><w n="24" lemma="tvaṃ">tvaṃ </w><w n="25">vya</w><w n="26">va</w><w n="27">hā</w><w n="28" lemma="re">re </w><w n="29" lemma="pya">py a</w><w n="30" lemma="sti">sti </w><w n="31">sva</w><w n="32">bhā</w><w n="33">vā</w><w n="34" lemma="tvi">d vi</w><w n="35">ka</w><w n="36">lpa</w><w n="37">mā</w><w n="38" lemma="naṃ">naṃ </w><w n="39">vi</w><w n="40">ka</w><w n="41">lpa</w><w n="42"></w><w n="43">rū</w><w n="44" lemma="paṃ">paṃ </w><w n="45">vi</w><w n="46">ka</w><w n="47">lpa</w><w n="48">rū</w><w n="49" lemma="paṃ">paṃ </w><w n="50">nā</w><w n="51">nā</w><w n="52">vi</w><w n="53">dha</w><w n="54">bhe</w><w n="55">dā</w><w n="56">va</w><w n="57">bhā</w><w n="58">sa</w><w n="59" lemma="mā">mā|</w><w n="60">nā</w><w n="61">di</w><w n="62">si</w><w n="63" lemma="dhā">ddhā</w><w n="64">vi</w><w n="65">dyā</w><w n="66">va</w><w n="67">śā</w><w n="68" lemma="tsa">t sa</w><w n="69" lemma="rvaṃ">rvam </w><w n="70">a</w><w n="71">va</w><w n="72">laṃ</w><w n="73">ba</w><w n="74" lemma="te">te </w><w n="75">jī</w><w n="76">vā</w><w n="77">tma</w><w n="78">bhe</w><w n="79">de</w><w n="80">nā</w><w n="81">va</w><w n="82">ti</w><w n="83">ṣṭha</w><w n="84">mā</w><w n="85" lemma="naṃ">naṃ </w><w n="86">ta</w><w n="87">dga</w><w n="88">ta</w><w n="89">tve</w><w n="90">ne</w><w n="91" lemma="ti">ti </w><w n="92"></w><w n="93">ni</w><w n="94">vi</w><w n="95">va</w><w n="96" lemma="rtā">rttā</w><w n="97">di</w><w n="98">śra</w><w n="99">yā</w><w n="100">di</w><w n="101"></w><w n="102" lemma="khśa">k_śa</w><w n="103">kti</w><w n="104">pra</w><w n="105">vi</w><w n="106">bha</w><w n="107" lemma="kte">kte </w><w n="108"></w><w n="109"></w><w n="110">nā</w><w n="111">nā</w><w n="112">tva</w><w n="113">ni</w><w n="114">mi</w><w n="115" lemma="ta">tta</w><w n="116">pau</w><w n="117">rvā</w><w n="118">pa</w><w n="119">ryā</w><w n="120"></w><w n="121">laṃ</w><w n="122">ba</w><w n="123">na</w><w n="124">sa</w><w n="125" lemma="haṃ">haṃ </w><w n="126">e</w><w n="127" lemma="vaṃ">vaṃ </w><w n="128"></w><w n="129">kā</w><w n="130">la</w><w n="131">ka</w><w n="132">lpi</w><w n="133" lemma="taṃ">taṃm </w><w n="134">a</w><w n="135" lemma="pi">pi </w><w n="136">ta</w><w n="137"></w><w n="138" lemma="tvaṃ">tvam </w><w n="139">a</w><w n="140">nā</w><w n="141">dhi</w><w n="142">ni</w><w n="143">dhā</w><w n="144" lemma="naṃ">naṃ </w><w n="145">kā</w><w n="146">lā</w><w n="147" lemma="khyaṃ">khyaṃ </w><w n="148">svā</w><w n="149">taṃ</w><w n="150">trya</w><w n="151">śa</w><w n="152">kti</w><w n="153">vi</w><w n="154">ni</w><w n="155">ve</w><w n="156">śi</w><w n="157">ta</w><w n="158">pra</w><w n="159">ti</w><w n="160">baṃ</w><w n="161">dhā</w><w n="162">bhya</w><w n="163">nu</w><w n="164">jñā</w><w n="165"></w><w n="166">va</w><w n="167"></w><w n="168"></w><w n="169">śā</w><w n="170" lemma="tjaṃ">j jan</w><w n="171">mā</w><w n="172">di</w><w n="173">bhā</w><w n="174">va</w><w n="175">vi</w><w n="176">kā</w><w n="177">rā</w><w n="178">vi</w><w n="179">dhī</w><w n="180">ya</w><w n="181">mā</w><w n="182">na</w><w n="183">pau</w><w n="184">rvā</w><w n="185">pa</w><w n="186" lemma="ryaṃ">ryaṃ </w><w n="187">ca</w><w n="188">kā</w><w n="189">sti</w><w n="190" lemma="tya">ty a</w><w n="191" lemma="rthaḥ">rthaḥ </w>
</text></TEI>
<TEI n="M">
<text>
<w n="0" lemma="pa">|| pa</w><w n="1">ra</w><w n="2">mā</w><w n="3">rtha</w><w n="4" lemma="taḥ">to </w><w n="5"></w><w n="6">vi</w><w n="7">ka</w><w n="8">lpi</w><w n="9" lemma="taṃ">taṃ </w><w n="10">vi</w><w n="11">ka</w><w n="12"></w><w n="13">lpā</w><w n="14" lemma="nāṃ">nām </w><w n="15">a</w><w n="16">vi</w><w n="17">ṣa</w><w n="18" lemma="yaḥ">yaḥ | </w><w n="19">ya</w><w n="20" lemma="tta">t ta</w><w n="21" lemma="tvaṃ">tvaṃ </w><w n="22">ta</w><w n="23" lemma="te">d e</w><w n="24" lemma="va">va </w><w n="25">vya</w><w n="26">va</w><w n="27">hā</w><w n="28" lemma="re">re </w><w n="29" lemma="pya">py a</w><w n="30" lemma="sti">sti | </w><w n="31">sva</w><w n="32">bhā</w><w n="33">vā</w><w n="34" lemma="tvi">d vi</w><w n="35">ka</w><w n="36">lpya</w><w n="37">mā</w><w n="38" lemma="naṃ">naṃ </w><w n="39">vi</w><w n="40">ka</w><w n="41">lpa</w><w n="42"></w><w n="43">rū</w><w n="44" lemma="paṃ">paṃ </w><w n="45"></w><w n="46"></w><w n="47"></w><w n="48"></w><w n="49"></w><w n="50">nā</w><w n="51">nā</w><w n="52">vi</w><w n="53">dha</w><w n="54">bhe</w><w n="55">dā</w><w n="56">va</w><w n="57">bhā</w><w n="58">sa</w><w n="59">mā</w><w n="60">nā</w><w n="61">di</w><w n="62">si</w><w n="63" lemma="dhā">ddhā</w><w n="64">vi</w><w n="65">dyā</w><w n="66">va</w><w n="67">śā</w><w n="68" lemma="tsa">t_ sa</w><w n="69" lemma="rvaṃ">rvam </w><w n="70">a</w><w n="71">va</w><w n="72">laṃ</w><w n="73">ba</w><w n="74" lemma="te">te | </w><w n="75">jī</w><w n="76">vā</w><w n="77">tma</w><w n="78">bhe</w><w n="79">de</w><w n="80">nā</w><w n="81">va</w><w n="82">ti</w><w n="83">ṣṭha</w><w n="84">mā</w><w n="85" lemma="naṃ">naṃ </w><w n="86">ta</w><w n="87">dga</w><w n="88">ta</w><w n="89">tve</w><w n="90">ne</w><w n="91" lemma="ti">ti </w><w n="92"></w><w n="93"></w><w n="94">vi</w><w n="95">va</w><w n="96" lemma="rtā">rttā</w><w n="97"></w><w n="98">śra</w><w n="99">yā</w><w n="100">di</w><w n="101"></w><w n="102" lemma="khśa">k|śa</w><w n="103">kti</w><w n="104">pra</w><w n="105">vi</w><w n="106">bha</w><w n="107" lemma="kte">kte </w><w n="108"></w><w n="109"></w><w n="110">nā</w><w n="111">nā</w><w n="112">tva</w><w n="113">ni</w><w n="114">mi</w><w n="115" lemma="ta">tta</w><w n="116">pau</w><w n="117">rvā</w><w n="118">pa</w><w n="119">ryā</w><w n="120">va</w><w n="121">laṃ</w><w n="122">ba</w><w n="123">na</w><w n="124">sa</w><w n="125" lemma="haṃ">haṃ | </w><w n="126">e</w><w n="127" lemma="vaṃ">vaṃ </w><w n="128"></w><w n="129">kā</w><w n="130">la</w><w n="131">ka</w><w n="132">lpi</w><w n="133" lemma="taṃ">tam </w><w n="134">a</w><w n="135" lemma="pi">pi </w><w n="136">ta</w><w n="137"></w><w n="138" lemma="tvaṃ">tvam </w><w n="139">a</w><w n="140">nā</w><w n="141">di</w><w n="142">ni</w><w n="143">dhā</w><w n="144" lemma="naṃ">naṃ </w><w n="145">kā</w><w n="146">lā</w><w n="147" lemma="khyaṃ">khyaṃ </w><w n="148">svā</w><w n="149">taṃ</w><w n="150">trya</w><w n="151">śa</w><w n="152">kti</w><w n="153">vi</w><w n="154">ni</w><w n="155">ve</w><w n="156">śi</w><w n="157">ta</w><w n="158">pra</w><w n="159">ti</w><w n="160">baṃ</w><w n="161">dhā</w><w n="162">bhya</w><w n="163">nu</w><w n="164">jñā</w><w n="165"></w><w n="166">va</w><w n="167"></w><w n="168"></w><w n="169">śā</w><w n="170" lemma="tjaṃ">j jan</w><w n="171">mā</w><w n="172">di</w><w n="173">bhā</w><w n="174">va</w><w n="175">vi</w><w n="176">kā</w><w n="177">rā</w><w n="178">vi</w><w n="179">dhī</w><w n="180">ya</w><w n="181">mā</w><w n="182">na</w><w n="183">pau</w><w n="184">rvā</w><w n="185">pa</w><w n="186" lemma="ryaṃ">ryaṃ </w><w n="187">ca</w><w n="188">kā</w><w n="189">stī</w><w n="190" lemma="tya">ty a</w><w n="191" lemma="rthaḥ">rthaḥ | </w>
</text></TEI>
<TEI n="G2">
<text>
<w n="0">pa</w><w n="1">ra</w><w n="2">mā</w><w n="3">rtha</w><w n="4" lemma="taḥ">taḥ || </w><w n="5">a</w><w n="6">vi</w><w n="7">ka</w><w n="8">lpi</w><w n="9" lemma="taṃ">taṃ </w><w n="10">vi</w><w n="11">ka</w><w n="12">ra</w><w n="13">bhyā</w><w n="14" lemma="nāṃ">nām </w><w n="15">a</w><w n="16">mi</w><w n="17">ṣa</w><w n="18" lemma="yaḥ">yo </w><w n="19">ya</w><w n="20">ta</w><w n="21" lemma="tvaṃ">tvaṃ </w><w n="22">ta</w><w n="23" lemma="te">d e</w><w n="24" lemma="va">va </w><w n="25">tya</w><w n="26">va</w><w n="27">hā</w><w n="28" lemma="re">re </w><w n="29">nya</w><w n="30">syā</w><w n="31"></w><w n="32"></w><w n="33"></w><w n="34" lemma="tvi">d vi</w><w n="35">ka</w><w n="36">lpa</w><w n="37">mā</w><w n="38" lemma="naṃ">naṃ </w><w n="39">vi</w><w n="40">ka</w><w n="41">lpa</w><w n="42"></w><w n="43">rū</w><w n="44" lemma="paṃ">paṃ </w><w n="45"></w><w n="46"></w><w n="47"></w><w n="48"></w><w n="49"></w><w n="50">nā</w><w n="51">nā</w><w n="52">vi</w><w n="53">dha</w><w n="54">bhe</w><w n="55">dā</w><w n="56">va</w><w n="57">bhā</w><w n="58">sa</w><w n="59">mā</w><w n="60">nā</w><w n="61" lemma="ta">d a</w><w n="62">si</w><w n="63" lemma="dhā">ddhā</w><w n="64">vi</w><w n="65">dyā</w><w n="66">va</w><w n="67">śā</w><w n="68" lemma="tsa">t sa</w><w n="69"></w><w n="70">ma</w><w n="71">va</w><w n="72">laṃ</w><w n="73">ba</w><w n="74" lemma="te">te </w><w n="75">jī</w><w n="76">cā</w><w n="77">tma</w><w n="78">bhe</w><w n="79">de</w><w n="80">nā</w><w n="81">va</w><w n="82">ti</w><w n="83">ṣṭha</w><w n="84">mā</w><w n="85" lemma="naṃ">naṃ </w><w n="86">ta</w><w n="87">dga</w><w n="88">ta</w><w n="89">tve</w><w n="90">ne</w><w n="91"></w><w n="92"></w><w n="93" lemma="rti">rti </w><w n="94">vi</w><w n="95">va</w><w n="96" lemma="rtā">rttā</w><w n="97"></w><w n="98">śra</w><w n="99">yā</w><w n="100" lemma="ta">d a</w><w n="101">va</w><w n="102">śa</w><w n="103">kti</w><w n="104"></w><w n="105">vi</w><w n="106">bha</w><w n="107">kta</w><w n="108">de</w><w n="109">śa</w><w n="110">mā</w><w n="111">nā</w><w n="112" lemma="tvaṃ">tvaṃ </w><w n="113">ni</w><w n="114">mi</w><w n="115" lemma="ta">tta</w><w n="116">pau</w><w n="117">rvā</w><w n="118">pa</w><w n="119">ryā</w><w n="120">vu</w><w n="121">laṃ</w><w n="122">ba</w><w n="123">na</w><w n="124">sa</w><w n="125" lemma="haṃ">haṃ </w><w n="126">e</w><w n="127" lemma="vaṃ">vam </w><w n="128">a</w><w n="129">kā</w><w n="130">la</w><w n="131">ka</w><w n="132">li</w><w n="133" lemma="taṃ">tam </w><w n="134">a</w><w n="135" lemma="pi">pi </w><w n="136">ta</w><w n="137"></w><w n="138" lemma="tvaṃ">tvam </w><w n="139">a</w><w n="140">nā</w><w n="141">di</w><w n="142">ni</w><w n="143">dha</w><w n="144" lemma="naṃ">naṃ </w><w n="145">kā</w><w n="146">lā</w><w n="147">khya</w><w n="148">sva</w><w n="149">taṃ</w><w n="150">tra</w><w n="151">śa</w><w n="152">kti</w><w n="153">vi</w><w n="154">ni</w><w n="155">ve</w><w n="156">śi</w><w n="157">ta</w><w n="158">pra</w><w n="159">tiṃ</w><w n="160">va</w><w n="161">dhā</w><w n="162">bhya</w><w n="163">nu</w><w n="164">jñā</w><w n="165"></w><w n="166">va</w><w n="167"></w><w n="168"></w><w n="169">śā</w><w n="170" lemma="tjaṃ">j jan</w><w n="171">mā</w><w n="172">di</w><w n="173">bhā</w><w n="174">va</w><w n="175">pi</w><w n="176">kā</w><w n="177">rā</w><w n="178">bhi</w><w n="179">dhī</w><w n="180">ya</w><w n="181">mā</w><w n="182">na</w><w n="183">pau</w><w n="184">rvā</w><w n="185">pa</w><w n="186" lemma="rya">rya </w><w n="187">ca</w><w n="188">kā</w><w n="189">stī</w><w n="190" lemma="tya">ty a</w><w n="191" lemma="rthaḥ">rthaḥ || </w>
</text></TEI>
<TEI n="G1">
<text>
<w n="0">pa</w><w n="1">ra</w><w n="2">mā</w><w n="3">rtha</w><w n="4" lemma="taḥ">taḥ || </w><w n="5">a</w><w n="6">vi</w><w n="7">ka</w><w n="8">lpi</w><w n="9" lemma="taṃ">taṃ </w><w n="10">vi</w><w n="11">ka</w><w n="12">ra</w><w n="13">bhyā</w><w n="14" lemma="nāṃ">nām </w><w n="15">a</w><w n="16">mi</w><w n="17">ṣa</w><w n="18" lemma="yaḥ">yo </w><w n="19">ya</w><w n="20">ta</w><w n="21" lemma="tvaṃ">tvaṃ </w><w n="22">ta</w><w n="23" lemma="te">d e</w><w n="24" lemma="va">va </w><w n="25">tya</w><w n="26">va</w><w n="27">hā</w><w n="28" lemma="re">re </w><w n="29">nya</w><w n="30">syā</w><w n="31"></w><w n="32"></w><w n="33"></w><w n="34" lemma="tvi">d vi</w><w n="35">ka</w><w n="36">lpa</w><w n="37">mā</w><w n="38" lemma="naṃ">naṃ </w><w n="39">vi</w><w n="40">ka</w><w n="41">lpa</w><w n="42"></w><w n="43">rū</w><w n="44" lemma="paṃ">paṃ </w><w n="45"></w><w n="46"></w><w n="47"></w><w n="48"></w><w n="49"></w><w n="50">nā</w><w n="51">nā</w><w n="52">vi</w><w n="53">dha</w><w n="54">bhe</w><w n="55">dā</w><w n="56">va</w><w n="57">bhā</w><w n="58">sa</w><w n="59">mā</w><w n="60">nā</w><w n="61" lemma="ta">d a</w><w n="62">si</w><w n="63" lemma="dhā">ddhā</w><w n="64">vi</w><w n="65">dyā</w><w n="66">va</w><w n="67">śā</w><w n="68" lemma="tsa">t sa</w><w n="69"></w><w n="70">ma</w><w n="71">va</w><w n="72">laṃ</w><w n="73">ba</w><w n="74" lemma="te">te </w><w n="75">jī</w><w n="76">cā</w><w n="77">tma</w><w n="78">bhe</w><w n="79">de</w><w n="80">nā</w><w n="81">va</w><w n="82">ti</w><w n="83">ṣṭha</w><w n="84">mā</w><w n="85" lemma="naṃ">naṃ </w><w n="86">ta</w><w n="87">dga</w><w n="88">ta</w><w n="89">tve</w><w n="90">ne</w><w n="91"></w><w n="92"></w><w n="93" lemma="rti">rti </w><w n="94">vi</w><w n="95">va</w><w n="96" lemma="rtā">rttā</w><w n="97"></w><w n="98">śra</w><w n="99">yā</w><w n="100" lemma="ta">d a</w><w n="101">va</w><w n="102">śa</w><w n="103">kti</w><w n="104"></w><w n="105">vi</w><w n="106">bha</w><w n="107">kta</w><w n="108">de</w><w n="109">śa</w><w n="110">mā</w><w n="111">nā</w><w n="112" lemma="tvaṃ">tvaṃ </w><w n="113">ni</w><w n="114">mi</w><w n="115" lemma="ta">tta</w><w n="116">pau</w><w n="117">rvā</w><w n="118">pa</w><w n="119">ryā</w><w n="120">vu</w><w n="121">laṃ</w><w n="122">ba</w><w n="123">na</w><w n="124">sa</w><w n="125" lemma="haṃ">haṃ </w><w n="126">e</w><w n="127" lemma="vaṃ">vam </w><w n="128">a</w><w n="129">kā</w><w n="130">la</w><w n="131">ka</w><w n="132">li</w><w n="133" lemma="taṃ">tam </w><w n="134">a</w><w n="135" lemma="pi">pi </w><w n="136">ta</w><w n="137"></w><w n="138" lemma="tvaṃ">tvam </w><w n="139">a</w><w n="140">nā</w><w n="141">di</w><w n="142">ni</w><w n="143">dha</w><w n="144" lemma="naṃ">naṃ </w><w n="145">kā</w><w n="146">lā</w><w n="147">khya</w><w n="148">sva</w><w n="149">taṃ</w><w n="150">tra</w><w n="151">śa</w><w n="152">kti</w><w n="153">vi</w><w n="154">ni</w><w n="155">ve</w><w n="156">śi</w><w n="157">ta</w><w n="158">pra</w><w n="159">tiṃ</w><w n="160">va</w><w n="161">dhā</w><w n="162">bhya</w><w n="163">nu</w><w n="164">jñā</w><w n="165"></w><w n="166">va</w><w n="167"></w><w n="168"></w><w n="169">śā</w><w n="170" lemma="tjaṃ">j jan</w><w n="171">mā</w><w n="172">di</w><w n="173">bhā</w><w n="174">va</w><w n="175">pi</w><w n="176">kā</w><w n="177">rā</w><w n="178">bhi</w><w n="179">dhī</w><w n="180">ya</w><w n="181">mā</w><w n="182">na</w><w n="183">pau</w><w n="184">rvā</w><w n="185">pa</w><w n="186" lemma="rya">rya </w><w n="187">ca</w><w n="188">kā</w><w n="189">stī</w><w n="190" lemma="tya">ty a</w><w n="191" lemma="rthaḥ">rthaḥ </w>
</text></TEI>
<TEI n="L">
<text>
<w n="0">pa</w><w n="1">ra</w><w n="2">mā</w><w n="3">rtha</w><w n="4" lemma="taḥ">taḥ || </w><w n="5">a</w><w n="6">vi</w><w n="7">ka</w><w n="8">lpi</w><w n="9" lemma="taṃ">taṃ </w><w n="10">vi</w><w n="11">ka</w><w n="12"></w><w n="13">lpā</w><w n="14" lemma="nāṃ">nām </w><w n="15">a</w><w n="16">vi</w><w n="17">ṣa</w><w n="18" lemma="yaḥ">yo </w><w n="19">ya</w><w n="20" lemma="tta">t ta</w><w n="21" lemma="tvaṃ">tvaṃ </w><w n="22">ta</w><w n="23" lemma="te">d e</w><w n="24" lemma="va">va </w><w n="25">vya</w><w n="26">va</w><w n="27">hā</w><w n="28" lemma="re">re </w><w n="29">nya</w><w n="30">syā</w><w n="31"></w><w n="32">bhā</w><w n="33">vā</w><w n="34" lemma="tvi">d vi</w><w n="35">ka</w><w n="36">lpa</w><w n="37">yā</w><w n="38" lemma="naṃ">naṃ </w><w n="39">vi</w><w n="40">ka</w><w n="41">lpa</w><w n="42"></w><w n="43">rū</w><w n="44" lemma="paṃ">paṃ </w><w n="45"></w><w n="46"></w><w n="47"></w><w n="48"></w><w n="49"></w><w n="50">nā</w><w n="51">nā</w><w n="52">vi</w><w n="53">dha</w><w n="54">bhe</w><w n="55">dā</w><w n="56">va</w><w n="57">sā</w><w n="58">sa</w><w n="59">mā</w><w n="60">nā</w><w n="61">di</w><w n="62">si</w><w n="63" lemma="dhā">ddhā</w><w n="64">vi</w><w n="65">dyā</w><w n="66">va</w><w n="67">śā</w><w n="68" lemma="tsa">t sa</w><w n="69"></w><w n="70">ma</w><w n="71">va</w><w n="72">laṃ</w><w n="73">ba</w><w n="74" lemma="te">te </w><w n="75">jī</w><w n="76">vā</w><w n="77">tma</w><w n="78">bhe</w><w n="79">de</w><w n="80">nā</w><w n="81">va</w><w n="82">ti</w><w n="83">ṣṭha</w><w n="84">mā</w><w n="85" lemma="naṃ">naṃ </w><w n="86">ta</w><w n="87">dga</w><w n="88">ta</w><w n="89">tve</w><w n="90">ne</w><w n="91" lemma="ti">ti </w><w n="92">mū</w><w n="93">rti</w><w n="94">vi</w><w n="95">va</w><w n="96" lemma="rtā">rtā&#166;</w><w n="97"></w><w n="98">śra</w><w n="99">yā</w><w n="100" lemma="te">d e</w><w n="101" lemma="va">va </w><w n="102">śa</w><w n="103">kti</w><w n="104"></w><w n="105">vi</w><w n="106">bha</w><w n="107">kta</w><w n="108">de</w><w n="109">śa</w><w n="110">nā</w><w n="111">nā</w><w n="112" lemma="tvaṃ">tvaṃ </w><w n="113">ni</w><w n="114">mi</w><w n="115" lemma="ta">tta</w><w n="116">pau</w><w n="117">rvā</w><w n="118">pa</w><w n="119">ryā</w><w n="120">va</w><w n="121">laṃ</w><w n="122">ba</w><w n="123">na</w><w n="124">sa</w><w n="125" lemma="haṃ">haṃ | </w><w n="126">e</w><w n="127" lemma="vaṃ">vam </w><w n="128">a</w><w n="129">kā</w><w n="130">la</w><w n="131">ka</w><w n="132">li</w><w n="133" lemma="taṃ">tam </w><w n="134">a</w><w n="135" lemma="pi">pi </w><w n="136">ta</w><w n="137"></w><w n="138" lemma="tvaṃ">tvam </w><w n="139">a</w><w n="140">nā</w><w n="141">di</w><w n="142">ni</w><w n="143">dha</w><w n="144" lemma="naṃ">naṃ </w><w n="145">kā</w><w n="146">lā</w><w n="147">khya</w><w n="148">sva</w><w n="149">taṃ</w><w n="150">tra</w><w n="151">śa</w><w n="152">kti</w><w n="153">vi</w><w n="154">ni</w><w n="155">ve</w><w n="156">śi</w><w n="157">ta</w><w n="158">pra</w><w n="159">ti</w><w n="160">baṃ</w><w n="161">dhā</w><w n="162">bhya</w><w n="163">nu</w><w n="164">jñā</w><w n="165"></w><w n="166">va</w><w n="167"></w><w n="168"></w><w n="169">śā</w><w n="170" lemma="tjaṃ">j jan</w><w n="171">mā</w><w n="172">di</w><w n="173">bhā</w><w n="174">va</w><w n="175">yi</w><w n="176">kā</w><w n="177">rā</w><w n="178">bhi</w><w n="179">dhī</w><w n="180">ya</w><w n="181">mā</w><w n="182">na</w><w n="183">pau</w><w n="184">rvā</w><w n="185">pa</w><w n="186" lemma="ryaṃ">ryaṃ </w><w n="187">ca</w><w n="188">kā</w><w n="189">stī</w><w n="190" lemma="tya">ty a</w><w n="191" lemma="rthaḥ">rthaḥ || </w>
</text></TEI>
<TEI n="O">
<text>
<w n="0">pa</w><w n="1">ra</w><w n="2">mā</w><w n="3" lemma="rtha">rttha</w><w n="4" lemma="taḥ">taḥ || 8 || </w><w n="5">a</w><w n="6">vi</w><w n="7">ka</w><w n="8">lpi</w><w n="9" lemma="taṃ">taṃ </w><w n="10">vi</w><w n="11">ka</w><w n="12"></w><w n="13">lpā</w><w n="14" lemma="nāṃ">nām </w><w n="15">a</w><w n="16">vi</w><w n="17">ṣa</w><w n="18" lemma="yaḥ">yo </w><w n="19">ya</w><w n="20" lemma="tta">t ta</w><w n="21" lemma="tvaṃ">tvaṃ </w><w n="22">ta</w><w n="23" lemma="te">d e</w><w n="24" lemma="va">va </w><w n="25">vya</w><w n="26">va</w><w n="27">hā</w><w n="28" lemma="re">re </w><w n="29">nya</w><w n="30">syā</w><w n="31"></w><w n="32">bhā</w><w n="33">vā</w><w n="34" lemma="tvi">d vi</w><w n="35">ka</w><w n="36">lpya</w><w n="37">mā</w><w n="38" lemma="naṃ">naṃ </w><w n="39">vi</w><w n="40">ka</w><w n="41">lpa</w><w n="42"></w><w n="43">rū</w><w n="44" lemma="paṃ">paṃ </w><w n="45"></w><w n="46"></w><w n="47"></w><w n="48"></w><w n="49"></w><w n="50">nā</w><w n="51">nā</w><w n="52">vi</w><w n="53">dha</w><w n="54">bhe</w><w n="55">dā</w><w n="56">va</w><w n="57">bhā</w><w n="58" lemma="saṃ">sam </w><w n="59">a</w><w n="60">nā</w><w n="61">di</w><w n="62">si</w><w n="63" lemma="dhā">ddhā</w><w n="64">vi</w><w n="65">dyā</w><w n="66">va</w><w n="67">śā</w><w n="68" lemma="tsa">t sa</w><w n="69"></w><w n="70">ma</w><w n="71">va</w><w n="72">laṃ</w><w n="73">ba</w><w n="74" lemma="te">te </w><w n="75">jī</w><w n="76">vā</w><w n="77">tma</w><w n="78">bhe</w><w n="79">de</w><w n="80">nā</w><w n="81">va</w><w n="82">ti</w><w n="83">ṣṭha</w><w n="84">mā</w><w n="85" lemma="naṃ">naṃ | </w><w n="86">ta</w><w n="87" lemma="ta">d a</w><w n="88">ta</w><w n="89">tve</w><w n="90">ne</w><w n="91" lemma="ti">ti </w><w n="92">mū</w><w n="93">rti</w><w n="94">vi</w><w n="95">va</w><w n="96">rtā</w><w n="97"></w><w n="98">śra</w><w n="99">yā</w><w n="100" lemma="te">d e</w><w n="101" lemma="va">va </w><w n="102">śa</w><w n="103">kti</w><w n="104"></w><w n="105">vi</w><w n="106">bha</w><w n="107">kta</w><w n="108">de</w><w n="109">śa</w><w n="110">nā</w><w n="111">nā</w><w n="112" lemma="tvaṃ">tvaṃ </w><w n="113">ni</w><w n="114">mi</w><w n="115" lemma="ta">tta</w><w n="116">pau</w><w n="117">rvā</w><w n="118">pa</w><w n="119">ryā</w><w n="120">va</w><w n="121">laṃ</w><w n="122">ba</w><w n="123">na</w><w n="124">sa</w><w n="125" lemma="haṃ">haṃ </w><w n="126">sva</w><w n="127" lemma="yaṃ">yam </w><w n="128">a</w><w n="129">kā</w><w n="130">la</w><w n="131">ka</w><w n="132">li</w><w n="133" lemma="taṃ">tam </w><w n="134">a</w><w n="135" lemma="pi">pi </w><w n="136">ta</w><w n="137"></w><w n="138" lemma="tviṃ">tvim </w><w n="139">a</w><w n="140">nā</w><w n="141">di</w><w n="142">ni</w><w n="143">dha</w><w n="144" lemma="naṃ">naṃ </w><w n="145">kā</w><w n="146">lā</w><w n="147">khya</w><w n="148">sva</w><w n="149">taṃ</w><w n="150">tra</w><w n="151">śa</w><w n="152">kti</w><w n="153">vi</w><w n="154"></w><w n="155">ve</w><w n="156">śi</w><w n="157">ta</w><w n="158">pra</w><w n="159">ti</w><w n="160">baṃ</w><w n="161">dhā</w><w n="162">bhya</w><w n="163">nu</w><w n="164">jñā</w><w n="165">na</w><w n="166">va</w><w n="167"></w><w n="168"></w><w n="169">śā</w><w n="170" lemma="tjaṃ">j jan</w><w n="171">mā</w><w n="172">di</w><w n="173">bhā</w><w n="174">va</w><w n="175">vi</w><w n="176">kā</w><w n="177">rā</w><w n="178">bhi</w><w n="179">dhī</w><w n="180">ya</w><w n="181">mā</w><w n="182">na</w><w n="183">pau</w><w n="184">rvā</w><w n="185">pa</w><w n="186" lemma="ryaṃ">ryaṃ </w><w n="187">ca</w><w n="188">kā</w><w n="189">stī</w><w n="190" lemma="tya">ty a</w><w n="191" lemma="rthaḥ">rtthaḥ | </w>
</text></TEI>
<TEI n="A">
<text>
<w n="0">pa</w><w n="1">ra</w><w n="2">mā</w><w n="3">rtha</w><w n="4" lemma="taḥ">to </w><w n="5"></w><w n="6">vi</w><w n="7">ka</w><w n="8">lpi</w><w n="9" lemma="taṃ">taṃ </w><w n="10">vi</w><w n="11">ka</w><w n="12"></w><w n="13">lpā</w><w n="14" lemma="nāṃ">nām </w><w n="15">a</w><w n="16">vi</w><w n="17">ṣa</w><w n="18" lemma="yaḥ">yo </w><w n="19">ya</w><w n="20" lemma="tta">t ta</w><w n="21" lemma="tvaṃ">ttvaṃ </w><w n="22">ta</w><w n="23" lemma="te">d e</w><w n="24" lemma="va">va </w><w n="25">vya</w><w n="26">va</w><w n="27">hā</w><w n="28" lemma="re">re </w><w n="29">nya</w><w n="30">syā</w><w n="31"></w><w n="32">bhā</w><w n="33">vā</w><w n="34" lemma="tvi">d vi</w><w n="35">ka</w><w n="36">lpa</w><w n="37">mā</w><w n="38" lemma="naṃ">naṃ </w><w n="39">vi</w><w n="40">ka</w><w n="41">lpa</w><w n="42"></w><w n="43">rū</w><w n="44" lemma="paṃ">paṃ </w><w n="45"></w><w n="46"></w><w n="47"></w><w n="48"></w><w n="49"></w><w n="50">nā</w><w n="51">nā</w><w n="52">vi</w><w n="53">dha</w><w n="54">bhe</w><w n="55">dā</w><w n="56">va</w><w n="57">bhā</w><w n="58">sa</w><w n="59">mā</w><w n="60">nā</w><w n="61">di</w><w n="62">si</w><w n="63" lemma="dhā">ddhā</w><w n="64">vi</w><w n="65">dyā</w><w n="66">va</w><w n="67">śā</w><w n="68" lemma="tsa">t sa</w><w n="69"></w><w n="70">ma</w><w n="71">va</w><w n="72">laṃ</w><w n="73">ba</w><w n="74" lemma="te">te </w><w n="75">jī</w><w n="76">vā</w><w n="77">tma</w><w n="78">bhe</w><w n="79">de</w><w n="80">nā</w><w n="81">va</w><w n="82">ti</w><w n="83">ṣṭa</w><w n="84">mā</w><w n="85" lemma="naṃ">naṃ </w><w n="86" lemma="ta">ta </w><w n="87">a</w><w n="88">ta</w><w n="89">tve</w><w n="90">ne</w><w n="91" lemma="ti">ti </w><w n="92">mū</w><w n="93" lemma="rti">rtti</w><w n="94">vi</w><w n="95">va</w><w n="96" lemma="rtā">rttā</w><w n="97"></w><w n="98" lemma="nma">n ma</w><w n="99">ya</w><w n="100">ri</w><w n="101"></w><w n="102" lemma="khśa">k_śa</w><w n="103">kti</w><w n="104"></w><w n="105">vi</w><w n="106">bha</w><w n="107">kta</w><w n="108">de</w><w n="109">śa</w><w n="110">nā</w><w n="111">nā</w><w n="112" lemma="tvaṃ">tvaṃ </w><w n="113">ni</w><w n="114">mi</w><w n="115" lemma="ta">tta</w><w n="116">pau</w><w n="117">rvā</w><w n="118">pa</w><w n="119">ryā</w><w n="120">va</w><w n="121">laṃ</w><w n="122">ba</w><w n="123">na</w><w n="124">sa</w><w n="125" lemma="haṃ">haṃ || </w><w n="126">e</w><w n="127" lemma="vaṃ">vam </w><w n="128">a</w><w n="129">kā</w><w n="130">la</w><w n="131">ka</w><w n="132">li</w><w n="133" lemma="taṃ">tam </w><w n="134">a</w><w n="135" lemma="pi">pi </w><w n="136">ta</w><w n="137"></w><w n="138" lemma="tvaṃ">tvam </w><w n="139">a</w><w n="140">nā</w><w n="141">di</w><w n="142">ni</w><w n="143">dha</w><w n="144" lemma="naṃ">naṃ </w><w n="145">kā</w><w n="146">lā</w><w n="147">khya</w><w n="148">sva</w><w n="149">taṃ</w><w n="150">tra</w><w n="151">śa</w><w n="152">kti</w><w n="153">vi</w><w n="154">ni</w><w n="155">ve</w><w n="156">śi</w><w n="157">ta</w><w n="158">pra</w><w n="159">ti</w><w n="160">baṃ</w><w n="161">dhā</w><w n="162">bhya</w><w n="163">nu</w><w n="164">jñā</w><w n="165"></w><w n="166">ca</w><w n="167"></w><w n="168"></w><w n="169">śā</w><w n="170" lemma="tjaṃ">j jan</w><w n="171">mā</w><w n="172">di</w><w n="173">bhā</w><w n="174">va</w><w n="175">vi</w><w n="176">kā</w><w n="177">rā</w><w n="178">bhi</w><w n="179">dhī</w><w n="180">ya</w><w n="181">mā</w><w n="182">na</w><w n="183">pau</w><w n="184">rvā</w><w n="185">pa</w><w n="186" lemma="ryaṃ">ryaṃ </w><w n="187">ca</w><w n="188">kā</w><w n="189">stī</w><w n="190" lemma="tya">ty a</w><w n="191" lemma="rthaḥ">rthaḥ </w>
</text></TEI>
<TEI n="V">
<text>
<w n="0">pa</w><w n="1">ra</w><w n="2">mā</w><w n="3">rtha</w><w n="4" lemma="taḥ">to '</w><w n="5"></w><w n="6">vi</w><w n="7">ka</w><w n="8">lpi</w><w n="9" lemma="ta">ta </w><w n="10">vi</w><w n="11">ka</w><w n="12"></w><w n="13">lpā</w><w n="14" lemma="nāṃ">nām </w><w n="15">a</w><w n="16">vi</w><w n="17">ṣa</w><w n="18" lemma="yaḥ">yo </w><w n="19">ya</w><w n="20" lemma="tta">t ta</w><w n="21" lemma="tvaṃ">ttvaṃ </w><w n="22">ta</w><w n="23" lemma="te">d e</w><w n="24" lemma="va">va </w><w n="25">vya</w><w n="26">va</w><w n="27">hā</w><w n="28" lemma="re">re </w><w n="29">nya</w><w n="30">syā</w><w n="31"></w><w n="32">bhā</w><w n="33">vā</w><w n="34" lemma="tvi">d vi</w><w n="35">ka</w><w n="36">lpa</w><w n="37">mā</w><w n="38" lemma="naṃ">naṃ </w><w n="39">vi</w><w n="40">ka</w><w n="41">lpa</w><w n="42"></w><w n="43">rū</w><w n="44" lemma="paṃ">paṃ </w><w n="45"></w><w n="46"></w><w n="47"></w><w n="48"></w><w n="49"></w><w n="50">nā</w><w n="51">nā</w><w n="52">tri</w><w n="53" lemma="dha">dha&#166;</w><w n="54">bhe</w><w n="55">dā</w><w n="56">va</w><w n="57">bhā</w><w n="58">sa</w><w n="59">mā</w><w n="60">nā</w><w n="61">di</w><w n="62">si</w><w n="63" lemma="dhā">ddhā</w><w n="64">vi</w><w n="65">dyā</w><w n="66">va</w><w n="67">śā</w><w n="68" lemma="tsa">t sa</w><w n="69"></w><w n="70">ma</w><w n="71">va</w><w n="72">laṃ</w><w n="73">ba</w><w n="74" lemma="te">te </w><w n="75">jī</w><w n="76">vā</w><w n="77">tma</w><w n="78">bhe</w><w n="79">de</w><w n="80">nā</w><w n="81">va</w><w n="82">ti</w><w n="83">ṣṭa</w><w n="84">mā</w><w n="85" lemma="naṃ">naṃ </w><w n="86">ta</w><w n="87">dga</w><w n="88">ta</w><w n="89">tve</w><w n="90">ne</w><w n="91" lemma="ti">ti </w><w n="92">mū</w><w n="93">rti</w><w n="94">vi</w><w n="95">va</w><w n="96" lemma="rtā">rttā</w><w n="97"></w><w n="98">śra</w><w n="99">ya</w><w n="100">di</w><w n="101">ka</w><w n="102">śa</w><w n="103">kti</w><w n="104"></w><w n="105">ni</w><w n="106">bhi</w><w n="107">kta</w><w n="108">de</w><w n="109">śa</w><w n="110">nā</w><w n="111">nā</w><w n="112" lemma="tvaṃ">tvaṃ </w><w n="113">ni</w><w n="114">mi</w><w n="115" lemma="ta">tta</w><w n="116">pau</w><w n="117">rvā</w><w n="118">pa</w><w n="119">ryā</w><w n="120">va</w><w n="121">laṃ</w><w n="122">ba</w><w n="123">na</w><w n="124">sa</w><w n="125" lemma="haṃ">haṃ </w><w n="126">e</w><w n="127" lemma="vaṃ">vam </w><w n="128">a</w><w n="129">kā</w><w n="130">la</w><w n="131">ka</w><w n="132">li</w><w n="133" lemma="taṃ">tam </w><w n="134">a</w><w n="135" lemma="pi">pi </w><w n="136">ta</w><w n="137"></w><w n="138" lemma="tvaṃ">tvam </w><w n="139">a</w><w n="140">nā</w><w n="141">di</w><w n="142">ni</w><w n="143">dha</w><w n="144" lemma="naṃ">naṃ </w><w n="145">kā</w><w n="146">lā</w><w n="147">khya</w><w n="148">sva</w><w n="149">taṃ</w><w n="150">tra</w><w n="151">śa</w><w n="152">kti</w><w n="153">vi</w><w n="154">ni</w><w n="155" lemma="ve">ve&#166;</w><w n="156">śi</w><w n="157">ta</w><w n="158">pra</w><w n="159">ti</w><w n="160">baṃ</w><w n="161">dhā</w><w n="162">bhya</w><w n="163">nu</w><w n="164">jñā</w><w n="165"></w><w n="166">va</w><w n="167"></w><w n="168"></w><w n="169">śā</w><w n="170" lemma="tjaṃ">j jan</w><w n="171">mā</w><w n="172">di</w><w n="173">bhā</w><w n="174">va</w><w n="175">vi</w><w n="176">kā</w><w n="177">rā</w><w n="178">bhi</w><w n="179">dhā</w><w n="180">ya</w><w n="181">mā</w><w n="182">na</w><w n="183">pau</w><w n="184">rvā</w><w n="185">pa</w><w n="186" lemma="ryaṃ">ryaṃ </w><w n="187">ca</w><w n="188">kā</w><w n="189">stā</w><w n="190" lemma="tya">ty a</w><w n="191" lemma="rthaḥ">rthaḥ </w>
</text></TEI>
<TEI n="K">
<text>
<w n="0">pa</w><w n="1">ra</w><w n="2">mā</w><w n="3">rtha</w><w n="4" lemma="taḥ">to '</w><w n="5"></w><w n="6">vi</w><w n="7">ka</w><w n="8">lpi</w><w n="9" lemma="taṃ">taṃ </w><w n="10">vi</w><w n="11">ka</w><w n="12"></w><w n="13">lpā</w><w n="14" lemma="nāṃ">nām </w><w n="15">a</w><w n="16">vi</w><w n="17">ṣa</w><w n="18" lemma="yaḥ">yo </w><w n="19">ya</w><w n="20" lemma="tta">t ta</w><w n="21" lemma="tvaṃ">ttvaṃ </w><w n="22">ta</w><w n="23" lemma="te">d e</w><w n="24" lemma="va">va </w><w n="25">vya</w><w n="26">va</w><w n="27">hā</w><w n="28" lemma="re">re </w><w n="29">nya</w><w n="30">syā</w><w n="31"></w><w n="32">bhā</w><w n="33">vā</w><w n="34" lemma="tvi">d vi</w><w n="35">ka</w><w n="36">lpa</w><w n="37">mā</w><w n="38" lemma="naṃ">naṃ </w><w n="39">vi</w><w n="40">ka</w><w n="41">lpa</w><w n="42"></w><w n="43">rū</w><w n="44" lemma="paṃ">paṃ </w><w n="45"></w><w n="46"></w><w n="47"></w><w n="48"></w><w n="49"></w><w n="50">nā</w><w n="51">nā</w><w n="52">tri</w><w n="53">dha</w><w n="54">bhe</w><w n="55">dā</w><w n="56">va</w><w n="57">bhā</w><w n="58">sa</w><w n="59">mā</w><w n="60">nā</w><w n="61">di</w><w n="62">si</w><w n="63" lemma="dhā">ddhā</w><w n="64">vi</w><w n="65">dyā</w><w n="66">va</w><w n="67">śā</w><w n="68" lemma="tsa">t sa</w><w n="69"></w><w n="70">ma</w><w n="71">va</w><w n="72">laṃ</w><w n="73">ba</w><w n="74" lemma="te">te </w><w n="75">jī</w><w n="76">vā</w><w n="77">tma</w><w n="78">bhe</w><w n="79">de</w><w n="80">nā</w><w n="81">va</w><w n="82">ti</w><w n="83">ṣṭa</w><w n="84">mā</w><w n="85" lemma="naṃ">naṃ </w><w n="86">ta</w><w n="87">dga</w><w n="88">ta</w><w n="89">tve</w><w n="90">ne</w><w n="91" lemma="ti">ti </w><w n="92">mū</w><w n="93" lemma="rti">rtti</w><w n="94">vi</w><w n="95">va</w><w n="96" lemma="rtā">rttā</w><w n="97"></w><w n="98">śra</w><w n="99">ya</w><w n="100">di</w><w n="101"></w><w n="102" lemma="khśa">k_śa</w><w n="103">kti</w><w n="104"></w><w n="105">ni</w><w n="106">bha</w><w n="107">kta</w><w n="108">de</w><w n="109">śa</w><w n="110">nā</w><w n="111">nā</w><w n="112" lemma="tvaṃ">tvaṃ </w><w n="113">ni</w><w n="114">mi</w><w n="115" lemma="ta">tta</w><w n="116">pau</w><w n="117">rvā</w><w n="118">pa</w><w n="119">ryā</w><w n="120">va</w><w n="121">laṃ</w><w n="122">ba</w><w n="123">na</w><w n="124">sa</w><w n="125" lemma="haṃ">haṃ </w><w n="126">e</w><w n="127" lemma="vaṃ">vam </w><w n="128">a</w><w n="129">kā</w><w n="130">la</w><w n="131">ka</w><w n="132">li</w><w n="133" lemma="taṃ">tam </w><w n="134">a</w><w n="135" lemma="pi">pi </w><w n="136">ta</w><w n="137"></w><w n="138" lemma="tvaṃ">tvam </w><w n="139">a</w><w n="140">nā</w><w n="141">di</w><w n="142">ni</w><w n="143">dha</w><w n="144" lemma="naṃ">naṃ </w><w n="145">kā</w><w n="146">lā</w><w n="147">khya</w><w n="148">sva</w><w n="149">taṃ</w><w n="150">tra</w><w n="151">śa</w><w n="152">kti</w><w n="153">vi</w><w n="154">ni</w><w n="155">ve</w><w n="156">śi</w><w n="157">ta</w><w n="158">pra</w><w n="159">ti</w><w n="160">baṃ</w><w n="161">dhā</w><w n="162">bhya</w><w n="163">nu</w><w n="164">jñā</w><w n="165"></w><w n="166">va</w><w n="167"></w><w n="168"></w><w n="169">śā</w><w n="170" lemma="tjaṃ">j jan</w><w n="171">mā</w><w n="172">di</w><w n="173">bhā</w><w n="174">va</w><w n="175">vi</w><w n="176">kā</w><w n="177">rā</w><w n="178">bhi</w><w n="179">dhā</w><w n="180">ya</w><w n="181">mā</w><w n="182">na</w><w n="183">pau</w><w n="184">rvā</w><w n="185">pa</w><w n="186" lemma="ryaṃ">ryaṃ </w><w n="187">ca</w><w n="188">kā</w><w n="189">stā</w><w n="190" lemma="tya">ty a</w><w n="191" lemma="rthaḥ">rthaḥ </w>
</text></TEI>
<TEI n="D">
<text>
<w n="0">pa</w><w n="1">ra</w><w n="2">mā</w><w n="3">rtha</w><w n="4" lemma="taḥ">to '</w><w n="5"></w><w n="6">vi</w><w n="7">ka</w><w n="8">lpi</w><w n="9" lemma="taṃ">taṃ </w><w n="10">vi</w><w n="11">ka</w><w n="12"></w><w n="13">lpā</w><w n="14" lemma="nāṃ">nām </w><w n="15">a</w><w n="16">vi</w><w n="17">ṣa</w><w n="18" lemma="yaḥ">yo </w><w n="19">ya</w><w n="20" lemma="tta">t ta</w><w n="21" lemma="tvaṃ">ttvaṃ </w><w n="22">ta</w><w n="23" lemma="te">d e</w><w n="24" lemma="va">va </w><w n="25">vya</w><w n="26">va</w><w n="27">hā</w><w n="28" lemma="re">re </w><w n="29">nya</w><w n="30">syā</w><w n="31"></w><w n="32">bhā</w><w n="33">vā</w><w n="34" lemma="tvi">d vi</w><w n="35">ka</w><w n="36">lpa</w><w n="37">mā</w><w n="38" lemma="naṃ">naṃ </w><w n="39">vi</w><w n="40">ka</w><w n="41">lpa</w><w n="42"></w><w n="43">rū</w><w n="44" lemma="paṃ">paṃ </w><w n="45"></w><w n="46"></w><w n="47"></w><w n="48"></w><w n="49"></w><w n="50">nā</w><w n="51">nā</w><w n="52">vi</w><w n="53">dha</w><w n="54">bhe</w><w n="55">dā</w><w n="56">va</w><w n="57">bhā</w><w n="58">sa</w><w n="59">mā</w><w n="60">nā</w><w n="61">di</w><w n="62">si</w><w n="63" lemma="dhā">ddhā</w><w n="64">vi</w><w n="65">dyā</w><w n="66">va</w><w n="67">śā</w><w n="68" lemma="tsa">t sa</w><w n="69"></w><w n="70">ma</w><w n="71">va</w><w n="72">laṃ</w><w n="73">ba</w><w n="74" lemma="te">te </w><w n="75">jī</w><w n="76">vā</w><w n="77">tma</w><w n="78">bhe</w><w n="79">de</w><w n="80">nā</w><w n="81">va</w><w n="82">ti</w><w n="83">ṣṭha</w><w n="84">mā</w><w n="85" lemma="naṃ">naṃ </w><w n="86">ta</w><w n="87">dga</w><w n="88">ta</w><w n="89">tve</w><w n="90">ne</w><w n="91" lemma="ti">ti </w><w n="92">mū</w><w n="93" lemma="rti">rtti</w><w n="94">vi</w><w n="95">va</w><w n="96" lemma="rtā">rttā</w><w n="97"></w><w n="98">śra</w><w n="99">ya</w><w n="100">di</w><w n="101"></w><w n="102" lemma="khśa">k_śa</w><w n="103">kti</w><w n="104"></w><w n="105">vi</w><w n="106">bha</w><w n="107">kta</w><w n="108">de</w><w n="109">śa</w><w n="110">nā</w><w n="111">nā</w><w n="112" lemma="tvaṃ">tvaṃ </w><w n="113">ni</w><w n="114">mi</w><w n="115" lemma="ta">tta</w><w n="116">pau</w><w n="117">rvā</w><w n="118">pa</w><w n="119">ryā</w><w n="120">va</w><w n="121">laṃ</w><w n="122">ba</w><w n="123">na</w><w n="124">sa</w><w n="125" lemma="haṃ">haṃ </w><w n="126">e</w><w n="127" lemma="vaṃ">vam </w><w n="128">a</w><w n="129">kā</w><w n="130">la</w><w n="131">ka</w><w n="132">li</w><w n="133" lemma="taṃ">tam </w><w n="134">a</w><w n="135" lemma="pi">pi </w><w n="136">ta</w><w n="137"></w><w n="138" lemma="tvaṃ">tvam </w><w n="139">a</w><w n="140">nā</w><w n="141">di</w><w n="142">ni</w><w n="143">dha</w><w n="144" lemma="naṃ">naṃ </w><w n="145">kā</w><w n="146">lā</w><w n="147">khya</w><w n="148">sva</w><w n="149">taṃ</w><w n="150">tra</w><w n="151">śa</w><w n="152">kti</w><w n="153">vi</w><w n="154">ni</w><w n="155">ve</w><w n="156">śi</w><w n="157">ta</w><w n="158">pra</w><w n="159">ti</w><w n="160">baṃ</w><w n="161">dhā</w><w n="162">bhya</w><w n="163">nu</w><w n="164">jñā</w><w n="165"></w><w n="166">va</w><w n="167"></w><w n="168"></w><w n="169">śā</w><w n="170" lemma="tjaṃ">j jan</w><w n="171">mā</w><w n="172">di</w><w n="173">bhā</w><w n="174">va</w><w n="175">vi</w><w n="176">kā</w><w n="177">rā</w><w n="178">bhi</w><w n="179">dhī</w><w n="180">ya</w><w n="181">mā</w><w n="182">na</w><w n="183">pau</w><w n="184">rvā</w><w n="185">pa</w><w n="186" lemma="ryaṃ">ryaṃ </w><w n="187">ca</w><w n="188">kā</w><w n="189">stī</w><w n="190" lemma="tya">ty a</w><w n="191" lemma="rthaḥ">rthaḥ | </w>
</text></TEI>
</teiCorpus>
