<?xml version="1.0" encoding="UTF-8"?>
<teiCorpus xmlns="http://www.tei-c.org/ns/1.0">

<TEI n="GV">
<text>
<w n="0"></w><w n="1"></w><w n="2"></w><w n="3"></w><w n="4"></w><w n="5"></w><w n="6"></w><w n="7"></w><w n="8"></w><w n="9"></w><w n="10"></w><w n="11"></w><w n="12"></w><w n="13"></w><w n="14"></w><w n="15"></w><w n="16"></w><w n="17"></w><w n="18"></w><w n="19"></w><w n="20"></w><w n="21"></w><w n="22"></w><w n="23"></w><w n="24"></w><w n="25"></w><w n="26"></w><w n="27"></w><w n="28"></w><w n="29"></w><w n="30"></w><w n="31"></w><w n="32"></w><w n="33"></w><w n="34"></w><w n="35"></w><w n="36"></w><w n="37"></w><w n="38"></w><w n="39"></w><w n="40"></w><w n="41"></w><w n="42"></w><w n="43"></w><w n="44"></w><w n="45"></w><w n="46"></w><w n="47"></w><w n="48"></w><w n="49"></w><w n="50"></w><w n="51"></w><w n="52"></w><w n="53"></w><w n="54"></w><w n="55"></w><w n="56"></w><w n="57"></w><w n="58"></w><w n="59"></w><w n="60"></w><w n="61"></w><w n="62"></w><w n="63"></w><w n="64"></w><w n="65"></w><w n="66"></w><w n="67"></w><w n="68"></w><w n="69"></w><w n="70"></w><w n="71"></w><w n="72"></w><w n="73"></w><w n="74"></w><w n="75"></w><w n="76"></w><w n="77"></w><w n="78"></w><w n="79"></w><w n="80"></w><w n="81"></w><w n="82"></w><w n="83"></w><w n="84"></w><w n="85"></w><w n="86"></w><w n="87"></w><w n="88"></w><w n="89"></w><w n="90"></w><w n="91"></w><w n="92"></w><w n="93"></w><w n="94"></w><w n="95"></w><w n="96"></w><w n="97"></w><w n="98"></w><w n="99"></w><w n="100"></w><w n="101"></w><w n="102"></w><w n="103"></w><w n="104"></w><w n="105"></w><w n="106"></w><w n="107"></w><w n="108"></w><w n="109"></w><w n="110"></w><w n="111"></w><w n="112"></w><w n="113"></w><w n="114"></w><w n="115"></w><w n="116"></w><w n="117"></w><w n="118"></w><w n="119"></w><w n="120"></w><w n="121"></w><w n="122"></w><w n="123"></w><w n="124"></w><w n="125"></w><w n="126"></w><w n="127"></w><w n="128"></w><w n="129"></w><w n="130"></w><w n="131"></w><w n="132"></w><w n="133"></w><w n="134"></w><w n="135"></w><w n="136"></w><w n="137"></w><w n="138"></w><w n="139"></w><w n="140"></w><w n="141"></w><w n="142"></w><w n="143"></w><w n="144"></w><w n="145"></w><w n="146"></w><w n="147"></w><w n="148"></w><w n="149"></w><w n="150"></w><w n="151"></w><w n="152"></w><w n="153"></w><w n="154"></w><w n="155"></w><w n="156"></w><w n="157"></w><w n="158"></w><w n="159"></w><w n="160"></w><w n="161"></w><w n="162"></w><w n="163"></w><w n="164"></w><w n="165"></w><w n="166"></w><w n="167"></w><w n="168"></w><w n="169"></w><w n="170"></w><w n="171"></w><w n="172"></w><w n="173"></w><w n="174"></w><w n="175"></w><w n="176"></w><w n="177"></w><w n="178"></w><w n="179"></w><w n="180"></w><w n="181"></w><w n="182"></w><w n="183"></w><w n="184"></w><w n="185"></w><w n="186"></w><w n="187"></w><w n="188"></w><w n="189"></w><w n="190"></w><w n="191"></w><w n="192"></w><w n="193"></w><w n="194"></w><w n="195"></w><w n="196"></w><w n="197"></w><w n="198"></w><w n="199"></w><w n="200"></w><w n="201"></w><w n="202"></w><w n="203"></w><w n="204"></w><w n="205"></w><w n="206"></w><w n="207"></w><w n="208"></w><w n="209"></w><w n="210"></w><w n="211"></w><w n="212"></w><w n="213"></w><w n="214"></w><w n="215"></w><w n="216"></w><w n="217"></w><w n="218"></w><w n="219"></w><w n="220"></w><w n="221"></w><w n="222"></w><w n="223"></w><w n="224"></w><w n="225"></w><w n="226"></w><w n="227"></w><w n="228"></w><w n="229"></w><w n="230"></w><w n="231"></w><w n="232"></w><w n="233"></w><w n="234"></w><w n="235"></w><w n="236"></w><w n="237"></w><w n="238"></w><w n="239"></w><w n="240"></w><w n="241"></w><w n="242"></w><w n="243"></w><w n="244"></w><w n="245"></w><w n="246"></w><w n="247"></w><w n="248"></w><w n="249"></w><w n="250"></w><w n="251"></w><w n="252"></w><w n="253"></w><w n="254"></w><w n="255"></w><w n="256"></w><w n="257"></w><w n="258"></w><w n="259"></w><w n="260"></w><w n="261"></w><w n="262"></w><w n="263"></w><w n="264"></w><w n="265"></w><w n="266"></w><w n="267"></w><w n="268"></w><w n="269"></w><w n="270"></w><w n="271"></w><w n="272"></w><w n="273"></w><w n="274"></w><w n="275"></w><w n="276"></w><w n="277"></w><w n="278"></w><w n="279"></w><w n="280"></w><w n="281"></w><w n="282"></w><w n="283"></w><w n="284"></w><w n="285"></w><w n="286"></w><w n="287"></w><w n="288"></w><w n="289"></w><w n="290"></w><w n="291"></w><w n="292"></w><w n="293"></w><w n="294"></w><w n="295"></w><w n="296"></w><w n="297"></w><w n="298"></w><w n="299"></w><w n="300"></w><w n="301"></w><w n="302"></w><w n="303"></w><w n="304"></w><w n="305"></w><w n="306"></w><w n="307"></w><w n="308"></w><w n="309"></w><w n="310"></w><w n="311"></w><w n="312"></w><w n="313"></w>
</text></TEI>
<TEI n="CT">
<text>
<w n="0">ta</w><w n="1" lemma="tra">tra </w><w n="2" lemma="ca">ca </w><w n="3">sva</w><w n="4" lemma="pne">pne </w><w n="5">vi</w><w n="6">ru</w><w n="7" lemma="dhā">ddhā</w><w n="8">kā</w><w n="9">ro</w><w n="10">lle</w><w n="11"></w><w n="12"></w><w n="13" lemma="khaḥ">kho </w><w n="14">vai</w><w n="15">ka</w><w n="16">lpi</w><w n="17" lemma="kī">kī </w><w n="18">dṛ</w><w n="19" lemma="ṣṭiḥ">ṣṭiḥ </w><w n="20">pra</w><w n="21">ti</w><w n="22">pra</w><w n="23">mā</w><w n="24">tṛ</w><w n="25">ni</w><w n="26">ya</w><w n="27" lemma="tā">tā </w><w n="28">vai</w><w n="29">ka</w><w n="30" lemma="lpi">lpi-</w><w n="31"></w><w n="32"></w><w n="33" lemma="kaḥ">ko </w><w n="34" lemma="hi">hi </w><w n="35">ma</w><w n="36">no</w><w n="37">vyā</w><w n="38">pā</w><w n="39">rā</w><w n="40">nu</w><w n="41">sā</w><w n="42" lemma="rī">rī </w><w n="43">saṃ</w><w n="44">sā</w><w n="45" lemma="rī">rī </w><w n="46"></w><w n="47"></w><w n="48"></w><w n="49">bho</w><w n="50" lemma="ktā">ktā </w><w n="51" lemma="sa">sa </w><w n="52" lemma="ca">ca </w><w n="53"></w><w n="54">bhā</w><w n="55">va</w><w n="56" lemma="taḥ">taś </w><w n="57"></w><w n="58">ce</w><w n="59">ta</w><w n="60">na</w><w n="61">tvā</w><w n="62" lemma="tbra">t_ bra</w><w n="63">hmai</w><w n="64" lemma="va">va </w><w n="65"></w><w n="66">ta</w><w n="67" lemma="thā">thā </w><w n="68" lemma="ca">ca </w><w n="69">tā</w><w n="70" lemma="va">va-</w><w n="71" lemma="ti">ti </w><w n="72">svā</w><w n="73" lemma="taṃ">tan</w><w n="74">tryā</w><w n="75" lemma="nni">n ni</w><w n="76">rmi</w><w n="77">tā</w><w n="78" lemma="vī">v ī</w><w n="79">śva</w><w n="80" lemma="raḥ">ro '</w><w n="81">na</w><w n="82" lemma="nyaḥ">nyo </w><w n="83"></w><w n="84"></w><w n="85"></w><w n="86"></w><w n="87"></w><w n="88"></w><w n="89"></w><w n="90"></w><w n="91"></w><w n="92"></w><w n="93"></w><w n="94"></w><w n="95"></w><w n="96"></w><w n="97" lemma="yā">yā </w><w n="98"></w><w n="99"></w><w n="100"></w><w n="101"></w><w n="102"></w><w n="103"></w><w n="104">rā</w><w n="105">ga</w><w n="106">dve</w><w n="107">ṣā</w><w n="108">di</w><w n="109">ma</w><w n="110">ye</w><w n="111" lemma="na">na </w><w n="112">saṃ</w><w n="113">sā</w><w n="114">ra</w><w n="115">mo</w><w n="116">he</w><w n="117" lemma="na">na </w><w n="118">sva</w><w n="119">pa</w><w n="120">ra</w><w n="121">vi</w><w n="122">bhā</w><w n="123">gā</w><w n="124"></w><w n="125"></w><w n="126">nu</w><w n="127">sā</w><w n="128" lemma="raṃ">raṃ </w><w n="129">pa</w><w n="130">ra</w><w n="131">saṃ</w><w n="132">ka</w><w n="133">thā</w><w n="134"></w><w n="135">di</w><w n="136" lemma="ṣu">ṣu </w><w n="137">ta</w><w n="138" lemma="dā">dā-</w><w n="139" lemma="huḥ">hur </w><w n="140">ve</w><w n="141" lemma="dāṃ">dān</w><w n="142">ta</w><w n="143">ta</w><w n="144">tva</w><w n="145">ni</w><w n="146">pu</w><w n="147" lemma="ṇāḥ">ṇāḥ | </w><w n="148">pra</w><w n="149">vi</w><w n="150">bha</w><w n="151">jyā</w><w n="152">tma</w><w n="153" lemma="nā">nā'</w><w n="154">tmā</w><w n="155" lemma="naṃ">naṃ </w><w n="156">sṛ</w><w n="157" lemma="ṣṭvā">ṣṭvā </w><w n="158">bhā</w><w n="159">vā</w><w n="160" lemma="npṛ">n pṛ</w><w n="161">tha</w><w n="162">gvi</w><w n="163">dhā</w><w n="164" lemma="nsa">n_ sa</w><w n="165">rve</w><w n="166">śva</w><w n="167" lemma="raḥ">raḥ </w><w n="168">sa</w><w n="169">rva</w><w n="170">ma</w><w n="171" lemma="yaḥ">yaḥ </w><w n="172">sva</w><w n="173" lemma="pne">pne </w><w n="174">bho</w><w n="175" lemma="ktā">ktā </w><w n="176">pra</w><w n="177">va</w><w n="178">rta</w><w n="179" lemma="ta">ta </w><w n="180">i</w><w n="181" lemma="ti">ti </w><w n="182">bho</w><w n="183">kte</w><w n="184" lemma="ti">ti </w><w n="185"></w><w n="186"></w><w n="187"></w><w n="188"></w><w n="189"></w><w n="190"></w><w n="191"></w><w n="192"></w><w n="193"></w><w n="194"></w><w n="195"></w><w n="196"></w><w n="197"></w><w n="198">va</w><w n="199"></w><w n="200">ca</w><w n="201"></w><w n="202"></w><w n="203"></w><w n="204"></w><w n="205">nā</w><w n="206" lemma="tpra">t_ pra-</w><w n="207" lemma="tya">tya </w><w n="208"></w><w n="209"></w><w n="210"></w><w n="211">sṛ</w><w n="212" lemma="ṣṭiṃ">ṣṭim </w><w n="213"></w><w n="214">a</w><w n="215" lemma="rthyaṃ">rthyam </w><w n="216">u</w><w n="217" lemma="ktaṃ">ktam | </w><w n="218">sa</w><w n="219">rva</w><w n="220"></w><w n="221">ma</w><w n="222">ya</w><w n="223">tvā</w><w n="224" lemma="tcā">c cā</w><w n="225">na</w><w n="226">nyo</w><w n="227">pā</w><w n="228">dā</w><w n="229">na</w><w n="230">vi</w><w n="231">ci</w><w n="232">tra</w><w n="233"></w><w n="234">bhā</w><w n="235">va</w><w n="236">ra</w><w n="237">ca</w><w n="238" lemma="nāṃ">nām </w><w n="239">ā</w><w n="240">tmo</w><w n="241" lemma="pā">pā-</w><w n="242">dā</w><w n="243" lemma="nāṃ">nām </w><w n="244">ā</w><w n="245" lemma="huḥ">huḥ&#8212; </w><w n="246"></w><w n="247"></w><w n="248"></w><w n="249"></w><w n="250">pra</w><w n="251">vi</w><w n="252">bha</w><w n="253">jyā</w><w n="254">tma</w><w n="255" lemma="nā">nā'</w><w n="256">tmā</w><w n="257" lemma="naṃ">nam </w><w n="258">i</w><w n="259" lemma="ti">ti </w><w n="260">ka</w><w n="261">rtṛ</w><w n="262">ka</w><w n="263">rma</w><w n="264">bhe</w><w n="265">dā</w><w n="266">bhā</w><w n="267">vā</w><w n="268" lemma="tca">c ca </w><w n="269">vai</w><w n="270">ka</w><w n="271">lpi</w><w n="272">ka</w><w n="273" lemma="tvaṃ">tvam </w><w n="274">a</w><w n="275" lemma="syāḥ">syāḥ </w><w n="276">sṛ</w><w n="277" lemma="ṣṭeḥ">ṣṭeḥ </w><w n="278">sphu</w><w n="279" lemma="ṭaṃ">ṭam </w><w n="280">u</w><w n="281" lemma="ktaṃ">ktam | </w><w n="282">bā</w><w n="283">hyo</w><w n="284">pā</w><w n="285">dā</w><w n="286" lemma="nā">nā </w><w n="287" lemma="tu">tu </w><w n="288">jā</w><w n="289">ga</w><w n="290" lemma="rā">rā-</w><w n="291" lemma="yāṃ">yām </w><w n="292">ai</w><w n="293">śva</w><w n="294" lemma="rī">rī </w><w n="295"></w><w n="296"></w><w n="297"></w><w n="298"></w><w n="299"></w><w n="300"></w><w n="301"></w><w n="302"></w><w n="303"></w><w n="304"></w><w n="305"></w><w n="306"></w><w n="307"></w><w n="308"></w><w n="309"></w><w n="310"></w><w n="311"></w><w n="312"></w><w n="313"></w>
</text></TEI>
<TEI n="T">
<text>
<w n="0">ta</w><w n="1" lemma="tra">tra </w><w n="2"></w><w n="3">sva</w><w n="4" lemma="pne">pne </w><w n="5">vi</w><w n="6">ru</w><w n="7" lemma="dha">ddha</w><w n="8">kā</w><w n="9">ro</w><w n="10">lle</w><w n="11">kho</w><w n="12">lle</w><w n="13" lemma="khaḥ">kho </w><w n="14">vai</w><w n="15">ka</w><w n="16">lpi</w><w n="17" lemma="kī">kī </w><w n="18">dṛ</w><w n="19" lemma="ṣṭiḥ">ṣṭiḥ </w><w n="20">pra</w><w n="21">ti</w><w n="22">pra</w><w n="23">mā</w><w n="24">tṛ</w><w n="25">ni</w><w n="26">ya</w><w n="27" lemma="tā">tā </w><w n="28">vai</w><w n="29">ka</w><w n="30">lpi</w><w n="31"></w><w n="32"></w><w n="33" lemma="kaḥ">ko </w><w n="34" lemma="hi">hi </w><w n="35">ma</w><w n="36">no</w><w n="37">vyā</w><w n="38">pā</w><w n="39">rā</w><w n="40">nu</w><w n="41">sā</w><w n="42" lemma="rī">rī </w><w n="43">saṃ</w><w n="44">sā</w><w n="45" lemma="rī">rī </w><w n="46"></w><w n="47"></w><w n="48"></w><w n="49">bho</w><w n="50" lemma="ktā">ktā </w><w n="51">sva</w><w n="52"></w><w n="53"></w><w n="54">bhā</w><w n="55">va</w><w n="56" lemma="taḥ">taś </w><w n="57"></w><w n="58">ce</w><w n="59">ta</w><w n="60">na</w><w n="61">tvā</w><w n="62" lemma="tbra">t_ bra</w><w n="63">hmai</w><w n="64" lemma="va">va </w><w n="65"></w><w n="66">ta</w><w n="67" lemma="thā">thā </w><w n="68" lemma="ca">ca </w><w n="69">tā</w><w n="70">va</w><w n="71" lemma="ti">ti </w><w n="72">svā</w><w n="73" lemma="taṃ">tan</w><w n="74">tryā</w><w n="75" lemma="nni">n ni</w><w n="76" lemma="rmi">rmmi</w><w n="77">tā</w><w n="78">pī</w><w n="79">śva</w><w n="80" lemma="raḥ">ro </w><w n="81">na</w><w n="82">nyo</w><w n="83">pā</w><w n="84">dā</w><w n="85">nā</w><w n="86" lemma="tbhā">t_ bhā</w><w n="87">vā</w><w n="88" lemma="nā">n ā</w><w n="89">bhā</w><w n="90">syo</w><w n="91"></w><w n="92">pa</w><w n="93" lemma="bhuṃ">bhuṅ</w><w n="94" lemma="kte">kte </w><w n="95"></w><w n="96">pri</w><w n="97">yā</w><w n="98">pri</w><w n="99">ya</w><w n="100">rū</w><w n="101">pa</w><w n="102">ta</w><w n="103" lemma="yā">yā </w><w n="104">rā</w><w n="105">ga</w><w n="106">dve</w><w n="107">ṣā</w><w n="108">di</w><w n="109">ma</w><w n="110">ye</w><w n="111" lemma="na">na </w><w n="112">saṃ</w><w n="113">sā</w><w n="114">ra</w><w n="115">mo</w><w n="116">he</w><w n="117" lemma="na">na </w><w n="118">sva</w><w n="119">pa</w><w n="120">ra</w><w n="121">vi</w><w n="122">bhā</w><w n="123">gā</w><w n="124"></w><w n="125"></w><w n="126">nu</w><w n="127">sā</w><w n="128" lemma="raṃ">raṃ </w><w n="129">pa</w><w n="130">ra</w><w n="131">saṃ</w><w n="132">ka</w><w n="133">thā</w><w n="134"></w><w n="135">di</w><w n="136" lemma="ṣu">ṣu </w><w n="137">ta</w><w n="138">thā</w><w n="139" lemma="huḥ">hur </w><w n="140" lemma="ve">vve</w><w n="141" lemma="dāṃ">dān</w><w n="142">ta</w><w n="143">ta</w><w n="144">tva</w><w n="145">ni</w><w n="146">pu</w><w n="147" lemma="ṇāḥ">ṇāḥ </w><w n="148">pra</w><w n="149">vi</w><w n="150">bha</w><w n="151">jyā</w><w n="152">tma</w><w n="153">nā</w><w n="154">tmā</w><w n="155" lemma="naṃ">naṃ </w><w n="156">sṛ</w><w n="157" lemma="ṣṭvā">ṣṭvā </w><w n="158">bhā</w><w n="159">vā</w><w n="160" lemma="npṛ">n_ pṛ</w><w n="161">tha</w><w n="162">gvi</w><w n="163">dhā</w><w n="164" lemma="nsa">n_ sa</w><w n="165" lemma="rve">rvve</w><w n="166">śva</w><w n="167" lemma="raḥ">ras </w><w n="168">sa</w><w n="169" lemma="rva">rvva</w><w n="170">ma</w><w n="171" lemma="yaḥ">yas </w><w n="172">sva</w><w n="173" lemma="pne">pne </w><w n="174">bho</w><w n="175" lemma="ktā">ktā </w><w n="176">pra</w><w n="177">va</w><w n="178" lemma="rta">rtta</w><w n="179" lemma="ta">ta </w><w n="180">i</w><w n="181" lemma="ti">ti </w><w n="182">bho</w><w n="183">kte</w><w n="184" lemma="ti">ti </w><w n="185">va</w><w n="186">ca</w><w n="187">nā</w><w n="188" lemma="tpra">t_ pra</w><w n="189">tya</w><w n="190">gā</w><w n="191">tma</w><w n="192">sṛ</w><w n="193" lemma="ṣṭiḥ">ṣṭir </w><w n="194">i</w><w n="195" lemma="yaṃ">yam </w><w n="196">u</w><w n="197" lemma="ktā">ktā </w><w n="198">ta</w><w n="199" lemma="sya">sya </w><w n="200" lemma="ca">ca </w><w n="201">sa</w><w n="202" lemma="rve">rvve</w><w n="203">śva</w><w n="204">ra</w><w n="205">tvā</w><w n="206" lemma="tbra">t_ bra</w><w n="207">hma</w><w n="208">rū</w><w n="209">pa</w><w n="210" lemma="tve">tve </w><w n="211">sṛ</w><w n="212">ṣṭi</w><w n="213">sā</w><w n="214">ma</w><w n="215" lemma="rthyaṃ">rtthyam </w><w n="216">u</w><w n="217" lemma="kta">kta </w><w n="218">sa</w><w n="219" lemma="rva">rvva</w><w n="220"></w><w n="221">ma</w><w n="222">ya</w><w n="223">tvā</w><w n="224" lemma="tcā">c cā</w><w n="225">na</w><w n="226">nyo</w><w n="227">pā</w><w n="228">dā</w><w n="229">na</w><w n="230">vi</w><w n="231">ci</w><w n="232">tra</w><w n="233"></w><w n="234">bhā</w><w n="235">va</w><w n="236">ra</w><w n="237">ca</w><w n="238" lemma="nāṃ">nām </w><w n="239">ā</w><w n="240">tmo</w><w n="241">pā</w><w n="242">dā</w><w n="243" lemma="nāṃ">nām </w><w n="244">ā</w><w n="245" lemma="huḥ">huḥ </w><w n="246"></w><w n="247"></w><w n="248"></w><w n="249"></w><w n="250">pra</w><w n="251">vi</w><w n="252">bha</w><w n="253">jyā</w><w n="254">tma</w><w n="255">nā</w><w n="256">tmā</w><w n="257" lemma="naṃ">nam </w><w n="258">i</w><w n="259" lemma="ti">ti </w><w n="260">ka</w><w n="261" lemma="rtṛ">rttṛ</w><w n="262">ka</w><w n="263" lemma="rma">rmma</w><w n="264">bhe</w><w n="265">dā</w><w n="266">bhā</w><w n="267">va</w><w n="268" lemma="tca">c ca </w><w n="269">vai</w><w n="270">ka</w><w n="271">lpi</w><w n="272">ka</w><w n="273" lemma="tvaṃ">tvam </w><w n="274">a</w><w n="275" lemma="syāḥ">syās </w><w n="276">sṛ</w><w n="277" lemma="ṣṭe">ṣṭe </w><w n="278">sphu</w><w n="279" lemma="ṭaṃ">ṭam </w><w n="280">u</w><w n="281" lemma="ktaṃ">ktaṃ </w><w n="282">bā</w><w n="283">hyo</w><w n="284">pā</w><w n="285">dā</w><w n="286" lemma="nā">nā </w><w n="287" lemma="tu">tu </w><w n="288">jā</w><w n="289">ga</w><w n="290">rā</w><w n="291" lemma="yāṃ">yām </w><w n="292">ai</w><w n="293">śva</w><w n="294" lemma="rī">rī </w><w n="295">sṛ</w><w n="296" lemma="ṣṭiḥ">ṣṭir </w><w n="297" lemma="vi">vvi</w><w n="298">śva</w><w n="299">śa</w><w n="300">bda</w><w n="301">vā</w><w n="302" lemma="cyā">cyā </w><w n="303">sa</w><w n="304" lemma="rva">rvva</w><w n="305">pra</w><w n="306">mā</w><w n="307">tṛ</w><w n="308">sā</w><w n="309">dhā</w><w n="310">ra</w><w n="311"></w><w n="312" lemma="ṇī">ṇī </w><w n="313"></w>
</text></TEI>
<TEI n="H">
<text>
<w n="0">ta</w><w n="1" lemma="tra">tra </w><w n="2" lemma="ca">ca </w><w n="3">sva</w><w n="4" lemma="pne">pne </w><w n="5">vi</w><w n="6">ru</w><w n="7" lemma="dhā">ddhā</w><w n="8">kā</w><w n="9">ro</w><w n="10">lle</w><w n="11">kho</w><w n="12">lle</w><w n="13" lemma="khaḥ">kho </w><w n="14">vai</w><w n="15">ka</w><w n="16">lpi</w><w n="17" lemma="kī">kī </w><w n="18">dṛ</w><w n="19" lemma="ṣṭiḥ">ṣṭiḥ | </w><w n="20">pra</w><w n="21">ti</w><w n="22">pra</w><w n="23">mā</w><w n="24">tṛ</w><w n="25">ni</w><w n="26">ya</w><w n="27" lemma="tā">tā | </w><w n="28">vai</w><w n="29">ka</w><w n="30">lpi</w><w n="31">kā</w><w n="32"></w><w n="33"></w><w n="34">bhi</w><w n="35">mā</w><w n="36" lemma="naḥ">no </w><w n="37">vyā</w><w n="38">pā</w><w n="39">rā</w><w n="40">nu</w><w n="41">sā</w><w n="42" lemma="rī">rī </w><w n="43">saṃ</w><w n="44">sā</w><w n="45" lemma="rī">rī </w><w n="46"></w><w n="47"></w><w n="48"></w><w n="49">bho</w><w n="50" lemma="kta">kta </w><w n="51" lemma="sa">sa </w><w n="52" lemma="ca">ca </w><w n="53"></w><w n="54">bhā</w><w n="55">va</w><w n="56" lemma="taḥ">taś </w><w n="57"></w><w n="58">ce</w><w n="59">ta</w><w n="60">na</w><w n="61">tvā</w><w n="62" lemma="tbrā">d brā</w><w n="63">hmai</w><w n="64" lemma="va">va </w><w n="65"></w><w n="66">ta</w><w n="67" lemma="thā">thā </w><w n="68" lemma="ca">ca </w><w n="69">tā</w><w n="70">va</w><w n="71" lemma="ti">ti </w><w n="72">svā</w><w n="73">taṃ</w><w n="74">tryā</w><w n="75">nvi</w><w n="76"></w><w n="77">tā</w><w n="78">pī</w><w n="79">śva</w><w n="80" lemma="raḥ">ro </w><w n="81">na</w><w n="82">nyo</w><w n="83">pā</w><w n="84">dā</w><w n="85">nā</w><w n="86" lemma="tbhā">d bhā</w><w n="87">vā</w><w n="88">nā</w><w n="89">hā</w><w n="90" lemma="ryaḥ">ryo </w><w n="91"></w><w n="92" lemma="ya">ya </w><w n="93">bhuṃ</w><w n="94" lemma="kte">kte | </w><w n="95"></w><w n="96">pri</w><w n="97">yā</w><w n="98">pri</w><w n="99">ya</w><w n="100">rū</w><w n="101">pa</w><w n="102">ta</w><w n="103" lemma="yā">yā </w><w n="104">rā</w><w n="105">ga</w><w n="106">dve</w><w n="107">ṣā</w><w n="108">di</w><w n="109">ma</w><w n="110">ye</w><w n="111" lemma="na">na </w><w n="112">saṃ</w><w n="113">sā</w><w n="114">ra</w><w n="115">mo</w><w n="116">he</w><w n="117" lemma="na">na </w><w n="118">sva</w><w n="119">pa</w><w n="120">ra</w><w n="121">vi</w><w n="122">bhā</w><w n="123">gā</w><w n="124"></w><w n="125"></w><w n="126">nu</w><w n="127">sā</w><w n="128" lemma="raḥ">raḥ </w><w n="129">pa</w><w n="130">ra</w><w n="131">saṃ</w><w n="132">ka</w><w n="133">thā</w><w n="134"></w><w n="135">di</w><w n="136" lemma="ṣu">ṣu | </w><w n="137">ta</w><w n="138">dā</w><w n="139" lemma="huḥ">hur </w><w n="140">ve</w><w n="141">dāṃ</w><w n="142">ta</w><w n="143">ta</w><w n="144" lemma="tva">ttva</w><w n="145">ni</w><w n="146">pu</w><w n="147" lemma="ṇāḥ">ṇāḥ | </w><w n="148">pra</w><w n="149">ti</w><w n="150">bhā</w><w n="151" lemma="ṣvā">ṣv ā</w><w n="152">tma</w><w n="153">nā</w><w n="154">tmā</w><w n="155" lemma="naṃ">naṃ </w><w n="156">sṛ</w><w n="157" lemma="ṣṭvā">ṣṭvā </w><w n="158">bhā</w><w n="159">vā</w><w n="160" lemma="npṛ">n pṛ</w><w n="161">tha</w><w n="162">gvi</w><w n="163">dhā</w><w n="164" lemma="nsa">n | sa</w><w n="165">rve</w><w n="166">śva</w><w n="167" lemma="raḥ">raḥ </w><w n="168">sa</w><w n="169">rva</w><w n="170">ma</w><w n="171" lemma="yaḥ">yaḥ </w><w n="172">sva</w><w n="173" lemma="pne">pne </w><w n="174">bho</w><w n="175" lemma="ktā">ktā </w><w n="176">pra</w><w n="177">va</w><w n="178" lemma="rta">rtta</w><w n="179" lemma="te">te </w><w n="180">i</w><w n="181" lemma="ti">ti | </w><w n="182">bho</w><w n="183">kte</w><w n="184" lemma="ti">ti </w><w n="185">va</w><w n="186">ca</w><w n="187">nā</w><w n="188" lemma="tpra">t pra</w><w n="189">tya</w><w n="190">gā</w><w n="191">tma</w><w n="192">sṛ</w><w n="193" lemma="ṣṭiḥ">ṣṭir </w><w n="194">i</w><w n="195" lemma="yaṃ">yam </w><w n="196">u</w><w n="197" lemma="ktā">ktā | </w><w n="198">ta</w><w n="199" lemma="sya">sya </w><w n="200" lemma="ca">ca </w><w n="201">sa</w><w n="202">rve</w><w n="203">śva</w><w n="204">ra</w><w n="205">tvā</w><w n="206" lemma="tbra">d bra</w><w n="207">hma</w><w n="208">rū</w><w n="209">pa</w><w n="210" lemma="tve">tve </w><w n="211">sṛ</w><w n="212">ṣṭi</w><w n="213">sā</w><w n="214">ma</w><w n="215" lemma="rthyaṃ">rthyam </w><w n="216">u</w><w n="217" lemma="ktaṃ">ktaṃ </w><w n="218">sa</w><w n="219">rva</w><w n="220"></w><w n="221">ma</w><w n="222">ya</w><w n="223">tvā</w><w n="224" lemma="tcā">c cā</w><w n="225">na</w><w n="226">nyo</w><w n="227">pā</w><w n="228">dā</w><w n="229">na</w><w n="230">vi</w><w n="231">ci</w><w n="232">tra</w><w n="233"></w><w n="234">bhā</w><w n="235">va</w><w n="236">ra</w><w n="237">ca</w><w n="238" lemma="nāṃ">nām </w><w n="239">ā</w><w n="240">tmo</w><w n="241">pā</w><w n="242">dā</w><w n="243" lemma="naṃ">nam </w><w n="244">ā</w><w n="245" lemma="huḥ">huḥ | </w><w n="246">a</w><w n="247" lemma="ta">ta </w><w n="248">e</w><w n="249" lemma="va">va </w><w n="250">pra</w><w n="251">vi</w><w n="252">bha</w><w n="253" lemma="ṣvā">ṣv ā</w><w n="254">tma</w><w n="255">nā</w><w n="256">tmā</w><w n="257" lemma="naṃ">nam </w><w n="258">i</w><w n="259" lemma="ti">ti </w><w n="260">ka</w><w n="261">rtṛ</w><w n="262">ka</w><w n="263">rma</w><w n="264">bhe</w><w n="265">dā</w><w n="266">bhā</w><w n="267">vā</w><w n="268" lemma="tca">c ca </w><w n="269">vai</w><w n="270">ka</w><w n="271">lpi</w><w n="272">ka</w><w n="273" lemma="tvaṃ">tvam </w><w n="274">a</w><w n="275" lemma="syāḥ">syāḥ </w><w n="276">sṛ</w><w n="277" lemma="ṣṭeḥ">ṣṭeḥ </w><w n="278">sphu</w><w n="279" lemma="ṭaṃ">ṭam </w><w n="280">u</w><w n="281" lemma="kāṃ">kāṃ </w><w n="282">bā</w><w n="283">hyo</w><w n="284">pā</w><w n="285">dā</w><w n="286">nā</w><w n="287" lemma="ttu">t tu </w><w n="288">jā</w><w n="289">ga</w><w n="290">rā</w><w n="291" lemma="yāṃ">yām </w><w n="292">ai</w><w n="293">śva</w><w n="294" lemma="rī">rī </w><w n="295">sṛ</w><w n="296" lemma="ṣṭiḥ">ṣṭir </w><w n="297">vi</w><w n="298">śva</w><w n="299">śa</w><w n="300">bda</w><w n="301"></w><w n="302" lemma="cyā">cyā </w><w n="303">sa</w><w n="304">rva</w><w n="305">pra</w><w n="306">mā</w><w n="307">tṛ</w><w n="308">sā</w><w n="309">dhā</w><w n="310">ra</w><w n="311"></w><w n="312" lemma="ṇī">ṇī </w><w n="313"></w>
</text></TEI>
<TEI n="P">
<text>
<w n="0">ta</w><w n="1" lemma="tca">c ca </w><w n="2"></w><w n="3">sva</w><w n="4" lemma="pne">pne </w><w n="5">vi</w><w n="6">ru</w><w n="7" lemma="dha">ddha</w><w n="8">kā</w><w n="9">ro</w><w n="10">che</w><w n="11"></w><w n="12"></w><w n="13" lemma="khe">khe </w><w n="14">sā</w><w n="15">rva</w><w n="16">tri</w><w n="17" lemma="kī">kī </w><w n="18">dṛ</w><w n="19" lemma="ṣṭiḥ">ṣṭiḥ </w><w n="20">pra</w><w n="21">ti</w><w n="22"></w><w n="23">mā</w><w n="24">tra</w><w n="25">ni</w><w n="26">ya</w><w n="27"></w><w n="28" lemma="tvai">t_ vai</w><w n="29">ka</w><w n="30">lpi</w><w n="31">ki</w><w n="32" lemma="ti">ti </w><w n="33" lemma="kaḥ">ko </w><w n="34">bhi</w><w n="35">mā</w><w n="36" lemma="naḥ">no </w><w n="37">vyā</w><w n="38">pā</w><w n="39">rā</w><w n="40">nu</w><w n="41">sā</w><w n="42" lemma="rī">rī </w><w n="43">saṃ</w><w n="44">sā</w><w n="45" lemma="rī">rī </w><w n="46"></w><w n="47"></w><w n="48"></w><w n="49">bho</w><w n="50" lemma="ktā">ktā </w><w n="51" lemma="su">su </w><w n="52" lemma="ca">ca </w><w n="53"></w><w n="54">bhā</w><w n="55">va</w><w n="56">ta</w><w n="57" lemma="te">d e</w><w n="58" lemma="va">va </w><w n="59">ta</w><w n="60">nā</w><w n="61"></w><w n="62" lemma="tbra">t bra</w><w n="63">hmai</w><w n="64" lemma="va">va </w><w n="65" lemma="ca">ca </w><w n="66">ta</w><w n="67" lemma="thā">thā </w><w n="68" lemma="ca">ca </w><w n="69">tā</w><w n="70">va</w><w n="71" lemma="ti">ti </w><w n="72">svā</w><w n="73">taṃ</w><w n="74" lemma="tryaṃ">tryam </w><w n="75">i</w><w n="76"></w><w n="77" lemma="tya">ty a</w><w n="78">pī</w><w n="79">śva</w><w n="80" lemma="raḥ">ro </w><w n="81">naṃ</w><w n="82">tyo</w><w n="83">pā</w><w n="84">dā</w><w n="85">nā</w><w n="86">bhā</w><w n="87">vā</w><w n="88" lemma="nnā">t nā</w><w n="89">bhyā</w><w n="90">syā</w><w n="91"></w><w n="92">ya</w><w n="93"></w><w n="94"></w><w n="95"></w><w n="96" lemma="tpri">t_ pri</w><w n="97">yā</w><w n="98">pri</w><w n="99">ya</w><w n="100">rū</w><w n="101">pa</w><w n="102">ta</w><w n="103" lemma="yā">yā </w><w n="104">rā</w><w n="105">ga</w><w n="106">dve</w><w n="107">ṣā</w><w n="108">di</w><w n="109">ma</w><w n="110">ye</w><w n="111" lemma="na">na </w><w n="112">saṃ</w><w n="113">sā</w><w n="114">ra</w><w n="115">mo</w><w n="116">he</w><w n="117" lemma="na">na </w><w n="118"></w><w n="119">pa</w><w n="120" lemma="raṃ">raṃ </w><w n="121">vi</w><w n="122">bhā</w><w n="123">gā</w><w n="124"></w><w n="125"></w><w n="126">nu</w><w n="127">sā</w><w n="128" lemma="rī">rī </w><w n="129">pa</w><w n="130">ra</w><w n="131">saṃ</w><w n="132">ka</w><w n="133">tha</w><w n="134">nā</w><w n="135" lemma="ti">d i</w><w n="136" lemma="ti">ti </w><w n="137">ta</w><w n="138">thā</w><w n="139" lemma="huḥ">hur </w><w n="140">ve</w><w n="141">dāṃ</w><w n="142">ta</w><w n="143">ta</w><w n="144" lemma="tva">ttva</w><w n="145">ni</w><w n="146">pu</w><w n="147" lemma="ṇāḥ">ṇāḥ </w><w n="148">pra</w><w n="149">vi</w><w n="150">bha</w><w n="151">jyā</w><w n="152">tma</w><w n="153">nā</w><w n="154">tmā</w><w n="155" lemma="naṃ">naṃ </w><w n="156">sṛ</w><w n="157" lemma="ṣṭvā">ṣṭvā </w><w n="158">bhā</w><w n="159">vā</w><w n="160" lemma="npṛ">n_ pṛ</w><w n="161">tha</w><w n="162">vi</w><w n="163">dhā</w><w n="164" lemma="nsa">n_ sa</w><w n="165">rve</w><w n="166">śva</w><w n="167" lemma="raḥ">raḥ </w><w n="168">sa</w><w n="169">rva</w><w n="170">ma</w><w n="171" lemma="yāḥ">yāḥ </w><w n="172">sa</w><w n="173">rva</w><w n="174">bho</w><w n="175" lemma="ktā">ktā </w><w n="176">pra</w><w n="177">va</w><w n="178" lemma="rtaṃ">rttaṃ</w><w n="179" lemma="te">te </w><w n="180">i</w><w n="181" lemma="ti">ti </w><w n="182">bho</w><w n="183">kte</w><w n="184" lemma="ti">ti </w><w n="185"></w><w n="186"></w><w n="187"></w><w n="188">pra</w><w n="189">tya</w><w n="190">gā</w><w n="191">tma</w><w n="192">si</w><w n="193" lemma="dhiḥ">ddhir </w><w n="194">i</w><w n="195" lemma="yaṃ">yam </w><w n="196">u</w><w n="197" lemma="ktā">ktā </w><w n="198">ta</w><w n="199" lemma="sya">sya </w><w n="200" lemma="ca">ca </w><w n="201">sa</w><w n="202">rve</w><w n="203">śva</w><w n="204">ra</w><w n="205">tvā</w><w n="206" lemma="tbra">t bra</w><w n="207">hma</w><w n="208">rū</w><w n="209">pa</w><w n="210" lemma="tve">tve </w><w n="211">sṛ</w><w n="212">ṣṭi</w><w n="213">sā</w><w n="214">ma</w><w n="215" lemma="rthyaṃ">rthyam </w><w n="216">u</w><w n="217" lemma="ktaṃ">ktaṃ </w><w n="218">sa</w><w n="219">rva</w><w n="220">vi</w><w n="221">ṣa</w><w n="222">ya</w><w n="223">tvā</w><w n="224" lemma="tcā">c cā</w><w n="225">na</w><w n="226">nyo</w><w n="227">pā</w><w n="228">dā</w><w n="229">na</w><w n="230">vi</w><w n="231">ci</w><w n="232">tra</w><w n="233">sva</w><w n="234">bhā</w><w n="235" lemma="vaṃ">vam </w><w n="236"></w><w n="237"></w><w n="238"></w><w n="239">ā</w><w n="240" lemma="ho">ho </w><w n="241">pa</w><w n="242">jñā</w><w n="243" lemma="naṃ">nam </w><w n="244">ā</w><w n="245" lemma="huḥ">huḥ </w><w n="246">a</w><w n="247" lemma="ta">ta </w><w n="248">e</w><w n="249" lemma="va">va </w><w n="250">pra</w><w n="251">vi</w><w n="252">bha</w><w n="253">jyā</w><w n="254">tmā</w><w n="255">nā</w><w n="256">tmā</w><w n="257" lemma="naṃ">nam </w><w n="258">i</w><w n="259" lemma="ti">ti </w><w n="260">ka</w><w n="261">rtṛ</w><w n="262">ka</w><w n="263">rma</w><w n="264">bhe</w><w n="265">dā</w><w n="266">bhā</w><w n="267">vā</w><w n="268"></w><w n="269" lemma="tvai">d vai</w><w n="270">ka</w><w n="271">lpi</w><w n="272">ka</w><w n="273" lemma="tvaṃ">tvam </w><w n="274">a</w><w n="275">sva</w><w n="276">sṛ</w><w n="277" lemma="ṣṭeḥ">ṣṭeḥ </w><w n="278">sphu</w><w n="279" lemma="ṭaṃ">ṭam </w><w n="280">u</w><w n="281" lemma="ktaṃ">ktaṃ </w><w n="282">bā</w><w n="283">hyo</w><w n="284">pā</w><w n="285">da</w><w n="286" lemma="nā">nā </w><w n="287" lemma="tu">tu </w><w n="288">jā</w><w n="289">ga</w><w n="290">rā</w><w n="291" lemma="yāṃ">yām </w><w n="292">ai</w><w n="293">śva</w><w n="294" lemma="rīḥ">rīr </w><w n="295">sṛ</w><w n="296" lemma="ṣṭiḥ">ṣṭir </w><w n="297">vi</w><w n="298">śva</w><w n="299">śa</w><w n="300">bda</w><w n="301">vā</w><w n="302" lemma="cya">cya </w><w n="303">sa</w><w n="304">rva</w><w n="305">pra</w><w n="306">mā</w><w n="307">tṛ</w><w n="308">vi</w><w n="309"></w><w n="310">ṣa</w><w n="311"></w><w n="312" lemma="yī">yī&#166;</w><w n="313" lemma="ṇi">ṇi </w>
</text></TEI>
<TEI n="M">
<text>
<w n="0">ta</w><w n="1" lemma="tca">c ca </w><w n="2"></w><w n="3">sva</w><w n="4" lemma="pne">pne </w><w n="5">vi</w><w n="6">ru</w><w n="7" lemma="dha">ddha</w><w n="8">kā</w><w n="9">ro</w><w n="10">lle</w><w n="11"></w><w n="12"></w><w n="13" lemma="khe">khe </w><w n="14">sā</w><w n="15">rva</w><w n="16">tri</w><w n="17" lemma="kī">kī </w><w n="18">dṛ</w><w n="19" lemma="ṣṭiḥ">ṣṭiḥ </w><w n="20">pra</w><w n="21">ti</w><w n="22"></w><w n="23">mā</w><w n="24">tṛ</w><w n="25">ni</w><w n="26">ya</w><w n="27" lemma="ta">ta </w><w n="28">vai</w><w n="29">ka</w><w n="30">lpi</w><w n="31">kī</w><w n="32" lemma="ti">ti </w><w n="33" lemma="kaḥ">ko </w><w n="34">bhi</w><w n="35">mā</w><w n="36" lemma="naḥ">no </w><w n="37">vyā</w><w n="38">pā</w><w n="39">rā</w><w n="40">nu</w><w n="41">sā</w><w n="42" lemma="rī">rī </w><w n="43">saṃ</w><w n="44">sā</w><w n="45" lemma="rī">rī </w><w n="46"></w><w n="47"></w><w n="48"></w><w n="49">bho</w><w n="50" lemma="ktā">ktā | </w><w n="51" lemma="su">su </w><w n="52" lemma="ca">ca </w><w n="53"></w><w n="54">bhā</w><w n="55">va</w><w n="56">ta</w><w n="57" lemma="ta">d a</w><w n="58">ce</w><w n="59">ta</w><w n="60">nā</w><w n="61"></w><w n="62" lemma="tbra">t | bra</w><w n="63">hmai</w><w n="64" lemma="va">va </w><w n="65" lemma="ca">ca </w><w n="66">ta</w><w n="67" lemma="thā">thā </w><w n="68" lemma="ca">ca </w><w n="69">tā</w><w n="70">va</w><w n="71" lemma="ti">ti </w><w n="72">svā</w><w n="73">taṃ</w><w n="74" lemma="tryaṃ">tryam </w><w n="75">i</w><w n="76"></w><w n="77" lemma="tya">ty a</w><w n="78">pī</w><w n="79">śva</w><w n="80" lemma="raḥ">ro </w><w n="81">naṃ</w><w n="82">tyo</w><w n="83">pā</w><w n="84">dā</w><w n="85">nā</w><w n="86">bhā</w><w n="87">vā</w><w n="88" lemma="tnā">t | nā</w><w n="89">bhyā</w><w n="90">syā</w><w n="91"></w><w n="92">ya</w><w n="93"></w><w n="94" lemma="tta">tta </w><w n="95"></w><w n="96">pri</w><w n="97">yā</w><w n="98">pri</w><w n="99">ya</w><w n="100">rū</w><w n="101">pa</w><w n="102">ta</w><w n="103" lemma="yā">yā </w><w n="104">rā</w><w n="105">ga</w><w n="106">dve</w><w n="107">ṣā</w><w n="108">di</w><w n="109">ma</w><w n="110">ye</w><w n="111" lemma="na">na </w><w n="112">saṃ</w><w n="113">sā</w><w n="114">ra</w><w n="115">mo</w><w n="116">he</w><w n="117" lemma="na">na </w><w n="118"></w><w n="119">pa</w><w n="120" lemma="raṃ">raṃ </w><w n="121">vi</w><w n="122">bhā</w><w n="123">gā</w><w n="124"></w><w n="125"></w><w n="126">nu</w><w n="127">sā</w><w n="128" lemma="rī">rī </w><w n="129">pa</w><w n="130">ra</w><w n="131">saṃ</w><w n="132">ka</w><w n="133">tha</w><w n="134">nā</w><w n="135" lemma="ti">d i</w><w n="136" lemma="ti">ti | </w><w n="137">ta</w><w n="138">thā</w><w n="139" lemma="huḥ">hur </w><w n="140">ve</w><w n="141">dāṃ</w><w n="142">ta</w><w n="143">ta</w><w n="144">tva</w><w n="145">ni</w><w n="146">pu</w><w n="147" lemma="ṇāḥ">ṇāḥ | </w><w n="148">pra</w><w n="149">vi</w><w n="150">bha</w><w n="151">jyā</w><w n="152">tma</w><w n="153">nā</w><w n="154">tmā</w><w n="155" lemma="naṃ">naṃ </w><w n="156">sṛ</w><w n="157" lemma="ṣṭvā">ṣṭvā </w><w n="158">bhā</w><w n="159">vā</w><w n="160" lemma="npṛ">n_ pṛ</w><w n="161">tha</w><w n="162">gvi</w><w n="163">dhā</w><w n="164" lemma="nsa">n | sa</w><w n="165">rve</w><w n="166">śva</w><w n="167" lemma="raḥ">raḥ </w><w n="168">sa</w><w n="169">rva</w><w n="170">ma</w><w n="171" lemma="yaḥ">yaḥ </w><w n="172">sa</w><w n="173">rva</w><w n="174">bho</w><w n="175" lemma="ktā">ktā </w><w n="176">pra</w><w n="177">va</w><w n="178" lemma="rta">rtta</w><w n="179" lemma="te">te | </w><w n="180">i</w><w n="181" lemma="ti">ti | </w><w n="182">bho</w><w n="183">kte</w><w n="184" lemma="ti">ti </w><w n="185"></w><w n="186"></w><w n="187"></w><w n="188">pra</w><w n="189">tya</w><w n="190">gā</w><w n="191">tma</w><w n="192">si</w><w n="193" lemma="dhiḥ">ddhir </w><w n="194">i</w><w n="195" lemma="yaṃ">yam </w><w n="196">u</w><w n="197" lemma="ktā">ktā | </w><w n="198">ta</w><w n="199" lemma="sya">sya </w><w n="200" lemma="ca">ca </w><w n="201">sa</w><w n="202">rve</w><w n="203">śva</w><w n="204">ra</w><w n="205">tvā</w><w n="206" lemma="tbra">t_ bra</w><w n="207">hma</w><w n="208">rū</w><w n="209">pa</w><w n="210" lemma="tve">tve </w><w n="211">sṛ</w><w n="212">ṣṭi</w><w n="213">sā</w><w n="214">ma</w><w n="215" lemma="rthyaṃ">rthyam </w><w n="216">u</w><w n="217" lemma="ktaṃ">ktaṃ | </w><w n="218">sa</w><w n="219">rva</w><w n="220">vi</w><w n="221">ṣa</w><w n="222">ya</w><w n="223">tvā</w><w n="224" lemma="tcā">c cā</w><w n="225">na</w><w n="226">nyo</w><w n="227">pā</w><w n="228">dā</w><w n="229">na</w><w n="230">vi</w><w n="231">ci</w><w n="232">tra</w><w n="233">sva</w><w n="234">bhā</w><w n="235" lemma="vaṃ">vam </w><w n="236"></w><w n="237"></w><w n="238"></w><w n="239">ā</w><w n="240">tmo</w><w n="241">pā</w><w n="242">jñā</w><w n="243" lemma="naṃ">nam </w><w n="244">ā</w><w n="245" lemma="huḥ">huḥ | </w><w n="246">a</w><w n="247" lemma="ta">ta </w><w n="248">e</w><w n="249" lemma="va">va </w><w n="250">pra</w><w n="251">vi</w><w n="252">bha</w><w n="253">jyā</w><w n="254">tma</w><w n="255">nā</w><w n="256">tmā</w><w n="257" lemma="naṃ">nam </w><w n="258">i</w><w n="259" lemma="ti">ti </w><w n="260">ka</w><w n="261">rtṛ</w><w n="262">ka</w><w n="263">rma</w><w n="264">bhe</w><w n="265">dā</w><w n="266">bhā</w><w n="267">vā</w><w n="268"></w><w n="269" lemma="tvai">d vai</w><w n="270">ka</w><w n="271">lpi</w><w n="272">ka</w><w n="273" lemma="tvaṃ">tvam </w><w n="274">a</w><w n="275">sva</w><w n="276">sṛ</w><w n="277" lemma="ṣṭeḥ">ṣṭeḥ </w><w n="278">sphu</w><w n="279" lemma="ṭaṃ">ṭam </w><w n="280">u</w><w n="281" lemma="ktaṃ">ktaṃ | </w><w n="282">bā</w><w n="283">hyo</w><w n="284">pā</w><w n="285">dā</w><w n="286" lemma="nā">nā </w><w n="287" lemma="tu">tu </w><w n="288">jā</w><w n="289">ga</w><w n="290">rā</w><w n="291" lemma="yāṃ">yām </w><w n="292">ai</w><w n="293">śva</w><w n="294" lemma="rī">rī </w><w n="295">sṛ</w><w n="296" lemma="ṣṭiḥ">ṣṭir </w><w n="297">vi</w><w n="298">śva</w><w n="299">śa</w><w n="300">bda</w><w n="301">vā</w><w n="302" lemma="cyā">cyā | </w><w n="303">sa</w><w n="304">rva</w><w n="305">pra</w><w n="306">mā</w><w n="307">tṛ</w><w n="308">vi</w><w n="309"></w><w n="310">ṣa</w><w n="311">yi</w><w n="312" lemma="ṇī">ṇī | </w><w n="313"></w>
</text></TEI>
<TEI n="G2">
<text>
<w n="0"></w><w n="1"></w><w n="2"></w><w n="3"></w><w n="4"></w><w n="5"></w><w n="6"></w><w n="7"></w><w n="8"></w><w n="9"></w><w n="10"></w><w n="11"></w><w n="12"></w><w n="13"></w><w n="14"></w><w n="15"></w><w n="16"></w><w n="17"></w><w n="18"></w><w n="19"></w><w n="20"></w><w n="21"></w><w n="22"></w><w n="23"></w><w n="24"></w><w n="25"></w><w n="26"></w><w n="27"></w><w n="28"></w><w n="29"></w><w n="30"></w><w n="31"></w><w n="32"></w><w n="33"></w><w n="34"></w><w n="35"></w><w n="36"></w><w n="37"></w><w n="38"></w><w n="39"></w><w n="40"></w><w n="41"></w><w n="42"></w><w n="43"></w><w n="44"></w><w n="45"></w><w n="46"></w><w n="47"></w><w n="48"></w><w n="49"></w><w n="50"></w><w n="51"></w><w n="52"></w><w n="53"></w><w n="54"></w><w n="55"></w><w n="56"></w><w n="57"></w><w n="58"></w><w n="59"></w><w n="60"></w><w n="61"></w><w n="62"></w><w n="63"></w><w n="64"></w><w n="65"></w><w n="66"></w><w n="67"></w><w n="68"></w><w n="69"></w><w n="70"></w><w n="71"></w><w n="72"></w><w n="73"></w><w n="74"></w><w n="75"></w><w n="76"></w><w n="77"></w><w n="78"></w><w n="79"></w><w n="80"></w><w n="81"></w><w n="82"></w><w n="83"></w><w n="84"></w><w n="85"></w><w n="86"></w><w n="87"></w><w n="88"></w><w n="89"></w><w n="90"></w><w n="91"></w><w n="92"></w><w n="93"></w><w n="94"></w><w n="95"></w><w n="96"></w><w n="97"></w><w n="98"></w><w n="99"></w><w n="100"></w><w n="101"></w><w n="102"></w><w n="103"></w><w n="104"></w><w n="105"></w><w n="106"></w><w n="107"></w><w n="108"></w><w n="109"></w><w n="110"></w><w n="111"></w><w n="112"></w><w n="113"></w><w n="114"></w><w n="115"></w><w n="116"></w><w n="117"></w><w n="118"></w><w n="119"></w><w n="120"></w><w n="121"></w><w n="122"></w><w n="123"></w><w n="124"></w><w n="125"></w><w n="126"></w><w n="127"></w><w n="128"></w><w n="129"></w><w n="130"></w><w n="131"></w><w n="132"></w><w n="133"></w><w n="134"></w><w n="135"></w><w n="136"></w><w n="137"></w><w n="138"></w><w n="139"></w><w n="140"></w><w n="141"></w><w n="142"></w><w n="143"></w><w n="144"></w><w n="145"></w><w n="146"></w><w n="147"></w><w n="148"></w><w n="149"></w><w n="150"></w><w n="151"></w><w n="152"></w><w n="153"></w><w n="154"></w><w n="155"></w><w n="156"></w><w n="157"></w><w n="158"></w><w n="159"></w><w n="160"></w><w n="161"></w><w n="162"></w><w n="163"></w><w n="164"></w><w n="165"></w><w n="166"></w><w n="167"></w><w n="168"></w><w n="169"></w><w n="170"></w><w n="171"></w><w n="172"></w><w n="173"></w><w n="174"></w><w n="175"></w><w n="176"></w><w n="177"></w><w n="178"></w><w n="179"></w><w n="180"></w><w n="181"></w><w n="182"></w><w n="183"></w><w n="184"></w><w n="185"></w><w n="186"></w><w n="187"></w><w n="188"></w><w n="189"></w><w n="190"></w><w n="191"></w><w n="192"></w><w n="193"></w><w n="194"></w><w n="195"></w><w n="196"></w><w n="197"></w><w n="198"></w><w n="199"></w><w n="200"></w><w n="201"></w><w n="202"></w><w n="203"></w><w n="204"></w><w n="205"></w><w n="206"></w><w n="207"></w><w n="208"></w><w n="209"></w><w n="210"></w><w n="211"></w><w n="212"></w><w n="213"></w><w n="214"></w><w n="215"></w><w n="216"></w><w n="217"></w><w n="218"></w><w n="219"></w><w n="220"></w><w n="221"></w><w n="222"></w><w n="223"></w><w n="224"></w><w n="225"></w><w n="226"></w><w n="227"></w><w n="228"></w><w n="229"></w><w n="230"></w><w n="231"></w><w n="232"></w><w n="233"></w><w n="234"></w><w n="235"></w><w n="236"></w><w n="237"></w><w n="238"></w><w n="239"></w><w n="240"></w><w n="241"></w><w n="242"></w><w n="243"></w><w n="244"></w><w n="245"></w><w n="246"></w><w n="247"></w><w n="248"></w><w n="249"></w><w n="250"></w><w n="251"></w><w n="252"></w><w n="253"></w><w n="254"></w><w n="255"></w><w n="256"></w><w n="257"></w><w n="258"></w><w n="259"></w><w n="260"></w><w n="261"></w><w n="262"></w><w n="263"></w><w n="264"></w><w n="265"></w><w n="266"></w><w n="267"></w><w n="268"></w><w n="269"></w><w n="270"></w><w n="271"></w><w n="272"></w><w n="273"></w><w n="274"></w><w n="275"></w><w n="276"></w><w n="277"></w><w n="278"></w><w n="279"></w><w n="280"></w><w n="281"></w><w n="282"></w><w n="283"></w><w n="284"></w><w n="285"></w><w n="286"></w><w n="287"></w><w n="288"></w><w n="289"></w><w n="290"></w><w n="291"></w><w n="292"></w><w n="293"></w><w n="294"></w><w n="295"></w><w n="296"></w><w n="297"></w><w n="298"></w><w n="299"></w><w n="300"></w><w n="301"></w><w n="302"></w><w n="303"></w><w n="304"></w><w n="305"></w><w n="306"></w><w n="307"></w><w n="308"></w><w n="309"></w><w n="310"></w><w n="311"></w><w n="312"></w><w n="313"></w>
</text></TEI>
<TEI n="G1">
<text>
<w n="0"></w><w n="1"></w><w n="2"></w><w n="3"></w><w n="4"></w><w n="5"></w><w n="6"></w><w n="7"></w><w n="8"></w><w n="9"></w><w n="10"></w><w n="11"></w><w n="12"></w><w n="13"></w><w n="14"></w><w n="15"></w><w n="16"></w><w n="17"></w><w n="18"></w><w n="19"></w><w n="20"></w><w n="21"></w><w n="22"></w><w n="23"></w><w n="24"></w><w n="25"></w><w n="26"></w><w n="27"></w><w n="28"></w><w n="29"></w><w n="30"></w><w n="31"></w><w n="32"></w><w n="33"></w><w n="34"></w><w n="35"></w><w n="36"></w><w n="37"></w><w n="38"></w><w n="39"></w><w n="40"></w><w n="41"></w><w n="42"></w><w n="43"></w><w n="44"></w><w n="45"></w><w n="46"></w><w n="47"></w><w n="48"></w><w n="49"></w><w n="50"></w><w n="51"></w><w n="52"></w><w n="53"></w><w n="54"></w><w n="55"></w><w n="56"></w><w n="57"></w><w n="58"></w><w n="59"></w><w n="60"></w><w n="61"></w><w n="62"></w><w n="63"></w><w n="64"></w><w n="65"></w><w n="66"></w><w n="67"></w><w n="68"></w><w n="69"></w><w n="70"></w><w n="71"></w><w n="72"></w><w n="73"></w><w n="74"></w><w n="75"></w><w n="76"></w><w n="77"></w><w n="78"></w><w n="79"></w><w n="80"></w><w n="81"></w><w n="82"></w><w n="83"></w><w n="84"></w><w n="85"></w><w n="86"></w><w n="87"></w><w n="88"></w><w n="89"></w><w n="90"></w><w n="91"></w><w n="92"></w><w n="93"></w><w n="94"></w><w n="95"></w><w n="96"></w><w n="97"></w><w n="98"></w><w n="99"></w><w n="100"></w><w n="101"></w><w n="102"></w><w n="103"></w><w n="104"></w><w n="105"></w><w n="106"></w><w n="107"></w><w n="108"></w><w n="109"></w><w n="110"></w><w n="111"></w><w n="112"></w><w n="113"></w><w n="114"></w><w n="115"></w><w n="116"></w><w n="117"></w><w n="118"></w><w n="119"></w><w n="120"></w><w n="121"></w><w n="122"></w><w n="123"></w><w n="124"></w><w n="125"></w><w n="126"></w><w n="127"></w><w n="128"></w><w n="129"></w><w n="130"></w><w n="131"></w><w n="132"></w><w n="133"></w><w n="134"></w><w n="135"></w><w n="136"></w><w n="137"></w><w n="138"></w><w n="139"></w><w n="140"></w><w n="141"></w><w n="142"></w><w n="143"></w><w n="144"></w><w n="145"></w><w n="146"></w><w n="147"></w><w n="148"></w><w n="149"></w><w n="150"></w><w n="151"></w><w n="152"></w><w n="153"></w><w n="154"></w><w n="155"></w><w n="156"></w><w n="157"></w><w n="158"></w><w n="159"></w><w n="160"></w><w n="161"></w><w n="162"></w><w n="163"></w><w n="164"></w><w n="165"></w><w n="166"></w><w n="167"></w><w n="168"></w><w n="169"></w><w n="170"></w><w n="171"></w><w n="172"></w><w n="173"></w><w n="174"></w><w n="175"></w><w n="176"></w><w n="177"></w><w n="178"></w><w n="179"></w><w n="180"></w><w n="181"></w><w n="182"></w><w n="183"></w><w n="184"></w><w n="185"></w><w n="186"></w><w n="187"></w><w n="188"></w><w n="189"></w><w n="190"></w><w n="191"></w><w n="192"></w><w n="193"></w><w n="194"></w><w n="195"></w><w n="196"></w><w n="197"></w><w n="198"></w><w n="199"></w><w n="200"></w><w n="201"></w><w n="202"></w><w n="203"></w><w n="204"></w><w n="205"></w><w n="206"></w><w n="207"></w><w n="208"></w><w n="209"></w><w n="210"></w><w n="211"></w><w n="212"></w><w n="213"></w><w n="214"></w><w n="215"></w><w n="216"></w><w n="217"></w><w n="218"></w><w n="219"></w><w n="220"></w><w n="221"></w><w n="222"></w><w n="223"></w><w n="224"></w><w n="225"></w><w n="226"></w><w n="227"></w><w n="228"></w><w n="229"></w><w n="230"></w><w n="231"></w><w n="232"></w><w n="233"></w><w n="234"></w><w n="235"></w><w n="236"></w><w n="237"></w><w n="238"></w><w n="239"></w><w n="240"></w><w n="241"></w><w n="242"></w><w n="243"></w><w n="244"></w><w n="245"></w><w n="246"></w><w n="247"></w><w n="248"></w><w n="249"></w><w n="250"></w><w n="251"></w><w n="252"></w><w n="253"></w><w n="254"></w><w n="255"></w><w n="256"></w><w n="257"></w><w n="258"></w><w n="259"></w><w n="260"></w><w n="261"></w><w n="262"></w><w n="263"></w><w n="264"></w><w n="265"></w><w n="266"></w><w n="267"></w><w n="268"></w><w n="269"></w><w n="270"></w><w n="271"></w><w n="272"></w><w n="273"></w><w n="274"></w><w n="275"></w><w n="276"></w><w n="277"></w><w n="278"></w><w n="279"></w><w n="280"></w><w n="281"></w><w n="282"></w><w n="283"></w><w n="284"></w><w n="285"></w><w n="286"></w><w n="287"></w><w n="288"></w><w n="289"></w><w n="290"></w><w n="291"></w><w n="292"></w><w n="293"></w><w n="294"></w><w n="295"></w><w n="296"></w><w n="297"></w><w n="298"></w><w n="299"></w><w n="300"></w><w n="301"></w><w n="302"></w><w n="303"></w><w n="304"></w><w n="305"></w><w n="306"></w><w n="307"></w><w n="308"></w><w n="309"></w><w n="310"></w><w n="311"></w><w n="312"></w><w n="313"></w>
</text></TEI>
<TEI n="L">
<text>
<w n="0">ta</w><w n="1" lemma="tra">tra </w><w n="2"></w><w n="3">sva</w><w n="4" lemma="pne">pne </w><w n="5">vi</w><w n="6">ru</w><w n="7" lemma="dha">ddha</w><w n="8">kā</w><w n="9" lemma="raḥ">ro </w><w n="10">vai</w><w n="11">ra</w><w n="12"></w><w n="13" lemma="vaḥ">vo </w><w n="14">vai</w><w n="15">ka</w><w n="16">lpi</w><w n="17" lemma="kī">kī </w><w n="18">dṛ</w><w n="19" lemma="ṣṭiḥ">ṣṭiḥ </w><w n="20">pra</w><w n="21">ti</w><w n="22"></w><w n="23">mā</w><w n="24">tṛ</w><w n="25">ni</w><w n="26">ya</w><w n="27" lemma="tā">tā </w><w n="28">vai</w><w n="29">ka</w><w n="30">lpi</w><w n="31">kī</w><w n="32" lemma="ti">ti </w><w n="33" lemma="kaḥ">ko </w><w n="34">bhi</w><w n="35">mā</w><w n="36" lemma="naḥ">no </w><w n="37">vyā</w><w n="38">pā</w><w n="39">rā</w><w n="40">nu</w><w n="41"></w><w n="42"></w><w n="43"></w><w n="44">sā</w><w n="45" lemma="rī">rī </w><w n="46"></w><w n="47"></w><w n="48"></w><w n="49">bho</w><w n="50" lemma="ktā">ktā </w><w n="51">sa</w><w n="52">ma</w><w n="53">va</w><w n="54">bhā</w><w n="55">va</w><w n="56">ta</w><w n="57" lemma="ta">d a</w><w n="58">ce</w><w n="59">ta</w><w n="60">na</w><w n="61">tvā</w><w n="62" lemma="tbra">t_ bra</w><w n="63">hmai</w><w n="64" lemma="va">va | </w><w n="65"></w><w n="66">ta</w><w n="67" lemma="thā">thā </w><w n="68" lemma="ca">ca </w><w n="69">tā</w><w n="70">va</w><w n="71" lemma="ti">ti </w><w n="72">svā</w><w n="73">taṃ</w><w n="74">tryā</w><w n="75">ni</w><w n="76">mi</w><w n="77" lemma="tā">ttā</w><w n="78">pī</w><w n="79">śva</w><w n="80" lemma="ro">ro </w><w n="81"></w><w n="82"></w><w n="83">pā</w><w n="84">dā</w><w n="85">nā</w><w n="86">bhā</w><w n="87">vā</w><w n="88" lemma="nnā">t_ nā</w><w n="89">bhā</w><w n="90">syā</w><w n="91" lemma="paṃ">pan</w><w n="92">na</w><w n="93"></w><w n="94">kri</w><w n="95" lemma="yā">yā </w><w n="96">pri</w><w n="97">yā</w><w n="98">pri</w><w n="99">ya</w><w n="100">rū</w><w n="101">pa</w><w n="102">ta</w><w n="103" lemma="yā">yā </w><w n="104">rā</w><w n="105">ga</w><w n="106">dve</w><w n="107">ṣā</w><w n="108">di</w><w n="109">ma</w><w n="110">ye</w><w n="111" lemma="na">na </w><w n="112">saṃ</w><w n="113">sā</w><w n="114">ra</w><w n="115">mo</w><w n="116">he</w><w n="117" lemma="na">na </w><w n="118"></w><w n="119">pa</w><w n="120">ra</w><w n="121">vi</w><w n="122">bhā</w><w n="123">gā</w><w n="124">bhā</w><w n="125">gā</w><w n="126">nu</w><w n="127">sā</w><w n="128" lemma="rī">rī </w><w n="129">pa</w><w n="130">ra</w><w n="131">saṃ</w><w n="132">ka</w><w n="133">thā</w><w n="134"></w><w n="135">di</w><w n="136" lemma="ṣu">ṣu || </w><w n="137">ta</w><w n="138">dā</w><w n="139" lemma="huḥ">huḥ | </w><w n="140">ve</w><w n="141">dāṃ</w><w n="142">ta</w><w n="143">ta</w><w n="144">tva</w><w n="145">ni</w><w n="146">pu</w><w n="147" lemma="ṇāḥ">ṇāḥ </w><w n="148">pra</w><w n="149">vi</w><w n="150">bha</w><w n="151">jyā</w><w n="152">tma</w><w n="153">nā</w><w n="154">tmā</w><w n="155" lemma="naṃ">naṃ </w><w n="156">sṛ</w><w n="157" lemma="ṣṭvā">ṣṭvā </w><w n="158">bhā</w><w n="159">vā</w><w n="160" lemma="tpṛ">t pṛ</w><w n="161">tha</w><w n="162">gvi</w><w n="163" lemma="dhā">dhā&#166;</w><w n="164" lemma="tsa">t sa</w><w n="165">rve</w><w n="166">śva</w><w n="167" lemma="raḥ">raḥ </w><w n="168">sa</w><w n="169">rva</w><w n="170">ma</w><w n="171" lemma="yaḥ">yaḥ </w><w n="172">sva</w><w n="173" lemma="pne">pne </w><w n="174">bho</w><w n="175" lemma="ktā">ktā </w><w n="176">pra</w><w n="177">va</w><w n="178">rta</w><w n="179" lemma="te">te </w><w n="180">i</w><w n="181" lemma="ti">ti | </w><w n="182">bho</w><w n="183">kte</w><w n="184" lemma="ti">ti </w><w n="185"></w><w n="186"></w><w n="187"></w><w n="188">pra</w><w n="189">tya</w><w n="190">gā</w><w n="191">tma</w><w n="192">sṛ</w><w n="193" lemma="ṣṭiḥ">ṣṭir </w><w n="194">i</w><w n="195" lemma="yuṃ">yum </w><w n="196">u</w><w n="197" lemma="ktā">ktā </w><w n="198">ta</w><w n="199" lemma="sya">sya </w><w n="200" lemma="ca">ca </w><w n="201">sa</w><w n="202">rve</w><w n="203">śva</w><w n="204">ra</w><w n="205">tvā</w><w n="206" lemma="tbra">t || bra</w><w n="207">hma</w><w n="208">rū</w><w n="209">pa</w><w n="210" lemma="tve">tve </w><w n="211">sṛ</w><w n="212">ṣṭi</w><w n="213">sā</w><w n="214">ma</w><w n="215" lemma="rthyaṃ">rthyam </w><w n="216">u</w><w n="217" lemma="ktaṃ">ktaṃ </w><w n="218">sa</w><w n="219">rva</w><w n="220"></w><w n="221">ma</w><w n="222">ya</w><w n="223">tvā</w><w n="224" lemma="tcā">c cā</w><w n="225">na</w><w n="226">nyo</w><w n="227">pā</w><w n="228">dā</w><w n="229">na</w><w n="230">vi</w><w n="231">ci</w><w n="232">tra</w><w n="233"></w><w n="234">bhā</w><w n="235">va</w><w n="236">ra</w><w n="237">ca</w><w n="238" lemma="nāṃ">nām </w><w n="239">ā</w><w n="240">tmo</w><w n="241">pā</w><w n="242">jñā</w><w n="243" lemma="naṃ">nam </w><w n="244">ā</w><w n="245" lemma="huḥ">huḥ | </w><w n="246">a</w><w n="247" lemma="ta">ta </w><w n="248">e</w><w n="249" lemma="va">va </w><w n="250">pra</w><w n="251">vi</w><w n="252">bha</w><w n="253">jyā</w><w n="254">tma</w><w n="255">nā</w><w n="256">tmā</w><w n="257" lemma="naṃ">nam </w><w n="258">i</w><w n="259" lemma="ti">ti </w><w n="260">ka</w><w n="261">rtṛ</w><w n="262">ka</w><w n="263">rma</w><w n="264">bhe</w><w n="265">dā</w><w n="266">bhā</w><w n="267">vā</w><w n="268" lemma="tca">c ca </w><w n="269">vai</w><w n="270">ka</w><w n="271">lpi</w><w n="272">ka</w><w n="273" lemma="tvaṃ">tvam </w><w n="274">a</w><w n="275" lemma="sya">sya </w><w n="276">sṛ</w><w n="277" lemma="ṣṭeḥ">ṣṭeḥ </w><w n="278">spa</w><w n="279" lemma="ṣṭaṃ">ṣṭam </w><w n="280">u</w><w n="281" lemma="ktaṃ">ktaṃ || </w><w n="282">bā</w><w n="283">hyo</w><w n="284">pā</w><w n="285">dā</w><w n="286" lemma="nā">nā </w><w n="287" lemma="tu">tu </w><w n="288">jā</w><w n="289">ga</w><w n="290">rā</w><w n="291" lemma="yāṃ">yām </w><w n="292">ai</w><w n="293">śva</w><w n="294" lemma="rī">rī </w><w n="295">sṛ</w><w n="296" lemma="ṣṭiḥ">ṣṭir </w><w n="297">vi</w><w n="298">śva</w><w n="299">śa</w><w n="300">bda</w><w n="301">vā</w><w n="302" lemma="cyā">cyā </w><w n="303">sa</w><w n="304">rva</w><w n="305">pra</w><w n="306">mā</w><w n="307">tṛ</w><w n="308">sā</w><w n="309">dhā</w><w n="310">ra</w><w n="311"></w><w n="312" lemma="ṇī">ṇī || </w><w n="313"></w>
</text></TEI>
<TEI n="O">
<text>
<w n="0">ta</w><w n="1" lemma="tra">tra </w><w n="2"></w><w n="3">sva</w><w n="4" lemma="pne">pne </w><w n="5">vi</w><w n="6">ru</w><w n="7" lemma="dhā">ddhā</w><w n="8">kā</w><w n="9">ro</w><w n="10">lle</w><w n="11"></w><w n="12"></w><w n="13" lemma="khā">khā </w><w n="14">vai</w><w n="15">ka</w><w n="16">lpi</w><w n="17" lemma="kī">kī </w><w n="18">dṛ</w><w n="19" lemma="ṣṭiḥ">ṣṭiḥ </w><w n="20">pra</w><w n="21">ti</w><w n="22"></w><w n="23">mā</w><w n="24">tṛ</w><w n="25">ni</w><w n="26">ya</w><w n="27" lemma="tā">tā </w><w n="28">vai</w><w n="29">ka</w><w n="30">lpi</w><w n="31">kī</w><w n="32" lemma="ti">ti </w><w n="33" lemma="kaḥ">ko </w><w n="34">bhi</w><w n="35">mā</w><w n="36" lemma="naḥ">no </w><w n="37">vyā</w><w n="38">pā</w><w n="39">rā</w><w n="40">nu</w><w n="41">sā</w><w n="42" lemma="rī">rī </w><w n="43">saṃ</w><w n="44">sā</w><w n="45" lemma="rī">rī </w><w n="46"></w><w n="47"></w><w n="48"></w><w n="49">bho</w><w n="50" lemma="ktā">ktā </w><w n="51" lemma="sa">sa </w><w n="52" lemma="ca">ca </w><w n="53"></w><w n="54">bhā</w><w n="55">va</w><w n="56">ta</w><w n="57" lemma="ta">d a</w><w n="58">ce</w><w n="59">ta</w><w n="60">na</w><w n="61">tvā</w><w n="62" lemma="tbra">t_ bra</w><w n="63">hmai</w><w n="64" lemma="va">va </w><w n="65"></w><w n="66">ta</w><w n="67" lemma="thā">thā </w><w n="68"></w><w n="69">bhā</w><w n="70"></w><w n="71" lemma="ti">ti </w><w n="72">svā</w><w n="73">taṃ</w><w n="74">tryā</w><w n="75">ni</w><w n="76">mi</w><w n="77" lemma="tā">ttā</w><w n="78">pī</w><w n="79">śva</w><w n="80" lemma="raḥ">ro </w><w n="81">na</w><w n="82">nyo</w><w n="83">pā</w><w n="84">dā</w><w n="85">nā</w><w n="86">bhā</w><w n="87">vā</w><w n="88" lemma="nnā">t_ nā</w><w n="89">bhā</w><w n="90">syā</w><w n="91"></w><w n="92">pa</w><w n="93"></w><w n="94" lemma="la">la </w><w n="95"></w><w n="96">pri</w><w n="97">yā</w><w n="98">pri</w><w n="99">ya</w><w n="100">rū</w><w n="101">pa</w><w n="102">ta</w><w n="103" lemma="yā">yā </w><w n="104">rā</w><w n="105">ga</w><w n="106">dve</w><w n="107">ṣā</w><w n="108">di</w><w n="109">ma</w><w n="110">ye</w><w n="111" lemma="na">na </w><w n="112">saṃ</w><w n="113">sā</w><w n="114">ra</w><w n="115">mo</w><w n="116">he</w><w n="117" lemma="na">na </w><w n="118"></w><w n="119">pa</w><w n="120">ra</w><w n="121">vi</w><w n="122">bhā</w><w n="123">gā</w><w n="124"></w><w n="125"></w><w n="126">nu</w><w n="127">sā</w><w n="128" lemma="rī">rī </w><w n="129">pa</w><w n="130">ra</w><w n="131">saṃ</w><w n="132">ka</w><w n="133">thā</w><w n="134"></w><w n="135">di</w><w n="136" lemma="ṣu">ṣu </w><w n="137">ta</w><w n="138">dā</w><w n="139" lemma="huḥ">huḥ </w><w n="140">ve</w><w n="141">dāṃ</w><w n="142">ta</w><w n="143">ta</w><w n="144">tva</w><w n="145">ni</w><w n="146">pu</w><w n="147" lemma="ṇāḥ">ṇāḥ </w><w n="148">pra</w><w n="149">vi</w><w n="150">bha</w><w n="151">jyā</w><w n="152">tma</w><w n="153">nā</w><w n="154">tmā</w><w n="155" lemma="naṃ">naṃ </w><w n="156">sṛ</w><w n="157" lemma="ṣṭvā">ṣṭvā </w><w n="158">bhā</w><w n="159">vā</w><w n="160" lemma="npṛ">n_ pṛ</w><w n="161">tha</w><w n="162">gvi</w><w n="163">dhā</w><w n="164" lemma="nsa">n | sa</w><w n="165">rve</w><w n="166">śva</w><w n="167" lemma="raḥ">raḥ </w><w n="168">sa</w><w n="169">rva</w><w n="170">ma</w><w n="171" lemma="yaḥ">yaḥ </w><w n="172">sva</w><w n="173" lemma="pne">pne </w><w n="174">bho</w><w n="175" lemma="ktā">ktā </w><w n="176">pra</w><w n="177">va</w><w n="178">rta</w><w n="179" lemma="ta">ta </w><w n="180">i</w><w n="181" lemma="ti">ti </w><w n="182">bho</w><w n="183">kte</w><w n="184" lemma="ti">ti </w><w n="185"></w><w n="186"></w><w n="187"></w><w n="188">pra</w><w n="189">tya</w><w n="190">gā</w><w n="191">tma</w><w n="192">sṛ</w><w n="193" lemma="ṣṭiḥ">ṣṭir </w><w n="194">i</w><w n="195" lemma="yaṃ">yam </w><w n="196">u</w><w n="197" lemma="ktā">ktā </w><w n="198">ta</w><w n="199" lemma="sya">sya </w><w n="200" lemma="ca">ca </w><w n="201">sa</w><w n="202">rve</w><w n="203">śva</w><w n="204">ra</w><w n="205">tvā</w><w n="206" lemma="tbra">t_ bra</w><w n="207">hma</w><w n="208">rū</w><w n="209">pa</w><w n="210" lemma="tve">tve </w><w n="211">sṛ</w><w n="212">ṣṭi</w><w n="213">sā</w><w n="214">ma</w><w n="215" lemma="rthyaṃ">rtthyam </w><w n="216">u</w><w n="217" lemma="ktaṃ">ktaṃ </w><w n="218">sa</w><w n="219">rva</w><w n="220"></w><w n="221">ma</w><w n="222">ya</w><w n="223">tvā</w><w n="224" lemma="tcā">c cā</w><w n="225">na</w><w n="226">nyo</w><w n="227">pā</w><w n="228">dā</w><w n="229">na</w><w n="230">vi</w><w n="231">ci</w><w n="232">tra</w><w n="233"></w><w n="234">bhā</w><w n="235">va</w><w n="236">ra</w><w n="237">ca</w><w n="238" lemma="nāṃ">nām </w><w n="239">ā</w><w n="240">tmo</w><w n="241">pa</w><w n="242">jñā</w><w n="243" lemma="nāṃ">nām </w><w n="244">ā</w><w n="245" lemma="huḥ">huḥ | </w><w n="246">a</w><w n="247" lemma="ta">ta </w><w n="248">e</w><w n="249" lemma="va">va </w><w n="250">pra</w><w n="251">vi</w><w n="252">bha</w><w n="253">jyā</w><w n="254">tma</w><w n="255">nā</w><w n="256">tmā</w><w n="257" lemma="naṃ">nam </w><w n="258">i</w><w n="259" lemma="ti">ti </w><w n="260">ka</w><w n="261">rtṛ</w><w n="262">ka</w><w n="263">rma</w><w n="264">bhe</w><w n="265">dā</w><w n="266">bhā</w><w n="267">vā</w><w n="268" lemma="tca">c ca </w><w n="269">vai</w><w n="270">ka</w><w n="271">lpi</w><w n="272">ka</w><w n="273" lemma="tvaṃ">tvam </w><w n="274">a</w><w n="275" lemma="sya">sya </w><w n="276">sṛ</w><w n="277" lemma="ṣṭeḥ">ṣṭeḥ </w><w n="278">sphu</w><w n="279" lemma="ṭaṃ">ṭam </w><w n="280">u</w><w n="281" lemma="ktaṃ">ktaṃ </w><w n="282">bā</w><w n="283">hyo</w><w n="284">pā</w><w n="285">dā</w><w n="286" lemma="nā">nā </w><w n="287" lemma="tu">tu </w><w n="288">jā</w><w n="289">ga</w><w n="290">rā</w><w n="291" lemma="yāṃ">yām </w><w n="292">ai</w><w n="293">śva</w><w n="294" lemma="rī">rī </w><w n="295">sṛ</w><w n="296" lemma="ṣṭiḥ">ṣṭir </w><w n="297">vi</w><w n="298">śva</w><w n="299">śa</w><w n="300">bda</w><w n="301">vā</w><w n="302" lemma="cyā">cyā </w><w n="303">sa</w><w n="304">rva</w><w n="305">pra</w><w n="306">mā</w><w n="307">tṛ</w><w n="308">sā</w><w n="309">dhā</w><w n="310">ra</w><w n="311"></w><w n="312" lemma="ṇī">ṇī | </w><w n="313"></w>
</text></TEI>
<TEI n="A">
<text>
<w n="0">ta</w><w n="1" lemma="tra">tra </w><w n="2"></w><w n="3">sva</w><w n="4" lemma="pnaṃ">pnaṃ </w><w n="5">vi</w><w n="6">ru</w><w n="7" lemma="dha">ddha</w><w n="8">kā</w><w n="9">ro</w><w n="10">lle</w><w n="11"></w><w n="12"></w><w n="13" lemma="khau">khau </w><w n="14">vai</w><w n="15">ka</w><w n="16">lpi</w><w n="17" lemma="kī">kī </w><w n="18">dṛ</w><w n="19" lemma="ṣṭiḥ">ṣṭiḥ </w><w n="20">pra</w><w n="21">ti</w><w n="22">pra</w><w n="23">mā</w><w n="24">tṛ</w><w n="25">ni</w><w n="26">ya</w><w n="27" lemma="tā">tā </w><w n="28">vai</w><w n="29">ka</w><w n="30">lpi</w><w n="31">kī</w><w n="32" lemma="ti">ti </w><w n="33" lemma="kaḥ">ko </w><w n="34">bhi</w><w n="35">mā</w><w n="36" lemma="naḥ">no </w><w n="37">vyā</w><w n="38">pā</w><w n="39">rā</w><w n="40">nu</w><w n="41">sa</w><w n="42" lemma="rī">rī </w><w n="43">saṃ</w><w n="44">sā</w><w n="45" lemma="rī">rī </w><w n="46"></w><w n="47"></w><w n="48"></w><w n="49">bho</w><w n="50" lemma="ktā">ktā </w><w n="51" lemma="sa">sa </w><w n="52" lemma="ca">ca </w><w n="53"></w><w n="54">bhā</w><w n="55">va</w><w n="56">ta</w><w n="57" lemma="ta">d a</w><w n="58">ce</w><w n="59">ta</w><w n="60">na</w><w n="61">tvā</w><w n="62" lemma="tbra">t_ bra</w><w n="63">hmai</w><w n="64" lemma="va">va </w><w n="65"></w><w n="66">ta</w><w n="67" lemma="thā">thā </w><w n="68" lemma="ca">ca </w><w n="69">tā</w><w n="70">va</w><w n="71" lemma="ti">ti </w><w n="72">svā</w><w n="73">taṃ</w><w n="74">tryā</w><w n="75">ni</w><w n="76">mi</w><w n="77">tā</w><w n="78">pī</w><w n="79">śva</w><w n="80" lemma="raḥ">ro </w><w n="81">na</w><w n="82">nyo</w><w n="83">pā</w><w n="84">dā</w><w n="85">nā</w><w n="86">bhā</w><w n="87">vā</w><w n="88" lemma="nnā">t_ nā</w><w n="89">bhā</w><w n="90">syā</w><w n="91"></w><w n="92">ya</w><w n="93"></w><w n="94" lemma="ttu">t__ tu </w><w n="95"></w><w n="96">pri</w><w n="97">yā</w><w n="98">pri</w><w n="99">ya</w><w n="100">rū</w><w n="101">pa</w><w n="102">ta</w><w n="103" lemma="yā">yā </w><w n="104">rā</w><w n="105">ga</w><w n="106">dve</w><w n="107">ṣā</w><w n="108">di</w><w n="109">ma</w><w n="110">ye</w><w n="111" lemma="na">na </w><w n="112">saṃ</w><w n="113">sā</w><w n="114">ra</w><w n="115">mo</w><w n="116">he</w><w n="117" lemma="na">na </w><w n="118"></w><w n="119">pa</w><w n="120">ra</w><w n="121">vi</w><w n="122">bhā</w><w n="123">gā</w><w n="124">bhā</w><w n="125">gā</w><w n="126">nu</w><w n="127">sā</w><w n="128" lemma="rī">rī </w><w n="129">pa</w><w n="130">ra</w><w n="131">saṃ</w><w n="132">ka</w><w n="133">thā</w><w n="134"></w><w n="135">di</w><w n="136" lemma="ṣu">ṣu </w><w n="137">ta</w><w n="138">dā</w><w n="139" lemma="huḥ">huḥ </w><w n="140">ve</w><w n="141">dāṃ</w><w n="142">ta</w><w n="143">ta</w><w n="144">tva</w><w n="145">ni</w><w n="146">pu</w><w n="147" lemma="ṇāḥ">ṇāḥ </w><w n="148">pra</w><w n="149">vi</w><w n="150">bha</w><w n="151">jyā</w><w n="152">tma</w><w n="153">nā</w><w n="154">tmā</w><w n="155" lemma="naṃ">naṃ </w><w n="156">sṛ</w><w n="157" lemma="ṣṭvā">ṣṭvā </w><w n="158">bhā</w><w n="159">vā</w><w n="160" lemma="npṛ">n_ pṛ</w><w n="161">tha</w><w n="162">gvi</w><w n="163">dhā</w><w n="164" lemma="nsa">n sa</w><w n="165">rvai</w><w n="166">śva</w><w n="167" lemma="raḥ">raḥ </w><w n="168">sa</w><w n="169">rva</w><w n="170">ma</w><w n="171" lemma="yaḥ">yaḥ </w><w n="172">sva</w><w n="173" lemma="pne">pne </w><w n="174">bho</w><w n="175" lemma="ktā">ktā </w><w n="176">pra</w><w n="177">va</w><w n="178">rta</w><w n="179" lemma="te">te </w><w n="180">i</w><w n="181" lemma="ti">ti </w><w n="182">bho</w><w n="183">kte</w><w n="184" lemma="ti">ti </w><w n="185"></w><w n="186"></w><w n="187"></w><w n="188">pra</w><w n="189">tya</w><w n="190">gā</w><w n="191">tma</w><w n="192">sṛ</w><w n="193" lemma="ṣṭiḥ">ṣṭir </w><w n="194">i</w><w n="195" lemma="yaṃ">yam </w><w n="196">u</w><w n="197" lemma="ktā">ktā </w><w n="198">ta</w><w n="199" lemma="sya">sya </w><w n="200" lemma="ca">ca </w><w n="201">sa</w><w n="202">rve</w><w n="203">śva</w><w n="204" lemma="ra">ra&#166;</w><w n="205">tvā</w><w n="206" lemma="tbra">t_ bra</w><w n="207">hma</w><w n="208">rū</w><w n="209">pa</w><w n="210" lemma="tve">tve </w><w n="211">sṛ</w><w n="212">ṣṭi</w><w n="213">sā</w><w n="214">ma</w><w n="215" lemma="rthyaṃ">rthyam </w><w n="216">u</w><w n="217" lemma="ktaṃ">ktaṃ </w><w n="218">sa</w><w n="219">rva</w><w n="220"></w><w n="221">ma</w><w n="222">ya</w><w n="223">tvā</w><w n="224" lemma="tcā">c cā</w><w n="225">na</w><w n="226">nyo</w><w n="227">pā</w><w n="228">dā</w><w n="229">na</w><w n="230">vi</w><w n="231">dhi</w><w n="232">tra</w><w n="233"></w><w n="234">bhā</w><w n="235">va</w><w n="236">sva</w><w n="237"></w><w n="238" lemma="nāṃ">nām </w><w n="239">ā</w><w n="240">tmo</w><w n="241">pā</w><w n="242">jñā</w><w n="243" lemma="nāṃ">nā&#166;&#166;m </w><w n="244">ā</w><w n="245" lemma="huḥ">huḥ </w><w n="246">a</w><w n="247" lemma="ta">ta </w><w n="248">e</w><w n="249" lemma="va">va </w><w n="250">pra</w><w n="251">vi</w><w n="252">bha</w><w n="253">jyā</w><w n="254">tma</w><w n="255">vā</w><w n="256">tmā</w><w n="257" lemma="naṃ">nam </w><w n="258">i</w><w n="259" lemma="ti">ti </w><w n="260">ka</w><w n="261">rtṛ</w><w n="262">ka</w><w n="263">rma</w><w n="264">bhe</w><w n="265">dā</w><w n="266">bhā</w><w n="267">vā</w><w n="268" lemma="tca">c ca </w><w n="269">vai</w><w n="270">ka</w><w n="271">lpi</w><w n="272">ka</w><w n="273" lemma="tvaṃ">tvam </w><w n="274">a</w><w n="275" lemma="sya">sya </w><w n="276">sṛ</w><w n="277" lemma="ṣṭeḥ">ṣṭeḥ </w><w n="278">sphu</w><w n="279" lemma="ṭaṃ">ṭam </w><w n="280">u</w><w n="281" lemma="ktaṃ">ktaṃ </w><w n="282">bā</w><w n="283">hyo</w><w n="284">pā</w><w n="285">dā</w><w n="286" lemma="nā">nā </w><w n="287" lemma="ta">ta </w><w n="288">jā</w><w n="289">ga</w><w n="290">rā</w><w n="291" lemma="yāṃ">yām </w><w n="292">ai</w><w n="293">śva</w><w n="294" lemma="rī">rī </w><w n="295">sṛ</w><w n="296" lemma="ṣṭiḥ">ṣṭir </w><w n="297">vi</w><w n="298">śva</w><w n="299">śa</w><w n="300">bda</w><w n="301">vā</w><w n="302" lemma="cyā">cyā </w><w n="303">sa</w><w n="304">rva</w><w n="305">pra</w><w n="306">mā</w><w n="307">tṛ</w><w n="308">sā</w><w n="309">dhā</w><w n="310">ra</w><w n="311"></w><w n="312" lemma="ṇī">ṇī </w><w n="313"></w>
</text></TEI>
<TEI n="V">
<text>
<w n="0">ta</w><w n="1" lemma="tra">tra </w><w n="2"></w><w n="3">sva</w><w n="4" lemma="pnaṃ">pnaṃ </w><w n="5">vi</w><w n="6">ru</w><w n="7" lemma="dha">ddha</w><w n="8">kā</w><w n="9">ro</w><w n="10">lle</w><w n="11"></w><w n="12"></w><w n="13" lemma="khaḥ">kho </w><w n="14">vai</w><w n="15">ka</w><w n="16">lpi</w><w n="17" lemma="kā">kā </w><w n="18">dṛ</w><w n="19" lemma="ṣṭiḥ">ṣṭiḥ </w><w n="20">pra</w><w n="21">ti</w><w n="22"></w><w n="23">mā</w><w n="24">tṛ</w><w n="25">ni</w><w n="26">ya</w><w n="27" lemma="tā">tā </w><w n="28">vai</w><w n="29">ka</w><w n="30">lpi</w><w n="31">kī</w><w n="32" lemma="ti">ti </w><w n="33" lemma="kaḥ">ko </w><w n="34">bhi</w><w n="35">mā</w><w n="36" lemma="naḥ">no </w><w n="37">vyā</w><w n="38">pā</w><w n="39">rā</w><w n="40">nu</w><w n="41">sa</w><w n="42" lemma="rī">rī </w><w n="43">saṃ</w><w n="44">sā</w><w n="45" lemma="rī">rī </w><w n="46">saṃ</w><w n="47">sā</w><w n="48" lemma="rī">rī </w><w n="49">bho</w><w n="50" lemma="ktā">ktā </w><w n="51" lemma="sa">sa </w><w n="52" lemma="ca">ca </w><w n="53"></w><w n="54">bhā</w><w n="55">va</w><w n="56">ta</w><w n="57" lemma="ta">d a</w><w n="58">ce</w><w n="59">ta</w><w n="60">na</w><w n="61">tvā</w><w n="62" lemma="tbra">t_ bra</w><w n="63">hmai</w><w n="64" lemma="va">va </w><w n="65"></w><w n="66">ta</w><w n="67" lemma="thā">thā </w><w n="68" lemma="ca">ca </w><w n="69">tā</w><w n="70">va</w><w n="71" lemma="ti">ti </w><w n="72">svā</w><w n="73">taṃ</w><w n="74">tryā</w><w n="75">ni</w><w n="76">mi</w><w n="77">tā</w><w n="78">pā</w><w n="79">śva</w><w n="80" lemma="raḥ">ro </w><w n="81">na</w><w n="82">nyo</w><w n="83">pā</w><w n="84">dā</w><w n="85">nā</w><w n="86">bhā</w><w n="87">vā</w><w n="88" lemma="nnā">t_ nā</w><w n="89">bhā</w><w n="90">syā</w><w n="91"></w><w n="92">ya</w><w n="93"></w><w n="94" lemma="ttu">t tu </w><w n="95"></w><w n="96">pri</w><w n="97">yā</w><w n="98">pri</w><w n="99">ya</w><w n="100">rū</w><w n="101">pa</w><w n="102">ta</w><w n="103" lemma="yā">yā </w><w n="104">rā</w><w n="105">ga</w><w n="106">dve</w><w n="107">yā</w><w n="108">di</w><w n="109">ma</w><w n="110">ye</w><w n="111" lemma="na">na </w><w n="112">saṃ</w><w n="113">sā</w><w n="114">ra</w><w n="115">mo</w><w n="116">he</w><w n="117" lemma="na">na </w><w n="118"></w><w n="119">pa</w><w n="120">ra</w><w n="121">vi</w><w n="122">bhā</w><w n="123">gā</w><w n="124">bhā</w><w n="125">gā</w><w n="126">nu</w><w n="127">sā</w><w n="128" lemma="rī">rī </w><w n="129">pa</w><w n="130">ra</w><w n="131">saṃ</w><w n="132">ka</w><w n="133">thā</w><w n="134"></w><w n="135">di</w><w n="136" lemma="ṣu">ṣu </w><w n="137">ta</w><w n="138">dā</w><w n="139" lemma="hu">hu </w><w n="140"></w><w n="141">dāṃ</w><w n="142">ta</w><w n="143">ta</w><w n="144">tva</w><w n="145">ni</w><w n="146">pu</w><w n="147" lemma="ṇāḥ">ṇāḥ </w><w n="148">pra</w><w n="149">vi</w><w n="150">bha</w><w n="151">jyā</w><w n="152">tma</w><w n="153">nā</w><w n="154">tmā</w><w n="155" lemma="naṃ">naṃ </w><w n="156">sṛ</w><w n="157" lemma="ṣṭvā">ṣṭvā </w><w n="158">bhā</w><w n="159">vā</w><w n="160" lemma="npṛ">n_ pṛ</w><w n="161">tha</w><w n="162">gvi</w><w n="163">dhā</w><w n="164" lemma="nsa">n sa</w><w n="165">rve</w><w n="166">śva</w><w n="167" lemma="raḥ">raḥ </w><w n="168">sa</w><w n="169">rva</w><w n="170">ma</w><w n="171" lemma="yaḥ">yaḥ </w><w n="172">sva</w><w n="173" lemma="pne">pne </w><w n="174">bho</w><w n="175" lemma="ktā">ktā </w><w n="176">pra</w><w n="177">va</w><w n="178">rta</w><w n="179" lemma="te">te </w><w n="180">i</w><w n="181" lemma="ti">ti </w><w n="182">bho</w><w n="183">kte</w><w n="184" lemma="ti">ti </w><w n="185"></w><w n="186"></w><w n="187"></w><w n="188">pra</w><w n="189">tya</w><w n="190">gā</w><w n="191">tma</w><w n="192">sṛ</w><w n="193" lemma="ṣṭiḥ">ṣṭir </w><w n="194">i</w><w n="195" lemma="yaṃ">yam </w><w n="196">u</w><w n="197" lemma="ktā">ktā </w><w n="198">ta</w><w n="199" lemma="sya">sya </w><w n="200" lemma="ca">ca </w><w n="201">sa</w><w n="202">rve</w><w n="203">śva</w><w n="204">ra</w><w n="205">tvā</w><w n="206" lemma="tbra">t_ bra</w><w n="207">hma</w><w n="208">rū</w><w n="209">pa</w><w n="210" lemma="tve">tve </w><w n="211">sṛ</w><w n="212">ṣṭi</w><w n="213">sā</w><w n="214">ma</w><w n="215" lemma="rthyaṃ">rthyam </w><w n="216">u</w><w n="217" lemma="ktaṃ">ktaṃ </w><w n="218">sa</w><w n="219">rva</w><w n="220"></w><w n="221">ma</w><w n="222">ya</w><w n="223">tvā</w><w n="224" lemma="tcā">c cā</w><w n="225">na</w><w n="226">nyo</w><w n="227">pā</w><w n="228">dā</w><w n="229">na</w><w n="230">vi</w><w n="231">ci</w><w n="232">tra</w><w n="233"></w><w n="234">bhā</w><w n="235">va</w><w n="236">sva</w><w n="237"></w><w n="238" lemma="nāṃ">nām </w><w n="239">ā</w><w n="240">tmo</w><w n="241">pā</w><w n="242">jñā</w><w n="243" lemma="nāṃ">nām </w><w n="244">ā</w><w n="245" lemma="huḥ">huḥ </w><w n="246">a</w><w n="247" lemma="ta">ta </w><w n="248">e</w><w n="249" lemma="va">va </w><w n="250">pra</w><w n="251">vi</w><w n="252">bha</w><w n="253">jyā</w><w n="254">tma</w><w n="255">nā</w><w n="256">tmā</w><w n="257" lemma="naṃ">nam </w><w n="258">i</w><w n="259" lemma="ti">ti </w><w n="260">ka</w><w n="261">rtṛ</w><w n="262">ka</w><w n="263">rma</w><w n="264">bhe</w><w n="265">dā</w><w n="266">bhā</w><w n="267">vā</w><w n="268" lemma="tca">c ca </w><w n="269">vai</w><w n="270">ka</w><w n="271">lpi</w><w n="272">ka</w><w n="273" lemma="tvaṃ">tvam </w><w n="274">a</w><w n="275" lemma="sya">sya </w><w n="276">sṛ</w><w n="277" lemma="ṣṭeḥ">ṣṭeḥ </w><w n="278">sphu</w><w n="279">ṭa</w><w n="280"></w><w n="281" lemma="ktaṃ">ktaṃ </w><w n="282">bā</w><w n="283">hyo</w><w n="284">pā</w><w n="285">dā</w><w n="286" lemma="nā">nā </w><w n="287" lemma="tu">tu </w><w n="288">jā</w><w n="289">ga</w><w n="290">rā</w><w n="291" lemma="yāṃ">yām </w><w n="292">ai</w><w n="293">śva</w><w n="294" lemma="rī">rī </w><w n="295">sṛ</w><w n="296" lemma="ṣṭiḥ">ṣṭir </w><w n="297">vi</w><w n="298">śva</w><w n="299">śa</w><w n="300">bda</w><w n="301">vā</w><w n="302" lemma="cya">cya </w><w n="303">sa</w><w n="304">rva</w><w n="305">pra</w><w n="306">mā</w><w n="307">tṛ</w><w n="308">sā</w><w n="309">dhā</w><w n="310">ra</w><w n="311"></w><w n="312" lemma="ṇā">ṇā </w><w n="313"></w>
</text></TEI>
<TEI n="K">
<text>
<w n="0">ta</w><w n="1" lemma="tra">tra </w><w n="2"></w><w n="3">sva</w><w n="4" lemma="pnaṃ">pnaṃ </w><w n="5">vi</w><w n="6">ru</w><w n="7" lemma="dha">ddha</w><w n="8">kā</w><w n="9">ro</w><w n="10">lle</w><w n="11"></w><w n="12"></w><w n="13" lemma="khaḥ">kho </w><w n="14">vai</w><w n="15">ka</w><w n="16">lpi</w><w n="17" lemma="kā">kā </w><w n="18">dṛ</w><w n="19" lemma="ṣṭiḥ">ṣṭiḥ </w><w n="20">pra</w><w n="21">ti</w><w n="22"></w><w n="23">mā</w><w n="24">tṛ</w><w n="25">ni</w><w n="26">ya</w><w n="27" lemma="tā">tā </w><w n="28">vai</w><w n="29">ka</w><w n="30">lpi</w><w n="31">kī</w><w n="32" lemma="ti">ti </w><w n="33" lemma="kaḥ">ko </w><w n="34">bhi</w><w n="35">mā</w><w n="36" lemma="naḥ">no </w><w n="37">vyā</w><w n="38">pā</w><w n="39">rā</w><w n="40">nu</w><w n="41">sa</w><w n="42" lemma="rī">rī </w><w n="43">saṃ</w><w n="44">sā</w><w n="45" lemma="rī">rī </w><w n="46"></w><w n="47"></w><w n="48"></w><w n="49">bho</w><w n="50" lemma="ktā">ktā </w><w n="51" lemma="sa">sa </w><w n="52" lemma="ca">ca </w><w n="53"></w><w n="54">bhā</w><w n="55">va</w><w n="56">ta</w><w n="57" lemma="ta">d a</w><w n="58">ce</w><w n="59">ta</w><w n="60">na</w><w n="61">tvā</w><w n="62" lemma="tbra">t_ bra</w><w n="63">hmai</w><w n="64" lemma="va">va </w><w n="65"></w><w n="66">ta</w><w n="67" lemma="thā">thā </w><w n="68" lemma="ca">ca </w><w n="69">tā</w><w n="70">va</w><w n="71" lemma="ti">ti </w><w n="72">svā</w><w n="73">taṃ</w><w n="74">tryā</w><w n="75">ni</w><w n="76">mi</w><w n="77">tā</w><w n="78">pā</w><w n="79">śva</w><w n="80" lemma="raḥ">ro </w><w n="81">na</w><w n="82">nyo</w><w n="83">pā</w><w n="84">dā</w><w n="85">nā</w><w n="86">bhā</w><w n="87">vā</w><w n="88" lemma="nnā">t_ nā</w><w n="89">bhā</w><w n="90">syā</w><w n="91"></w><w n="92">ya</w><w n="93"></w><w n="94" lemma="ttu">t tu </w><w n="95"></w><w n="96">pri</w><w n="97">yā</w><w n="98">pri</w><w n="99">ya</w><w n="100">rū</w><w n="101">pa</w><w n="102">ta</w><w n="103" lemma="yā">yā </w><w n="104">rā</w><w n="105">ga</w><w n="106">dve</w><w n="107">yā</w><w n="108">di</w><w n="109">ma</w><w n="110">ye</w><w n="111" lemma="na">na </w><w n="112">saṃ</w><w n="113">sā</w><w n="114">ra</w><w n="115">mo</w><w n="116">he</w><w n="117" lemma="na">na </w><w n="118"></w><w n="119">pa</w><w n="120">ra</w><w n="121">vi</w><w n="122">bhā</w><w n="123">gā</w><w n="124">bhā</w><w n="125">gā</w><w n="126">nu</w><w n="127">sā</w><w n="128" lemma="rī">rī </w><w n="129">pa</w><w n="130">ra</w><w n="131">saṃ</w><w n="132">ka</w><w n="133">thā</w><w n="134"></w><w n="135">di</w><w n="136" lemma="ṣu">ṣu </w><w n="137">ta</w><w n="138">dā</w><w n="139" lemma="huḥ">huḥ </w><w n="140">ve</w><w n="141">dāṃ</w><w n="142">ta</w><w n="143">ta</w><w n="144">tva</w><w n="145">ni</w><w n="146">pu</w><w n="147" lemma="ṇāḥ">ṇāḥ </w><w n="148">pra</w><w n="149">vi</w><w n="150">bha</w><w n="151">jyā</w><w n="152">tma</w><w n="153">nā</w><w n="154">tmā</w><w n="155" lemma="naṃ">naṃ </w><w n="156">sṛ</w><w n="157" lemma="ṣṭvā">ṣṭvā </w><w n="158">bhā</w><w n="159">vā</w><w n="160" lemma="npṛ">n_ pṛ</w><w n="161">tha</w><w n="162">gvi</w><w n="163">dhā</w><w n="164" lemma="nsa">n sa</w><w n="165">rve</w><w n="166">śva</w><w n="167" lemma="raḥ">raḥ </w><w n="168">sa</w><w n="169">rva</w><w n="170">ma</w><w n="171" lemma="yaḥ">yaḥ </w><w n="172">sva</w><w n="173" lemma="pne">pne </w><w n="174">bho</w><w n="175" lemma="ktā">ktā </w><w n="176">pra</w><w n="177">va</w><w n="178">rta</w><w n="179" lemma="te">te </w><w n="180">i</w><w n="181" lemma="ti">ti </w><w n="182">bho</w><w n="183">kte</w><w n="184" lemma="ti">ti </w><w n="185"></w><w n="186"></w><w n="187"></w><w n="188">pra</w><w n="189">tya</w><w n="190">gā</w><w n="191">tma</w><w n="192">sṛ</w><w n="193" lemma="ṣṭiḥ">ṣṭir </w><w n="194">i</w><w n="195" lemma="yaṃ">yam </w><w n="196">u</w><w n="197" lemma="ktā">ktā </w><w n="198">ta</w><w n="199" lemma="sya">sya </w><w n="200" lemma="ca">ca </w><w n="201">sa</w><w n="202">rve</w><w n="203">śva</w><w n="204">ra</w><w n="205">tvā</w><w n="206" lemma="tbra">t_ bra</w><w n="207">hma</w><w n="208">rū</w><w n="209">pa</w><w n="210" lemma="tve">tve </w><w n="211">sṛ</w><w n="212">ṣṭi</w><w n="213">sā</w><w n="214">ma</w><w n="215" lemma="rthyaṃ">rthyam </w><w n="216">u</w><w n="217" lemma="ktaṃ">ktaṃ </w><w n="218">sa</w><w n="219">rva</w><w n="220"></w><w n="221">ma</w><w n="222">ya</w><w n="223">tvā</w><w n="224" lemma="tcā">c cā</w><w n="225">na</w><w n="226">nyo</w><w n="227">pā</w><w n="228">dā</w><w n="229">na</w><w n="230">vi</w><w n="231">ci</w><w n="232">tra</w><w n="233"></w><w n="234">bhā</w><w n="235">va</w><w n="236">sva</w><w n="237"></w><w n="238" lemma="nāṃ">nām </w><w n="239">ā</w><w n="240">tmo</w><w n="241">pā</w><w n="242">jñā</w><w n="243" lemma="nāṃ">nām </w><w n="244">ā</w><w n="245" lemma="huḥ">huḥ </w><w n="246">a</w><w n="247" lemma="ta">ta </w><w n="248">e</w><w n="249" lemma="va">va </w><w n="250">pra</w><w n="251">vi</w><w n="252">bha</w><w n="253">jyā</w><w n="254">tma</w><w n="255">nā</w><w n="256">tmā</w><w n="257" lemma="naṃ">nam </w><w n="258">i</w><w n="259" lemma="ti">ti </w><w n="260">ka</w><w n="261">rtṛ</w><w n="262">ka</w><w n="263">rma</w><w n="264">bhe</w><w n="265">dā</w><w n="266">bhā</w><w n="267">vā</w><w n="268" lemma="tca">c ca </w><w n="269">vai</w><w n="270">ka</w><w n="271">lpi</w><w n="272">ka</w><w n="273" lemma="tvaṃ">tvam </w><w n="274">a</w><w n="275" lemma="sya">sya </w><w n="276">sṛ</w><w n="277" lemma="ṣṭeḥ">ṣṭeḥ </w><w n="278">sphu</w><w n="279">ṭa</w><w n="280"></w><w n="281" lemma="ktaṃ">ktaṃ </w><w n="282">bā</w><w n="283">hyo</w><w n="284">pā</w><w n="285">dā</w><w n="286" lemma="nā">nā </w><w n="287" lemma="tu">tu </w><w n="288">jā</w><w n="289">ga</w><w n="290">rā</w><w n="291" lemma="yāṃ">yām </w><w n="292">ai</w><w n="293">śva</w><w n="294" lemma="rī">rī </w><w n="295">sṛ</w><w n="296" lemma="ṣṭiḥ">ṣṭir </w><w n="297">vi</w><w n="298">śva</w><w n="299">śa</w><w n="300">bda</w><w n="301">vā</w><w n="302" lemma="cya">cya </w><w n="303">sa</w><w n="304">rva</w><w n="305">pra</w><w n="306">mā</w><w n="307">tṛ</w><w n="308">sā</w><w n="309">dhā</w><w n="310">ra</w><w n="311"></w><w n="312" lemma="ṇā">ṇā </w><w n="313"></w>
</text></TEI>
<TEI n="D">
<text>
<w n="0">ta</w><w n="1" lemma="tra">tra </w><w n="2"></w><w n="3">sva</w><w n="4" lemma="pne">pne </w><w n="5">vi</w><w n="6">ru</w><w n="7" lemma="dha">ddha</w><w n="8">kā</w><w n="9">ro</w><w n="10">lle</w><w n="11"></w><w n="12"></w><w n="13" lemma="khaḥ">kho </w><w n="14">vai</w><w n="15">ka</w><w n="16">lpi</w><w n="17" lemma="kī">kī </w><w n="18">dṛ</w><w n="19" lemma="ṣṭiḥ">ṣṭiḥ </w><w n="20">pra</w><w n="21">ti</w><w n="22">pra</w><w n="23">mā</w><w n="24">tṛ</w><w n="25">ni</w><w n="26">ya</w><w n="27" lemma="tā">tā </w><w n="28">vai</w><w n="29">ka</w><w n="30">lpi</w><w n="31">kī</w><w n="32" lemma="ti">ti </w><w n="33" lemma="kaḥ">ko </w><w n="34">bhi</w><w n="35">mā</w><w n="36" lemma="naḥ">no </w><w n="37">vyā</w><w n="38">pā</w><w n="39">rā</w><w n="40">nu</w><w n="41">sa</w><w n="42" lemma="rī">rī </w><w n="43">saṃ</w><w n="44">sā</w><w n="45" lemma="rī">rī </w><w n="46"></w><w n="47"></w><w n="48"></w><w n="49">bho</w><w n="50" lemma="ktā">ktā </w><w n="51" lemma="sa">sa </w><w n="52" lemma="ca">ca </w><w n="53"></w><w n="54">bhā</w><w n="55">va</w><w n="56">ta</w><w n="57" lemma="ta">d a</w><w n="58">ce</w><w n="59">ta</w><w n="60">na</w><w n="61">tvā</w><w n="62" lemma="tbra">t_ bra</w><w n="63">hmai</w><w n="64" lemma="va">va </w><w n="65"></w><w n="66">ta</w><w n="67" lemma="thā">thā </w><w n="68" lemma="ca">ca </w><w n="69">tā</w><w n="70">va</w><w n="71" lemma="ti">ti </w><w n="72">svā</w><w n="73">taṃ</w><w n="74">tryā</w><w n="75">ni</w><w n="76">mi</w><w n="77">tā</w><w n="78">pī</w><w n="79">śva</w><w n="80" lemma="raḥ">ro </w><w n="81">na</w><w n="82">nyo</w><w n="83">pā</w><w n="84">dā</w><w n="85">nā</w><w n="86">bhā</w><w n="87">vā</w><w n="88" lemma="nnā">t_ nā</w><w n="89">bhā</w><w n="90">syā</w><w n="91"></w><w n="92">ya</w><w n="93"></w><w n="94" lemma="ttu">t tu </w><w n="95"></w><w n="96">pri</w><w n="97">yā</w><w n="98">pri</w><w n="99">ya</w><w n="100">rū</w><w n="101">pa</w><w n="102">ta</w><w n="103" lemma="yā">yā </w><w n="104">rā</w><w n="105">ga</w><w n="106">dve</w><w n="107">ṣā</w><w n="108">di</w><w n="109">ma</w><w n="110">ye</w><w n="111" lemma="na">na </w><w n="112">saṃ</w><w n="113">sā</w><w n="114">ra</w><w n="115">mo</w><w n="116">he</w><w n="117" lemma="na">na </w><w n="118"></w><w n="119">pa</w><w n="120">ra</w><w n="121">vi</w><w n="122">bhā</w><w n="123">gā</w><w n="124">bhā</w><w n="125">gā</w><w n="126">nu</w><w n="127">sā</w><w n="128" lemma="rī">rī </w><w n="129">pa</w><w n="130">ra</w><w n="131">saṃ</w><w n="132">ka</w><w n="133">thā</w><w n="134"></w><w n="135">di</w><w n="136" lemma="ṣu">ṣu </w><w n="137">ta</w><w n="138">dā</w><w n="139" lemma="huḥ">huḥ </w><w n="140">ve</w><w n="141">dāṃ</w><w n="142">ta</w><w n="143">ta</w><w n="144">tva</w><w n="145">ni</w><w n="146">pu</w><w n="147" lemma="ṇāḥ">ṇāḥ </w><w n="148">pra</w><w n="149">vi</w><w n="150">bha</w><w n="151">jyā</w><w n="152">tma</w><w n="153">nā</w><w n="154">tmā</w><w n="155" lemma="naṃ">naṃ </w><w n="156">sṛ</w><w n="157" lemma="ṣṭvā">ṣṭvā </w><w n="158">bhā</w><w n="159">vā</w><w n="160" lemma="npṛ">n_ pṛ</w><w n="161">tha</w><w n="162">gvi</w><w n="163">dhā</w><w n="164" lemma="nsa">n__ sa</w><w n="165">rve</w><w n="166">śva</w><w n="167" lemma="raḥ">raḥ </w><w n="168">sa</w><w n="169">rva</w><w n="170">ma</w><w n="171" lemma="yaḥ">yaḥ </w><w n="172">sva</w><w n="173" lemma="pne">pne </w><w n="174">bho</w><w n="175" lemma="ktā">ktā </w><w n="176">pra</w><w n="177">va</w><w n="178">rta</w><w n="179" lemma="te">te </w><w n="180">i</w><w n="181" lemma="ti">ti </w><w n="182">bho</w><w n="183">kte</w><w n="184" lemma="ti">ti </w><w n="185"></w><w n="186"></w><w n="187"></w><w n="188">pra</w><w n="189">tya</w><w n="190">gā</w><w n="191">tma</w><w n="192">sṛ</w><w n="193" lemma="ṣṭiḥ">ṣṭir </w><w n="194">i</w><w n="195" lemma="yaṃ">yam </w><w n="196">u</w><w n="197" lemma="ktā">ktā </w><w n="198">ta</w><w n="199" lemma="sya">sya </w><w n="200" lemma="ca">ca </w><w n="201">sa</w><w n="202">rve</w><w n="203">śva</w><w n="204">ra</w><w n="205">tvā</w><w n="206" lemma="tbra">t_ bra</w><w n="207">hma</w><w n="208">rū</w><w n="209">pa</w><w n="210" lemma="tve">tve </w><w n="211">sṛ</w><w n="212">ṣṭi</w><w n="213">sā</w><w n="214">ma</w><w n="215" lemma="rthyaṃ">rthyam </w><w n="216">u</w><w n="217" lemma="ktaṃ">ktaṃ </w><w n="218">sa</w><w n="219">rva</w><w n="220"></w><w n="221">ma</w><w n="222">ya</w><w n="223">tvā</w><w n="224" lemma="tcā">c cā</w><w n="225">na</w><w n="226">nyo</w><w n="227">pā</w><w n="228">dā</w><w n="229">na</w><w n="230">vi</w><w n="231">ci</w><w n="232">tra</w><w n="233"></w><w n="234">bhā</w><w n="235">va</w><w n="236">sva</w><w n="237"></w><w n="238" lemma="nāṃ">nām </w><w n="239">ā</w><w n="240">tmo</w><w n="241">pā</w><w n="242">jñā</w><w n="243" lemma="nāṃ">nām </w><w n="244">ā</w><w n="245" lemma="huḥ">huḥ | </w><w n="246">a</w><w n="247" lemma="ta">ta </w><w n="248">e</w><w n="249" lemma="va">va </w><w n="250">pra</w><w n="251">vi</w><w n="252">bha</w><w n="253">jyā</w><w n="254">tma</w><w n="255">nā</w><w n="256">tmā</w><w n="257" lemma="naṃ">nam </w><w n="258">i</w><w n="259" lemma="ti">ti </w><w n="260">ka</w><w n="261">rtṛ</w><w n="262">ka</w><w n="263">rma</w><w n="264">bhe</w><w n="265">dā</w><w n="266">bhā</w><w n="267">vā</w><w n="268" lemma="tca">c ca </w><w n="269">vai</w><w n="270">ka</w><w n="271">lpi</w><w n="272">ka</w><w n="273" lemma="tvaṃ">tvam </w><w n="274">a</w><w n="275" lemma="sya">sya </w><w n="276">sṛ</w><w n="277" lemma="ṣṭeḥ">ṣṭeḥ </w><w n="278">sphu</w><w n="279" lemma="ṭaṃ">ṭam </w><w n="280">u</w><w n="281" lemma="ktaṃ">ktaṃ </w><w n="282">bā</w><w n="283">hyo</w><w n="284">pā</w><w n="285">dā</w><w n="286" lemma="nā">nā </w><w n="287" lemma="tu">tu </w><w n="288">jā</w><w n="289">ga</w><w n="290">rā</w><w n="291" lemma="yāṃ">yām </w><w n="292">ai</w><w n="293">śva</w><w n="294" lemma="rī">rī </w><w n="295">sṛ</w><w n="296" lemma="ṣṭiḥ">ṣṭir </w><w n="297">vi</w><w n="298">śva</w><w n="299">śa</w><w n="300">bda</w><w n="301">vā</w><w n="302" lemma="cyā">cyā </w><w n="303">sa</w><w n="304">rva</w><w n="305">pra</w><w n="306">mā</w><w n="307">tṛ</w><w n="308">sā</w><w n="309">dhā</w><w n="310">ra</w><w n="311"></w><w n="312" lemma="ṇī">ṇī | </w><w n="313"></w>
</text></TEI>
</teiCorpus>
