<?xml version="1.0" encoding="UTF-8"?>
<teiCorpus xmlns="http://www.tei-c.org/ns/1.0">

<TEI n="GV">
<text>
<w n="0" lemma="vi">|| vi</w><w n="1">jñā</w><w n="2">na</w><w n="3">vā</w><w n="4" lemma="de">de </w><w n="5">bā</w><w n="6"></w><w n="7">hyā</w><w n="8">kā</w><w n="9">ra</w><w n="10" lemma="sya">sya </w><w n="11"></w><w n="12"></w><w n="13">bhā</w><w n="14">va</w><w n="15" lemma="to">to </w><w n="16">sa</w><w n="17">tya</w><w n="18">tvā</w><w n="19" lemma="nnī">n nī</w><w n="20">tvā</w><w n="21" lemma="di">di </w><w n="22">ta</w><w n="23">dga</w><w n="24"></w><w n="25" lemma="taḥ">to </w><w n="26">dha</w><w n="27" lemma="rmaḥ">rmo </w><w n="28">ja</w><w n="29" lemma="ḍaḥ">ḍo </w><w n="30">ja</w><w n="31" lemma="ḍe">ḍe </w><w n="32">a</w><w n="33"></w><w n="34">saṃ</w><w n="35">bha</w><w n="36" lemma="vo">vo </w><w n="37"></w><w n="38"></w><w n="39">tyaṃ</w><w n="40"></w><w n="41" lemma="taṃ">tam </w><w n="42">i</w><w n="43" lemma="ti">ti | </w><w n="44">ja</w><w n="45">ḍā</w><w n="46">ja</w><w n="47" lemma="ḍaḥ">ḍar </w><w n="48"></w><w n="49" lemma="na">na </w><w n="50">ke</w><w n="51">na</w><w n="52">ci</w><w n="53" lemma="taṃ">d aṃ</w><w n="54">śe</w><w n="55" lemma="na">na </w><w n="56">sā</w><w n="57">rū</w><w n="58" lemma="pyaṃ">pyam </w><w n="59">i</w><w n="60" lemma="tyā">ty ā</w><w n="61" lemma="ha">ha | </w><w n="62">ta</w><w n="63" lemma="thā">thā </w><w n="64">co</w><w n="65" lemma="ktaṃ">ktaṃ | </w><w n="66"></w><w n="67">e</w><w n="68">ka</w><w n="69">de</w><w n="70">śe</w><w n="71" lemma="na">na </w><w n="72">sā</w><w n="73">rū</w><w n="74" lemma="pya">pya </w><w n="75">saṃ</w><w n="76">vi</w><w n="77" lemma="tsyā">t syā</w><w n="78" lemma="tsa">t sa</w><w n="79">rva</w><w n="80">ve</w><w n="81">da</w><w n="82" lemma="naṃ">naṃ | </w><w n="83">sa</w><w n="84">rvā</w><w n="85">tma</w><w n="86" lemma="nā">nā </w><w n="87" lemma="tu">tu </w><w n="88">sā</w><w n="89">rū</w><w n="90" lemma="pyā">pyā </w><w n="91"></w><w n="92"></w><w n="93"></w><w n="94"></w><w n="95"></w><w n="96">saṃ</w><w n="97">vi</w><w n="98" lemma="tsyā">t syā</w><w n="99" lemma="tsa">t sa</w><w n="100">jñā</w><w n="101">na</w><w n="102" lemma="tāṃ">tāṃ </w><w n="103">vra</w><w n="104">je</w><w n="105" lemma="ti">d i</w><w n="106" lemma="ti">ti | </w>
</text></TEI>
<TEI n="CT">
<text>
<w n="0">vi</w><w n="1">jñā</w><w n="2">na</w><w n="3">vā</w><w n="4" lemma="de">de </w><w n="5">vi</w><w n="6">ṣa</w><w n="7">yā</w><w n="8">kā</w><w n="9">ra</w><w n="10" lemma="sya">sya </w><w n="11"></w><w n="12"></w><w n="13" lemma="bhā">bhā-</w><w n="14">va</w><w n="15" lemma="to">to </w><w n="16">sa</w><w n="17">tya</w><w n="18">tvā</w><w n="19" lemma="nnī">n nī</w><w n="20">lā</w><w n="21" lemma="diḥ">dis </w><w n="22">ta</w><w n="23">dga</w><w n="24"></w><w n="25" lemma="taḥ">to </w><w n="26">dha</w><w n="27" lemma="rmaḥ">rmo </w><w n="28">ja</w><w n="29" lemma="ḍaḥ">ḍo </w><w n="30">ja</w><w n="31" lemma="ḍe">ḍe </w><w n="32">jñā</w><w n="33" lemma="ne">ne </w><w n="34">saṃ</w><w n="35">bha</w><w n="36" lemma="vī">vī </w><w n="37">a</w><w n="38"></w><w n="39" lemma="tyaṃ">tyan</w><w n="40"></w><w n="41" lemma="taṃ">tam </w><w n="42">i</w><w n="43" lemma="ti">ti </w><w n="44">ja</w><w n="45">ḍā</w><w n="46">ja</w><w n="47">ḍa</w><w n="48" lemma="yoḥ">yor </w><w n="49" lemma="na">na </w><w n="50">ke</w><w n="51">na</w><w n="52">ci</w><w n="53" lemma="taṃ">d aṃ</w><w n="54">śe</w><w n="55" lemma="na">na </w><w n="56">sā</w><w n="57">rū</w><w n="58" lemma="pyaṃ">pyam </w><w n="59">i</w><w n="60" lemma="tyā">ty ā</w><w n="61" lemma="ha">ha&#8212; </w><w n="62">ta</w><w n="63" lemma="thā">thā </w><w n="64">co</w><w n="65" lemma="ktaṃ">ktam&#8212; </w><w n="66"></w><w n="67">e</w><w n="68">ka</w><w n="69">de</w><w n="70">śe</w><w n="71" lemma="na">na </w><w n="72">sā</w><w n="73">rū</w><w n="74" lemma="pye">pye </w><w n="75">sa</w><w n="76" lemma="rvaṃ">rvaṃ </w><w n="77">syā</w><w n="78" lemma="tsa">t sa</w><w n="79">rva</w><w n="80">ve</w><w n="81">da</w><w n="82" lemma="naṃ">nam | </w><w n="83">sa</w><w n="84">rvā</w><w n="85">tma</w><w n="86">nā</w><w n="87">tma</w><w n="88">sā</w><w n="89">rū</w><w n="90" lemma="pye">pye </w><w n="91"></w><w n="92"></w><w n="93"></w><w n="94"></w><w n="95">jñā</w><w n="96" lemma="naṃ">nam </w><w n="97"></w><w n="98"></w><w n="99">a</w><w n="100">jñā</w><w n="101">na</w><w n="102" lemma="tāṃ">tāṃ </w><w n="103">vra</w><w n="104">je</w><w n="105" lemma="ti">t || i</w><w n="106" lemma="ti">ti ||</w>
</text></TEI>
<TEI n="T">
<text>
<w n="0">vi</w><w n="1">jñā</w><w n="2">na</w><w n="3">vā</w><w n="4" lemma="de">de </w><w n="5">vi</w><w n="6">ṣa</w><w n="7">yā</w><w n="8">kā</w><w n="9">ra</w><w n="10" lemma="sya">sya </w><w n="11"></w><w n="12"></w><w n="13">bha</w><w n="14">va</w><w n="15" lemma="to">to </w><w n="16">sa</w><w n="17">tya</w><w n="18">tvā</w><w n="19" lemma="nnī">n nī</w><w n="20">lā</w><w n="21" lemma="diḥ">dis </w><w n="22">ta</w><w n="23" lemma="dga">d_ga</w><w n="24"></w><w n="25" lemma="taḥ">to </w><w n="26">dha</w><w n="27" lemma="rmaḥ">rmmo </w><w n="28">ja</w><w n="29" lemma="ḍaḥ">ḍo </w><w n="30">ja</w><w n="31" lemma="ḍe">ḍe </w><w n="32">jñā</w><w n="33" lemma="ne">ne </w><w n="34">saṃ</w><w n="35">bha</w><w n="36" lemma="vī">vī </w><w n="37">a</w><w n="38"></w><w n="39" lemma="tyaṃ">tyan</w><w n="40"></w><w n="41" lemma="taṃ">tam </w><w n="42">i</w><w n="43" lemma="ti">ti </w><w n="44">ja</w><w n="45">ḍā</w><w n="46">ja</w><w n="47">ḍa</w><w n="48" lemma="yoḥ">yor </w><w n="49" lemma="na">nna </w><w n="50">ke</w><w n="51">na</w><w n="52">ci</w><w n="53" lemma="taṃ">d aṃ</w><w n="54">śe</w><w n="55" lemma="na">na </w><w n="56">sā</w><w n="57">rū</w><w n="58" lemma="pyaṃ">pyam </w><w n="59">i</w><w n="60" lemma="tyā">ty ā</w><w n="61" lemma="ha">ha </w><w n="62">ta</w><w n="63" lemma="thā">thā </w><w n="64">co</w><w n="65" lemma="ktaṃ">ktaṃ </w><w n="66"></w><w n="67">e</w><w n="68">ka</w><w n="69">de</w><w n="70">śe</w><w n="71" lemma="na">na </w><w n="72">sā</w><w n="73">rū</w><w n="74" lemma="pye">pye </w><w n="75">sa</w><w n="76" lemma="rvaṃ">rvvaṃ </w><w n="77">syā</w><w n="78" lemma="tsa">t sa</w><w n="79" lemma="rva">rvva</w><w n="80">ve</w><w n="81">da</w><w n="82" lemma="naṃ">naṃ </w><w n="83">sa</w><w n="84" lemma="rvā">rvvā</w><w n="85">tma</w><w n="86">nā</w><w n="87">tma</w><w n="88">sā</w><w n="89">rū</w><w n="90">pya</w><w n="91"></w><w n="92"></w><w n="93"></w><w n="94"></w><w n="95">jñā</w><w n="96" lemma="naṃ">nam </w><w n="97"></w><w n="98"></w><w n="99">a</w><w n="100">jñā</w><w n="101">na</w><w n="102" lemma="tāṃ">tāṃ </w><w n="103">vra</w><w n="104">je</w><w n="105" lemma="ti">d i</w><w n="106" lemma="ti">ti | </w>
</text></TEI>
<TEI n="H">
<text>
<w n="0">vi</w><w n="1">jñā</w><w n="2">na</w><w n="3">vā</w><w n="4" lemma="de">de </w><w n="5">vi</w><w n="6">ṣa</w><w n="7">yā</w><w n="8">kā</w><w n="9">ra</w><w n="10" lemma="sya">sya </w><w n="11">sa</w><w n="12">rva</w><w n="13">bhā</w><w n="14">va</w><w n="15" lemma="to">to </w><w n="16">sa</w><w n="17">tya</w><w n="18">tvā</w><w n="19" lemma="nnī">n nī</w><w n="20">lā</w><w n="21" lemma="diḥ">dis </w><w n="22">ta</w><w n="23">dga</w><w n="24"></w><w n="25" lemma="taḥ">to </w><w n="26">dha</w><w n="27" lemma="rmaḥ">rmo </w><w n="28">ja</w><w n="29" lemma="ḍaḥ">ḍo </w><w n="30">ja</w><w n="31" lemma="ḍe">ḍe </w><w n="32">jñā</w><w n="33" lemma="ne">ne </w><w n="34">saṃ</w><w n="35">bha</w><w n="36" lemma="vya">vy a</w><w n="37"></w><w n="38"></w><w n="39">tyaṃ</w><w n="40"></w><w n="41" lemma="taṃ">tam </w><w n="42">i</w><w n="43" lemma="ti">ti </w><w n="44">ja</w><w n="45">ḍā</w><w n="46">ja</w><w n="47">ḍa</w><w n="48" lemma="yoḥ">yor </w><w n="49" lemma="na">na </w><w n="50">ke</w><w n="51">na</w><w n="52">ci</w><w n="53" lemma="taṃ">d aṃ</w><w n="54">śe</w><w n="55" lemma="na">na </w><w n="56">sā</w><w n="57">rū</w><w n="58" lemma="pyaṃ">pyam </w><w n="59">i</w><w n="60" lemma="tyā">ty ā</w><w n="61" lemma="ha">ha | </w><w n="62">ta</w><w n="63" lemma="thā">thā </w><w n="64">co</w><w n="65" lemma="ktaṃ">ktaṃ | </w><w n="66"></w><w n="67">e</w><w n="68">ka</w><w n="69">de</w><w n="70">śe</w><w n="71" lemma="na">na </w><w n="72">sā</w><w n="73">rū</w><w n="74" lemma="pye">pye </w><w n="75">sa</w><w n="76" lemma="rvaṃ">rvaṃ </w><w n="77">syā</w><w n="78" lemma="tsa">t sa</w><w n="79">rva</w><w n="80">va</w><w n="81">da</w><w n="82" lemma="naṃ">naṃ </w><w n="83">sa</w><w n="84">rvā</w><w n="85">tma</w><w n="86" lemma="nā">nā </w><w n="87" lemma="tu">tu </w><w n="88">sā</w><w n="89">rū</w><w n="90" lemma="pye">pye </w><w n="91"></w><w n="92"></w><w n="93"></w><w n="94"></w><w n="95">jñā</w><w n="96" lemma="naṃ">nam </w><w n="97"></w><w n="98"></w><w n="99">a</w><w n="100">jñā</w><w n="101">na</w><w n="102" lemma="tāṃ">tāṃ </w><w n="103">vra</w><w n="104">je</w><w n="105" lemma="ti">d i</w><w n="106" lemma="ti">ti | </w>
</text></TEI>
<TEI n="P">
<text>
<w n="0">vi</w><w n="1">jñā</w><w n="2">na</w><w n="3">vā</w><w n="4" lemma="de">de </w><w n="5">bā</w><w n="6"></w><w n="7">hyā</w><w n="8">kā</w><w n="9">ra</w><w n="10" lemma="sya">sya </w><w n="11"></w><w n="12"></w><w n="13">bhā</w><w n="14">va</w><w n="15" lemma="to">to </w><w n="16">sa</w><w n="17">tya</w><w n="18">tvā</w><w n="19" lemma="nnī">n nī</w><w n="20">tvā</w><w n="21" lemma="di">di </w><w n="22">ta</w><w n="23">dga</w><w n="24"></w><w n="25" lemma="taḥ">to </w><w n="26">dha</w><w n="27" lemma="rmaḥ">rmo </w><w n="28">ja</w><w n="29" lemma="ḍaḥ">ḍo </w><w n="30">ja</w><w n="31" lemma="ḍe">ḍe </w><w n="32">a</w><w n="33"></w><w n="34">saṃ</w><w n="35">bha</w><w n="36" lemma="vo">vo </w><w n="37"></w><w n="38"></w><w n="39">tyaṃ</w><w n="40"></w><w n="41" lemma="taṃ">tam </w><w n="42">i</w><w n="43" lemma="ti">ti </w><w n="44">ja</w><w n="45" lemma="ḍā">ḍā&#166;</w><w n="46">ja</w><w n="47" lemma="ḍaḥ">ḍar </w><w n="48"></w><w n="49" lemma="na">na </w><w n="50">ke</w><w n="51">na</w><w n="52">ci</w><w n="53" lemma="taṃ">d aṃ</w><w n="54">śe</w><w n="55" lemma="na">na </w><w n="56">sā</w><w n="57">rū</w><w n="58" lemma="pyaṃ">pyam </w><w n="59">i</w><w n="60" lemma="tyā">ty ā</w><w n="61" lemma="ha">ha </w><w n="62">ta</w><w n="63" lemma="thā">thā </w><w n="64">co</w><w n="65" lemma="ktaṃ">ktaṃ </w><w n="66"></w><w n="67">e</w><w n="68">ka</w><w n="69">de</w><w n="70">śe</w><w n="71" lemma="na">na </w><w n="72">sā</w><w n="73">rū</w><w n="74" lemma="pya">pya </w><w n="75">saṃ</w><w n="76">vi</w><w n="77" lemma="tsyā">t syā</w><w n="78" lemma="tsa">t sa</w><w n="79">rva</w><w n="80">ve</w><w n="81">da</w><w n="82" lemma="naṃ">naṃ </w><w n="83">sa</w><w n="84">rvā</w><w n="85">tma</w><w n="86" lemma="nā">nā </w><w n="87" lemma="tu">tu </w><w n="88">sā</w><w n="89">rū</w><w n="90" lemma="pyā">pyā </w><w n="91"></w><w n="92"></w><w n="93"></w><w n="94"></w><w n="95"></w><w n="96">saṃ</w><w n="97">vi</w><w n="98" lemma="tsyā">t syā</w><w n="99" lemma="tsa">t sa</w><w n="100">jñā</w><w n="101">na</w><w n="102" lemma="tāṃ">tāṃ </w><w n="103">vra</w><w n="104">je</w><w n="105" lemma="ti">d i</w><w n="106" lemma="ti">ti </w>
</text></TEI>
<TEI n="M">
<text>
<w n="0">vi</w><w n="1">jñā</w><w n="2">na</w><w n="3">vā</w><w n="4" lemma="de">de </w><w n="5">bā</w><w n="6"></w><w n="7">hyā</w><w n="8">kā</w><w n="9">ra</w><w n="10" lemma="sya">sya </w><w n="11"></w><w n="12"></w><w n="13">bhā</w><w n="14">va</w><w n="15" lemma="to">to </w><w n="16">sa</w><w n="17">tya</w><w n="18">tvā</w><w n="19" lemma="nnī">n nī</w><w n="20">lā</w><w n="21" lemma="di">di </w><w n="22">ta</w><w n="23">dga</w><w n="24"></w><w n="25" lemma="taḥ">to </w><w n="26">dha</w><w n="27" lemma="rmaḥ">rmo </w><w n="28">ja</w><w n="29" lemma="ḍaḥ">ḍo </w><w n="30">ja</w><w n="31" lemma="ḍe">ḍe </w><w n="32">a</w><w n="33"></w><w n="34">saṃ</w><w n="35">bha</w><w n="36" lemma="vo">vo </w><w n="37"></w><w n="38"></w><w n="39">tyaṃ</w><w n="40"></w><w n="41" lemma="taṃ">tam </w><w n="42">i</w><w n="43" lemma="ti">ti </w><w n="44">ja</w><w n="45">ḍā</w><w n="46">ja</w><w n="47">ḍa</w><w n="48" lemma="yoḥ">yor </w><w n="49" lemma="na">na </w><w n="50">ke</w><w n="51">na</w><w n="52">ci</w><w n="53" lemma="taṃ">d aṃ</w><w n="54">śe</w><w n="55" lemma="na">na </w><w n="56">sā</w><w n="57">rū</w><w n="58" lemma="pyaṃ">pyam </w><w n="59">i</w><w n="60" lemma="tyā">ty ā</w><w n="61" lemma="ha">ha | </w><w n="62">ta</w><w n="63" lemma="thā">thā </w><w n="64">co</w><w n="65" lemma="ktaṃ">ktaṃ | </w><w n="66"></w><w n="67">e</w><w n="68">ka</w><w n="69">de</w><w n="70">śe</w><w n="71" lemma="na">na </w><w n="72">sā</w><w n="73">rū</w><w n="74" lemma="pye">pye </w><w n="75">saṃ</w><w n="76">vi</w><w n="77" lemma="tsyā">t syā</w><w n="78" lemma="tsa">t sa</w><w n="79">rva</w><w n="80">ve</w><w n="81">da</w><w n="82" lemma="naṃ">naṃ | </w><w n="83">sa</w><w n="84">rvā</w><w n="85">tma</w><w n="86" lemma="nā">nā </w><w n="87" lemma="tu">tu </w><w n="88">sā</w><w n="89">rū</w><w n="90" lemma="pye">pye </w><w n="91">saṃ</w><w n="92">vi</w><w n="93" lemma="tsyā">t syā</w><w n="94" lemma="tsa">t sa</w><w n="95">jñā</w><w n="96" lemma="naṃ">nam </w><w n="97"></w><w n="98"></w><w n="99">a</w><w n="100">jñā</w><w n="101">na</w><w n="102" lemma="tāṃ">tāṃ </w><w n="103">vra</w><w n="104">je</w><w n="105" lemma="ti">d i</w><w n="106" lemma="ti">ti | </w>
</text></TEI>
<TEI n="G2">
<text>
<w n="0">vi</w><w n="1">jñā</w><w n="2">na</w><w n="3">vā</w><w n="4" lemma="de">de </w><w n="5">vi</w><w n="6">ṣa</w><w n="7">yā</w><w n="8">kā</w><w n="9">ra</w><w n="10" lemma="sya">sya </w><w n="11"></w><w n="12"></w><w n="13">tā</w><w n="14">va</w><w n="15" lemma="to">to </w><w n="16">sā</w><w n="17">tya</w><w n="18">tvā</w><w n="19" lemma="nnī">t__ nī</w><w n="20">lā</w><w n="21" lemma="diḥ">dis </w><w n="22">ta</w><w n="23" lemma="tsa">t sa</w><w n="24">hi</w><w n="25" lemma="te">te | </w><w n="26">dha</w><w n="27" lemma="rmaḥ">rmo </w><w n="28">ja</w><w n="29"></w><w n="30"></w><w n="31" lemma="ḍe">ḍe </w><w n="32">jñā</w><w n="33" lemma="ne">ne </w><w n="34">saṃ</w><w n="35">mā</w><w n="36">va</w><w n="37" lemma="taiḥ">tair </w><w n="38">a</w><w n="39">tyaṃ</w><w n="40"></w><w n="41" lemma="taṃ">tam </w><w n="42">i</w><w n="43" lemma="ti">ti </w><w n="44">ja</w><w n="45">ḍā</w><w n="46">ja</w><w n="47">ḍa</w><w n="48" lemma="yoḥ">yor </w><w n="49" lemma="na">na </w><w n="50">ke</w><w n="51">na</w><w n="52">vi</w><w n="53" lemma="taṃ">d aṃ</w><w n="54">śe</w><w n="55" lemma="na">na </w><w n="56">sā</w><w n="57">rū</w><w n="58" lemma="pyaṃ">pyam </w><w n="59">i</w><w n="60" lemma="tyā">ty ā</w><w n="61" lemma="ha">ha </w><w n="62">ta</w><w n="63" lemma="thā">thā </w><w n="64">vo</w><w n="65">kta</w><w n="66" lemma="mā">mā </w><w n="67">e</w><w n="68">ka</w><w n="69">de</w><w n="70">śe</w><w n="71" lemma="na">na </w><w n="72">sā</w><w n="73">rū</w><w n="74" lemma="pye">pye </w><w n="75">saṃ</w><w n="76" lemma="rva">rva </w><w n="77">syā</w><w n="78" lemma="tsa">t sa</w><w n="79">rva</w><w n="80">ve</w><w n="81">da</w><w n="82" lemma="nāṃ">nāṃ || </w><w n="83">sa</w><w n="84">rvā</w><w n="85">tma</w><w n="86" lemma="nā">nā </w><w n="87" lemma="tu">tu </w><w n="88">sa</w><w n="89">bhū</w><w n="90" lemma="pye">pye </w><w n="91"></w><w n="92"></w><w n="93"></w><w n="94"></w><w n="95">jñā</w><w n="96" lemma="naṃ">nam </w><w n="97"></w><w n="98"></w><w n="99">a</w><w n="100">jñā</w><w n="101">na</w><w n="102" lemma="tāṃ">tāṃ </w><w n="103">vra</w><w n="104">je</w><w n="105" lemma="ti">d i</w><w n="106" lemma="ti">ti </w>
</text></TEI>
<TEI n="G1">
<text>
<w n="0">vi</w><w n="1">jñā</w><w n="2">nā</w><w n="3">vā</w><w n="4" lemma="de">de </w><w n="5">vi</w><w n="6">ṣa</w><w n="7">yā</w><w n="8">kā</w><w n="9">ra</w><w n="10" lemma="sya">sya </w><w n="11"></w><w n="12"></w><w n="13">tā</w><w n="14">va</w><w n="15" lemma="to">to </w><w n="16">sā</w><w n="17">tya</w><w n="18">tvā</w><w n="19" lemma="nnī">t__ nī</w><w n="20">lā</w><w n="21" lemma="diḥ">dis </w><w n="22">ta</w><w n="23" lemma="tsa">t sa</w><w n="24">hi</w><w n="25" lemma="te">te | </w><w n="26">dha</w><w n="27" lemma="rmaḥ">rmo </w><w n="28">ja</w><w n="29"></w><w n="30"></w><w n="31" lemma="ḍe">ḍe </w><w n="32">jñā</w><w n="33" lemma="ne">ne </w><w n="34">saṃ</w><w n="35">mā</w><w n="36">va</w><w n="37"></w><w n="38"></w><w n="39" lemma="taiḥ">tair </w><w n="40">a</w><w n="41" lemma="tyaṃ">tyaṃm </w><w n="42">i</w><w n="43" lemma="ti">ti </w><w n="44">ja</w><w n="45">ḍā</w><w n="46">ja</w><w n="47">ḍa</w><w n="48" lemma="yoḥ">yor </w><w n="49" lemma="na">na </w><w n="50">ke</w><w n="51">na</w><w n="52">vi</w><w n="53" lemma="taṃ">d aṃ</w><w n="54">śe</w><w n="55" lemma="na">na </w><w n="56">sā</w><w n="57">rū</w><w n="58" lemma="pyaṃ">pyam </w><w n="59">i</w><w n="60" lemma="tyā">ty ā</w><w n="61" lemma="ha">ha </w><w n="62">ta</w><w n="63" lemma="thā">thā </w><w n="64">vo</w><w n="65">kta</w><w n="66" lemma="mā">mā | </w><w n="67">e</w><w n="68">ka</w><w n="69">de</w><w n="70">śe</w><w n="71" lemma="na">na </w><w n="72">sā</w><w n="73">rū</w><w n="74" lemma="pye">pye </w><w n="75">saṃ</w><w n="76" lemma="rva">rva </w><w n="77">syā</w><w n="78"></w><w n="79">rva</w><w n="80">ve</w><w n="81">da</w><w n="82" lemma="nāṃ">nāṃ || </w><w n="83">sa</w><w n="84">rvā</w><w n="85">tma</w><w n="86" lemma="nā">nā </w><w n="87" lemma="tu">tu </w><w n="88">sa</w><w n="89">bhū</w><w n="90" lemma="pye">pye </w><w n="91"></w><w n="92"></w><w n="93"></w><w n="94"></w><w n="95">jñā</w><w n="96" lemma="naṃ">nam </w><w n="97"></w><w n="98"></w><w n="99">a</w><w n="100">jñā</w><w n="101">na</w><w n="102" lemma="tāṃ">tāṃ </w><w n="103">vra</w><w n="104">je</w><w n="105" lemma="ti">d i</w><w n="106" lemma="ti">ti </w>
</text></TEI>
<TEI n="L">
<text>
<w n="0">vi</w><w n="1">jñā</w><w n="2">na</w><w n="3">vā</w><w n="4" lemma="de">de </w><w n="5">vi</w><w n="6">ṣa</w><w n="7">yā</w><w n="8">kā</w><w n="9" lemma="ra">ra&#166;</w><w n="10" lemma="sya">sya </w><w n="11"></w><w n="12"></w><w n="13">tā</w><w n="14">va</w><w n="15" lemma="to">to </w><w n="16">sa</w><w n="17">tya</w><w n="18">tvā</w><w n="19" lemma="nnī">n nī</w><w n="20">lā</w><w n="21" lemma="diḥ">dis </w><w n="22">ta</w><w n="23" lemma="rhi">rhi </w><w n="24"></w><w n="25" lemma="te">te </w><w n="26">dha</w><w n="27" lemma="rmaḥ">rmo </w><w n="28">ja</w><w n="29"></w><w n="30"></w><w n="31" lemma="ḍe">ḍe </w><w n="32">jñā</w><w n="33" lemma="ne">ne </w><w n="34">saṃ</w><w n="35">bhā</w><w n="36">va</w><w n="37" lemma="taiḥ">tair </w><w n="38">a</w><w n="39">tya</w><w n="40"></w><w n="41" lemma="taṃ">tam </w><w n="42">i</w><w n="43" lemma="ti">ti </w><w n="44">ja</w><w n="45">ḍā</w><w n="46">ja</w><w n="47">ḍa</w><w n="48" lemma="yoḥ">yor </w><w n="49" lemma="na">na </w><w n="50">ke</w><w n="51">na</w><w n="52">ci</w><w n="53" lemma="taṃ">d aṃ</w><w n="54">śe</w><w n="55" lemma="na">na </w><w n="56">sā</w><w n="57">dṛ</w><w n="58" lemma="pyaṃ">pyam </w><w n="59">i</w><w n="60" lemma="tyā">ty ā</w><w n="61" lemma="ha">ha | </w><w n="62">ta</w><w n="63" lemma="thā">thā </w><w n="64">co</w><w n="65" lemma="ktaṃ">ktaṃ || </w><w n="66"></w><w n="67">e</w><w n="68">ka</w><w n="69">de</w><w n="70">śe</w><w n="71" lemma="na">na </w><w n="72">sā</w><w n="73">rū</w><w n="74" lemma="pye">pye </w><w n="75">sa</w><w n="76" lemma="rvaṃ">rvaṃ </w><w n="77">syā</w><w n="78" lemma="tsa">t sa</w><w n="79">rva</w><w n="80">ve</w><w n="81">da</w><w n="82" lemma="naṃ">naṃ || </w><w n="83">sa</w><w n="84">rvā</w><w n="85">tma</w><w n="86" lemma="nā">nā </w><w n="87" lemma="tu">tu </w><w n="88">sā</w><w n="89">rū</w><w n="90" lemma="pye">pye </w><w n="91"></w><w n="92"></w><w n="93"></w><w n="94"></w><w n="95">jñā</w><w n="96" lemma="naṃ">nam </w><w n="97"></w><w n="98"></w><w n="99">a</w><w n="100">jñā</w><w n="101">na</w><w n="102" lemma="tāṃ">tāṃ </w><w n="103">vra</w><w n="104">je</w><w n="105" lemma="ti">d i</w><w n="106" lemma="ti">ti || </w>
</text></TEI>
<TEI n="O">
<text>
<w n="0">vi</w><w n="1">jñā</w><w n="2">na</w><w n="3">vā</w><w n="4" lemma="de">de </w><w n="5">vi</w><w n="6">ṣa</w><w n="7">yā</w><w n="8">kā</w><w n="9">ra</w><w n="10" lemma="sya">sya </w><w n="11"></w><w n="12"></w><w n="13">tā</w><w n="14">va</w><w n="15" lemma="to">to </w><w n="16">sa</w><w n="17">tya</w><w n="18">tvā</w><w n="19" lemma="nnī">n nī</w><w n="20">lā</w><w n="21" lemma="diḥ">dis </w><w n="22">ta</w><w n="23" lemma="hi">hi </w><w n="24"></w><w n="25" lemma="te">te </w><w n="26">dha</w><w n="27" lemma="rmaḥ">rmo </w><w n="28">ja</w><w n="29"></w><w n="30"></w><w n="31" lemma="ḍe">ḍe </w><w n="32">jñā</w><w n="33" lemma="ne">ne </w><w n="34">saṃ</w><w n="35">bhā</w><w n="36">vaṃ</w><w n="37" lemma="taiḥ">tair </w><w n="38">a</w><w n="39">tyaṃ</w><w n="40"></w><w n="41" lemma="taṃ">tam </w><w n="42">i</w><w n="43" lemma="ti">ti </w><w n="44">ja</w><w n="45">ḍā</w><w n="46">ja</w><w n="47">ḍa</w><w n="48" lemma="yoḥ">yor </w><w n="49" lemma="na">na </w><w n="50">ke</w><w n="51">na</w><w n="52">ci</w><w n="53" lemma="taṃ">d aṃ</w><w n="54">śe</w><w n="55" lemma="na">na </w><w n="56">sā</w><w n="57">rū</w><w n="58" lemma="pyaṃ">pyam </w><w n="59">i</w><w n="60" lemma="tyā">ty ā</w><w n="61" lemma="ha">ha </w><w n="62">ta</w><w n="63" lemma="thā">thā </w><w n="64">co</w><w n="65" lemma="ktaṃ">ktaṃ | </w><w n="66"></w><w n="67">e</w><w n="68">ka</w><w n="69">de</w><w n="70">śe</w><w n="71" lemma="na">na </w><w n="72">sā</w><w n="73">rū</w><w n="74" lemma="pye">pye </w><w n="75">sa</w><w n="76" lemma="rvaṃ">rvaṃ </w><w n="77">syā</w><w n="78" lemma="tsa">t sa</w><w n="79">rva</w><w n="80">ve</w><w n="81">da</w><w n="82" lemma="naṃ">naṃ | </w><w n="83">sa</w><w n="84">rvā</w><w n="85">tma</w><w n="86" lemma="nā">nā </w><w n="87" lemma="tu">tu </w><w n="88">sā</w><w n="89">rū</w><w n="90" lemma="pye">pye </w><w n="91"></w><w n="92"></w><w n="93"></w><w n="94"></w><w n="95">jñā</w><w n="96" lemma="naṃ">nam </w><w n="97"></w><w n="98"></w><w n="99">a</w><w n="100">jñā</w><w n="101">na</w><w n="102" lemma="tāṃ">tāṃ </w><w n="103">vra</w><w n="104">je</w><w n="105" lemma="ti">d i</w><w n="106" lemma="ti">ti | </w>
</text></TEI>
<TEI n="A">
<text>
<w n="0">vi</w><w n="1">jñā</w><w n="2">na</w><w n="3">vā</w><w n="4" lemma="de">de </w><w n="5">vi</w><w n="6">ṣa</w><w n="7">yā</w><w n="8">kā</w><w n="9">ra</w><w n="10" lemma="sya">sya </w><w n="11"></w><w n="12"></w><w n="13">tā</w><w n="14">va</w><w n="15" lemma="to">to </w><w n="16">sa</w><w n="17">tya</w><w n="18">tvā</w><w n="19" lemma="nnī">n nī</w><w n="20">lā</w><w n="21" lemma="diḥ">dis </w><w n="22">ta</w><w n="23">hu</w><w n="24"></w><w n="25" lemma="taḥ">to </w><w n="26">dha</w><w n="27" lemma="rmaḥ">rmo </w><w n="28">ja</w><w n="29" lemma="ḍaḥ">ḍo </w><w n="30">ja</w><w n="31" lemma="ḍe">ḍe </w><w n="32">jñā</w><w n="33" lemma="ne">ne </w><w n="34">saṃ</w><w n="35">bha</w><w n="36" lemma="vo">vo '</w><w n="37"></w><w n="38"></w><w n="39">tyaṃ</w><w n="40"></w><w n="41" lemma="taṃ">tam </w><w n="42">i</w><w n="43" lemma="ti">ti </w><w n="44">ja</w><w n="45">ḍā</w><w n="46">ja</w><w n="47">ḍa</w><w n="48" lemma="yoḥ">yor </w><w n="49" lemma="na">na </w><w n="50">vye</w><w n="51">na</w><w n="52">ci</w><w n="53" lemma="taṃ">d aṃ</w><w n="54">śe</w><w n="55" lemma="na">na </w><w n="56">sā</w><w n="57">rū</w><w n="58" lemma="pyaṃ">pyam </w><w n="59">i</w><w n="60" lemma="tyā">ty ā</w><w n="61" lemma="ha">ha || </w><w n="62">ta</w><w n="63" lemma="thā">thā </w><w n="64">co</w><w n="65" lemma="ktaṃ">ktaṃ </w><w n="66"></w><w n="67">e</w><w n="68">ka</w><w n="69">de</w><w n="70">śe</w><w n="71" lemma="na">na </w><w n="72">sā</w><w n="73">rū</w><w n="74" lemma="pye">pye </w><w n="75">sa</w><w n="76" lemma="rvaṃ">rvaṃ </w><w n="77">syā</w><w n="78" lemma="tsa">t sa</w><w n="79">rva</w><w n="80">ve</w><w n="81">da</w><w n="82" lemma="naṃ">naṃ </w><w n="83">sa</w><w n="84">rvā</w><w n="85">tma</w><w n="86" lemma="nā">nā </w><w n="87" lemma="tu">tu </w><w n="88">sā</w><w n="89">rū</w><w n="90" lemma="pye">pye </w><w n="91"></w><w n="92"></w><w n="93"></w><w n="94"></w><w n="95">jñā</w><w n="96" lemma="naṃ">nam </w><w n="97"></w><w n="98"></w><w n="99">a</w><w n="100">jñā</w><w n="101">na</w><w n="102" lemma="tāṃ">tāṃ </w><w n="103">vra</w><w n="104">te</w><w n="105" lemma="ti">d i</w><w n="106" lemma="ti">ti </w>
</text></TEI>
<TEI n="V">
<text>
<w n="0">vi</w><w n="1">jñā</w><w n="2">na</w><w n="3">vā</w><w n="4" lemma="de">de </w><w n="5">vi</w><w n="6">ṣa</w><w n="7">yā</w><w n="8">kā</w><w n="9">ra</w><w n="10" lemma="sya">sya </w><w n="11"></w><w n="12"></w><w n="13">tā</w><w n="14">va</w><w n="15" lemma="to">to </w><w n="16">sa</w><w n="17">tya</w><w n="18">tvā</w><w n="19">tī</w><w n="20">lā</w><w n="21" lemma="diḥ">dis </w><w n="22">ta</w><w n="23">dga</w><w n="24"></w><w n="25" lemma="taḥ">to </w><w n="26">dha</w><w n="27" lemma="rmaḥ">rmo </w><w n="28">ja</w><w n="29" lemma="ḍā">ḍā '</w><w n="30">ja</w><w n="31" lemma="ḍe">ḍe </w><w n="32">jñā</w><w n="33" lemma="ne">ne </w><w n="34">saṃ</w><w n="35">bha</w><w n="36" lemma="vo">vo '</w><w n="37"></w><w n="38"></w><w n="39">tyaṃ</w><w n="40"></w><w n="41" lemma="taṃ">tam </w><w n="42">i</w><w n="43" lemma="ti">ti </w><w n="44">ja</w><w n="45">ḍā</w><w n="46">ja</w><w n="47">ḍa</w><w n="48" lemma="yoḥ">yor </w><w n="49" lemma="na">na </w><w n="50">ke</w><w n="51">na</w><w n="52">ci</w><w n="53" lemma="taṃ">d aṃ</w><w n="54">śe</w><w n="55" lemma="na">na&#166; </w><w n="56">sā</w><w n="57">rū</w><w n="58" lemma="pyaṃ">pyam </w><w n="59">i</w><w n="60" lemma="tyā">ty ā</w><w n="61" lemma="ha">ha </w><w n="62">ta</w><w n="63" lemma="thā">thā </w><w n="64">co</w><w n="65" lemma="ktaṃ">ktaṃ </w><w n="66"></w><w n="67">e</w><w n="68">ka</w><w n="69">de</w><w n="70">śe</w><w n="71" lemma="na">na </w><w n="72">sā</w><w n="73">rū</w><w n="74" lemma="pye">pye </w><w n="75">sa</w><w n="76" lemma="rvaṃ">rvaṃ </w><w n="77">syā</w><w n="78" lemma="tsa">t sa</w><w n="79">rva</w><w n="80">ve</w><w n="81">da</w><w n="82" lemma="naṃ">naṃ </w><w n="83">sa</w><w n="84">rvā</w><w n="85">tma</w><w n="86" lemma="nā">nā </w><w n="87" lemma="tu">tu </w><w n="88">sā</w><w n="89">rū</w><w n="90" lemma="pye">pye </w><w n="91"></w><w n="92"></w><w n="93"></w><w n="94"></w><w n="95">jñā</w><w n="96" lemma="naṃ">nam </w><w n="97"></w><w n="98"></w><w n="99">a</w><w n="100">jñā</w><w n="101">na</w><w n="102" lemma="tā">tā </w><w n="103">vra</w><w n="104">je</w><w n="105" lemma="ti">d i</w><w n="106" lemma="ti">ti </w>
</text></TEI>
<TEI n="K">
<text>
<w n="0" lemma="vi">| vi</w><w n="1">jñā</w><w n="2">na</w><w n="3">vā</w><w n="4" lemma="de">de </w><w n="5">vi</w><w n="6">ṣa</w><w n="7">yā</w><w n="8">kā</w><w n="9">ra</w><w n="10" lemma="sya">sya </w><w n="11"></w><w n="12"></w><w n="13">tā</w><w n="14">va</w><w n="15" lemma="to">to </w><w n="16">sa</w><w n="17">tya</w><w n="18">tvā</w><w n="19" lemma="nnī">n nī</w><w n="20">lā</w><w n="21" lemma="diḥ">dis </w><w n="22">ta</w><w n="23">dga</w><w n="24"></w><w n="25" lemma="taḥ">to </w><w n="26">dha</w><w n="27" lemma="rmaḥ">rmo </w><w n="28">ja</w><w n="29" lemma="ḍā">ḍā '</w><w n="30">ja</w><w n="31" lemma="ḍe">ḍe </w><w n="32">jñā</w><w n="33" lemma="ne">ne </w><w n="34">saṃ</w><w n="35">bha</w><w n="36" lemma="vo">vo '</w><w n="37"></w><w n="38"></w><w n="39">tyaṃ</w><w n="40"></w><w n="41" lemma="taṃ">tam </w><w n="42">i</w><w n="43" lemma="ti">ti </w><w n="44">ja</w><w n="45">ḍā</w><w n="46">ja</w><w n="47">ḍa</w><w n="48" lemma="yoḥ">yor </w><w n="49" lemma="na">na </w><w n="50">ke</w><w n="51">na</w><w n="52">ci</w><w n="53" lemma="taṃ">d aṃ</w><w n="54">śe</w><w n="55" lemma="na">na </w><w n="56">sā</w><w n="57">rū</w><w n="58" lemma="pyaṃ">pyam </w><w n="59">i</w><w n="60" lemma="tyā">ty ā</w><w n="61" lemma="ha">ha </w><w n="62">ta</w><w n="63" lemma="thā">thā </w><w n="64">co</w><w n="65" lemma="ktaṃ">ktaṃ </w><w n="66"></w><w n="67">e</w><w n="68">ka</w><w n="69">de</w><w n="70">śe</w><w n="71" lemma="na">na </w><w n="72">sā</w><w n="73">rū</w><w n="74" lemma="pye">pye </w><w n="75">sa</w><w n="76" lemma="rvaṃ">rvaṃ </w><w n="77">syā</w><w n="78" lemma="tsa">t sa</w><w n="79">rva</w><w n="80">ve</w><w n="81">da</w><w n="82" lemma="naṃ">naṃ | </w><w n="83">sa</w><w n="84">rvā</w><w n="85">tma</w><w n="86" lemma="nā">nā </w><w n="87" lemma="tu">tu </w><w n="88">sā</w><w n="89">rū</w><w n="90" lemma="pye">pye </w><w n="91"></w><w n="92"></w><w n="93"></w><w n="94"></w><w n="95">jñā</w><w n="96" lemma="naṃ">nam </w><w n="97"></w><w n="98"></w><w n="99">a</w><w n="100">jñā</w><w n="101">na</w><w n="102" lemma="tā">tā </w><w n="103">vra</w><w n="104">je</w><w n="105" lemma="ti">d i</w><w n="106" lemma="ti">ti | </w>
</text></TEI>
<TEI n="D">
<text>
<w n="0" lemma="vi">|| vi</w><w n="1">jñā</w><w n="2">na</w><w n="3">vā</w><w n="4" lemma="de">de </w><w n="5">vi</w><w n="6">ṣa</w><w n="7">yā</w><w n="8">kā</w><w n="9">ra</w><w n="10" lemma="sya">sya </w><w n="11"></w><w n="12"></w><w n="13">tā</w><w n="14">va</w><w n="15" lemma="to">to </w><w n="16">sa</w><w n="17">tya</w><w n="18">tvā</w><w n="19" lemma="nnī">n nī</w><w n="20">lā</w><w n="21" lemma="diḥ">dis </w><w n="22">ta</w><w n="23">dga</w><w n="24"></w><w n="25" lemma="taḥ">to </w><w n="26">dha</w><w n="27" lemma="rmaḥ">rmo </w><w n="28">ja</w><w n="29" lemma="ḍaḥ">ḍo '</w><w n="30">ja</w><w n="31" lemma="ḍe">ḍe </w><w n="32">jñā</w><w n="33" lemma="ne">ne '</w><w n="34">saṃ</w><w n="35">bha</w><w n="36" lemma="vo">vo '</w><w n="37"></w><w n="38"></w><w n="39">tyaṃ</w><w n="40"></w><w n="41" lemma="taṃ">tam </w><w n="42">i</w><w n="43" lemma="ti">ti </w><w n="44">ja</w><w n="45">ḍā</w><w n="46">ja</w><w n="47">ḍa</w><w n="48" lemma="yoḥ">yor </w><w n="49" lemma="na">na </w><w n="50">ke</w><w n="51">na</w><w n="52">ci</w><w n="53" lemma="taṃ">d aṃ</w><w n="54">śe</w><w n="55" lemma="na">na </w><w n="56">sā</w><w n="57">rū</w><w n="58" lemma="pyaṃ">pyam </w><w n="59">i</w><w n="60" lemma="tyā">ty ā</w><w n="61" lemma="ha">ha </w><w n="62">ta</w><w n="63" lemma="thā">thā </w><w n="64">co</w><w n="65" lemma="ktaṃ">ktaṃ | </w><w n="66"></w><w n="67">e</w><w n="68">ka</w><w n="69">de</w><w n="70">śe</w><w n="71" lemma="na">na </w><w n="72">sā</w><w n="73">rū</w><w n="74" lemma="pye">pye </w><w n="75">sa</w><w n="76" lemma="rvaṃ">rvaṃ </w><w n="77">syā</w><w n="78" lemma="tsa">t sa</w><w n="79">rva</w><w n="80">ve</w><w n="81">da</w><w n="82" lemma="naṃ">naṃ | </w><w n="83">sa</w><w n="84">rvā</w><w n="85">tma</w><w n="86" lemma="nā">nā </w><w n="87" lemma="tu">tu </w><w n="88">sā</w><w n="89">rū</w><w n="90" lemma="pye">pye </w><w n="91"></w><w n="92"></w><w n="93"></w><w n="94"></w><w n="95">jñā</w><w n="96" lemma="naṃ">nam </w><w n="97"></w><w n="98"></w><w n="99">a</w><w n="100">jñā</w><w n="101">na</w><w n="102" lemma="tāṃ">tāṃ </w><w n="103">vra</w><w n="104">je</w><w n="105" lemma="ti">d i</w><w n="106" lemma="ti">ti | </w>
</text></TEI>
</teiCorpus>
