<?xml version="1.0" encoding="UTF-8"?>
<teiCorpus xmlns="http://www.tei-c.org/ns/1.0">

<TEI n="GV">
<text>
<w n="0"></w><w n="1"></w><w n="2"></w><w n="3"></w><w n="4"></w><w n="5"></w><w n="6"></w><w n="7"></w><w n="8"></w><w n="9"></w><w n="10"></w><w n="11"></w><w n="12"></w><w n="13"></w><w n="14"></w><w n="15"></w><w n="16"></w><w n="17"></w><w n="18"></w><w n="19"></w><w n="20"></w><w n="21"></w><w n="22"></w><w n="23"></w><w n="24"></w><w n="25"></w><w n="26"></w><w n="27"></w><w n="28"></w><w n="29"></w><w n="30"></w><w n="31"></w><w n="32"></w><w n="33"></w><w n="34"></w><w n="35"></w><w n="36"></w><w n="37"></w><w n="38"></w><w n="39"></w><w n="40"></w><w n="41"></w><w n="42"></w><w n="43"></w><w n="44"></w><w n="45"></w><w n="46"></w><w n="47"></w><w n="48"></w><w n="49"></w><w n="50"></w><w n="51"></w><w n="52"></w><w n="53"></w><w n="54"></w><w n="55"></w><w n="56"></w><w n="57"></w><w n="58"></w><w n="59"></w><w n="60"></w><w n="61"></w><w n="62"></w><w n="63"></w><w n="64"></w><w n="65"></w><w n="66"></w><w n="67"></w><w n="68"></w><w n="69"></w><w n="70"></w><w n="71"></w><w n="72"></w><w n="73"></w><w n="74"></w><w n="75"></w><w n="76"></w><w n="77"></w><w n="78"></w><w n="79"></w><w n="80"></w><w n="81"></w><w n="82"></w><w n="83"></w><w n="84"></w><w n="85"></w><w n="86"></w><w n="87"></w><w n="88"></w><w n="89"></w><w n="90"></w><w n="91"></w><w n="92"></w><w n="93"></w><w n="94"></w><w n="95"></w><w n="96"></w><w n="97"></w><w n="98"></w><w n="99"></w><w n="100"></w><w n="101"></w><w n="102"></w><w n="103"></w><w n="104"></w><w n="105"></w><w n="106"></w><w n="107"></w><w n="108"></w><w n="109"></w><w n="110"></w><w n="111"></w><w n="112"></w><w n="113"></w><w n="114"></w><w n="115"></w><w n="116"></w><w n="117"></w><w n="118"></w><w n="119"></w><w n="120"></w><w n="121"></w><w n="122"></w><w n="123"></w><w n="124"></w><w n="125"></w><w n="126"></w><w n="127"></w><w n="128"></w><w n="129"></w><w n="130"></w><w n="131"></w><w n="132"></w><w n="133"></w><w n="134"></w><w n="135"></w><w n="136"></w><w n="137"></w><w n="138"></w><w n="139"></w><w n="140"></w><w n="141"></w><w n="142"></w><w n="143"></w><w n="144"></w><w n="145"></w><w n="146"></w><w n="147"></w><w n="148"></w><w n="149"></w><w n="150"></w><w n="151"></w><w n="152"></w><w n="153"></w><w n="154"></w><w n="155"></w><w n="156"></w><w n="157"></w><w n="158"></w><w n="159"></w><w n="160"></w><w n="161"></w><w n="162"></w><w n="163"></w><w n="164"></w><w n="165"></w><w n="166"></w><w n="167"></w><w n="168"></w><w n="169"></w><w n="170"></w><w n="171"></w><w n="172"></w><w n="173"></w><w n="174"></w><w n="175"></w><w n="176"></w><w n="177"></w><w n="178"></w><w n="179"></w><w n="180"></w><w n="181"></w><w n="182"></w><w n="183"></w><w n="184"></w><w n="185"></w><w n="186"></w><w n="187"></w><w n="188"></w><w n="189"></w><w n="190"></w><w n="191"></w><w n="192"></w><w n="193"></w><w n="194"></w><w n="195"></w>
</text></TEI>
<TEI n="CT">
<text>
<w n="0">u</w><w n="1">pā</w><w n="2">dhi</w><w n="3">mā</w><w n="4">tra</w><w n="5">sva</w><w n="6">bhā</w><w n="7">ve</w><w n="8" lemma="ṣva">ṣv a</w><w n="9" lemma="pi">pi </w><w n="10" lemma="saṃ">san</w><w n="11">ni</w><w n="12">ve</w><w n="13">śā</w><w n="14">dyā</w><w n="15">kā</w><w n="16">re</w><w n="17" lemma="ṣu">ṣu </w><w n="18" lemma="saṃ">san</w><w n="19">ni</w><w n="20">ve</w><w n="21">śā</w><w n="22">di</w><w n="23">śa</w><w n="24" lemma="bdāḥ">bdāḥ </w><w n="25"></w><w n="26"></w><w n="27"></w><w n="28"></w><w n="29">pa</w><w n="30"></w><w n="31">ra</w><w n="32">mā</w><w n="33">rtha</w><w n="34" lemma="taḥ">tas </w><w n="35">ta</w><w n="36">tvā</w><w n="37" lemma="ta">d a</w><w n="38">vya</w><w n="39">ti</w><w n="40">re</w><w n="41">kā</w><w n="42">nu</w><w n="43">pā</w><w n="44">dhī</w><w n="45" lemma="nāṃ">nāṃ </w><w n="46" lemma="taṃ">tan</w><w n="47"></w><w n="48" lemma="niḥ">niṣ</w><w n="49">ka</w><w n="50" lemma="rṣe">rṣe </w><w n="51">sva</w><w n="52">rū</w><w n="53">pa</w><w n="54">syā</w><w n="55"></w><w n="56">sva</w><w n="57">rū</w><w n="58">pa</w><w n="59">tvā</w><w n="60" lemma="tta">t ta</w><w n="61">dā</w><w n="62">tma</w><w n="63">nai</w><w n="64" lemma="va">va </w><w n="65">sa</w><w n="66">tvā</w><w n="67" lemma="tta">t ta</w><w n="68" lemma="te">d e</w><w n="69" lemma="va">va </w><w n="70">ni</w><w n="71" lemma="tyaṃ">tyam </w><w n="72">u</w><w n="73">pā</w><w n="74">dhi</w><w n="75">ma</w><w n="76"></w><w n="77"></w><w n="78"></w><w n="79"></w><w n="80"></w><w n="81" lemma="tdra">d dra</w><w n="82" lemma="vyaṃ">vyam </w><w n="83">e</w><w n="84" lemma="vaṃ">vam </w><w n="85">a</w><w n="86" lemma="pya">py a</w><w n="87">bhi</w><w n="88" lemma="dhā">dh(ā)</w><w n="89" lemma="ne">ne '</w><w n="90">bhi</w><w n="91" lemma="hi">hi-</w><w n="92" lemma="taṃ">taṃ </w><w n="93">bha</w><w n="94">va</w><w n="95" lemma="ti">ti | </w><w n="96">ta</w><w n="97" lemma="tvaṃ">tvam </w><w n="98">ā</w><w n="99" lemma="tmā">tmā </w><w n="100" lemma="hyu">hy u</w><w n="101">pā</w><w n="102">dhī</w><w n="103" lemma="nāṃ">nāṃ </w><w n="104" lemma="na">na </w><w n="105" lemma="tu">tu </w><w n="106" lemma="te">te </w><w n="107" lemma="ta">ta-</w><w n="108"></w><w n="109">syā</w><w n="110">tmā</w><w n="111" lemma="na">na </w><w n="112">i</w><w n="113" lemma="ti">ti </w><w n="114">vyā</w><w n="115">pa</w><w n="116"></w><w n="117">ka</w><w n="118">tvā</w><w n="119" lemma="tsa">t sa</w><w n="120" lemma="rva">rva </w><w n="121">e</w><w n="122">vo</w><w n="123">pa</w><w n="124">ca</w><w n="125" lemma="yaḥ">yas </w><w n="126" lemma="te">te </w><w n="127" lemma="ta">ta-</w><w n="128">dā</w><w n="129">tma</w><w n="130" lemma="nā">nā </w><w n="131">sa</w><w n="132"></w><w n="133" lemma="nta">n__ ta</w><w n="134">thai</w><w n="135">vā</w><w n="136">bhi</w><w n="137">dhī</w><w n="138">ya</w><w n="139" lemma="te">te | </w><w n="140"></w><w n="141"></w><w n="142">ya</w><w n="143" lemma="thā">thā </w><w n="144" lemma="hyu">hy u</w><w n="145">pā</w><w n="146" lemma="dhi">dhi-</w><w n="147">ma</w><w n="148" lemma="chiṃ">cchin</w><w n="149">na</w><w n="150" lemma="tā">tā </w><w n="151">ta</w><w n="152">do</w><w n="153">pā</w><w n="154">dha</w><w n="155" lemma="ya">ya </w><w n="156">u</w><w n="157">pā</w><w n="158">dha</w><w n="159" lemma="yaḥ">yo </w><w n="160"></w><w n="161">bha</w><w n="162" lemma="vaṃ">van</w><w n="163" lemma="ti">ti | </w><w n="164" lemma="ta">ta-</w><w n="165" lemma="taḥ">tas </w><w n="166" lemma="tu">tu </w><w n="167" lemma="niḥ">niṣ</w><w n="168">kṛ</w><w n="169" lemma="ṣṭe">ṣṭe </w><w n="170">dha</w><w n="171" lemma="rmāṃ">rmān</w><w n="172">ta</w><w n="173">rā</w><w n="174">śra</w><w n="175"></w><w n="176"></w><w n="177" lemma="yā">yā </w><w n="178" lemma="svā">svā-</w><w n="179" lemma="taṃ">tan</w><w n="180">tryā</w><w n="181" lemma="tu">d u</w><w n="182">pā</w><w n="183">dhi</w><w n="184">ma</w><w n="185" lemma="tvaṃ">tvam </w><w n="186">e</w><w n="187" lemma="va">va </w><w n="188">no</w><w n="189">pā</w><w n="190">dhi</w><w n="191" lemma="tvaṃ">tvam </w><w n="192">i</w><w n="193" lemma="tyā">ty ā</w><w n="194">śa</w><w n="195" lemma="yaḥ">yaḥ </w>
</text></TEI>
<TEI n="T">
<text>
<w n="0">u</w><w n="1">pā</w><w n="2">dhi</w><w n="3">mā</w><w n="4">tra</w><w n="5">sva</w><w n="6">bhā</w><w n="7">ve</w><w n="8" lemma="ṣva">ṣv a</w><w n="9" lemma="pi">pi </w><w n="10" lemma="saṃ">san</w><w n="11">ni</w><w n="12">ve</w><w n="13">śā</w><w n="14">dyā</w><w n="15">kā</w><w n="16">re</w><w n="17" lemma="ṣu">ṣu </w><w n="18" lemma="saṃ">san</w><w n="19">ni</w><w n="20">ve</w><w n="21">śā</w><w n="22">di</w><w n="23">śa</w><w n="24" lemma="bdāḥ">bdāḥ </w><w n="25"></w><w n="26"></w><w n="27"></w><w n="28"></w><w n="29">pa</w><w n="30"></w><w n="31">ra</w><w n="32">mā</w><w n="33" lemma="rtha">rttha</w><w n="34" lemma="taḥ">tas </w><w n="35">ta</w><w n="36">tvā</w><w n="37" lemma="ta">d a</w><w n="38">vya</w><w n="39">ti</w><w n="40">re</w><w n="41">kā</w><w n="42">nu</w><w n="43">pā</w><w n="44">dhī</w><w n="45">nā</w><w n="46" lemma="ntaṃ">n tan</w><w n="47"></w><w n="48" lemma="niḥ">niṣ</w><w n="49">ka</w><w n="50" lemma="rṣe">rṣe </w><w n="51">sva</w><w n="52">rū</w><w n="53">pa</w><w n="54">syā</w><w n="55"></w><w n="56">sva</w><w n="57">rū</w><w n="58">pa</w><w n="59">tvā</w><w n="60" lemma="tta">t ta</w><w n="61">dā</w><w n="62">tma</w><w n="63">nai</w><w n="64" lemma="va">va </w><w n="65">sa</w><w n="66">tvā</w><w n="67" lemma="tta">t ta</w><w n="68" lemma="te">d e</w><w n="69" lemma="va">va </w><w n="70">ni</w><w n="71" lemma="tyaṃ">tyam </w><w n="72">u</w><w n="73">pā</w><w n="74">dhi</w><w n="75">ma</w><w n="76"></w><w n="77"></w><w n="78"></w><w n="79"></w><w n="80"></w><w n="81">dra</w><w n="82" lemma="vyaṃ">vyam </w><w n="83">e</w><w n="84" lemma="vaṃ">vam </w><w n="85">a</w><w n="86" lemma="pya">py a</w><w n="87">bhi</w><w n="88">dhā</w><w n="89" lemma="ne">ne </w><w n="90">bhi</w><w n="91">hi</w><w n="92" lemma="taṃ">taṃ </w><w n="93">bha</w><w n="94">va</w><w n="95" lemma="ti">ti </w><w n="96">ta</w><w n="97" lemma="tvaṃ">tvam </w><w n="98">ā</w><w n="99" lemma="tmā">tmā </w><w n="100" lemma="hyu">hy u</w><w n="101">pā</w><w n="102">dhī</w><w n="103">nā</w><w n="104" lemma="nna">n na </w><w n="105" lemma="tu">tu </w><w n="106" lemma="te">te </w><w n="107">ta</w><w n="108"></w><w n="109">syā</w><w n="110">tmā</w><w n="111" lemma="na">na </w><w n="112">i</w><w n="113" lemma="ti">ti </w><w n="114">vyā</w><w n="115">pa</w><w n="116"></w><w n="117">ka</w><w n="118">tvā</w><w n="119" lemma="tsa">t_ sa</w><w n="120" lemma="rva">rvva </w><w n="121">e</w><w n="122">vo</w><w n="123">pā</w><w n="124">dha</w><w n="125" lemma="yaḥ">yas </w><w n="126" lemma="te">te </w><w n="127">ta</w><w n="128">dā</w><w n="129">tma</w><w n="130" lemma="nā">nā </w><w n="131">sa</w><w n="132"></w><w n="133" lemma="nta">n ta</w><w n="134">thai</w><w n="135">vā</w><w n="136">bhi</w><w n="137">dhī</w><w n="138" lemma="yaṃ">yan</w><w n="139" lemma="te">te </w><w n="140"></w><w n="141"></w><w n="142">ya</w><w n="143" lemma="dā">dā </w><w n="144" lemma="hyu">hy u</w><w n="145">pā</w><w n="146">dhi</w><w n="147">ma</w><w n="148">llī</w><w n="149">na</w><w n="150" lemma="tā">tā </w><w n="151">ta</w><w n="152">do</w><w n="153">pā</w><w n="154">dha</w><w n="155" lemma="ya">ya </w><w n="156">u</w><w n="157">pā</w><w n="158">dha</w><w n="159" lemma="yaḥ">yo </w><w n="160"></w><w n="161">bha</w><w n="162" lemma="vaṃ">van</w><w n="163" lemma="ti">ti </w><w n="164">ta</w><w n="165" lemma="taḥ">tas </w><w n="166" lemma="tu">tu </w><w n="167" lemma="niḥ">niṣ</w><w n="168">ka</w><w n="169" lemma="rṣe">rṣe </w><w n="170">dha</w><w n="171" lemma="rmāṃ">rmmān</w><w n="172">ta</w><w n="173">rā</w><w n="174">śra</w><w n="175">ya</w><w n="176">ta</w><w n="177" lemma="yā">yā </w><w n="178">svā</w><w n="179" lemma="taṃ">tan</w><w n="180">tryā</w><w n="181" lemma="tu">d u</w><w n="182">pā</w><w n="183">dhi</w><w n="184">ma</w><w n="185" lemma="tvaṃ">tvam </w><w n="186">e</w><w n="187" lemma="va">va </w><w n="188">no</w><w n="189">pa</w><w n="190">dhi</w><w n="191" lemma="tvaṃ">tvam </w><w n="192">i</w><w n="193" lemma="tyā">ty ā</w><w n="194">śa</w><w n="195" lemma="yaḥ">yaḥ </w>
</text></TEI>
<TEI n="H">
<text>
<w n="0">u</w><w n="1">pā</w><w n="2">dhi</w><w n="3">mā</w><w n="4">tra</w><w n="5">sva</w><w n="6">bhā</w><w n="7">ve</w><w n="8" lemma="ṣva">ṣv a</w><w n="9" lemma="pi">pi </w><w n="10" lemma="saṃ">san</w><w n="11">ni</w><w n="12">ve</w><w n="13">śā</w><w n="14">dyā</w><w n="15">kā</w><w n="16">re</w><w n="17" lemma="ṣu">ṣu </w><w n="18" lemma="saṃ">san</w><w n="19">ni</w><w n="20">ve</w><w n="21">śā</w><w n="22">di</w><w n="23">śa</w><w n="24" lemma="bdaḥ">bdo </w><w n="25">va</w><w n="26" lemma="rta">rtta</w><w n="27">mā</w><w n="28" lemma="naḥ">naḥ </w><w n="29">pa</w><w n="30"></w><w n="31">ra</w><w n="32">mā</w><w n="33">rtha</w><w n="34" lemma="taḥ">tas </w><w n="35">ta</w><w n="36" lemma="tvā">ttvā</w><w n="37" lemma="ta">d a</w><w n="38">vya</w><w n="39">ti</w><w n="40">re</w><w n="41">kā</w><w n="42" lemma="tu">d u</w><w n="43">pā</w><w n="44">dhī</w><w n="45" lemma="nāṃ">nāṃ </w><w n="46" lemma="taṃ">tan</w><w n="47"></w><w n="48" lemma="niḥ">niṣ</w><w n="49">ka</w><w n="50" lemma="rṣe">rṣe </w><w n="51">sva</w><w n="52">rū</w><w n="53">pa</w><w n="54">syā</w><w n="55"></w><w n="56">sva</w><w n="57">rū</w><w n="58">pa</w><w n="59">tvā</w><w n="60" lemma="tta">t ta</w><w n="61">dā</w><w n="62">tma</w><w n="63">nai</w><w n="64" lemma="va">va </w><w n="65">sa</w><w n="66" lemma="tvā">ttvā</w><w n="67" lemma="tta">t ta</w><w n="68" lemma="te">d e</w><w n="69" lemma="va">va </w><w n="70">ni</w><w n="71" lemma="tyaṃ">tyam </w><w n="72">u</w><w n="73">pā</w><w n="74">dhi</w><w n="75">ma</w><w n="76">llī</w><w n="77">na</w><w n="78" lemma="vā">vā </w><w n="79">ta</w><w n="80" lemma="daḥ">do </w><w n="81">dra</w><w n="82" lemma="vyaṃ">vyam </w><w n="83">e</w><w n="84" lemma="vaṃ">vam </w><w n="85">a</w><w n="86" lemma="pya">py a</w><w n="87">bhi</w><w n="88">dhā</w><w n="89">nā</w><w n="90">bhi</w><w n="91">hi</w><w n="92" lemma="taṃ">taṃ </w><w n="93">bha</w><w n="94">va</w><w n="95" lemma="ti">ti </w><w n="96">ta</w><w n="97" lemma="tvaṃ">ttvam </w><w n="98">ā</w><w n="99" lemma="tmāḥ">tmā ṣ</w><w n="100">ka</w><w n="101">pā</w><w n="102">dhī</w><w n="103" lemma="nāṃ">nāṃ | </w><w n="104">na</w><w n="105" lemma="nu">nu </w><w n="106" lemma="te">te </w><w n="107">ta</w><w n="108"></w><w n="109">syā</w><w n="110">tmā</w><w n="111" lemma="na">na </w><w n="112">i</w><w n="113" lemma="ti">ti </w><w n="114">vyā</w><w n="115">pa</w><w n="116" lemma="rta">rtta</w><w n="117">ka</w><w n="118">tvā</w><w n="119" lemma="tsa">t sa</w><w n="120" lemma="rva">rva </w><w n="121">e</w><w n="122">vo</w><w n="123">pā</w><w n="124">dha</w><w n="125" lemma="yaḥ">yas </w><w n="126"></w><w n="127">ta</w><w n="128">dā</w><w n="129">tma</w><w n="130" lemma="nā">nā </w><w n="131">sa</w><w n="132" lemma="ttaḥ">ttas </w><w n="133">ta</w><w n="134">thai</w><w n="135">vā</w><w n="136">bhi</w><w n="137">dhī</w><w n="138" lemma="yaṃ">yan</w><w n="139" lemma="te">te </w><w n="140">ta</w><w n="141" lemma="thā">thā </w><w n="142">ya</w><w n="143" lemma="dā">dā </w><w n="144" lemma="hyu">hy u</w><w n="145">pā</w><w n="146">vi</w><w n="147">ma</w><w n="148">llī</w><w n="149">na</w><w n="150" lemma="tā">tā </w><w n="151">ta</w><w n="152">do</w><w n="153">pā</w><w n="154">dha</w><w n="155" lemma="ya">ya </w><w n="156">u</w><w n="157">pā</w><w n="158">dha</w><w n="159" lemma="yaḥ">yo </w><w n="160" lemma="na">na </w><w n="161">bha</w><w n="162" lemma="vaṃ">van</w><w n="163" lemma="ti">ti | </w><w n="164">ta</w><w n="165" lemma="taḥ">tas </w><w n="166" lemma="tu">tu </w><w n="167" lemma="niḥ">niṣ</w><w n="168">ka</w><w n="169" lemma="rṣe">rṣe </w><w n="170">dha</w><w n="171" lemma="rmāṃ">rmān</w><w n="172">ta</w><w n="173">rā</w><w n="174">śra</w><w n="175">ya</w><w n="176">ta</w><w n="177" lemma="yā">yā </w><w n="178">svā</w><w n="179">taṃ</w><w n="180">tryā</w><w n="181" lemma="tu">d u</w><w n="182">pā</w><w n="183">dhi</w><w n="184">ma</w><w n="185" lemma="tvaṃ">ttvam </w><w n="186">e</w><w n="187" lemma="va">va </w><w n="188">no</w><w n="189">pā</w><w n="190">dhi</w><w n="191" lemma="tvaṃ">tvam </w><w n="192">i</w><w n="193" lemma="tyā">ty ā</w><w n="194">śa</w><w n="195" lemma="yaḥ">yaḥ | </w>
</text></TEI>
<TEI n="P">
<text>
<w n="0">u</w><w n="1">pā</w><w n="2">dhi</w><w n="3"></w><w n="4"></w><w n="5" lemma="ṣva">ṣv a</w><w n="6">bhā</w><w n="7">ve</w><w n="8" lemma="ṣva">ṣv a</w><w n="9" lemma="pi">pi </w><w n="10" lemma="saṃ">san</w><w n="11" lemma="ni">ni&#166;</w><w n="12">ve</w><w n="13">śā</w><w n="14">dyā</w><w n="15">kā</w><w n="16">re</w><w n="17" lemma="ṣu">ṣu </w><w n="18" lemma="saṃ">san</w><w n="19">ni</w><w n="20">ve</w><w n="21">śā</w><w n="22">di</w><w n="23">śa</w><w n="24" lemma="bdaḥ">bdo </w><w n="25">va</w><w n="26" lemma="rta">rtta</w><w n="27">mā</w><w n="28" lemma="naḥ">naḥ </w><w n="29">pa</w><w n="30"></w><w n="31">ra</w><w n="32">mā</w><w n="33">rtha</w><w n="34" lemma="taḥ">tas </w><w n="35">ta</w><w n="36">tvā</w><w n="37" lemma="ta">d a</w><w n="38">vya</w><w n="39">ti</w><w n="40">re</w><w n="41">kā</w><w n="42" lemma="tu">d u</w><w n="43">pā</w><w n="44">dhī</w><w n="45" lemma="nāṃ">nāṃ </w><w n="46" lemma="taṃ">tan</w><w n="47"></w><w n="48" lemma="niḥ">niṣ</w><w n="49">ka</w><w n="50" lemma="rṣe">rṣe </w><w n="51">sva</w><w n="52">rū</w><w n="53">pa</w><w n="54">syā</w><w n="55">tma</w><w n="56">sva</w><w n="57">rū</w><w n="58">pa</w><w n="59">tvā</w><w n="60"></w><w n="61" lemma="tā">d ā</w><w n="62">tma</w><w n="63" lemma="nye">ny e</w><w n="64" lemma="va">va </w><w n="65">sa</w><w n="66" lemma="tvā">tvā </w><w n="67">ta</w><w n="68" lemma="te">d e</w><w n="69" lemma="va">va </w><w n="70">ni</w><w n="71" lemma="tyaṃ">tyam </w><w n="72">u</w><w n="73">pā</w><w n="74">dhī</w><w n="75">ma</w><w n="76">llī</w><w n="77">na</w><w n="78" lemma="tā">tā </w><w n="79">ta</w><w n="80" lemma="dā">dā </w><w n="81">dra</w><w n="82" lemma="vyaṃ">vyam </w><w n="83"></w><w n="84"></w><w n="85">a</w><w n="86" lemma="pyu">py u</w><w n="87">bhi</w><w n="88">dhā</w><w n="89" lemma="ne">ne </w><w n="90">ni</w><w n="91">hi</w><w n="92" lemma="taṃ">taṃ </w><w n="93">bha</w><w n="94">va</w><w n="95" lemma="ti">ti </w><w n="96">ta</w><w n="97" lemma="tvaṃ">tvam </w><w n="98">ā</w><w n="99" lemma="tmāṃ">tmāṃ </w><w n="100" lemma="hyu">hy u</w><w n="101">pā</w><w n="102">dhī</w><w n="103" lemma="nāṃ">nāṃ </w><w n="104" lemma="na">na </w><w n="105" lemma="tu">tu </w><w n="106">ke</w><w n="107">va</w><w n="108">la</w><w n="109">syā</w><w n="110">tmā</w><w n="111" lemma="na">na </w><w n="112">i</w><w n="113" lemma="ti">ti </w><w n="114">vyā</w><w n="115">pa</w><w n="116"></w><w n="117">ka</w><w n="118">tvā</w><w n="119" lemma="tsa">t sa</w><w n="120" lemma="rva">rva </w><w n="121">e</w><w n="122">vo</w><w n="123">pā</w><w n="124">dha</w><w n="125" lemma="yaḥ">yaḥ 6 </w><w n="126"></w><w n="127">ta</w><w n="128">dā</w><w n="129">tma</w><w n="130" lemma="nā">nā </w><w n="131">sa</w><w n="132"></w><w n="133">ta</w><w n="134">yai</w><w n="135">va</w><w n="136">bhi</w><w n="137">dhī</w><w n="138">yaṃ</w><w n="139" lemma="te">te </w><w n="140"></w><w n="141"></w><w n="142">ta</w><w n="143" lemma="dā">dā </w><w n="144" lemma="hyu">hy u</w><w n="145">pā</w><w n="146">dhī</w><w n="147">ma</w><w n="148">lli</w><w n="149">na</w><w n="150" lemma="tā">tā </w><w n="151">ta</w><w n="152">do</w><w n="153">pā</w><w n="154">dhe</w><w n="155" lemma="ya">ya </w><w n="156">u</w><w n="157">pā</w><w n="158">dha</w><w n="159" lemma="yaḥ">yo </w><w n="160" lemma="na">na </w><w n="161">bha</w><w n="162">vaṃ</w><w n="163" lemma="ti">ti </w><w n="164">ta</w><w n="165" lemma="taḥ">tas </w><w n="166" lemma="tu">tu </w><w n="167" lemma="niḥ">niṣ</w><w n="168">ka</w><w n="169" lemma="rṣe">rṣe </w><w n="170">dha</w><w n="171">rmāṃ</w><w n="172">ta</w><w n="173">rā</w><w n="174">śra</w><w n="175">ya</w><w n="176">ta</w><w n="177" lemma="yā">yā </w><w n="178">svā</w><w n="179">taṃ</w><w n="180">tryā</w><w n="181" lemma="tu">d u</w><w n="182">pā</w><w n="183">dhi</w><w n="184"></w><w n="185" lemma="tvaṃ">tvam </w><w n="186">e</w><w n="187" lemma="va">va </w><w n="188">no</w><w n="189">pa</w><w n="190">dhi</w><w n="191" lemma="tvaṃ">tvam </w><w n="192">i</w><w n="193" lemma="ti">ti </w><w n="194">bhā</w><w n="195" lemma="vaḥ">vaḥ </w>
</text></TEI>
<TEI n="M">
<text>
<w n="0" lemma="u">|| u</w><w n="1">pā</w><w n="2">dhi</w><w n="3"></w><w n="4"></w><w n="5">sva</w><w n="6">bhā</w><w n="7">ve</w><w n="8" lemma="ṣva">ṣv a</w><w n="9" lemma="pi">pi </w><w n="10" lemma="saṃ">san</w><w n="11">ni</w><w n="12">ve</w><w n="13">śā</w><w n="14">dyā</w><w n="15">kā</w><w n="16">re</w><w n="17" lemma="ṣu">ṣu </w><w n="18" lemma="saṃ">san</w><w n="19">ni</w><w n="20">ve</w><w n="21">śā</w><w n="22">di</w><w n="23">śa</w><w n="24" lemma="bdaḥ">bdo </w><w n="25">va</w><w n="26" lemma="rta">rtta</w><w n="27">mā</w><w n="28" lemma="naḥ">naḥ </w><w n="29">pa</w><w n="30"></w><w n="31">ra</w><w n="32">mā</w><w n="33">rtha</w><w n="34" lemma="taḥ">tas </w><w n="35">ta</w><w n="36">tvā</w><w n="37" lemma="ta">d a</w><w n="38">vya</w><w n="39">ti</w><w n="40">re</w><w n="41">kā</w><w n="42" lemma="tu">d u</w><w n="43">pā</w><w n="44">dhī</w><w n="45" lemma="nāṃ">nāṃ </w><w n="46" lemma="taṃ">tan</w><w n="47"></w><w n="48" lemma="niḥ">niṣ</w><w n="49">ka</w><w n="50" lemma="rṣe">rṣe </w><w n="51">sva</w><w n="52">rū</w><w n="53">pa</w><w n="54">syā</w><w n="55"></w><w n="56">sva</w><w n="57">rū</w><w n="58">pa</w><w n="59">tvā</w><w n="60"></w><w n="61" lemma="tā">d ā</w><w n="62">tma</w><w n="63" lemma="nye">ny e</w><w n="64" lemma="va">va </w><w n="65">sa</w><w n="66">tvā</w><w n="67" lemma="tta">t ta</w><w n="68" lemma="te">d e</w><w n="69" lemma="va">va </w><w n="70">ni</w><w n="71" lemma="tyaṃ">tyam </w><w n="72">u</w><w n="73">pā</w><w n="74">dhi</w><w n="75">ma</w><w n="76">llī</w><w n="77">na</w><w n="78" lemma="tā">tā | </w><w n="79">ta</w><w n="80" lemma="dā">dā </w><w n="81">dra</w><w n="82" lemma="vyaṃ">vyam </w><w n="83">e</w><w n="84" lemma="vaṃ">vam </w><w n="85">a</w><w n="86" lemma="pya">py a</w><w n="87">bhi</w><w n="88">dhā</w><w n="89" lemma="ne">ne </w><w n="90">ni</w><w n="91">hi</w><w n="92" lemma="taṃ">taṃ </w><w n="93">bha</w><w n="94">va</w><w n="95" lemma="ti">ti </w><w n="96">ta</w><w n="97" lemma="tvaṃ">tvam </w><w n="98">ā</w><w n="99" lemma="tmā">tmā </w><w n="100" lemma="hyu">hy u</w><w n="101">pā</w><w n="102">dhī</w><w n="103" lemma="nāṃ">nāṃ | </w><w n="104" lemma="na">na </w><w n="105" lemma="tu">tu </w><w n="106">ke</w><w n="107">va</w><w n="108">la</w><w n="109">syā</w><w n="110">tmā</w><w n="111" lemma="na">na </w><w n="112">i</w><w n="113" lemma="ti">ti </w><w n="114">vyā</w><w n="115">pa</w><w n="116"></w><w n="117">ka</w><w n="118">tvā</w><w n="119" lemma="tsa">t sa</w><w n="120" lemma="rva">rva </w><w n="121">e</w><w n="122">vo</w><w n="123">pā</w><w n="124">dha</w><w n="125" lemma="yaḥ">yaḥ | </w><w n="126"></w><w n="127">ta</w><w n="128">dā</w><w n="129">tma</w><w n="130" lemma="nā">nā </w><w n="131">sa</w><w n="132"></w><w n="133">tta</w><w n="134">yai</w><w n="135">vā</w><w n="136">bhi</w><w n="137">dhī</w><w n="138">yaṃ</w><w n="139" lemma="te">te | </w><w n="140"></w><w n="141"></w><w n="142">ta</w><w n="143" lemma="dā">dā </w><w n="144" lemma="hyu">hy u</w><w n="145">pā</w><w n="146">dhi</w><w n="147">ma</w><w n="148">llī</w><w n="149">na</w><w n="150" lemma="tā">tā | </w><w n="151">ta</w><w n="152">do</w><w n="153">pā</w><w n="154">dhe</w><w n="155" lemma="ya">ya </w><w n="156" lemma="u">u&#166;&#166;</w><w n="157">pā</w><w n="158">dha</w><w n="159" lemma="yaḥ">yo </w><w n="160" lemma="na">na </w><w n="161">bha</w><w n="162">vaṃ</w><w n="163" lemma="ti">ti | </w><w n="164">ta</w><w n="165" lemma="taḥ">tas </w><w n="166" lemma="tu">tu </w><w n="167" lemma="niḥ">niṣ</w><w n="168">ka</w><w n="169" lemma="rṣe">rṣe </w><w n="170">dha</w><w n="171">rmāṃ</w><w n="172">ta</w><w n="173">rā</w><w n="174">śra</w><w n="175">ya</w><w n="176">ta</w><w n="177" lemma="yā">yā </w><w n="178">svā</w><w n="179">taṃ</w><w n="180">tryā</w><w n="181" lemma="tu">d u</w><w n="182">pā</w><w n="183">dhi</w><w n="184"></w><w n="185" lemma="tvaṃ">tvam </w><w n="186">e</w><w n="187" lemma="va">va </w><w n="188">no</w><w n="189">pā</w><w n="190">dhi</w><w n="191" lemma="tvaṃ">tvam </w><w n="192">i</w><w n="193" lemma="ti">ti </w><w n="194">bhā</w><w n="195" lemma="vaḥ">vaḥ | </w>
</text></TEI>
<TEI n="G2">
<text>
<w n="0">u</w><w n="1">pā</w><w n="2">dhi</w><w n="3">mā</w><w n="4">tra</w><w n="5">sva</w><w n="6">lā</w><w n="7" lemma="veḥ">ves </w><w n="8" lemma="tu">tu </w><w n="9" lemma="pi">pi </w><w n="10">saṃ</w><w n="11">ni</w><w n="12">ve</w><w n="13">śā</w><w n="14">dyā</w><w n="15">kā</w><w n="16">re</w><w n="17" lemma="śuḥ">śur </w><w n="18">sa</w><w n="19">ni</w><w n="20">ve</w><w n="21">śā</w><w n="22">di</w><w n="23">śa</w><w n="24" lemma="bdāḥ">bdāḥ || </w><w n="25">va</w><w n="26" lemma="rta">rtta</w><w n="27">mā</w><w n="28" lemma="jāḥ">jāḥ </w><w n="29">pa</w><w n="30"></w><w n="31">ra</w><w n="32">mā</w><w n="33">rtha</w><w n="34" lemma="taḥ">tas </w><w n="35">ta</w><w n="36">tvā</w><w n="37" lemma="ta">d a</w><w n="38">vya</w><w n="39">ti</w><w n="40">re</w><w n="41">kā</w><w n="42" lemma="tu">d u</w><w n="43">pā</w><w n="44">dhī</w><w n="45" lemma="nāṃ">nāṃ </w><w n="46" lemma="na">na </w><w n="47" lemma="tu">tu </w><w n="48" lemma="miḥ">miṣ</w><w n="49">ka</w><w n="50" lemma="rṣe">rṣe </w><w n="51">sva</w><w n="52">rū</w><w n="53">pa</w><w n="54"></w><w n="55"></w><w n="56"></w><w n="57"></w><w n="58"></w><w n="59">tvā</w><w n="60"></w><w n="61" lemma="dya">dy a</w><w n="62">tma</w><w n="63">nai</w><w n="64" lemma="va">va </w><w n="65">sa</w><w n="66">ttā</w><w n="67" lemma="tta">t ta</w><w n="68" lemma="te">d e</w><w n="69" lemma="va">va </w><w n="70">ni</w><w n="71" lemma="tyaṃ">tyam </w><w n="72">u</w><w n="73">pā</w><w n="74">dhi</w><w n="75">ma</w><w n="76"></w><w n="77"></w><w n="78"></w><w n="79"></w><w n="80"></w><w n="81">dra</w><w n="82" lemma="vyaṃ">vyam </w><w n="83">ā</w><w n="84"></w><w n="85"></w><w n="86">pa</w><w n="87">ti</w><w n="88">dhā</w><w n="89" lemma="ne">ne </w><w n="90"></w><w n="91"></w><w n="92"></w><w n="93"></w><w n="94"></w><w n="95" lemma="ti">ti </w><w n="96">ta</w><w n="97" lemma="tvaṃ">tvam </w><w n="98">ā</w><w n="99" lemma="tmā">tmā </w><w n="100" lemma="hyu">hy u</w><w n="101">nā</w><w n="102">dhī</w><w n="103" lemma="nāṃ">nāṃ </w><w n="104" lemma="na">na </w><w n="105" lemma="tu">tu </w><w n="106" lemma="te">te </w><w n="107">ta</w><w n="108"></w><w n="109">syā</w><w n="110">tmā</w><w n="111" lemma="ne">ne </w><w n="112">i</w><w n="113" lemma="ti">ti </w><w n="114">vyā</w><w n="115">pa</w><w n="116"></w><w n="117">ka</w><w n="118">tvā</w><w n="119" lemma="tsa">t sa</w><w n="120">rva</w><w n="121">pa</w><w n="122">do</w><w n="123">pā</w><w n="124">dha</w><w n="125" lemma="yaḥ">yas </w><w n="126"></w><w n="127">ta</w><w n="128">dā</w><w n="129">tma</w><w n="130" lemma="nā">nā </w><w n="131">saṃ</w><w n="132" lemma="taḥ">tas </w><w n="133">ta</w><w n="134">thai</w><w n="135">vā</w><w n="136">ti</w><w n="137">dhī</w><w n="138">va</w><w n="139" lemma="te">te </w><w n="140"></w><w n="141"></w><w n="142">ya</w><w n="143" lemma="dā">dā </w><w n="144" lemma="hyu">hy u</w><w n="145">pā</w><w n="146">dhi</w><w n="147">ma</w><w n="148">dhī</w><w n="149">na</w><w n="150" lemma="tā">tā </w><w n="151">ta</w><w n="152">do</w><w n="153">pā</w><w n="154">dhe</w><w n="155" lemma="va">va </w><w n="156">va</w><w n="157">pā</w><w n="158">dha</w><w n="159" lemma="yaḥ">yo </w><w n="160" lemma="na">na </w><w n="161">bha</w><w n="162">vaṃ</w><w n="163" lemma="ti">ti </w><w n="164">ta</w><w n="165" lemma="ta">ta </w><w n="166">śru</w><w n="167">ti</w><w n="168">pū</w><w n="169" lemma="rve">rve </w><w n="170">dha</w><w n="171">rmo</w><w n="172">ta</w><w n="173">rā</w><w n="174">śra</w><w n="175">ya</w><w n="176">ta</w><w n="177" lemma="yā">yā </w><w n="178">svā</w><w n="179">taṃ</w><w n="180">trya</w><w n="181" lemma="tu">d u</w><w n="182">pā</w><w n="183">dhi</w><w n="184">ma</w><w n="185" lemma="tva">tva </w><w n="186"></w><w n="187" lemma="va">va </w><w n="188">no</w><w n="189">pā</w><w n="190">dhi</w><w n="191" lemma="tvaṃ">tvam </w><w n="192">i</w><w n="193" lemma="tyā">ty ā</w><w n="194">śa</w><w n="195" lemma="ya">ya || </w>
</text></TEI>
<TEI n="G1">
<text>
<w n="0">u</w><w n="1">pā</w><w n="2">dhi</w><w n="3">mā</w><w n="4">tra</w><w n="5">sva</w><w n="6">lā</w><w n="7" lemma="veḥ">ves </w><w n="8" lemma="tu">tu </w><w n="9" lemma="pi">pi </w><w n="10">saṃ</w><w n="11">ni</w><w n="12">ve</w><w n="13">śā</w><w n="14">dyā</w><w n="15">kā</w><w n="16">re</w><w n="17" lemma="śuḥ">śur </w><w n="18">sa</w><w n="19">ni</w><w n="20">va</w><w n="21">śā</w><w n="22">di</w><w n="23">śa</w><w n="24" lemma="bdāḥ">bdāḥ || </w><w n="25">va</w><w n="26" lemma="rta">rtta</w><w n="27">mā</w><w n="28" lemma="jāḥ">jāḥ </w><w n="29">pa</w><w n="30"></w><w n="31" lemma="ra">ra-</w><w n="32"></w><w n="33">rtha</w><w n="34" lemma="taḥ">tas </w><w n="35">ta</w><w n="36">tvā</w><w n="37" lemma="ta">d a</w><w n="38">vya</w><w n="39">ti</w><w n="40">re</w><w n="41">kā</w><w n="42" lemma="tu">d u</w><w n="43">pā</w><w n="44">dhī</w><w n="45" lemma="nāṃ">nāṃ </w><w n="46" lemma="na">na </w><w n="47" lemma="tu">tu </w><w n="48" lemma="miḥ">miṣ</w><w n="49">ka</w><w n="50" lemma="rṣe">rṣe </w><w n="51">sva</w><w n="52">rū</w><w n="53">pa</w><w n="54"></w><w n="55"></w><w n="56"></w><w n="57"></w><w n="58"></w><w n="59">tvā</w><w n="60"></w><w n="61" lemma="dya">dy a</w><w n="62">tma</w><w n="63">nai</w><w n="64" lemma="va">va </w><w n="65">sa</w><w n="66">ttā</w><w n="67" lemma="tta">t ta</w><w n="68" lemma="te">d e</w><w n="69" lemma="va">va </w><w n="70">ni</w><w n="71" lemma="tyaṃ">tyam </w><w n="72">u</w><w n="73">pā</w><w n="74">dhi</w><w n="75">ma</w><w n="76"></w><w n="77"></w><w n="78"></w><w n="79"></w><w n="80"></w><w n="81">dra</w><w n="82" lemma="vyaṃ">vyam </w><w n="83">ā</w><w n="84"></w><w n="85"></w><w n="86">pa</w><w n="87">ti</w><w n="88">dhā</w><w n="89" lemma="ne">ne </w><w n="90"></w><w n="91"></w><w n="92"></w><w n="93"></w><w n="94"></w><w n="95" lemma="ti">ti </w><w n="96" lemma="ta">ta-</w><w n="97" lemma="tvaṃ">tvam </w><w n="98">ā</w><w n="99" lemma="tmā">tmā </w><w n="100" lemma="hyu">hy u</w><w n="101">nā</w><w n="102">dhī</w><w n="103" lemma="nāṃ">nāṃ </w><w n="104" lemma="na">na </w><w n="105" lemma="tu">tu </w><w n="106" lemma="te">te </w><w n="107">ta</w><w n="108"></w><w n="109">syā</w><w n="110">tmā</w><w n="111" lemma="ne">ne </w><w n="112">i</w><w n="113" lemma="ti">ti </w><w n="114">vyā</w><w n="115">pa</w><w n="116"></w><w n="117">ka</w><w n="118">tvā</w><w n="119" lemma="tsa">t sa</w><w n="120">rva</w><w n="121">pa</w><w n="122">do</w><w n="123">pā</w><w n="124">dha</w><w n="125" lemma="yaḥ">yas </w><w n="126"></w><w n="127">ta</w><w n="128">dā</w><w n="129">tma</w><w n="130" lemma="nā">nā </w><w n="131">saṃ</w><w n="132" lemma="taḥ">tas </w><w n="133">ta</w><w n="134">thai</w><w n="135">vā</w><w n="136">ti</w><w n="137">dhī</w><w n="138">va</w><w n="139" lemma="te">te </w><w n="140"></w><w n="141"></w><w n="142">ya</w><w n="143" lemma="dā">dā </w><w n="144" lemma="hyu">hy u</w><w n="145">pā</w><w n="146">dhi</w><w n="147">ma</w><w n="148">dhī</w><w n="149">na</w><w n="150" lemma="tā">tā </w><w n="151">ta</w><w n="152">do</w><w n="153">pā</w><w n="154">dhe</w><w n="155" lemma="va">va </w><w n="156">va</w><w n="157">pā</w><w n="158">dha</w><w n="159" lemma="yaḥ">yo </w><w n="160" lemma="na">na </w><w n="161">bha</w><w n="162">vaṃ</w><w n="163" lemma="ti">ti </w><w n="164">ta</w><w n="165" lemma="ta">ta </w><w n="166">śru</w><w n="167">ti</w><w n="168">pū</w><w n="169" lemma="rve">rve </w><w n="170">dha</w><w n="171">rme</w><w n="172">ta</w><w n="173">rā</w><w n="174">śra</w><w n="175">ya</w><w n="176">ta</w><w n="177" lemma="yā">yā </w><w n="178">svā</w><w n="179">taṃ</w><w n="180">trya</w><w n="181" lemma="tu">d u</w><w n="182">pā</w><w n="183">dhi</w><w n="184">ma</w><w n="185" lemma="tva">tva </w><w n="186"></w><w n="187" lemma="va">va </w><w n="188">no</w><w n="189">pā</w><w n="190">dhi</w><w n="191" lemma="tvaṃ">tvam </w><w n="192">i</w><w n="193" lemma="tyā">ty ā</w><w n="194">śa</w><w n="195" lemma="ya">ya || </w>
</text></TEI>
<TEI n="L">
<text>
<w n="0">u</w><w n="1">pā</w><w n="2">dhi</w><w n="3">mā</w><w n="4">tra</w><w n="5">sva</w><w n="6">bhā</w><w n="7" lemma="ve">ve </w><w n="8">kvā</w><w n="9" lemma="pi">pi </w><w n="10">saṃ</w><w n="11">ni</w><w n="12">ve</w><w n="13">śā</w><w n="14">dyā</w><w n="15">kā</w><w n="16">re</w><w n="17" lemma="ṣu">ṣu </w><w n="18">saṃ</w><w n="19">ni</w><w n="20">ve</w><w n="21">śā</w><w n="22">di</w><w n="23">śa</w><w n="24" lemma="bdā">bdā </w><w n="25">va</w><w n="26">rta</w><w n="27">mā</w><w n="28" lemma="nāḥ">nāḥ </w><w n="29">pa</w><w n="30"></w><w n="31">ra</w><w n="32">mā</w><w n="33">rtha</w><w n="34" lemma="taḥ">tas </w><w n="35">ta</w><w n="36">tvā</w><w n="37" lemma="ta">d a</w><w n="38">vya</w><w n="39">ti</w><w n="40">re</w><w n="41">kā</w><w n="42" lemma="tu">d u</w><w n="43">pā</w><w n="44">dhī</w><w n="45" lemma="nāṃ">nāṃ </w><w n="46" lemma="taṃ">tan</w><w n="47"></w><w n="48">ni</w><w n="49">ka</w><w n="50" lemma="rṣe">rṣe </w><w n="51">sva</w><w n="52">rū</w><w n="53">pa</w><w n="54">syā</w><w n="55"></w><w n="56">sva</w><w n="57">rū</w><w n="58">pa</w><w n="59">tvā</w><w n="60"></w><w n="61" lemma="tā">d ā</w><w n="62">tma</w><w n="63">nai</w><w n="64" lemma="va">va </w><w n="65">sa</w><w n="66" lemma="tvā">ttvā</w><w n="67" lemma="tta">t ta</w><w n="68" lemma="te">d e</w><w n="69" lemma="va">va </w><w n="70">ni</w><w n="71" lemma="tyaṃ">tyam </w><w n="72">u</w><w n="73">pā</w><w n="74">dhi</w><w n="75">ma</w><w n="76"></w><w n="77"></w><w n="78"></w><w n="79"></w><w n="80"></w><w n="81">dra</w><w n="82" lemma="vyaṃ">vyam </w><w n="83">e</w><w n="84" lemma="vaṃ">vam </w><w n="85">a</w><w n="86" lemma="pya">py a</w><w n="87">bhi</w><w n="88">dhā</w><w n="89" lemma="ne">ne </w><w n="90">bhi</w><w n="91">hi</w><w n="92"></w><w n="93"></w><w n="94"></w><w n="95"></w><w n="96">ta</w><w n="97" lemma="tvaṃ">tvam </w><w n="98">ā</w><w n="99" lemma="tmā">tmā </w><w n="100" lemma="hyu">hy u</w><w n="101">pā</w><w n="102">dhī</w><w n="103" lemma="nāṃ">nāṃ </w><w n="104" lemma="na">na </w><w n="105" lemma="tu">tu </w><w n="106" lemma="te">te </w><w n="107">ta</w><w n="108"></w><w n="109" lemma="tsyā">t syā</w><w n="110" lemma="nmā">t mā</w><w n="111" lemma="ne">ne </w><w n="112">i</w><w n="113" lemma="ti">ti </w><w n="114">vyā</w><w n="115">pa</w><w n="116"></w><w n="117">ka</w><w n="118">tvā</w><w n="119" lemma="tsa">t sa</w><w n="120" lemma="rva">rva </w><w n="121">e</w><w n="122">vo</w><w n="123">pā</w><w n="124">dha</w><w n="125" lemma="yaḥ">yas </w><w n="126"></w><w n="127">ta</w><w n="128">dā</w><w n="129">tma</w><w n="130" lemma="nā">nā </w><w n="131">saṃ</w><w n="132" lemma="taḥ">tas </w><w n="133">ta</w><w n="134">thai</w><w n="135">vā</w><w n="136">bhi</w><w n="137">dhī</w><w n="138">yaṃ</w><w n="139" lemma="te">te </w><w n="140"></w><w n="141"></w><w n="142">ya</w><w n="143" lemma="dā">dā </w><w n="144" lemma="hyu">hy u</w><w n="145">pā</w><w n="146">dhya</w><w n="147"></w><w n="148">dhī</w><w n="149">na</w><w n="150" lemma="tā">tā </w><w n="151">ta</w><w n="152">do</w><w n="153">pā</w><w n="154">dhe</w><w n="155" lemma="ya">ya </w><w n="156">u</w><w n="157">pā</w><w n="158">dha</w><w n="159" lemma="yaḥ">yo </w><w n="160" lemma="na">na </w><w n="161">bha</w><w n="162">vaṃ</w><w n="163" lemma="ti">ti || </w><w n="164">ta</w><w n="165" lemma="taḥ">tas </w><w n="166" lemma="tu">tu </w><w n="167">pū</w><w n="168"></w><w n="169" lemma="rve">rve </w><w n="170">dha</w><w n="171">rmāṃ</w><w n="172">ta</w><w n="173">rā</w><w n="174">śra</w><w n="175">ya</w><w n="176">ta</w><w n="177" lemma="yā">yā </w><w n="178">svā</w><w n="179">taṃ</w><w n="180">tryā</w><w n="181" lemma="tu">d u</w><w n="182">pā</w><w n="183">dhi</w><w n="184">ma</w><w n="185" lemma="tva">tva </w><w n="186"></w><w n="187" lemma="va">va </w><w n="188">no</w><w n="189">pā</w><w n="190">dhi</w><w n="191" lemma="tvaṃ">tvam </w><w n="192">i</w><w n="193" lemma="tya">ty a</w><w n="194"></w><w n="195" lemma="rthaḥ">rthaḥ || </w>
</text></TEI>
<TEI n="O">
<text>
<w n="0">u</w><w n="1">pā</w><w n="2">dhi</w><w n="3">mā</w><w n="4">tra</w><w n="5">sva</w><w n="6">bhā</w><w n="7" lemma="ve">ve </w><w n="8">kva</w><w n="9">ci</w><w n="10" lemma="tsaṃ">t san</w><w n="11">ni</w><w n="12">ve</w><w n="13">śā</w><w n="14">dyā</w><w n="15">kā</w><w n="16">re</w><w n="17" lemma="ṣu">ṣu </w><w n="18">saṃ</w><w n="19">ni</w><w n="20">ve</w><w n="21">śā</w><w n="22">di</w><w n="23">śa</w><w n="24" lemma="bdā">bdāḥ </w><w n="25">va</w><w n="26">rta</w><w n="27">mā</w><w n="28" lemma="nāḥ">nāḥ </w><w n="29">pa</w><w n="30"></w><w n="31">ra</w><w n="32">mā</w><w n="33" lemma="rtha">rttha</w><w n="34" lemma="taḥ">tas </w><w n="35">ta</w><w n="36">tvā</w><w n="37" lemma="ta">d a</w><w n="38">vya</w><w n="39">ti</w><w n="40">re</w><w n="41">kā</w><w n="42" lemma="tu">d u</w><w n="43">pā</w><w n="44">dhī</w><w n="45" lemma="nāṃ">nāṃ </w><w n="46" lemma="taṃ">tan</w><w n="47"></w><w n="48" lemma="niḥ">niṣ</w><w n="49">ka</w><w n="50" lemma="rṣe">rṣe </w><w n="51">sva</w><w n="52">rū</w><w n="53">pa</w><w n="54">syā</w><w n="55"></w><w n="56">sva</w><w n="57">rū</w><w n="58">pa</w><w n="59">tvā</w><w n="60"></w><w n="61" lemma="tā">d ā</w><w n="62">tma</w><w n="63">nai</w><w n="64" lemma="va">va </w><w n="65">sa</w><w n="66">tvā</w><w n="67" lemma="tta">t ta</w><w n="68" lemma="te">d e</w><w n="69" lemma="va">va </w><w n="70">ni</w><w n="71" lemma="tyaṃ">tyam </w><w n="72">u</w><w n="73">pā</w><w n="74">dhi</w><w n="75">ma</w><w n="76"></w><w n="77"></w><w n="78"></w><w n="79"></w><w n="80"></w><w n="81" lemma="tdra">d dra</w><w n="82" lemma="vyaṃ">vyam </w><w n="83">e</w><w n="84" lemma="vaṃ">vam </w><w n="85">a</w><w n="86"></w><w n="87">bhi</w><w n="88">dhā</w><w n="89" lemma="ne">ne </w><w n="90">bhi</w><w n="91">hi</w><w n="92"></w><w n="93"></w><w n="94"></w><w n="95"></w><w n="96">ta</w><w n="97" lemma="tvaṃ">tvaṃ </w><w n="98">ā</w><w n="99" lemma="tmā">tmā </w><w n="100" lemma="hyu">hy u</w><w n="101">pā</w><w n="102">dhī</w><w n="103" lemma="nāṃ">nāṃ </w><w n="104" lemma="na">na </w><w n="105" lemma="tu">tu </w><w n="106" lemma="te">te </w><w n="107">ta</w><w n="108"></w><w n="109">syā</w><w n="110">tmā</w><w n="111" lemma="na">na </w><w n="112">i</w><w n="113" lemma="ti">ti </w><w n="114">vyā</w><w n="115">pa</w><w n="116"></w><w n="117">ka</w><w n="118">tvā</w><w n="119" lemma="tsa">t sa</w><w n="120" lemma="rva">rva </w><w n="121">e</w><w n="122">vo</w><w n="123">pā</w><w n="124">dha</w><w n="125" lemma="yaḥ">yaḥ </w><w n="126"></w><w n="127">ta</w><w n="128">dā</w><w n="129">tma</w><w n="130" lemma="nā">nā </w><w n="131">saṃ</w><w n="132" lemma="taḥ">tas </w><w n="133">ta</w><w n="134">thai</w><w n="135">vā</w><w n="136">bhi</w><w n="137">dhī</w><w n="138">yaṃ</w><w n="139" lemma="te">te </w><w n="140"></w><w n="141"></w><w n="142">ya</w><w n="143" lemma="thā">thā </w><w n="144" lemma="hyu">hy u</w><w n="145">pā</w><w n="146">dhi</w><w n="147">ma</w><w n="148">dhī</w><w n="149">na</w><w n="150" lemma="tā">tā </w><w n="151">ta</w><w n="152">do</w><w n="153">pā</w><w n="154">dhe</w><w n="155" lemma="ya">ya </w><w n="156">u</w><w n="157">pā</w><w n="158">dha</w><w n="159" lemma="yaḥ">yo </w><w n="160" lemma="na">na </w><w n="161">bha</w><w n="162">vaṃ</w><w n="163" lemma="ti">ti </w><w n="164">ta</w><w n="165" lemma="taḥ">tas </w><w n="166" lemma="tu">tu </w><w n="167">ni</w><w n="168">pū</w><w n="169" lemma="rve">rve </w><w n="170">dha</w><w n="171">rmāṃ</w><w n="172">ta</w><w n="173">rā</w><w n="174">śra</w><w n="175">ya</w><w n="176">ta</w><w n="177" lemma="yā">yā </w><w n="178">svā</w><w n="179">taṃ</w><w n="180">tryā</w><w n="181" lemma="tu">d u</w><w n="182">pā</w><w n="183">dhi</w><w n="184">ma</w><w n="185" lemma="tva">tva </w><w n="186"></w><w n="187" lemma="va">va </w><w n="188">no</w><w n="189">pā</w><w n="190">dhi</w><w n="191" lemma="tvaṃ">tvam </w><w n="192">i</w><w n="193" lemma="tyā">ty ā</w><w n="194">śa</w><w n="195" lemma="yaḥ">yaḥ | </w>
</text></TEI>
<TEI n="A">
<text>
<w n="0" lemma="u">|| u</w><w n="1">pā</w><w n="2">dhi</w><w n="3">mā</w><w n="4">tra</w><w n="5">śva</w><w n="6">bhā</w><w n="7">ve</w><w n="8" lemma="ṣva">ṣv a</w><w n="9" lemma="pi">pi </w><w n="10">saṃ</w><w n="11">ni</w><w n="12">ve</w><w n="13">śā</w><w n="14">dyā</w><w n="15">kā</w><w n="16">re</w><w n="17" lemma="ṣu">ṣu </w><w n="18">saṃ</w><w n="19">ni</w><w n="20">ve</w><w n="21">śā</w><w n="22">di</w><w n="23">śa</w><w n="24" lemma="bdā">bdā </w><w n="25">va</w><w n="26">rta</w><w n="27">bhā</w><w n="28" lemma="nāḥ">nāḥ </w><w n="29">pa</w><w n="30">pa</w><w n="31">ra</w><w n="32">mā</w><w n="33">rtha</w><w n="34" lemma="taḥ">tas </w><w n="35">ta</w><w n="36">tvā</w><w n="37" lemma="ta">d a</w><w n="38">vya</w><w n="39">ti</w><w n="40">re</w><w n="41">kā</w><w n="42" lemma="tu">d u</w><w n="43">pā</w><w n="44">dhī</w><w n="45" lemma="nāṃ">nāṃ </w><w n="46" lemma="taṃ">tan</w><w n="47"></w><w n="48" lemma="niḥ">niṣ</w><w n="49">ka</w><w n="50" lemma="rṣe">rṣe </w><w n="51">sva</w><w n="52">rū</w><w n="53">pa</w><w n="54">syā</w><w n="55"></w><w n="56">sva</w><w n="57">rū</w><w n="58">pa</w><w n="59">tvā</w><w n="60"></w><w n="61" lemma="tā">d ā</w><w n="62">tma</w><w n="63">nai</w><w n="64" lemma="va">va </w><w n="65">sa</w><w n="66" lemma="tvā">tvā </w><w n="67">ta</w><w n="68" lemma="te">d e</w><w n="69" lemma="va">va </w><w n="70">ni</w><w n="71" lemma="tyaṃ">tyam </w><w n="72">u</w><w n="73">pā</w><w n="74">dhi</w><w n="75">ma</w><w n="76">llī</w><w n="77">na</w><w n="78" lemma="tā">tā </w><w n="79">ta</w><w n="80" lemma="dā">dā </w><w n="81">dra</w><w n="82" lemma="vyaṃ">vyam </w><w n="83">e</w><w n="84" lemma="vaṃ">vam </w><w n="85">a</w><w n="86" lemma="pya">py a</w><w n="87">bhi</w><w n="88">dhā</w><w n="89" lemma="ne">ne </w><w n="90">bhi</w><w n="91">hi</w><w n="92" lemma="taṃ">taṃ </w><w n="93">bha</w><w n="94">va</w><w n="95" lemma="ti">ti </w><w n="96">ta</w><w n="97" lemma="tvaṃ">tvam </w><w n="98" lemma="ā">ā&#166;</w><w n="99" lemma="tmā">tmā </w><w n="100" lemma="hyu">hy u</w><w n="101">pā</w><w n="102">dhī</w><w n="103" lemma="nāṃ">nāṃ </w><w n="104" lemma="na">na </w><w n="105" lemma="tu">tu </w><w n="106">ke</w><w n="107">va</w><w n="108">la</w><w n="109">syā</w><w n="110">tmā</w><w n="111" lemma="na">na </w><w n="112">i</w><w n="113" lemma="ti">ti </w><w n="114">vyā</w><w n="115">pa</w><w n="116"></w><w n="117">ka</w><w n="118">tvā</w><w n="119" lemma="tsa">t sa</w><w n="120" lemma="rva">rva </w><w n="121">e</w><w n="122">vo</w><w n="123">pā</w><w n="124">dha</w><w n="125" lemma="yaḥ">yas </w><w n="126"></w><w n="127">ta</w><w n="128">dā</w><w n="129">tma</w><w n="130" lemma="nā">nā </w><w n="131">saṃ</w><w n="132" lemma="taḥ">tas </w><w n="133">ta</w><w n="134">thai</w><w n="135">vā</w><w n="136">bhi</w><w n="137">dhī</w><w n="138">yaṃ</w><w n="139" lemma="te">te </w><w n="140"></w><w n="141"></w><w n="142">ya</w><w n="143" lemma="dā">dā </w><w n="144" lemma="hyu">hy u</w><w n="145">pā</w><w n="146">dhi</w><w n="147">ma</w><w n="148">llī</w><w n="149">na</w><w n="150" lemma="tā">tā </w><w n="151">ta</w><w n="152">do</w><w n="153">pā</w><w n="154">dhe</w><w n="155" lemma="ya">ya </w><w n="156">u</w><w n="157">pā</w><w n="158">dha</w><w n="159" lemma="yaḥ">yo </w><w n="160" lemma="na">na </w><w n="161">bha</w><w n="162">vaṃ</w><w n="163" lemma="ti">ti </w><w n="164">ta</w><w n="165" lemma="taḥ">tas </w><w n="166" lemma="tu">tu </w><w n="167" lemma="niḥ">niṣ</w><w n="168">ka</w><w n="169" lemma="rṣe">rṣe </w><w n="170">dha</w><w n="171">rmāṃ</w><w n="172">ta</w><w n="173">rā</w><w n="174">śra</w><w n="175">ya</w><w n="176">ta</w><w n="177" lemma="yā">yā </w><w n="178">svā</w><w n="179">taṃ</w><w n="180">tryā</w><w n="181" lemma="tu">d u</w><w n="182">pā</w><w n="183">dhi</w><w n="184">ma</w><w n="185" lemma="tvaṃ">tvam </w><w n="186">e</w><w n="187" lemma="va">va </w><w n="188">no</w><w n="189">pā</w><w n="190">dhi</w><w n="191" lemma="tvaṃ">tvam </w><w n="192">i</w><w n="193" lemma="tyā">ty ā</w><w n="194">śa</w><w n="195" lemma="yaḥ">yaḥ </w>
</text></TEI>
<TEI n="V">
<text>
<w n="0">u</w><w n="1">pā</w><w n="2">dhi</w><w n="3">mā</w><w n="4">tra</w><w n="5">sva</w><w n="6">bhā</w><w n="7">ve</w><w n="8" lemma="ṣva">ṣv a</w><w n="9" lemma="pi">pi </w><w n="10">saṃ</w><w n="11">ni</w><w n="12">ve</w><w n="13">śā</w><w n="14">dyā</w><w n="15">kā</w><w n="16">re</w><w n="17" lemma="yu">yu </w><w n="18">saṃ</w><w n="19">ni</w><w n="20">ve</w><w n="21">śā</w><w n="22">di</w><w n="23">śa</w><w n="24" lemma="bda">bda </w><w n="25">va</w><w n="26">rta</w><w n="27">mā</w><w n="28" lemma="nā">nā </w><w n="29">pa</w><w n="30"></w><w n="31">ra</w><w n="32">mā</w><w n="33">rtha</w><w n="34" lemma="taḥ">tas </w><w n="35">ta</w><w n="36">tvā</w><w n="37" lemma="ta">d a</w><w n="38">vya</w><w n="39">ti</w><w n="40">re</w><w n="41">kā</w><w n="42" lemma="tu">d u</w><w n="43">pā</w><w n="44">dhī</w><w n="45" lemma="nāṃ">nāṃ </w><w n="46" lemma="taṃ">tan</w><w n="47"></w><w n="48" lemma="niḥ">niṣ</w><w n="49">ka</w><w n="50" lemma="rṣaṃ">rṣaṃ </w><w n="51">sva</w><w n="52">rū</w><w n="53">pa</w><w n="54">syā</w><w n="55"></w><w n="56">sva</w><w n="57">rū</w><w n="58">pa</w><w n="59">tvā</w><w n="60"></w><w n="61" lemma="tā">d ā</w><w n="62">tma</w><w n="63">nai</w><w n="64" lemma="va">va </w><w n="65">sa</w><w n="66">tvā</w><w n="67" lemma="tta">t ta</w><w n="68" lemma="te">d e</w><w n="69" lemma="va">va </w><w n="70">ni</w><w n="71" lemma="tyaṃ">tyam </w><w n="72">u</w><w n="73">pā</w><w n="74">dhi</w><w n="75">ma</w><w n="76">llī</w><w n="77">na</w><w n="78" lemma="tā">tā </w><w n="79">ta</w><w n="80" lemma="dā">dā </w><w n="81">dra</w><w n="82" lemma="vyaṃ">vyam </w><w n="83">e</w><w n="84" lemma="vaṃ">vam </w><w n="85">a</w><w n="86" lemma="pya">py a</w><w n="87">bhi</w><w n="88">dhā</w><w n="89" lemma="ne">ne </w><w n="90">bhi</w><w n="91">hi</w><w n="92" lemma="taṃ">taṃ </w><w n="93">bha</w><w n="94">vā</w><w n="95" lemma="ti">ti </w><w n="96">ta</w><w n="97" lemma="tvaṃ">tvam </w><w n="98">ā</w><w n="99" lemma="tmā">tmā </w><w n="100" lemma="hya">hy a</w><w n="101">pā</w><w n="102">dhā</w><w n="103" lemma="nā">nā </w><w n="104" lemma="na">na </w><w n="105" lemma="tu">tu </w><w n="106">te</w><w n="107">va</w><w n="108">la</w><w n="109">syā</w><w n="110">tmā</w><w n="111" lemma="na">na </w><w n="112">i</w><w n="113" lemma="ti">ti </w><w n="114">vyā</w><w n="115">pa</w><w n="116"></w><w n="117">ka</w><w n="118">tvā</w><w n="119" lemma="tsa">t sa</w><w n="120" lemma="rva">rva </w><w n="121">e</w><w n="122">vo</w><w n="123">pā</w><w n="124">dha</w><w n="125" lemma="yaḥ">yas </w><w n="126"></w><w n="127">ta</w><w n="128">dā</w><w n="129">tma</w><w n="130" lemma="nā">nā </w><w n="131">saṃ</w><w n="132" lemma="taḥ">tas </w><w n="133">ta</w><w n="134">thai</w><w n="135">vā</w><w n="136">bhi</w><w n="137">dhā</w><w n="138">yaṃ</w><w n="139" lemma="te">te </w><w n="140"></w><w n="141"></w><w n="142"></w><w n="143" lemma="dā">dā </w><w n="144" lemma="hyu">hy u</w><w n="145">pā</w><w n="146">dhi</w><w n="147">ma</w><w n="148">llā</w><w n="149">na</w><w n="150" lemma="tā">tā </w><w n="151">ta</w><w n="152">do</w><w n="153">pā</w><w n="154">dhe</w><w n="155" lemma="ya">ya </w><w n="156"></w><w n="157"></w><w n="158">dha</w><w n="159" lemma="yaḥ">yo </w><w n="160" lemma="na">na </w><w n="161">bha</w><w n="162">vaṃ</w><w n="163" lemma="ti">ti </w><w n="164">ta</w><w n="165" lemma="taḥ">tas </w><w n="166" lemma="tu">tu </w><w n="167">ni</w><w n="168">me</w><w n="169" lemma="ṣe">ṣe </w><w n="170">dha</w><w n="171">rmāṃ</w><w n="172">ta</w><w n="173">rā</w><w n="174">śra</w><w n="175">ya</w><w n="176">ta</w><w n="177" lemma="yā">yā </w><w n="178">svā</w><w n="179">taṃ</w><w n="180">tryā</w><w n="181" lemma="tu">d u</w><w n="182">pā</w><w n="183">dhi</w><w n="184">ma</w><w n="185" lemma="tvaṃ">tvam </w><w n="186">e</w><w n="187" lemma="va">va </w><w n="188">no</w><w n="189">pā</w><w n="190">dhi</w><w n="191" lemma="tvaṃ">tvam </w><w n="192">i</w><w n="193" lemma="tyā">ty ā</w><w n="194">śa</w><w n="195" lemma="yaḥ">yaḥ </w>
</text></TEI>
<TEI n="K">
<text>
<w n="0">u</w><w n="1">pā</w><w n="2">dhi</w><w n="3">mā</w><w n="4">tra</w><w n="5">sva</w><w n="6">bhā</w><w n="7">ve</w><w n="8" lemma="ṣva">ṣv a</w><w n="9" lemma="pi">pi </w><w n="10">saṃ</w><w n="11">ni</w><w n="12">ve</w><w n="13">śā</w><w n="14">dyā</w><w n="15">kā</w><w n="16">re</w><w n="17" lemma="yu">yu </w><w n="18">saṃ</w><w n="19">ni</w><w n="20">ve</w><w n="21">śā</w><w n="22">di</w><w n="23">śa</w><w n="24" lemma="bda">bda </w><w n="25">va</w><w n="26">rta</w><w n="27">mā</w><w n="28" lemma="nā">nā </w><w n="29">pa</w><w n="30"></w><w n="31">ra</w><w n="32">mā</w><w n="33">rtha</w><w n="34" lemma="taḥ">tas </w><w n="35">ta</w><w n="36">tvā</w><w n="37" lemma="ta">d a</w><w n="38">vya</w><w n="39">ti</w><w n="40">re</w><w n="41">kā</w><w n="42" lemma="tu">d u</w><w n="43">pā</w><w n="44">dhī</w><w n="45" lemma="nāṃ">nāṃ </w><w n="46" lemma="taṃ">tan</w><w n="47"></w><w n="48" lemma="niḥ">niṣ</w><w n="49">ka</w><w n="50" lemma="rṣe">rṣe </w><w n="51">sva</w><w n="52">rū</w><w n="53">pa</w><w n="54">syā</w><w n="55"></w><w n="56">sva</w><w n="57">rū</w><w n="58">pa</w><w n="59">tvā</w><w n="60"></w><w n="61" lemma="tā">d ā</w><w n="62">tma</w><w n="63">nai</w><w n="64" lemma="va">va </w><w n="65">sa</w><w n="66">tvā</w><w n="67" lemma="tta">t ta</w><w n="68" lemma="te">d e</w><w n="69" lemma="va">va </w><w n="70">ni</w><w n="71" lemma="tyaṃ">tyam </w><w n="72">u</w><w n="73">pā</w><w n="74">dhi</w><w n="75">ma</w><w n="76">llī</w><w n="77">na</w><w n="78" lemma="tā">tā </w><w n="79">ta</w><w n="80" lemma="dā">dā </w><w n="81">dra</w><w n="82" lemma="vyaṃ">vyam </w><w n="83">e</w><w n="84" lemma="vaṃ">vam </w><w n="85">a</w><w n="86" lemma="pya">py a</w><w n="87">bhi</w><w n="88">dhā</w><w n="89" lemma="ne">ne </w><w n="90">bhi</w><w n="91">hi</w><w n="92" lemma="taṃ">taṃ </w><w n="93">bha</w><w n="94">vā</w><w n="95" lemma="ti">ti </w><w n="96">ta</w><w n="97" lemma="tvaṃ">tvam </w><w n="98">ā</w><w n="99" lemma="tmā">tmā </w><w n="100" lemma="hya">hy a</w><w n="101">pā</w><w n="102">dhā</w><w n="103" lemma="nāṃ">nāṃ </w><w n="104" lemma="na">na </w><w n="105" lemma="tu">tu </w><w n="106">te</w><w n="107">va</w><w n="108">la</w><w n="109">syā</w><w n="110">tmā</w><w n="111" lemma="na">na </w><w n="112">i</w><w n="113" lemma="ti">ti </w><w n="114">vyā</w><w n="115">pa</w><w n="116"></w><w n="117">ka</w><w n="118">tvā</w><w n="119" lemma="tsa">t sa</w><w n="120" lemma="rva">rva </w><w n="121">e</w><w n="122">vo</w><w n="123">pā</w><w n="124">dha</w><w n="125" lemma="yaḥ">yas </w><w n="126"></w><w n="127">ta</w><w n="128">dā</w><w n="129">tma</w><w n="130" lemma="nā">nā </w><w n="131">saṃ</w><w n="132" lemma="taḥ">tas </w><w n="133">ta</w><w n="134">thai</w><w n="135">vā</w><w n="136">bhi</w><w n="137">dhā</w><w n="138">yaṃ</w><w n="139" lemma="te">te </w><w n="140"></w><w n="141"></w><w n="142"></w><w n="143" lemma="dā">dā </w><w n="144" lemma="hyu">hy u</w><w n="145">pā</w><w n="146">dhi</w><w n="147">ma</w><w n="148">llā</w><w n="149">na</w><w n="150" lemma="tā">tā </w><w n="151">ta</w><w n="152">do</w><w n="153">pā</w><w n="154">dhe</w><w n="155" lemma="ya">ya </w><w n="156"></w><w n="157"></w><w n="158">dha</w><w n="159" lemma="yaḥ">yo </w><w n="160" lemma="na">na </w><w n="161">bha</w><w n="162">vaṃ</w><w n="163" lemma="ti">ti </w><w n="164">ta</w><w n="165" lemma="taḥ">tas </w><w n="166" lemma="tu">tu </w><w n="167">ni</w><w n="168">me</w><w n="169" lemma="rṣe">rṣe </w><w n="170">dha</w><w n="171">rmāṃ</w><w n="172">ta</w><w n="173">rā</w><w n="174">śra</w><w n="175">ya</w><w n="176">ta</w><w n="177" lemma="yā">yā </w><w n="178">svā</w><w n="179">taṃ</w><w n="180">tryā</w><w n="181" lemma="tu">d u</w><w n="182">pā</w><w n="183">dhi</w><w n="184">ma</w><w n="185" lemma="tvaṃ">tvam </w><w n="186">e</w><w n="187" lemma="va">va </w><w n="188">no</w><w n="189">pā</w><w n="190">dhi</w><w n="191" lemma="tvaṃ">tvam </w><w n="192">i</w><w n="193" lemma="tyā">ty ā</w><w n="194">śa</w><w n="195" lemma="yaḥ">yaḥ </w>
</text></TEI>
<TEI n="D">
<text>
<w n="0" lemma="u">|| u</w><w n="1">pā</w><w n="2">dhi</w><w n="3">mā</w><w n="4">tra</w><w n="5">sva</w><w n="6">bhā</w><w n="7">ve</w><w n="8" lemma="ṣva">ṣv a</w><w n="9" lemma="pi">pi </w><w n="10">saṃ</w><w n="11">ni</w><w n="12">ve</w><w n="13">śā</w><w n="14">dyā</w><w n="15">kā</w><w n="16">re</w><w n="17" lemma="ṣu">ṣu </w><w n="18">saṃ</w><w n="19">ni</w><w n="20">ve</w><w n="21">śā</w><w n="22">di</w><w n="23">śa</w><w n="24" lemma="bdā">bdā </w><w n="25">va</w><w n="26">rta</w><w n="27">mā</w><w n="28" lemma="nāḥ">nāḥ </w><w n="29">pa</w><w n="30"></w><w n="31">ra</w><w n="32">mā</w><w n="33">rtha</w><w n="34" lemma="taḥ">tas </w><w n="35">ta</w><w n="36">tvā</w><w n="37" lemma="ta">d a</w><w n="38">vya</w><w n="39">ti</w><w n="40">re</w><w n="41">kā</w><w n="42" lemma="tu">d u</w><w n="43">pā</w><w n="44">dhī</w><w n="45" lemma="nāṃ">nāṃ </w><w n="46" lemma="taṃ">tan</w><w n="47"></w><w n="48" lemma="niḥ">niṣ</w><w n="49">ka</w><w n="50" lemma="rṣe">rṣe </w><w n="51">sva</w><w n="52">rū</w><w n="53">pa</w><w n="54">syā</w><w n="55"></w><w n="56">sva</w><w n="57">rū</w><w n="58">pa</w><w n="59">tvā</w><w n="60"></w><w n="61" lemma="tā">d ā</w><w n="62">tma</w><w n="63">nai</w><w n="64" lemma="va">va </w><w n="65">sa</w><w n="66">tvā</w><w n="67" lemma="tta">t ta</w><w n="68" lemma="te">d e</w><w n="69" lemma="va">va </w><w n="70">ni</w><w n="71" lemma="tyaṃ">tyam </w><w n="72">u</w><w n="73">pā</w><w n="74">dhi</w><w n="75">ma</w><w n="76">llī</w><w n="77">na</w><w n="78" lemma="tā">tā </w><w n="79">ta</w><w n="80" lemma="dā">dā </w><w n="81">dra</w><w n="82" lemma="vyaṃ">vyam </w><w n="83">e</w><w n="84" lemma="vaṃ">vam </w><w n="85">a</w><w n="86" lemma="pya">py a</w><w n="87">bhi</w><w n="88">dhā</w><w n="89" lemma="ne">ne </w><w n="90">bhi</w><w n="91">hi</w><w n="92" lemma="taṃ">taṃ </w><w n="93">bha</w><w n="94">va</w><w n="95" lemma="ti">ti | </w><w n="96">ta</w><w n="97" lemma="tvaṃ">tvam </w><w n="98">ā</w><w n="99" lemma="tmā">tmā </w><w n="100" lemma="hyu">hy u</w><w n="101">pā</w><w n="102">dhī</w><w n="103" lemma="nāṃ">nāṃ </w><w n="104" lemma="na">na </w><w n="105" lemma="tu">tu </w><w n="106">ke</w><w n="107">va</w><w n="108">la</w><w n="109">syā</w><w n="110">tmā</w><w n="111" lemma="na">na </w><w n="112">i</w><w n="113" lemma="ti">ti </w><w n="114">vyā</w><w n="115">pa</w><w n="116"></w><w n="117">ka</w><w n="118">tvā</w><w n="119" lemma="tsa">t sa</w><w n="120" lemma="rva">rva </w><w n="121">e</w><w n="122">vo</w><w n="123">pā</w><w n="124">dha</w><w n="125" lemma="yaḥ">yas </w><w n="126"></w><w n="127">ta</w><w n="128">dā</w><w n="129">tma</w><w n="130" lemma="nā">nā </w><w n="131">saṃ</w><w n="132" lemma="taḥ">tas </w><w n="133">ta</w><w n="134">thai</w><w n="135">vā</w><w n="136">bhi</w><w n="137">dhī</w><w n="138">yaṃ</w><w n="139" lemma="te">te </w><w n="140"></w><w n="141"></w><w n="142">ya</w><w n="143" lemma="dā">dā </w><w n="144" lemma="hyu">hy u</w><w n="145">pā</w><w n="146">dhi</w><w n="147">ma</w><w n="148">llī</w><w n="149">na</w><w n="150" lemma="tā">tā </w><w n="151">ta</w><w n="152">do</w><w n="153">pā</w><w n="154">dhe</w><w n="155" lemma="ya">ya </w><w n="156">u</w><w n="157">pā</w><w n="158">dha</w><w n="159" lemma="yaḥ">yo </w><w n="160" lemma="na">na </w><w n="161">bha</w><w n="162">vaṃ</w><w n="163" lemma="ti">ti </w><w n="164">ta</w><w n="165" lemma="taḥ">tas </w><w n="166" lemma="tu">tu </w><w n="167" lemma="niḥ">niṣ</w><w n="168">ka</w><w n="169" lemma="rṣe">rṣe </w><w n="170">dha</w><w n="171">rmāṃ</w><w n="172">ta</w><w n="173">rā</w><w n="174">śra</w><w n="175">ya</w><w n="176">ta</w><w n="177" lemma="yā">yā </w><w n="178">svā</w><w n="179">taṃ</w><w n="180">tryā</w><w n="181" lemma="tu">d u</w><w n="182">pā</w><w n="183">dhi</w><w n="184">ma</w><w n="185" lemma="tvaṃ">tvam </w><w n="186">e</w><w n="187" lemma="va">va </w><w n="188">no</w><w n="189">pā</w><w n="190">dhi</w><w n="191" lemma="tvaṃ">tvam </w><w n="192">i</w><w n="193" lemma="tyā">ty ā</w><w n="194">śa</w><w n="195" lemma="yaḥ">yaḥ | </w>
</text></TEI>
</teiCorpus>
