<?xml version="1.0" encoding="UTF-8"?>
<teiCorpus xmlns="http://www.tei-c.org/ns/1.0">

<TEI n="GV">
<text>
<w n="0">e</w><w n="1" lemma="vaṃ">vaṃ </w><w n="2" lemma="ca">ca </w><w n="3">kṛ</w><w n="4" lemma="tvā">tvā </w><w n="5"></w><w n="6"></w><w n="7"></w><w n="8" lemma="taṃ">tan</w><w n="9">ma</w><w n="10">ya</w><w n="11">tvā</w><w n="12">vi</w><w n="13">ro</w><w n="14">dhi</w><w n="15" lemma="no">no </w><w n="16" lemma="pi">pi </w><w n="17">vya</w><w n="18">va</w><w n="19">hā</w><w n="20" lemma="raḥ">ras </w><w n="21">ta</w><w n="22">trai</w><w n="23">vo</w><w n="24">pa</w><w n="25">lī</w><w n="26">ya</w><w n="27" lemma="ta">ta </w><w n="28">i</w><w n="29" lemma="tyā">ty ā</w><w n="30" lemma="ha">ha || </w>
</text></TEI>
<TEI n="CT">
<text>
<w n="0">e</w><w n="1" lemma="vaṃ">vaṃ </w><w n="2" lemma="ca">ca </w><w n="3">kṛ</w><w n="4" lemma="tvā">tvā </w><w n="5">sa</w><w n="6">rva</w><w n="7" lemma="sya">sya </w><w n="8" lemma="taṃ">ta-n</w><w n="9">ma</w><w n="10">ya</w><w n="11">tvā</w><w n="12" lemma="tvi">d vi</w><w n="13">ro</w><w n="14">dhi</w><w n="15" lemma="no">no '</w><w n="16" lemma="pi">pi </w><w n="17">vya</w><w n="18">va</w><w n="19">hā</w><w n="20" lemma="rāḥ">rās </w><w n="21">ta</w><w n="22" lemma="te">d e-</w><w n="23">vo</w><w n="24">pa</w><w n="25">lī</w><w n="26" lemma="yaṃ">yan</w><w n="27" lemma="ta">ta </w><w n="28">i</w><w n="29" lemma="tyā">ty ā</w><w n="30" lemma="ha">ha&#8212;</w>
</text></TEI>
<TEI n="T">
<text>
<w n="0">e</w><w n="1" lemma="vaṃ">vañ </w><w n="2" lemma="ca">ca </w><w n="3">kṛ</w><w n="4" lemma="tvā">tvā </w><w n="5">sa</w><w n="6" lemma="rva">rvva</w><w n="7" lemma="sya">sya </w><w n="8" lemma="taṃ">tan</w><w n="9">ma</w><w n="10">ya</w><w n="11">tvā</w><w n="12" lemma="tvi">d vi</w><w n="13">ro</w><w n="14">dhi</w><w n="15" lemma="no">no </w><w n="16" lemma="pi">pi </w><w n="17">vya</w><w n="18">va</w><w n="19">hā</w><w n="20" lemma="rāḥ">rās </w><w n="21">ta</w><w n="22" lemma="te">d e</w><w n="23">vo</w><w n="24">pa</w><w n="25">lī</w><w n="26" lemma="yaṃ">yan</w><w n="27" lemma="ta">ta </w><w n="28">i</w><w n="29" lemma="tyā">ty ā</w><w n="30" lemma="ha">ha | </w>
</text></TEI>
<TEI n="H">
<text>
<w n="0">e</w><w n="1" lemma="vaṃ">vaṃ </w><w n="2" lemma="ca">ca </w><w n="3">kṛ</w><w n="4" lemma="tvā">tvā </w><w n="5">sa</w><w n="6">rva</w><w n="7" lemma="sya">sya </w><w n="8" lemma="taṃ">tan</w><w n="9">ma</w><w n="10">ya</w><w n="11">tvā</w><w n="12">vi</w><w n="13">ro</w><w n="14">dhi</w><w n="15" lemma="no">no </w><w n="16" lemma="pi">pi </w><w n="17">vya</w><w n="18">va</w><w n="19">hā</w><w n="20" lemma="rāḥ">rās </w><w n="21">ta</w><w n="22">trai</w><w n="23">vo</w><w n="24">pa</w><w n="25">lī</w><w n="26">yaṃ</w><w n="27" lemma="ta">ta </w><w n="28">i</w><w n="29" lemma="tyā">ty ā</w><w n="30" lemma="ha">ha || &#43256; || </w>
</text></TEI>
<TEI n="P">
<text>
<w n="0">e</w><w n="1" lemma="vaṃ">vaṃ </w><w n="2" lemma="ca">ca </w><w n="3">kṛ</w><w n="4" lemma="tvā">tvā </w><w n="5"></w><w n="6"></w><w n="7"></w><w n="8" lemma="taṃ">tan</w><w n="9">ma</w><w n="10">ya</w><w n="11">tvā</w><w n="12">vi</w><w n="13">ro</w><w n="14">dhi</w><w n="15" lemma="no">no </w><w n="16" lemma="pi">pi </w><w n="17">vya</w><w n="18">va</w><w n="19">hā</w><w n="20" lemma="raḥ">ras </w><w n="21">ta</w><w n="22">trai</w><w n="23">vo</w><w n="24">pa</w><w n="25">lī</w><w n="26">ya</w><w n="27" lemma="ta">ta </w><w n="28">i</w><w n="29" lemma="tyā">ty ā</w><w n="30" lemma="ha">ha </w>
</text></TEI>
<TEI n="M">
<text>
<w n="0">e</w><w n="1" lemma="vaṃ">vaṃ </w><w n="2" lemma="ca">ca </w><w n="3">kṛ</w><w n="4" lemma="tvā">tvā </w><w n="5"></w><w n="6"></w><w n="7"></w><w n="8" lemma="taṃ">tan</w><w n="9">ma</w><w n="10">ya</w><w n="11">tvā</w><w n="12">vi</w><w n="13">ro</w><w n="14">dhi</w><w n="15" lemma="no">no </w><w n="16" lemma="pi">pi </w><w n="17">vya</w><w n="18">va</w><w n="19">hā</w><w n="20" lemma="raḥ">ras </w><w n="21">ta</w><w n="22">trai</w><w n="23">vo</w><w n="24">pa</w><w n="25">lī</w><w n="26">ya</w><w n="27" lemma="ta">ta </w><w n="28">i</w><w n="29" lemma="tyā">ty ā</w><w n="30" lemma="ha">ha || </w>
</text></TEI>
<TEI n="G2">
<text>
<w n="0">e</w><w n="1" lemma="vaṃ">vaṃ </w><w n="2" lemma="ca">ca </w><w n="3">kṛ</w><w n="4" lemma="tvā">tvā </w><w n="5">sa</w><w n="6">rva</w><w n="7" lemma="sya">sya </w><w n="8" lemma="taṃ">tan</w><w n="9">ma</w><w n="10">ya</w><w n="11">tvā</w><w n="12" lemma="tvi">d vi</w><w n="13">ro</w><w n="14">dhi</w><w n="15" lemma="no">no </w><w n="16" lemma="pi">pi </w><w n="17">vya</w><w n="18">va</w><w n="19">hā</w><w n="20" lemma="rāḥ">rās </w><w n="21">ta</w><w n="22">trai</w><w n="23">vo</w><w n="24">pa</w><w n="25">lī</w><w n="26">yaṃ</w><w n="27" lemma="ta">ta </w><w n="28">i</w><w n="29" lemma="tyā">ty ā</w><w n="30" lemma="ha">ha || </w>
</text></TEI>
<TEI n="G1">
<text>
<w n="0">e</w><w n="1" lemma="vaṃ">vaṃ </w><w n="2" lemma="ca">ca </w><w n="3">kṛ</w><w n="4" lemma="tvā">tvā </w><w n="5">sa</w><w n="6">rva</w><w n="7" lemma="sya">sya </w><w n="8" lemma="taṃ">tan</w><w n="9">ma</w><w n="10">ya</w><w n="11">tvā</w><w n="12" lemma="tvi">d vi</w><w n="13">ro</w><w n="14">dhi</w><w n="15" lemma="no">no </w><w n="16" lemma="pi">pi </w><w n="17">vya</w><w n="18">va</w><w n="19">hā</w><w n="20" lemma="rāḥ">rās </w><w n="21">ta</w><w n="22">trai</w><w n="23">vo</w><w n="24">pa</w><w n="25">lī</w><w n="26">yaṃ</w><w n="27" lemma="ta">ta </w><w n="28">i</w><w n="29" lemma="tyā">ty ā</w><w n="30" lemma="ha">ha | </w>
</text></TEI>
<TEI n="L">
<text>
<w n="0">e</w><w n="1" lemma="vaṃ">vaṃ </w><w n="2" lemma="ca">ca </w><w n="3">kṛ</w><w n="4" lemma="tvā">tvā </w><w n="5">sa</w><w n="6">rva</w><w n="7" lemma="sya">sya </w><w n="8" lemma="taṃ">tan</w><w n="9">ma</w><w n="10">ya</w><w n="11">tvā</w><w n="12" lemma="tvi">d vi</w><w n="13">ro</w><w n="14">dhi</w><w n="15" lemma="no">no </w><w n="16" lemma="pi">pi </w><w n="17">vya</w><w n="18">va</w><w n="19">hā</w><w n="20" lemma="rāḥ">rās </w><w n="21">ta</w><w n="22">trai</w><w n="23">vo</w><w n="24">pa</w><w n="25">lī</w><w n="26">yaṃ</w><w n="27" lemma="ta">ta </w><w n="28">i</w><w n="29" lemma="tyā">ty ā</w><w n="30">ha</w>
</text></TEI>
<TEI n="O">
<text>
<w n="0">e</w><w n="1" lemma="vaṃ">vaṃ </w><w n="2" lemma="ca">ca </w><w n="3">kṛ</w><w n="4" lemma="tvā">tvā </w><w n="5">sa</w><w n="6">rva</w><w n="7" lemma="sya">sya </w><w n="8" lemma="taṃ">tan</w><w n="9">ma</w><w n="10">ya</w><w n="11">tvā</w><w n="12" lemma="tvi">d vi</w><w n="13">ro</w><w n="14">dhi</w><w n="15" lemma="no">no </w><w n="16" lemma="pi">pi </w><w n="17">vya</w><w n="18">va</w><w n="19">hā</w><w n="20" lemma="rāḥ">rās </w><w n="21">ta</w><w n="22">trai</w><w n="23">vo</w><w n="24">pa</w><w n="25">lī</w><w n="26">yaṃ</w><w n="27" lemma="ta">ta </w><w n="28">i</w><w n="29" lemma="tyā">ty ā</w><w n="30" lemma="ha">ha || </w>
</text></TEI>
<TEI n="A">
<text>
<w n="0">e</w><w n="1" lemma="va">va </w><w n="2" lemma="ca">ca </w><w n="3">kṛ</w><w n="4" lemma="tvā">tvā </w><w n="5">sa</w><w n="6">rva</w><w n="7" lemma="sya">sya </w><w n="8" lemma="taṃ">tan</w><w n="9">ma</w><w n="10">ya</w><w n="11">tvā</w><w n="12" lemma="tvi">d vi</w><w n="13">ro</w><w n="14">dhi</w><w n="15" lemma="no">no </w><w n="16" lemma="pi">pi </w><w n="17">vya</w><w n="18">va</w><w n="19">hā</w><w n="20" lemma="rāḥ">rās </w><w n="21">ta</w><w n="22">trai</w><w n="23">vo</w><w n="24">pa</w><w n="25">lī</w><w n="26">yaṃ</w><w n="27" lemma="la">la </w><w n="28">i</w><w n="29" lemma="tyā">ty ā</w><w n="30" lemma="ha">ha || </w>
</text></TEI>
<TEI n="V">
<text>
<w n="0">e</w><w n="1" lemma="vaṃ">vaṃ </w><w n="2" lemma="ca">ca </w><w n="3">kṛ</w><w n="4" lemma="tvā">tvā </w><w n="5">sa</w><w n="6">rva</w><w n="7" lemma="sya">sya </w><w n="8" lemma="taṃ">tan</w><w n="9">ma</w><w n="10">ya</w><w n="11">tvā</w><w n="12" lemma="tvi">d vi</w><w n="13">ro</w><w n="14">dhi</w><w n="15" lemma="no">no </w><w n="16" lemma="pi">pi </w><w n="17">vya</w><w n="18">va</w><w n="19">hā</w><w n="20" lemma="rāḥ">rās </w><w n="21">ta</w><w n="22">trai</w><w n="23">vo</w><w n="24">pa</w><w n="25">lī</w><w n="26">yaṃ</w><w n="27" lemma="ta">ta </w><w n="28">i</w><w n="29" lemma="tyā">ty ā</w><w n="30" lemma="ha">ha </w>
</text></TEI>
<TEI n="K">
<text>
<w n="0">e</w><w n="1" lemma="vaṃ">vaṃ </w><w n="2" lemma="ca">ca </w><w n="3">kṛ</w><w n="4" lemma="tvā">tvā </w><w n="5">sa</w><w n="6">rva</w><w n="7" lemma="sya">sya </w><w n="8" lemma="taṃ">tan</w><w n="9">ma</w><w n="10">ya</w><w n="11">tvā</w><w n="12" lemma="tvi">d vi</w><w n="13">ro</w><w n="14">dhi</w><w n="15" lemma="no">no </w><w n="16" lemma="pi">pi </w><w n="17">vya</w><w n="18">va</w><w n="19">hā</w><w n="20" lemma="rāḥ">rās </w><w n="21">ta</w><w n="22">trai</w><w n="23">vo</w><w n="24">pa</w><w n="25">lī</w><w n="26">yaṃ</w><w n="27" lemma="ta">ta </w><w n="28">i</w><w n="29" lemma="tyā">ty ā</w><w n="30" lemma="ha">ha || </w>
</text></TEI>
<TEI n="D">
<text>
<w n="0">e</w><w n="1" lemma="vaṃ">vaṃ </w><w n="2" lemma="ca">ca </w><w n="3">kṛ</w><w n="4" lemma="tvā">tvā </w><w n="5">sa</w><w n="6">rva</w><w n="7" lemma="sya">sya </w><w n="8" lemma="taṃ">tan</w><w n="9">ma</w><w n="10">ya</w><w n="11">tvā</w><w n="12" lemma="tvi">d vi</w><w n="13">ro</w><w n="14">dhi</w><w n="15" lemma="no">no </w><w n="16" lemma="pi">pi </w><w n="17">vya</w><w n="18">va</w><w n="19">hā</w><w n="20" lemma="rāḥ">rās </w><w n="21">ta</w><w n="22">trai</w><w n="23">vo</w><w n="24">pa</w><w n="25">lī</w><w n="26">yaṃ</w><w n="27" lemma="ta">ta </w><w n="28">i</w><w n="29" lemma="tyā">ty ā</w><w n="30" lemma="ha">ha ||</w>
</text></TEI>
</teiCorpus>
