<?xml version="1.0" encoding="UTF-8"?>
<teiCorpus xmlns="http://www.tei-c.org/ns/1.0">

<TEI n="GV">
<text>
<w n="0"></w><w n="1"></w><w n="2"></w><w n="3"></w><w n="4"></w><w n="5"></w><w n="6"></w><w n="7"></w><w n="8"></w><w n="9"></w><w n="10"></w><w n="11"></w><w n="12"></w><w n="13"></w><w n="14"></w><w n="15"></w><w n="16"></w><w n="17"></w><w n="18"></w><w n="19"></w><w n="20"></w><w n="21"></w><w n="22"></w><w n="23"></w><w n="24"></w><w n="25"></w><w n="26"></w><w n="27"></w><w n="28"></w><w n="29"></w><w n="30"></w><w n="31"></w><w n="32"></w><w n="33"></w><w n="34"></w><w n="35"></w><w n="36"></w><w n="37"></w><w n="38"></w><w n="39"></w><w n="40"></w><w n="41"></w><w n="42"></w><w n="43"></w><w n="44"></w><w n="45"></w><w n="46"></w><w n="47"></w><w n="48"></w><w n="49"></w><w n="50"></w><w n="51"></w><w n="52"></w><w n="53"></w><w n="54"></w><w n="55"></w><w n="56"></w><w n="57"></w><w n="58"></w><w n="59"></w><w n="60"></w><w n="61"></w><w n="62"></w><w n="63"></w><w n="64"></w><w n="65"></w><w n="66"></w><w n="67"></w><w n="68"></w><w n="69"></w><w n="70"></w><w n="71"></w><w n="72"></w><w n="73"></w><w n="74"></w><w n="75"></w><w n="76"></w><w n="77"></w><w n="78"></w><w n="79"></w><w n="80"></w><w n="81"></w><w n="82"></w><w n="83"></w><w n="84"></w><w n="85"></w><w n="86"></w><w n="87"></w><w n="88"></w><w n="89"></w><w n="90"></w><w n="91"></w><w n="92"></w><w n="93"></w><w n="94"></w><w n="95"></w><w n="96"></w><w n="97"></w><w n="98"></w><w n="99"></w><w n="100"></w><w n="101"></w><w n="102"></w><w n="103"></w><w n="104"></w><w n="105"></w><w n="106"></w><w n="107"></w><w n="108"></w><w n="109"></w>
</text></TEI>
<TEI n="CT">
<text>
<w n="0">ya</w><w n="1" lemma="dya">dy a</w><w n="2" lemma="pi">pi </w><w n="3" lemma="ca">ca </w><w n="4">śā</w><w n="5">kyā</w><w n="6">di</w><w n="7">da</w><w n="8">rśa</w><w n="9" lemma="ne">ne </w><w n="10">ni</w><w n="11" lemma="tyaṃ">tyaṃ </w><w n="12" lemma="na">na </w><w n="13">bha</w><w n="14">va</w><w n="15" lemma="ti">ti </w><w n="16">dra</w><w n="17" lemma="vyaṃ">vyam&#183; </w><w n="18"></w><w n="19"></w><w n="20"></w><w n="21" lemma="taṃ">tan</w><w n="22">ma</w><w n="23">ta</w><w n="24">syā</w><w n="25">na</w><w n="26">bhyu</w><w n="27">pa</w><w n="28">ga</w><w n="29">mā</w><w n="30" lemma="te">d e</w><w n="31">vā</w><w n="32">do</w><w n="33" lemma="ṣaḥ">ṣaḥ | </w><w n="34" lemma="ke">ke-</w><w n="35">va</w><w n="36" lemma="laṃ">laṃ </w><w n="37"></w><w n="38"></w><w n="39">ya</w><w n="40" lemma="ta">d a</w><w n="41">smā</w><w n="42" lemma="kaṃ">kaṃ </w><w n="43">dra</w><w n="44" lemma="vyaṃ">vyaṃ </w><w n="45"></w><w n="46"></w><w n="47">ta</w><w n="48" lemma="ta">d a</w><w n="49" lemma="nyaiḥ">nyair </w><w n="50">a</w><w n="51" lemma="pye">py e</w><w n="52" lemma="vaṃ">vam </w><w n="53">a</w><w n="54">bhi</w><w n="55" lemma="dhī">dhī&#183;</w><w n="56">ya</w><w n="57" lemma="ta">ta </w><w n="58">i</w><w n="59" lemma="ti">ti </w><w n="60">e</w><w n="61" lemma="vaṃ">vam </w><w n="62">a</w><w n="63">tro</w><w n="64">pa</w><w n="65">nyā</w><w n="66" lemma="saḥ">saḥ | </w><w n="67">ya</w><w n="68" lemma="tvā">d vā </w><w n="69"></w><w n="70">bhā</w><w n="71">ṣyā</w><w n="72" lemma="nu">nu-</w><w n="73">sā</w><w n="74">re</w><w n="75" lemma="ṇa">ṇa </w><w n="76">sva</w><w n="77">rū</w><w n="78">pā</w><w n="79">nya</w><w n="80" lemma="thā">thā </w><w n="81"></w><w n="82"></w><w n="83"></w><w n="84"></w><w n="85"></w><w n="86"></w><w n="87"></w><w n="88"></w><w n="89"></w><w n="90"></w><w n="91"></w><w n="92"></w><w n="93"></w><w n="94"></w><w n="95"></w><w n="96"></w><w n="97"></w><w n="98"></w><w n="99"></w><w n="100"></w><w n="101"></w><w n="102"></w><w n="103"></w><w n="104">sa</w><w n="105">rva</w><w n="106" lemma="tra">tra </w><w n="107"></w><w n="108">si</w><w n="109" lemma="dhiḥ">ddhiḥ | </w>
</text></TEI>
<TEI n="T">
<text>
<w n="0">ya</w><w n="1" lemma="dya">dy a</w><w n="2" lemma="pi">pi </w><w n="3" lemma="ca">ca </w><w n="4">śā</w><w n="5">kyā</w><w n="6">di</w><w n="7">da</w><w n="8">rśa</w><w n="9" lemma="ne">ne </w><w n="10">ni</w><w n="11">tya</w><w n="12" lemma="nna">n na </w><w n="13">bha</w><w n="14">va</w><w n="15" lemma="ti">ti </w><w n="16">dra</w><w n="17" lemma="vyaṃ">vyaṃ </w><w n="18">ta</w><w n="19">thā</w><w n="20" lemma="pi">pi </w><w n="21" lemma="taṃ">tan</w><w n="22">ma</w><w n="23">ta</w><w n="24">syā</w><w n="25">na</w><w n="26">bhyu</w><w n="27">pa</w><w n="28">ga</w><w n="29">mā</w><w n="30" lemma="te">d e</w><w n="31">vā</w><w n="32">do</w><w n="33" lemma="ṣaḥ">ṣaḥ </w><w n="34">ke</w><w n="35">va</w><w n="36" lemma="laṃ">laṃ </w><w n="37"></w><w n="38"></w><w n="39">ya</w><w n="40" lemma="ta">d a</w><w n="41">smā</w><w n="42">ka</w><w n="43" lemma="ndra">n dra</w><w n="44">vya</w><w n="45"></w><w n="46"></w><w n="47" lemma="nta">n ta</w><w n="48" lemma="ta">d a</w><w n="49" lemma="nyaiḥ">nyair </w><w n="50">a</w><w n="51" lemma="pye">py e</w><w n="52" lemma="vaṃ">vam </w><w n="53">a</w><w n="54">bhi</w><w n="55">dhī</w><w n="56">ya</w><w n="57" lemma="ta">ta </w><w n="58">i</w><w n="59" lemma="ti">ti </w><w n="60">e</w><w n="61" lemma="vaṃ">vam </w><w n="62">a</w><w n="63">tro</w><w n="64">pa</w><w n="65">nyā</w><w n="66" lemma="saḥ">saḥ </w><w n="67">ya</w><w n="68" lemma="tvā">d vā </w><w n="69"></w><w n="70">bhā</w><w n="71">ṣyā</w><w n="72">nu</w><w n="73">sā</w><w n="74">re</w><w n="75" lemma="ṇa">ṇa </w><w n="76">sva</w><w n="77">rū</w><w n="78">pā</w><w n="79">nya</w><w n="80">thā</w><w n="81">tvā</w><w n="82">nā</w><w n="83">pa</w><w n="84"></w><w n="85" lemma="tiḥ">ttir </w><w n="86" lemma="vi">vvi</w><w n="87">kā</w><w n="88">ra</w><w n="89">bhe</w><w n="90" lemma="de">de </w><w n="91" lemma="pi">pi </w><w n="92">ni</w><w n="93">tya</w><w n="94" lemma="tvaṃ">tvaṃ </w><w n="95">vi</w><w n="96">va</w><w n="97">kṣi</w><w n="98" lemma="taṃ">tam </w><w n="99">a</w><w n="100"></w><w n="101">tre</w><w n="102" lemma="ti">ti </w><w n="103">ta</w><w n="104" lemma="tsa">t sa</w><w n="105" lemma="rva">rvva</w><w n="106" lemma="tra">tra </w><w n="107">ta</w><w n="108" lemma="tsi">t si</w><w n="109" lemma="dhiḥ">ddhiḥ </w>
</text></TEI>
<TEI n="H">
<text>
<w n="0">ya</w><w n="1" lemma="dya">dy a</w><w n="2" lemma="pi">pi </w><w n="3" lemma="ca">ca </w><w n="4">śā</w><w n="5">kyā</w><w n="6">di</w><w n="7">da</w><w n="8">rśa</w><w n="9" lemma="ne">ne </w><w n="10">ni</w><w n="11" lemma="tyaṃ">tyaṃ </w><w n="12" lemma="na">na </w><w n="13">bha</w><w n="14">va</w><w n="15" lemma="ti">ti </w><w n="16">dra</w><w n="17" lemma="vyaṃ">vyaṃ </w><w n="18">ta</w><w n="19">thā</w><w n="20" lemma="pi">pi </w><w n="21" lemma="taṃ">tan</w><w n="22">ma</w><w n="23">ta</w><w n="24">syā</w><w n="25">na</w><w n="26">bhyu</w><w n="27">pa</w><w n="28">ga</w><w n="29">mā</w><w n="30" lemma="te">d e</w><w n="31">vā</w><w n="32">do</w><w n="33" lemma="ṣaḥ">ṣaḥ | </w><w n="34">ke</w><w n="35">va</w><w n="36" lemma="laṃ">laṃ </w><w n="37">dra</w><w n="38" lemma="vyaṃ">vyaṃ </w><w n="39">ya</w><w n="40" lemma="ta">d a</w><w n="41">smā</w><w n="42" lemma="kaṃ">kaṃ </w><w n="43">dra</w><w n="44" lemma="vyaṃ">vyaṃ </w><w n="45"></w><w n="46"></w><w n="47">ta</w><w n="48" lemma="ta">d a</w><w n="49" lemma="nyaiḥ">nyair </w><w n="50">a</w><w n="51" lemma="pye">py e</w><w n="52" lemma="vaṃ">vam </w><w n="53">a</w><w n="54">bhi</w><w n="55">dhī</w><w n="56">ya</w><w n="57" lemma="ta">ta </w><w n="58">i</w><w n="59" lemma="tye">ty e</w><w n="60"></w><w n="61">vā</w><w n="62"></w><w n="63">tro</w><w n="64">pa</w><w n="65">nyā</w><w n="66" lemma="saḥ">saḥ | </w><w n="67">ya</w><w n="68" lemma="tvā">d vā </w><w n="69"></w><w n="70">bhā</w><w n="71">ṣyā</w><w n="72">nu</w><w n="73">sā</w><w n="74">re</w><w n="75" lemma="ṇa">ṇa </w><w n="76">sva</w><w n="77">rū</w><w n="78">pā</w><w n="79">nya</w><w n="80">thā</w><w n="81">tvā</w><w n="82">nā</w><w n="83">pa</w><w n="84"></w><w n="85" lemma="tiḥ">ttir </w><w n="86">vi</w><w n="87">kā</w><w n="88">ra</w><w n="89">bhe</w><w n="90" lemma="de">de </w><w n="91" lemma="pi">pi </w><w n="92">ni</w><w n="93">tya</w><w n="94" lemma="tvaṃ">tvaṃ </w><w n="95">vi</w><w n="96">va</w><w n="97">kṣi</w><w n="98" lemma="taṃ">tam </w><w n="99">a</w><w n="100"></w><w n="101">tre</w><w n="102" lemma="ti">ti </w><w n="103"></w><w n="104">sa</w><w n="105">rva</w><w n="106" lemma="tra">tra </w><w n="107">ta</w><w n="108" lemma="tsi">t si</w><w n="109" lemma="dhiḥ">ddhiḥ | </w>
</text></TEI>
<TEI n="P">
<text>
<w n="0">ya</w><w n="1" lemma="dya">dy a</w><w n="2" lemma="pi">pi </w><w n="3" lemma="ca">ca </w><w n="4">śa</w><w n="5">ktyā</w><w n="6">di</w><w n="7">da</w><w n="8">rśa</w><w n="9" lemma="ne">ne </w><w n="10">ni</w><w n="11" lemma="tyaṃ">tyaṃ </w><w n="12" lemma="na">na </w><w n="13">bha</w><w n="14">va</w><w n="15" lemma="ti">ti </w><w n="16">dra</w><w n="17" lemma="vyaṃ">vyaṃ </w><w n="18">ta</w><w n="19">thā</w><w n="20" lemma="pi">pi </w><w n="21" lemma="taṃ">tan</w><w n="22">ma</w><w n="23">ta</w><w n="24">syā</w><w n="25">na</w><w n="26">bhyu</w><w n="27">pa</w><w n="28">ga</w><w n="29">mā</w><w n="30" lemma="na">n a</w><w n="31"></w><w n="32">do</w><w n="33" lemma="ṣaḥ">ṣaḥ </w><w n="34">ke</w><w n="35">va</w><w n="36" lemma="laṃ">laṃ </w><w n="37"></w><w n="38"></w><w n="39">ya</w><w n="40" lemma="ta">d a</w><w n="41">smā</w><w n="42" lemma="kaṃ">kaṃ </w><w n="43">dra</w><w n="44" lemma="vyaṃ">vyaṃ </w><w n="45"></w><w n="46"></w><w n="47">ta</w><w n="48" lemma="ta">d a</w><w n="49" lemma="nyaiḥ">nyair </w><w n="50"></w><w n="51"></w><w n="52"></w><w n="53">a</w><w n="54">bhi</w><w n="55">dhī</w><w n="56">ya</w><w n="57" lemma="ta">ta </w><w n="58">i</w><w n="59" lemma="tye">ty e</w><w n="60"></w><w n="61" lemma="vaṃ">vam </w><w n="62">a</w><w n="63">tro</w><w n="64">pa</w><w n="65">nyā</w><w n="66" lemma="saḥ">saḥ </w><w n="67">ya</w><w n="68" lemma="tvā">d vā </w><w n="69"></w><w n="70">bhā</w><w n="71">ṣyā</w><w n="72">nu</w><w n="73">sā</w><w n="74">re</w><w n="75" lemma="ṇa">ṇa </w><w n="76">sva</w><w n="77">rū</w><w n="78">pā</w><w n="79">nya</w><w n="80">thā</w><w n="81">tvā</w><w n="82">rnā</w><w n="83">pa</w><w n="84"></w><w n="85" lemma="tiḥ">tir </w><w n="86">vi</w><w n="87">kā</w><w n="88">ra</w><w n="89">bhe</w><w n="90" lemma="de">de </w><w n="91" lemma="pi">pi </w><w n="92">ni</w><w n="93">tya</w><w n="94" lemma="tvaṃ">tvaṃ </w><w n="95">vi</w><w n="96">va</w><w n="97">kṣi</w><w n="98" lemma="taṃ">tam </w><w n="99">i</w><w n="100" lemma="tya">ty a</w><w n="101">tre</w><w n="102" lemma="ti">ti </w><w n="103"></w><w n="104">sa</w><w n="105">rva</w><w n="106" lemma="tra">tra </w><w n="107">ta</w><w n="108" lemma="tsi">t si</w><w n="109" lemma="dhiḥ">ddhiḥ </w>
</text></TEI>
<TEI n="M">
<text>
<w n="0">ya</w><w n="1" lemma="dya">dy a</w><w n="2" lemma="pi">pi </w><w n="3" lemma="ca">ca </w><w n="4">śa</w><w n="5">ktyā</w><w n="6">di</w><w n="7">da</w><w n="8">rśa</w><w n="9" lemma="ne">ne </w><w n="10">ni</w><w n="11" lemma="tyaṃ">tyaṃ </w><w n="12" lemma="na">na </w><w n="13">bha</w><w n="14">va</w><w n="15" lemma="ti">ti </w><w n="16">dra</w><w n="17" lemma="vyaṃ">vyaṃ | </w><w n="18">ta</w><w n="19">thā</w><w n="20" lemma="pi">pi </w><w n="21" lemma="taṃ">tan</w><w n="22">ma</w><w n="23">ta</w><w n="24">syā</w><w n="25">na</w><w n="26">bhyu</w><w n="27">pa</w><w n="28">ga</w><w n="29">mā</w><w n="30" lemma="ta">d a</w><w n="31"></w><w n="32">do</w><w n="33" lemma="ṣaḥ">ṣaḥ | </w><w n="34">ke</w><w n="35">va</w><w n="36" lemma="laṃ">laṃ </w><w n="37"></w><w n="38"></w><w n="39">ya</w><w n="40" lemma="ta">d a</w><w n="41">smā</w><w n="42" lemma="kaṃ">kaṃ </w><w n="43">dra</w><w n="44" lemma="vyaṃ">vyaṃ </w><w n="45"></w><w n="46"></w><w n="47">ta</w><w n="48" lemma="ta">d a</w><w n="49" lemma="nyaiḥ">nyair </w><w n="50"></w><w n="51"></w><w n="52"></w><w n="53">a</w><w n="54">bhi</w><w n="55">dhī</w><w n="56">ya</w><w n="57" lemma="ta">ta </w><w n="58">i</w><w n="59" lemma="tye">ty e</w><w n="60"></w><w n="61" lemma="vaṃ">vam </w><w n="62">a</w><w n="63">tro</w><w n="64">pa</w><w n="65">nyā</w><w n="66" lemma="saḥ">saḥ | </w><w n="67">ya</w><w n="68" lemma="tvā">d vā | </w><w n="69"></w><w n="70">bhā</w><w n="71">ṣyā</w><w n="72">nu</w><w n="73">sā</w><w n="74">re</w><w n="75" lemma="ṇa">ṇa </w><w n="76" lemma="sva">sva&#166;</w><w n="77">rū</w><w n="78">pā</w><w n="79">nya</w><w n="80">thā</w><w n="81">tvā</w><w n="82">nā</w><w n="83">pa</w><w n="84"></w><w n="85" lemma="tiḥ">ttir </w><w n="86">vi</w><w n="87">kā</w><w n="88">ra</w><w n="89">bhe</w><w n="90" lemma="de">de </w><w n="91" lemma="pi">pi </w><w n="92">ni</w><w n="93">tya</w><w n="94" lemma="tvaṃ">tvaṃ </w><w n="95">vi</w><w n="96">va</w><w n="97">kṣi</w><w n="98" lemma="taṃ">tam </w><w n="99">i</w><w n="100" lemma="tya">ty a</w><w n="101">tre</w><w n="102" lemma="ti">ti </w><w n="103"></w><w n="104">sa</w><w n="105">rva</w><w n="106" lemma="tra">tra </w><w n="107">ta</w><w n="108" lemma="tsi">t si</w><w n="109" lemma="dhiḥ">ddhiḥ | </w>
</text></TEI>
<TEI n="G2">
<text>
<w n="0">ya</w><w n="1" lemma="dya">dy a</w><w n="2" lemma="pi">pi </w><w n="3"></w><w n="4">śā</w><w n="5">kyā</w><w n="6">hi</w><w n="7">da</w><w n="8">rśa</w><w n="9" lemma="ne">ne </w><w n="10">ni</w><w n="11" lemma="tyaṃ">tyaṃ </w><w n="12"></w><w n="13">bha</w><w n="14">ya</w><w n="15" lemma="ti">ti </w><w n="16">dra</w><w n="17" lemma="vyaṃ">vyaṃ </w><w n="18">ta</w><w n="19">thā</w><w n="20" lemma="pi">pi </w><w n="21" lemma="taṃ">tan</w><w n="22">ma</w><w n="23">ta</w><w n="24">syā</w><w n="25">na</w><w n="26">bhyu</w><w n="27">pa</w><w n="28">ga</w><w n="29">mā</w><w n="30" lemma="ta">d a</w><w n="31"></w><w n="32">do</w><w n="33" lemma="ṣaḥ">ṣaḥ || </w><w n="34">ke</w><w n="35">va</w><w n="36" lemma="laṃ">laṃ </w><w n="37"></w><w n="38"></w><w n="39">ya</w><w n="40" lemma="ta">d a</w><w n="41">smā</w><w n="42" lemma="kaṃ">kaṃ </w><w n="43">dra</w><w n="44" lemma="vyaṃ">vyaṃ </w><w n="45"></w><w n="46"></w><w n="47">ta</w><w n="48" lemma="ta">d a</w><w n="49" lemma="nyaiḥ">nyair </w><w n="50"></w><w n="51">a</w><w n="52" lemma="veṃ">vem </w><w n="53">a</w><w n="54">bhi</w><w n="55">dhī</w><w n="56">ya</w><w n="57" lemma="ta">ta </w><w n="58">i</w><w n="59" lemma="tye">ty e</w><w n="60"></w><w n="61" lemma="vaṃ">vam </w><w n="62">a</w><w n="63">tro</w><w n="64">pa</w><w n="65">nyā</w><w n="66" lemma="sāḥ">sāḥ || </w><w n="67">ya</w><w n="68" lemma="tca">c ca </w><w n="69"></w><w n="70">bhā</w><w n="71">ṣyā</w><w n="72">nu</w><w n="73">sā</w><w n="74">re</w><w n="75" lemma="ṇa">ṇa </w><w n="76">sva</w><w n="77">rū</w><w n="78">pā</w><w n="79">nya</w><w n="80">thā</w><w n="81" lemma="ttā">t tā</w><w n="82">nā</w><w n="83">pa</w><w n="84">pa</w><w n="85" lemma="ptiḥ">ptiḥ || </w><w n="86">vi</w><w n="87">kā</w><w n="88">ra</w><w n="89">bhe</w><w n="90" lemma="de">de </w><w n="91" lemma="pi">pi </w><w n="92">ni</w><w n="93">tya</w><w n="94" lemma="tvaṃ">tvaṃ </w><w n="95">vi</w><w n="96">va</w><w n="97" lemma="kṣiṃ">kṣim </w><w n="98">a</w><w n="99"></w><w n="100"></w><w n="101">tre</w><w n="102" lemma="ti">ti </w><w n="103"></w><w n="104">sa</w><w n="105">rva</w><w n="106" lemma="tra">tra </w><w n="107">ta</w><w n="108">tsi</w><w n="109" lemma="dhiḥ">ddhiḥ </w>
</text></TEI>
<TEI n="G1">
<text>
<w n="0">ya</w><w n="1" lemma="dya">dy a</w><w n="2" lemma="pi">pi </w><w n="3"></w><w n="4">śā</w><w n="5">kyā</w><w n="6">hi</w><w n="7">da</w><w n="8">rśa</w><w n="9" lemma="ne">ne </w><w n="10">ni</w><w n="11" lemma="tyaṃ">tyaṃ </w><w n="12"></w><w n="13">bha</w><w n="14">ya</w><w n="15" lemma="ti">ti </w><w n="16">dra</w><w n="17" lemma="vyaṃ">vyaṃ </w><w n="18">ta</w><w n="19">thā</w><w n="20" lemma="pi">pi </w><w n="21" lemma="taṃ">tan</w><w n="22">ma</w><w n="23">ta</w><w n="24">syā</w><w n="25">na</w><w n="26">bhyu</w><w n="27">pa</w><w n="28">ga</w><w n="29">mā</w><w n="30" lemma="ta">d a</w><w n="31"></w><w n="32">do</w><w n="33" lemma="ṣaḥ">ṣaḥ || </w><w n="34">ke</w><w n="35">va</w><w n="36" lemma="laṃ">laṃ </w><w n="37"></w><w n="38"></w><w n="39">ya</w><w n="40" lemma="ta">d a</w><w n="41">smā</w><w n="42" lemma="kaṃ">kaṃ </w><w n="43">dra</w><w n="44" lemma="vyaṃ">vyaṃ </w><w n="45"></w><w n="46"></w><w n="47">ta</w><w n="48" lemma="ta">d a</w><w n="49" lemma="nyaiḥ">nyair </w><w n="50"></w><w n="51">a</w><w n="52" lemma="veṃ">vem </w><w n="53">a</w><w n="54">bhi</w><w n="55">dhī</w><w n="56">ya</w><w n="57" lemma="ta">ta </w><w n="58">i</w><w n="59" lemma="tye">ty e</w><w n="60"></w><w n="61" lemma="vaṃ">vam </w><w n="62">a</w><w n="63">tro</w><w n="64">pa</w><w n="65">nyā</w><w n="66" lemma="sāḥ">sāḥ || </w><w n="67">ya</w><w n="68" lemma="tca">c ca </w><w n="69"></w><w n="70">bhā</w><w n="71">ṣyā</w><w n="72">nu</w><w n="73">sā</w><w n="74">re</w><w n="75" lemma="ṇa">ṇa </w><w n="76">sva</w><w n="77">rū</w><w n="78">pā</w><w n="79">nya</w><w n="80">thā</w><w n="81" lemma="ttā">t tā</w><w n="82">nā</w><w n="83">pa</w><w n="84">pa</w><w n="85" lemma="ptiḥ">ptiḥ || </w><w n="86">vi</w><w n="87">kā</w><w n="88">ra</w><w n="89">bhe</w><w n="90" lemma="de">de </w><w n="91" lemma="pi">pi </w><w n="92">ni</w><w n="93">tya</w><w n="94" lemma="tvaṃ">tvaṃ </w><w n="95">vi</w><w n="96">va</w><w n="97" lemma="kṣiṃ">kṣim </w><w n="98">a</w><w n="99"></w><w n="100"></w><w n="101">tre</w><w n="102" lemma="ti">ti </w><w n="103"></w><w n="104">sa</w><w n="105">rva</w><w n="106" lemma="tra">tra </w><w n="107">ta</w><w n="108">tsi</w><w n="109" lemma="dhiḥ">ddhiḥ || </w>
</text></TEI>
<TEI n="L">
<text>
<w n="0">ya</w><w n="1" lemma="dya">dy a</w><w n="2" lemma="pi">pi </w><w n="3"></w><w n="4">śā</w><w n="5">kyā</w><w n="6">di</w><w n="7">da</w><w n="8">rśa</w><w n="9" lemma="ne">ne </w><w n="10">ni</w><w n="11" lemma="tyaṃ">tyaṃ </w><w n="12"></w><w n="13">bha</w><w n="14">va</w><w n="15" lemma="ti">ti </w><w n="16">dra</w><w n="17" lemma="vyaṃ">vyaṃ </w><w n="18">ta</w><w n="19">thā</w><w n="20" lemma="pi">pi </w><w n="21" lemma="taṃ">tan</w><w n="22">ma</w><w n="23">ta</w><w n="24">syā</w><w n="25">na</w><w n="26">bhyu</w><w n="27">pa</w><w n="28">ga</w><w n="29">mā</w><w n="30" lemma="ta">t_ a</w><w n="31"></w><w n="32">do</w><w n="33" lemma="ṣaḥ">ṣaḥ | </w><w n="34">ke</w><w n="35">va</w><w n="36" lemma="laṃ">laṃ </w><w n="37"></w><w n="38"></w><w n="39">ya</w><w n="40" lemma="ta">d a</w><w n="41">smā</w><w n="42" lemma="kaṃ">kaṃ </w><w n="43">dra</w><w n="44" lemma="vyaṃ">vyam </w><w n="45">i</w><w n="46" lemma="ti">ti </w><w n="47">ta</w><w n="48" lemma="ta">d a</w><w n="49" lemma="nyaiḥ">nyair </w><w n="50"></w><w n="51">e</w><w n="52" lemma="vaṃ">vam </w><w n="53">a</w><w n="54">bhi</w><w n="55">dhī</w><w n="56">ya</w><w n="57" lemma="te">te </w><w n="58">i</w><w n="59" lemma="tye">ty e</w><w n="60"></w><w n="61" lemma="vaṃ">vam </w><w n="62">a</w><w n="63">tro</w><w n="64">pa</w><w n="65">nyā</w><w n="66" lemma="saḥ">saḥ || </w><w n="67">ya</w><w n="68" lemma="tca">c ca </w><w n="69"></w><w n="70">bhā</w><w n="71">ṣyā</w><w n="72">nu</w><w n="73">sā</w><w n="74">re</w><w n="75" lemma="ṇa">ṇa </w><w n="76">sva</w><w n="77">rū</w><w n="78">pā</w><w n="79">nya</w><w n="80">thā</w><w n="81">tvā</w><w n="82">nā</w><w n="83">pa</w><w n="84"></w><w n="85" lemma="tiḥ">ttiḥ | </w><w n="86">vi</w><w n="87">kā</w><w n="88">ra</w><w n="89">bhe</w><w n="90" lemma="de">de </w><w n="91" lemma="pi">pi </w><w n="92">ni</w><w n="93">tya</w><w n="94" lemma="tvaṃ">tvaṃ </w><w n="95">vi</w><w n="96">va</w><w n="97">kṣi</w><w n="98" lemma="taṃ">tam </w><w n="99">a</w><w n="100"></w><w n="101">tre</w><w n="102" lemma="ti">ti </w><w n="103"></w><w n="104">sa</w><w n="105">rva</w><w n="106" lemma="tra">tra </w><w n="107">ta</w><w n="108" lemma="tsi">t si</w><w n="109" lemma="dhiḥ">ddhiḥ || </w>
</text></TEI>
<TEI n="O">
<text>
<w n="0">ya</w><w n="1" lemma="dya">dy a</w><w n="2" lemma="pi">pi </w><w n="3"></w><w n="4">śā</w><w n="5">kyā</w><w n="6">di</w><w n="7">da</w><w n="8">rśa</w><w n="9" lemma="ne">ne </w><w n="10">ni</w><w n="11" lemma="tyaṃ">tyaṃ </w><w n="12"></w><w n="13">bha</w><w n="14">va</w><w n="15" lemma="ti">ti </w><w n="16">dra</w><w n="17" lemma="vyaṃ">vyaṃ </w><w n="18">ta</w><w n="19">thā</w><w n="20" lemma="pi">pi </w><w n="21" lemma="taṃ">tan</w><w n="22">ma</w><w n="23">ta</w><w n="24">syā</w><w n="25">na</w><w n="26">bhyu</w><w n="27">pa</w><w n="28">ga</w><w n="29">mā</w><w n="30" lemma="ta">d a</w><w n="31"></w><w n="32">do</w><w n="33" lemma="ṣaḥ">ṣaḥ </w><w n="34">ke</w><w n="35">va</w><w n="36" lemma="laṃ">laṃ </w><w n="37"></w><w n="38"></w><w n="39">ya</w><w n="40" lemma="ta">d a</w><w n="41">smā</w><w n="42" lemma="kaṃ">kaṃ </w><w n="43">dra</w><w n="44" lemma="vyaṃ">vyaṃ </w><w n="45"></w><w n="46"></w><w n="47">ta</w><w n="48" lemma="ta">d a</w><w n="49" lemma="nyaiḥ">nyair </w><w n="50"></w><w n="51">e</w><w n="52" lemma="vaṃ">vam </w><w n="53">a</w><w n="54">bhi</w><w n="55">dhī</w><w n="56">ya</w><w n="57" lemma="ta">ta </w><w n="58">i</w><w n="59" lemma="tye">ty e</w><w n="60"></w><w n="61" lemma="vaṃ">vam </w><w n="62">a</w><w n="63">tro</w><w n="64">pa</w><w n="65">nyā</w><w n="66" lemma="saḥ">saḥ | </w><w n="67">ya</w><w n="68" lemma="tca">c ca </w><w n="69"></w><w n="70">bhā</w><w n="71">ṣyā</w><w n="72">nu</w><w n="73">sā</w><w n="74">re</w><w n="75" lemma="ṇa">ṇa </w><w n="76">sva</w><w n="77">rū</w><w n="78">pā</w><w n="79">nya</w><w n="80" lemma="thā">thā </w><w n="81" lemma="tva">tv a</w><w n="82">nā</w><w n="83">pa</w><w n="84"></w><w n="85" lemma="tiḥ">ttiḥ </w><w n="86">vi</w><w n="87">kā</w><w n="88">ra</w><w n="89">bhe</w><w n="90" lemma="de">de </w><w n="91" lemma="pi">pi </w><w n="92">ni</w><w n="93">tya</w><w n="94" lemma="tvaṃ">tvaṃ </w><w n="95">vi</w><w n="96">va</w><w n="97">kṣi</w><w n="98" lemma="taṃ">tam </w><w n="99">e</w><w n="100"></w><w n="101">ve</w><w n="102" lemma="ti">ti </w><w n="103"></w><w n="104">sa</w><w n="105">rva</w><w n="106" lemma="tra">tra </w><w n="107">ta</w><w n="108" lemma="tsi">t si</w><w n="109" lemma="dhiḥ">ddhiḥ | </w>
</text></TEI>
<TEI n="A">
<text>
<w n="0">ya</w><w n="1" lemma="dya">dy a</w><w n="2" lemma="pi">pi </w><w n="3"></w><w n="4" lemma="śā">śā-</w><w n="5">kyā</w><w n="6">di</w><w n="7">da</w><w n="8">rśa</w><w n="9" lemma="ne">ne </w><w n="10">ni</w><w n="11" lemma="tyaṃ">tyaṃ </w><w n="12" lemma="na">na </w><w n="13">bha</w><w n="14">va</w><w n="15" lemma="ti">ti </w><w n="16">dra</w><w n="17" lemma="vyaṃ">vyaṃ </w><w n="18">ta</w><w n="19">thā</w><w n="20" lemma="pi">pi </w><w n="21" lemma="na">na </w><w n="22">ma</w><w n="23">ta</w><w n="24">syā</w><w n="25">na</w><w n="26">bhyu</w><w n="27">pa</w><w n="28">ga</w><w n="29">mā</w><w n="30" lemma="ta">d a</w><w n="31"></w><w n="32">do</w><w n="33" lemma="ṣaḥ">ṣaḥ </w><w n="34">ke</w><w n="35">va</w><w n="36" lemma="laṃ">laṃ </w><w n="37"></w><w n="38"></w><w n="39">ya</w><w n="40" lemma="ta">d a</w><w n="41">smā</w><w n="42" lemma="kaṃ">kaṃ </w><w n="43">dra</w><w n="44" lemma="vyaṃ">vyaṃ </w><w n="45"></w><w n="46"></w><w n="47">ta</w><w n="48" lemma="ta">d a</w><w n="49" lemma="nyaiḥ">nyair </w><w n="50"></w><w n="51">e</w><w n="52" lemma="vaṃ">vam </w><w n="53">a</w><w n="54">bhi</w><w n="55">dhī</w><w n="56">ya</w><w n="57" lemma="ta">ta </w><w n="58">i</w><w n="59" lemma="tye">ty e</w><w n="60"></w><w n="61" lemma="vaṃ">vam </w><w n="62">a</w><w n="63">tro</w><w n="64">pa</w><w n="65">nyā</w><w n="66" lemma="saḥ">saḥ </w><w n="67">ya</w><w n="68" lemma="tvā">d vā </w><w n="69" lemma="ca">ca </w><w n="70">bhā</w><w n="71">ṣyā</w><w n="72">nu</w><w n="73">sā</w><w n="74">re</w><w n="75" lemma="ṇa">ṇa </w><w n="76">ska</w><w n="77">rū</w><w n="78">pā</w><w n="79">nya</w><w n="80">thā</w><w n="81">tvā</w><w n="82">nā</w><w n="83">pa</w><w n="84"></w><w n="85" lemma="ti">tti</w><w n="86">vi</w><w n="87">kā</w><w n="88">ra</w><w n="89">bhe</w><w n="90" lemma="de">de </w><w n="91" lemma="pi">pi </w><w n="92">ni</w><w n="93">tya</w><w n="94" lemma="tvaṃ">tvaṃ </w><w n="95">vi</w><w n="96">va</w><w n="97">kṣi</w><w n="98" lemma="taṃ">tam </w><w n="99">e</w><w n="100"></w><w n="101">ve</w><w n="102" lemma="ti">ti </w><w n="103"></w><w n="104">sa</w><w n="105">rva</w><w n="106" lemma="tra">tra </w><w n="107">la</w><w n="108" lemma="tsi">t si</w><w n="109" lemma="dhiḥ">ddhiḥ </w>
</text></TEI>
<TEI n="V">
<text>
<w n="0">ya</w><w n="1" lemma="dya">dy a</w><w n="2" lemma="pi">pi </w><w n="3"></w><w n="4">śā</w><w n="5">kyā</w><w n="6">di</w><w n="7">da</w><w n="8">rśa</w><w n="9" lemma="ne">ne </w><w n="10">ni</w><w n="11" lemma="tyaṃ">tyaṃ </w><w n="12" lemma="na">na </w><w n="13">bha</w><w n="14">va</w><w n="15" lemma="ti">ti </w><w n="16">dra</w><w n="17" lemma="vyaṃ">vyaṃ </w><w n="18">ta</w><w n="19">thā</w><w n="20" lemma="pi">pi </w><w n="21" lemma="taṃ">tan</w><w n="22">ma</w><w n="23">ta</w><w n="24">syā</w><w n="25">na</w><w n="26">bhyu</w><w n="27">pa</w><w n="28">ga</w><w n="29">mā</w><w n="30" lemma="ta">d a</w><w n="31"></w><w n="32">do</w><w n="33" lemma="ṣaḥ">ṣaḥ </w><w n="34">ke</w><w n="35">va</w><w n="36" lemma="la">la </w><w n="37"></w><w n="38"></w><w n="39">ya</w><w n="40" lemma="ta">d a</w><w n="41">smā</w><w n="42" lemma="kaṃ">kaṃ </w><w n="43">dra</w><w n="44" lemma="vyaṃ">vyaṃ </w><w n="45"></w><w n="46"></w><w n="47">ta</w><w n="48" lemma="ta">d a</w><w n="49" lemma="nyaiḥ">nyair </w><w n="50"></w><w n="51">e</w><w n="52" lemma="vaṃ">vam </w><w n="53">a</w><w n="54">bhi</w><w n="55">dhā</w><w n="56">ya</w><w n="57" lemma="ta">ta </w><w n="58">i</w><w n="59" lemma="tye">ty e</w><w n="60"></w><w n="61" lemma="vaṃ">vam </w><w n="62">aṃ</w><w n="63">tro</w><w n="64">pa</w><w n="65">nyā</w><w n="66" lemma="saḥ">saḥ </w><w n="67">ya</w><w n="68" lemma="tvā">d vā</w><w n="69" lemma="tca">c ca </w><w n="70">bhā</w><w n="71">ṣyā</w><w n="72">nu</w><w n="73">sā</w><w n="74">re</w><w n="75" lemma="ṇa">ṇa </w><w n="76">sva</w><w n="77">rū</w><w n="78">pā</w><w n="79">nya</w><w n="80">thā</w><w n="81">tvā</w><w n="82">nā</w><w n="83">pa</w><w n="84"></w><w n="85" lemma="tiḥ">tiḥ </w><w n="86">vi</w><w n="87">kā</w><w n="88">ra</w><w n="89">bhe</w><w n="90" lemma="de">de </w><w n="91" lemma="pi">pi </w><w n="92">ni</w><w n="93">tya</w><w n="94" lemma="tvaṃ">tvaṃ </w><w n="95">vi</w><w n="96">va</w><w n="97">kṣi</w><w n="98" lemma="taṃ">tam </w><w n="99">e</w><w n="100"></w><w n="101">ve</w><w n="102" lemma="ti">ti </w><w n="103"></w><w n="104">sa</w><w n="105">rva</w><w n="106" lemma="tra">tra </w><w n="107">ta</w><w n="108" lemma="tsi">t si</w><w n="109" lemma="dhiḥ">ddhiḥ </w>
</text></TEI>
<TEI n="K">
<text>
<w n="0">ya</w><w n="1" lemma="dya">dy a</w><w n="2" lemma="pi">pi </w><w n="3"></w><w n="4">śā</w><w n="5">kyā</w><w n="6">di</w><w n="7">da</w><w n="8">rśa</w><w n="9" lemma="ne">ne </w><w n="10">ni</w><w n="11" lemma="tyaṃ">tyaṃ </w><w n="12" lemma="na">na </w><w n="13">bha</w><w n="14">va</w><w n="15" lemma="ti">ti </w><w n="16">dra</w><w n="17" lemma="vyaṃ">vyaṃ </w><w n="18">ta</w><w n="19">thā</w><w n="20" lemma="pi">pi </w><w n="21" lemma="taṃ">tan</w><w n="22">ma</w><w n="23">ta</w><w n="24">syā</w><w n="25">na</w><w n="26">bhyu</w><w n="27">pa</w><w n="28">ga</w><w n="29">mā</w><w n="30" lemma="ta">d a</w><w n="31"></w><w n="32">do</w><w n="33" lemma="ṣaḥ">ṣaḥ </w><w n="34">ke</w><w n="35">va</w><w n="36" lemma="la">la </w><w n="37"></w><w n="38"></w><w n="39">ya</w><w n="40" lemma="ta">d a</w><w n="41">smā</w><w n="42" lemma="kaṃ">kaṃ </w><w n="43">dra</w><w n="44" lemma="vyaṃ">vyaṃ </w><w n="45"></w><w n="46"></w><w n="47">ta</w><w n="48" lemma="ta">d a</w><w n="49" lemma="nyaiḥ">nyair </w><w n="50"></w><w n="51">e</w><w n="52" lemma="vaṃ">vam </w><w n="53">a</w><w n="54">bhi</w><w n="55">dhā</w><w n="56">ya</w><w n="57" lemma="ta">ta </w><w n="58">i</w><w n="59" lemma="tye">ty e</w><w n="60"></w><w n="61" lemma="vaṃ">vam </w><w n="62">a</w><w n="63">tro</w><w n="64">pa</w><w n="65">nyā</w><w n="66" lemma="saḥ">saḥ </w><w n="67">ya</w><w n="68" lemma="tvā">d vā</w><w n="69" lemma="tca">c ca </w><w n="70">bhā</w><w n="71">ṣyā</w><w n="72">nu</w><w n="73">sā</w><w n="74">re</w><w n="75" lemma="ṇa">ṇa </w><w n="76">sva</w><w n="77">rū</w><w n="78">pā</w><w n="79">nya</w><w n="80">thā</w><w n="81">tvā</w><w n="82">nā</w><w n="83">pa</w><w n="84"></w><w n="85" lemma="tiḥ">ttiḥ </w><w n="86">vi</w><w n="87">kā</w><w n="88">ra</w><w n="89">bhe</w><w n="90" lemma="de">de </w><w n="91" lemma="pi">pi </w><w n="92">ni</w><w n="93">tya</w><w n="94" lemma="tvaṃ">tvaṃ </w><w n="95">vi</w><w n="96">va</w><w n="97">kṣi</w><w n="98" lemma="taṃ">tam </w><w n="99">e</w><w n="100"></w><w n="101">ve</w><w n="102" lemma="ti">ti </w><w n="103"></w><w n="104">sa</w><w n="105">rva</w><w n="106" lemma="tra">tra </w><w n="107">ta</w><w n="108" lemma="tsi">t si</w><w n="109" lemma="dhiḥ">ddhiḥ </w>
</text></TEI>
<TEI n="D">
<text>
<w n="0">ya</w><w n="1" lemma="dya">dy a</w><w n="2" lemma="pi">pi </w><w n="3"></w><w n="4">śā</w><w n="5">kyā</w><w n="6">di</w><w n="7">da</w><w n="8">rśa</w><w n="9" lemma="ne">ne </w><w n="10">ni</w><w n="11" lemma="tyaṃ">tyaṃ </w><w n="12" lemma="na">na </w><w n="13">bha</w><w n="14">va</w><w n="15" lemma="ti">ti </w><w n="16">dra</w><w n="17" lemma="vyaṃ">vyaṃ </w><w n="18">ta</w><w n="19">thā</w><w n="20" lemma="pi">pi </w><w n="21" lemma="taṃ">tan</w><w n="22">ma</w><w n="23">ta</w><w n="24">syā</w><w n="25">na</w><w n="26">bhyu</w><w n="27">pa</w><w n="28">ga</w><w n="29">mā</w><w n="30" lemma="ta">d a</w><w n="31"></w><w n="32">do</w><w n="33" lemma="ṣaḥ">ṣaḥ </w><w n="34">ke</w><w n="35">va</w><w n="36" lemma="laṃ">laṃ </w><w n="37"></w><w n="38"></w><w n="39">ya</w><w n="40" lemma="ta">d a</w><w n="41">smā</w><w n="42" lemma="kaṃ">kaṃ </w><w n="43">dra</w><w n="44" lemma="vyaṃ">vyaṃ </w><w n="45"></w><w n="46"></w><w n="47">ta</w><w n="48" lemma="ta">d a</w><w n="49" lemma="nyaiḥ">nyair </w><w n="50"></w><w n="51">e</w><w n="52" lemma="vaṃ">vam </w><w n="53">a</w><w n="54">bhi</w><w n="55">dhī</w><w n="56">ya</w><w n="57" lemma="ta">ta </w><w n="58">i</w><w n="59" lemma="tye">ty e</w><w n="60"></w><w n="61" lemma="vaṃ">vam </w><w n="62">a</w><w n="63">tro</w><w n="64">pa</w><w n="65">nyā</w><w n="66" lemma="saḥ">saḥ | </w><w n="67">ya</w><w n="68" lemma="tvā">d vā </w><w n="69"></w><w n="70">bhā</w><w n="71">ṣyā</w><w n="72">nu</w><w n="73">sā</w><w n="74">re</w><w n="75" lemma="ṇa">ṇa </w><w n="76">sva</w><w n="77">rū</w><w n="78">pā</w><w n="79">nya</w><w n="80">thā</w><w n="81">tvā</w><w n="82">nā</w><w n="83">pa</w><w n="84"></w><w n="85" lemma="tiḥ">ttiḥ </w><w n="86">vi</w><w n="87">kā</w><w n="88">ra</w><w n="89">bhe</w><w n="90" lemma="de">de </w><w n="91" lemma="pi">pi </w><w n="92">ni</w><w n="93">tya</w><w n="94" lemma="tvaṃ">tvaṃ </w><w n="95">vi</w><w n="96">va</w><w n="97">kṣi</w><w n="98" lemma="taṃ">tam </w><w n="99">e</w><w n="100"></w><w n="101">ve</w><w n="102" lemma="ti">ti </w><w n="103"></w><w n="104">sa</w><w n="105">rva</w><w n="106" lemma="tra">tra </w><w n="107">ta</w><w n="108" lemma="tsi">t si</w><w n="109" lemma="dhiḥ">ddhiḥ </w>
</text></TEI>
</teiCorpus>
