<?xml version="1.0" encoding="UTF-8"?>
<teiCorpus xmlns="http://www.tei-c.org/ns/1.0">

<TEI n="GV">
<text>
<w n="0">e</w><w n="1">ka</w><w n="2">saṃ</w><w n="3">khyo</w><w n="4">pā</w><w n="5">dhi</w><w n="6">ya</w><w n="7">mā</w><w n="8">na</w><w n="9"></w><w n="10">rū</w><w n="11">pa</w><w n="12"></w><w n="13">vi</w><w n="14">śe</w><w n="15" lemma="ṣa">ṣa </w><w n="16">ta</w><w n="17" lemma="tvaṃ">tvaṃ </w><w n="18" lemma="ma">ma </w><w n="19">bha</w><w n="20">va</w><w n="21" lemma="ti">ti | </w><w n="22">ni</w><w n="23">ru</w><w n="24">pā</w><w n="25">dhi</w><w n="26"></w><w n="27">ta</w><w n="28">tva</w><w n="29" lemma="sya">sya </w><w n="30">va</w><w n="31">stu</w><w n="32" lemma="taḥ">to </w><w n="33" lemma="bhiṃ">bhin</w><w n="34">na</w><w n="35">tvā</w><w n="36" lemma="tta">t | ta</w><w n="37" lemma="thā">thā </w><w n="38">cai</w><w n="39"></w><w n="40" lemma="kaṃ">kam </w><w n="41">i</w><w n="42" lemma="tya">ty a</w><w n="43">pra</w><w n="44">tī</w><w n="45" lemma="teḥ">ter </w><w n="46">nā</w><w n="47" lemma="pi">pi </w><w n="48">pṛ</w><w n="49">tha</w><w n="50">tkā</w><w n="51">hi</w><w n="52">ta</w><w n="53">vi</w><w n="54">śe</w><w n="55" lemma="ṣaṃ">ṣaṃ </w><w n="56">ta</w><w n="57" lemma="dbhiṃ">dbhin</w><w n="58">na</w><w n="59">syā</w><w n="60">sa</w><w n="61">tya</w><w n="62">tvā</w><w n="63" lemma="t">t | </w><w n="64"></w>
</text></TEI>
<TEI n="CT">
<text>
<w n="0">e</w><w n="1" lemma="ka">ka-</w><w n="2">saṃ</w><w n="3">khyo</w><w n="4">pa</w><w n="5">dhī</w><w n="6">ya</w><w n="7">mā</w><w n="8">na</w><w n="9"></w><w n="10">rū</w><w n="11">pa</w><w n="12"></w><w n="13">vi</w><w n="14">śe</w><w n="15" lemma="ṣaṃ">ṣaṃ </w><w n="16">ta</w><w n="17" lemma="tvaṃ">tvaṃ </w><w n="18" lemma="na">na </w><w n="19">bha</w><w n="20">va</w><w n="21" lemma="ti">ti | </w><w n="22">ni</w><w n="23">ru</w><w n="24">pā</w><w n="25">dhi</w><w n="26" lemma="naḥ">nas </w><w n="27">ta</w><w n="28">tva</w><w n="29" lemma="sya">sya </w><w n="30">va</w><w n="31">stu</w><w n="32" lemma="taḥ">to </w><w n="33" lemma="bhiṃ">bhin</w><w n="34">na</w><w n="35">tvā</w><w n="36" lemma="tta">t_ ta-</w><w n="37" lemma="thā">thā </w><w n="38">cai</w><w n="39"></w><w n="40" lemma="kaṃ">kam </w><w n="41">i</w><w n="42" lemma="tya">ty a</w><w n="43">pra</w><w n="44">tī</w><w n="45" lemma="teḥ">teḥ | </w><w n="46">nā</w><w n="47" lemma="pi">pi </w><w n="48">pṛ</w><w n="49">tha</w><w n="50">ktvā</w><w n="51">pi</w><w n="52">ta</w><w n="53"></w><w n="54">śe</w><w n="55" lemma="ṣaṃ">ṣaṃ </w><w n="56">ta</w><w n="57" lemma="dbhiṃ">dbhin</w><w n="58">na</w><w n="59">syā</w><w n="60">sa</w><w n="61">tya</w><w n="62">tvā</w><w n="63" lemma="t">t_ </w><w n="64"></w>
</text></TEI>
<TEI n="T">
<text>
<w n="0">e</w><w n="1">ka</w><w n="2">saṃ</w><w n="3">khyo</w><w n="4">pa</w><w n="5">dhī</w><w n="6">ya</w><w n="7">mā</w><w n="8">na</w><w n="9"></w><w n="10">rū</w><w n="11">pa</w><w n="12"></w><w n="13">vi</w><w n="14">śe</w><w n="15">ṣa</w><w n="16" lemma="nta">n ta</w><w n="17">tva</w><w n="18" lemma="nna">n na </w><w n="19">bha</w><w n="20">va</w><w n="21" lemma="ti">ti </w><w n="22">ni</w><w n="23">ru</w><w n="24">pā</w><w n="25">dhi</w><w n="26" lemma="naḥ">nas </w><w n="27">ta</w><w n="28">tva</w><w n="29" lemma="sya">sya </w><w n="30">va</w><w n="31">stu</w><w n="32" lemma="taḥ">to </w><w n="33" lemma="bhiṃ">bhin</w><w n="34">na</w><w n="35">tvā</w><w n="36" lemma="tta">t_ ta</w><w n="37" lemma="thā">thā </w><w n="38">cai</w><w n="39"></w><w n="40" lemma="kaṃ">kam </w><w n="41">i</w><w n="42" lemma="tya">ty a</w><w n="43">pra</w><w n="44">tī</w><w n="45" lemma="teḥ">teḥ </w><w n="46">nā</w><w n="47" lemma="pi">pi </w><w n="48">pṛ</w><w n="49">tha</w><w n="50">ktvā</w><w n="51">hi</w><w n="52">ta</w><w n="53">vi</w><w n="54">śe</w><w n="55">ṣa</w><w n="56" lemma="nta">n ta</w><w n="57" lemma="tbhiṃ">t_bhin</w><w n="58">na</w><w n="59">syā</w><w n="60">sa</w><w n="61">tya</w><w n="62">tvā</w><w n="63" lemma="t">t_ </w><w n="64"></w>
</text></TEI>
<TEI n="H">
<text>
<w n="0">e</w><w n="1">ka</w><w n="2">saṃ</w><w n="3">khyo</w><w n="4">pa</w><w n="5">dhī</w><w n="6">ya</w><w n="7">mā</w><w n="8">na</w><w n="9"></w><w n="10">rū</w><w n="11">pa</w><w n="12"></w><w n="13">vi</w><w n="14">śe</w><w n="15" lemma="ṣaṃ">ṣaṃ </w><w n="16">ta</w><w n="17" lemma="tvaṃ">ttvaṃ </w><w n="18" lemma="na">na </w><w n="19">bha</w><w n="20">va</w><w n="21" lemma="ti">ti </w><w n="22">ni</w><w n="23">ru</w><w n="24">pā</w><w n="25">dhi</w><w n="26" lemma="naḥ">nas </w><w n="27">ta</w><w n="28" lemma="tva">ttva</w><w n="29" lemma="sya">sya </w><w n="30">va</w><w n="31">stu</w><w n="32" lemma="taḥ">to </w><w n="33" lemma="bhiṃ">bhin</w><w n="34">na</w><w n="35">tvā</w><w n="36" lemma="tta">t ta</w><w n="37" lemma="thā">thā </w><w n="38">cai</w><w n="39"></w><w n="40" lemma="kaṃ">kam </w><w n="41">i</w><w n="42" lemma="tya">ty a</w><w n="43">pra</w><w n="44">tī</w><w n="45" lemma="teḥ">teḥ | </w><w n="46">nā</w><w n="47" lemma="pi">pi </w><w n="48">pṛ</w><w n="49">tha</w><w n="50">ktvā</w><w n="51">hi</w><w n="52">ta</w><w n="53">vi</w><w n="54">śe</w><w n="55" lemma="ṣaṃ">ṣaṃ </w><w n="56">ta</w><w n="57" lemma="dbhiṃ">dbhin</w><w n="58">na</w><w n="59">syā</w><w n="60">sa</w><w n="61">tya</w><w n="62">tvā</w><w n="63" lemma="n">n </w><w n="64"></w>
</text></TEI>
<TEI n="P">
<text>
<w n="0">e</w><w n="1">ka</w><w n="2">saṃ</w><w n="3">khyo</w><w n="4">pā</w><w n="5">dhi</w><w n="6">ya</w><w n="7">mā</w><w n="8">na</w><w n="9"></w><w n="10">rū</w><w n="11">pa</w><w n="12"></w><w n="13">vi</w><w n="14">śe</w><w n="15" lemma="ṣa">ṣa </w><w n="16">ta</w><w n="17" lemma="tvaṃ">tvaṃ </w><w n="18" lemma="na">na </w><w n="19">bha</w><w n="20">va</w><w n="21" lemma="ti">ti </w><w n="22">ni</w><w n="23">ru</w><w n="24">pā</w><w n="25">dhi</w><w n="26"></w><w n="27">ta</w><w n="28">tva</w><w n="29" lemma="sya">sya </w><w n="30">va</w><w n="31">stu</w><w n="32" lemma="taḥ">to </w><w n="33" lemma="bhiṃ">bhin</w><w n="34">na</w><w n="35">tvā</w><w n="36" lemma="tta">t ta</w><w n="37" lemma="thā">thā </w><w n="38">cai</w><w n="39"></w><w n="40" lemma="kaṃ">kam </w><w n="41">i</w><w n="42" lemma="tya">ty a</w><w n="43">pra</w><w n="44">tī</w><w n="45" lemma="teḥ">ter </w><w n="46">nā</w><w n="47" lemma="pi">pi </w><w n="48">pṛ</w><w n="49">tha</w><w n="50">ktvā</w><w n="51">hi</w><w n="52">ta</w><w n="53">vi</w><w n="54">śe</w><w n="55" lemma="ṣaṃ">ṣaṃ </w><w n="56">ta</w><w n="57" lemma="dbhiṃ">dbhin</w><w n="58">na</w><w n="59">syā</w><w n="60">sa</w><w n="61">tya</w><w n="62">tvā</w><w n="63" lemma="t">d </w><w n="64"></w>
</text></TEI>
<TEI n="M">
<text>
<w n="0">e</w><w n="1">ka</w><w n="2">saṃ</w><w n="3">khyo</w><w n="4">pā</w><w n="5">dhī</w><w n="6">ya</w><w n="7">mā</w><w n="8">na</w><w n="9"></w><w n="10">rū</w><w n="11">pa</w><w n="12"></w><w n="13">vi</w><w n="14">śe</w><w n="15" lemma="ṣaṃ">ṣaṃ </w><w n="16">ta</w><w n="17" lemma="tvaṃ">tvaṃ </w><w n="18" lemma="na">na </w><w n="19">bha</w><w n="20">va</w><w n="21" lemma="ti">ti | </w><w n="22">ni</w><w n="23">ru</w><w n="24">pā</w><w n="25">dhi</w><w n="26"></w><w n="27">ta</w><w n="28">tva</w><w n="29" lemma="sya">sya </w><w n="30">va</w><w n="31">stu</w><w n="32" lemma="taḥ">to </w><w n="33" lemma="bhiṃ">bhin</w><w n="34">na</w><w n="35">tvā</w><w n="36" lemma="tta">t | ta</w><w n="37" lemma="thā">thā </w><w n="38">cai</w><w n="39"></w><w n="40" lemma="kaṃ">kam </w><w n="41">i</w><w n="42" lemma="tya">ty a</w><w n="43">pra</w><w n="44">tī</w><w n="45" lemma="teḥ">ter </w><w n="46">nā</w><w n="47" lemma="pi">pi </w><w n="48">pṛ</w><w n="49">tha</w><w n="50">ktvā</w><w n="51">hi</w><w n="52">ta</w><w n="53">vi</w><w n="54">śe</w><w n="55" lemma="ṣaṃ">ṣaṃ | </w><w n="56">ta</w><w n="57" lemma="dbhiṃ">dbhin</w><w n="58">na</w><w n="59">syā</w><w n="60">sa</w><w n="61">tya</w><w n="62">tvā</w><w n="63" lemma="t">t | </w><w n="64"></w>
</text></TEI>
<TEI n="G2">
<text>
<w n="0">e</w><w n="1">ka</w><w n="2">saṃ</w><w n="3">khyo</w><w n="4">pā</w><w n="5">dhī</w><w n="6">ya</w><w n="7">mā</w><w n="8">na</w><w n="9">sva</w><w n="10">rū</w><w n="11" lemma="paṃ">pam </w><w n="12">a</w><w n="13">vi</w><w n="14">śe</w><w n="15" lemma="ṣaṃ">ṣaṃ </w><w n="16">ta</w><w n="17" lemma="tvaṃ">tvaṃ </w><w n="18" lemma="na">na </w><w n="19">bha</w><w n="20">va</w><w n="21" lemma="ti">ti </w><w n="22">ni</w><w n="23">rū</w><w n="24">pā</w><w n="25">dhi</w><w n="26" lemma="taḥ">taḥ || </w><w n="27">ta</w><w n="28">tva</w><w n="29" lemma="sya">sya </w><w n="30">va</w><w n="31">stvu</w><w n="32" lemma="taḥ">to </w><w n="33">bhiṃ</w><w n="34">na</w><w n="35">tvā</w><w n="36" lemma="tta">t ta</w><w n="37" lemma="thā">thā </w><w n="38">vai</w><w n="39"></w><w n="40" lemma="kaṃ">kam </w><w n="41">i</w><w n="42" lemma="tya">ty a</w><w n="43">pra</w><w n="44">tī</w><w n="45" lemma="teḥ">teḥ || </w><w n="46">nā</w><w n="47" lemma="pi">pi </w><w n="48">pṛ</w><w n="49">tha</w><w n="50"></w><w n="51" lemma="khi">k_hi</w><w n="52">ta</w><w n="53">vi</w><w n="54">śe</w><w n="55" lemma="ṣaṃ">ṣaṃ </w><w n="56">ta</w><w n="57" lemma="hiṃ">hin</w><w n="58">na</w><w n="59">syā</w><w n="60">sa</w><w n="61"></w><w n="62">tvā</w><w n="63" lemma="te">te </w><w n="64"></w>
</text></TEI>
<TEI n="G1">
<text>
<w n="0">e</w><w n="1">ka</w><w n="2">saṃ</w><w n="3">khyo</w><w n="4">pā</w><w n="5">dhī</w><w n="6">ya</w><w n="7">mā</w><w n="8">na</w><w n="9">sva</w><w n="10">rū</w><w n="11" lemma="paṃ">pam </w><w n="12">a</w><w n="13">vi</w><w n="14">śe</w><w n="15" lemma="ṣaṃ">ṣaṃ </w><w n="16">ta</w><w n="17" lemma="tvaṃ">tvaṃ </w><w n="18" lemma="na">na </w><w n="19">bha</w><w n="20" lemma="va">va-</w><w n="21" lemma="ti">ti </w><w n="22">ni</w><w n="23">rū</w><w n="24">pā</w><w n="25">dhi</w><w n="26" lemma="taḥ">taḥ || </w><w n="27">ta</w><w n="28">tva</w><w n="29" lemma="sya">sya </w><w n="30">va</w><w n="31">stvu</w><w n="32" lemma="taḥ">to </w><w n="33">bhiṃ</w><w n="34">na</w><w n="35">tvā</w><w n="36" lemma="tta">t ta</w><w n="37" lemma="thā">thā </w><w n="38">vai</w><w n="39"></w><w n="40" lemma="kaṃ">kam </w><w n="41">i</w><w n="42" lemma="tya">ty a</w><w n="43">pra</w><w n="44">tī</w><w n="45" lemma="teḥ">teḥ || </w><w n="46">nā</w><w n="47" lemma="pi">pi </w><w n="48">pṛ</w><w n="49">tha</w><w n="50"></w><w n="51" lemma="khi">k_hi</w><w n="52">ta</w><w n="53">vi</w><w n="54">śe</w><w n="55" lemma="ṣaṃ">ṣaṃ </w><w n="56">ta</w><w n="57" lemma="hiṃ">hin</w><w n="58">na</w><w n="59">syā</w><w n="60">sā</w><w n="61"></w><w n="62">tvā</w><w n="63">te</w><w n="64" lemma="nā">nā </w>
</text></TEI>
<TEI n="L">
<text>
<w n="0">e</w><w n="1">ka</w><w n="2">saṃ</w><w n="3">khyo</w><w n="4">pā</w><w n="5">dhī</w><w n="6">ya</w><w n="7">mā</w><w n="8">na</w><w n="9">sva</w><w n="10">rū</w><w n="11" lemma="paṃ">pam </w><w n="12">a</w><w n="13">vi</w><w n="14">śe</w><w n="15" lemma="ṣaṃ">ṣaṃ </w><w n="16">ta</w><w n="17" lemma="tvaṃ">tvaṃ </w><w n="18" lemma="na">na </w><w n="19">bhā</w><w n="20" lemma="ta">ta </w><w n="21"></w><w n="22">ni</w><w n="23">rū</w><w n="24">pi</w><w n="25"></w><w n="26" lemma="taḥ">tas </w><w n="27">ta</w><w n="28">tva</w><w n="29" lemma="sya">sya </w><w n="30">va</w><w n="31">stu</w><w n="32">tvā</w><w n="33" lemma="bhiṃ">bhin</w><w n="34">na</w><w n="35" lemma="sya">sya </w><w n="36">ta</w><w n="37">thā</w><w n="38">tvā</w><w n="39" lemma="te">d e</w><w n="40" lemma="kaṃ">kam </w><w n="41">i</w><w n="42" lemma="tya">ty a</w><w n="43">pra</w><w n="44">tī</w><w n="45" lemma="teḥ">teḥ || </w><w n="46">nā</w><w n="47" lemma="pi">pi </w><w n="48">pṛ</w><w n="49">tha</w><w n="50">ktvā</w><w n="51">hi</w><w n="52">ta</w><w n="53">vi</w><w n="54">śe</w><w n="55" lemma="ṣaṃ">ṣaṃ </w><w n="56">ta</w><w n="57" lemma="dbhiṃ">dbhin</w><w n="58">na</w><w n="59">syā</w><w n="60">sa</w><w n="61"></w><w n="62">tvā</w><w n="63" lemma="t">t_ </w><w n="64"></w>
</text></TEI>
<TEI n="O">
<text>
<w n="0">e</w><w n="1">ka</w><w n="2">saṃ</w><w n="3">khyo</w><w n="4">pa</w><w n="5">dhī</w><w n="6">ya</w><w n="7">mā</w><w n="8">na</w><w n="9">sva</w><w n="10">rū</w><w n="11">pa</w><w n="12"></w><w n="13">vi</w><w n="14">śe</w><w n="15" lemma="ṣaṃ">ṣaṃ </w><w n="16">ta</w><w n="17" lemma="tvaṃ">tvaṃ </w><w n="18" lemma="na">na </w><w n="19">bha</w><w n="20">va</w><w n="21" lemma="ti">ti </w><w n="22">ni</w><w n="23">ru</w><w n="24">pā</w><w n="25">dhi</w><w n="26" lemma="taḥ">taḥ </w><w n="27">ta</w><w n="28">tva</w><w n="29" lemma="sya">sya </w><w n="30">va</w><w n="31">stu</w><w n="32" lemma="taḥ">to </w><w n="33" lemma="bhiṃ">bhin</w><w n="34">na</w><w n="35">tvā</w><w n="36" lemma="tta">t ta</w><w n="37">thai</w><w n="38">vai</w><w n="39"></w><w n="40" lemma="kaṃ">kam </w><w n="41">i</w><w n="42" lemma="tya">ty a</w><w n="43">pra</w><w n="44">tī</w><w n="45" lemma="teḥ">teḥ | </w><w n="46">nā</w><w n="47" lemma="pi">pi </w><w n="48">pṛ</w><w n="49">tha</w><w n="50">kpā</w><w n="51">hi</w><w n="52">ta</w><w n="53">vi</w><w n="54">śe</w><w n="55" lemma="ṣaṃ">ṣaṃ </w><w n="56">ta</w><w n="57" lemma="dbhiṃ">dbhin</w><w n="58">na</w><w n="59">syā</w><w n="60">sa</w><w n="61"></w><w n="62">tvā</w><w n="63" lemma="t">t_ </w><w n="64"></w>
</text></TEI>
<TEI n="A">
<text>
<w n="0">e</w><w n="1">ka</w><w n="2">saṃ</w><w n="3">khyo</w><w n="4">pā</w><w n="5">dhī</w><w n="6">ya</w><w n="7">mā</w><w n="8">na</w><w n="9">sva</w><w n="10">rū</w><w n="11">pa</w><w n="12"></w><w n="13">vi</w><w n="14">śe</w><w n="15" lemma="ṣaṃ">ṣaṃ </w><w n="16">ta</w><w n="17" lemma="tvaṃ">tvaṃ </w><w n="18" lemma="na">na </w><w n="19">bha</w><w n="20">va</w><w n="21" lemma="ti">ti </w><w n="22">ni</w><w n="23">ru</w><w n="24">pā</w><w n="25">dhi</w><w n="26" lemma="taḥ">taḥ </w><w n="27">ta</w><w n="28">tva</w><w n="29" lemma="sya">sya </w><w n="30">va</w><w n="31">stu</w><w n="32" lemma="taḥ">to </w><w n="33" lemma="bhiṃ">bhin</w><w n="34">na</w><w n="35">tvā</w><w n="36" lemma="tta">t ta</w><w n="37" lemma="thā">thā </w><w n="38">cai</w><w n="39"></w><w n="40" lemma="kaṃ">kam </w><w n="41">i</w><w n="42" lemma="tya">ty a</w><w n="43">pra</w><w n="44">tī</w><w n="45" lemma="teḥ">teḥ </w><w n="46">nā</w><w n="47" lemma="pi">pi </w><w n="48">pṛ</w><w n="49">tha</w><w n="50">ktvā</w><w n="51">hi</w><w n="52">ta</w><w n="53">vi</w><w n="54">śe</w><w n="55" lemma="ṣaṃ">ṣaṃ </w><w n="56">ta</w><w n="57" lemma="dbhiṃ">dbhin</w><w n="58">na</w><w n="59">syā</w><w n="60">sa</w><w n="61"></w><w n="62">tvā</w><w n="63" lemma="t">t_ </w><w n="64"></w>
</text></TEI>
<TEI n="V">
<text>
<w n="0">e</w><w n="1">ka</w><w n="2">saṃ</w><w n="3">khyo</w><w n="4">pā</w><w n="5">dhā</w><w n="6">ya</w><w n="7">mā</w><w n="8">na</w><w n="9">sva</w><w n="10">rū</w><w n="11" lemma="paṃ">pam </w><w n="12">a</w><w n="13">vi</w><w n="14">śe</w><w n="15" lemma="ṣaṃ">ṣaṃ </w><w n="16">ta</w><w n="17" lemma="tvaṃ">tvaṃ </w><w n="18" lemma="na">na </w><w n="19">bha</w><w n="20"></w><w n="21" lemma="ti">ti </w><w n="22">ni</w><w n="23">ha</w><w n="24">yā</w><w n="25">dhi</w><w n="26" lemma="taḥ">taḥ </w><w n="27">ta</w><w n="28">tva</w><w n="29" lemma="sya">sya </w><w n="30">va</w><w n="31">stu</w><w n="32" lemma="taḥ">to </w><w n="33" lemma="bhiṃ">bhin</w><w n="34">na</w><w n="35">tvā</w><w n="36" lemma="tta">t ta</w><w n="37" lemma="thā">thā </w><w n="38">cai</w><w n="39"></w><w n="40" lemma="kaṃ">kam </w><w n="41">i</w><w n="42" lemma="tya">ty a</w><w n="43">pra</w><w n="44">tī</w><w n="45" lemma="te">te </w><w n="46">nā</w><w n="47" lemma="pi">pi </w><w n="48">pṛ</w><w n="49">tha</w><w n="50">ktvā</w><w n="51">hi</w><w n="52">ta</w><w n="53">vi</w><w n="54">śe</w><w n="55" lemma="ṣaṃ">ṣaṃ </w><w n="56">ta</w><w n="57" lemma="dbhiṃ">dbhin</w><w n="58">na</w><w n="59">syā</w><w n="60">sa</w><w n="61"></w><w n="62">tvā</w><w n="63" lemma="t">t_ </w><w n="64"></w>
</text></TEI>
<TEI n="K">
<text>
<w n="0">e</w><w n="1">ka</w><w n="2">saṃ</w><w n="3">khyo</w><w n="4">pā</w><w n="5">dhā</w><w n="6">ya</w><w n="7">mā</w><w n="8">na</w><w n="9">sva</w><w n="10">rū</w><w n="11" lemma="paṃ">pam </w><w n="12">a</w><w n="13">vi</w><w n="14">śe</w><w n="15" lemma="ṣaṃ">ṣaṃ </w><w n="16">ta</w><w n="17" lemma="tvaṃ">tvaṃ </w><w n="18" lemma="na">na </w><w n="19">bha</w><w n="20"></w><w n="21" lemma="ti">ti </w><w n="22">ni</w><w n="23">ha</w><w n="24">yā</w><w n="25">dhi</w><w n="26" lemma="taḥ">taḥ </w><w n="27">ta</w><w n="28">tva</w><w n="29" lemma="sya">sya </w><w n="30">va</w><w n="31">stu</w><w n="32" lemma="taḥ">to </w><w n="33" lemma="bhiṃ">bhin</w><w n="34">na</w><w n="35">tvā</w><w n="36" lemma="tta">t ta</w><w n="37" lemma="thā">thā </w><w n="38">cai</w><w n="39"></w><w n="40" lemma="kaṃ">kam </w><w n="41">i</w><w n="42" lemma="tya">ty a</w><w n="43">pra</w><w n="44">tī</w><w n="45" lemma="teḥ">teḥ </w><w n="46">nā</w><w n="47" lemma="pi">pi </w><w n="48">pṛ</w><w n="49">tha</w><w n="50">ktvā</w><w n="51">hi</w><w n="52">ta</w><w n="53">vi</w><w n="54">śe</w><w n="55" lemma="ṣaṃ">ṣaṃ </w><w n="56">ta</w><w n="57" lemma="dbhiṃ">dbhin</w><w n="58">na</w><w n="59">syā</w><w n="60">sa</w><w n="61"></w><w n="62">tvā</w><w n="63" lemma="t">t_ </w><w n="64"></w>
</text></TEI>
<TEI n="D">
<text>
<w n="0">e</w><w n="1">ka</w><w n="2">saṃ</w><w n="3">khyo</w><w n="4">pā</w><w n="5">dhī</w><w n="6">ya</w><w n="7">mā</w><w n="8">na</w><w n="9">sva</w><w n="10">rū</w><w n="11" lemma="paṃ">pam </w><w n="12">a</w><w n="13">vi</w><w n="14">śe</w><w n="15" lemma="ṣaṃ">ṣaṃ </w><w n="16">ta</w><w n="17" lemma="tvaṃ">tvaṃ </w><w n="18" lemma="na">na </w><w n="19">bha</w><w n="20"></w><w n="21" lemma="ti">ti </w><w n="22">ni</w><w n="23">ru</w><w n="24">pā</w><w n="25">dhi</w><w n="26" lemma="taḥ">taḥ </w><w n="27">ta</w><w n="28">tva</w><w n="29" lemma="sya">sya </w><w n="30">va</w><w n="31">stu</w><w n="32" lemma="taḥ">to </w><w n="33" lemma="bhiṃ">bhin</w><w n="34">na</w><w n="35">tvā</w><w n="36" lemma="tta">t ta</w><w n="37" lemma="thā">thā </w><w n="38">cai</w><w n="39"></w><w n="40" lemma="kaṃ">kam </w><w n="41">i</w><w n="42" lemma="tya">ty a</w><w n="43">pra</w><w n="44">tī</w><w n="45" lemma="teḥ">teḥ </w><w n="46">nā</w><w n="47" lemma="pi">pi </w><w n="48">pṛ</w><w n="49">tha</w><w n="50">ktvā</w><w n="51">hi</w><w n="52">ta</w><w n="53">vi</w><w n="54">śe</w><w n="55" lemma="ṣaṃ">ṣaṃ </w><w n="56">ta</w><w n="57" lemma="dbhiṃ">dbhin</w><w n="58">na</w><w n="59">syā</w><w n="60">sa</w><w n="61"></w><w n="62">tvā</w><w n="63" lemma="t">t_ </w><w n="64"></w>
</text></TEI>
</teiCorpus>
