<?xml version="1.0" encoding="UTF-8"?>
<teiCorpus xmlns="http://www.tei-c.org/ns/1.0">

<TEI n="GV">
<text>
<w n="0"></w><w n="1"></w><w n="2"></w><w n="3"></w><w n="4"></w><w n="5"></w><w n="6"></w><w n="7"></w><w n="8"></w><w n="9"></w><w n="10"></w><w n="11"></w><w n="12"></w><w n="13"></w><w n="14"></w><w n="15"></w><w n="16"></w><w n="17"></w><w n="18"></w><w n="19"></w><w n="20"></w><w n="21"></w><w n="22"></w><w n="23"></w><w n="24"></w><w n="25"></w><w n="26"></w><w n="27"></w><w n="28"></w><w n="29"></w><w n="30"></w><w n="31"></w><w n="32"></w><w n="33"></w><w n="34"></w><w n="35"></w><w n="36"></w><w n="37"></w><w n="38"></w><w n="39"></w><w n="40"></w><w n="41"></w><w n="42"></w><w n="43"></w><w n="44"></w><w n="45"></w><w n="46"></w><w n="47"></w><w n="48"></w><w n="49"></w><w n="50"></w><w n="51"></w><w n="52"></w><w n="53"></w><w n="54"></w><w n="55"></w><w n="56"></w><w n="57"></w><w n="58"></w><w n="59"></w><w n="60"></w><w n="61"></w><w n="62"></w><w n="63"></w><w n="64"></w><w n="65"></w><w n="66"></w><w n="67"></w><w n="68"></w><w n="69"></w><w n="70"></w><w n="71"></w><w n="72"></w><w n="73"></w><w n="74"></w><w n="75"></w><w n="76"></w><w n="77"></w><w n="78"></w><w n="79"></w><w n="80"></w><w n="81"></w><w n="82"></w><w n="83"></w><w n="84"></w><w n="85"></w><w n="86"></w><w n="87"></w><w n="88"></w><w n="89"></w><w n="90"></w><w n="91"></w><w n="92"></w><w n="93"></w><w n="94"></w><w n="95"></w><w n="96"></w><w n="97"></w><w n="98"></w><w n="99"></w><w n="100"></w><w n="101"></w><w n="102"></w><w n="103"></w><w n="104"></w><w n="105"></w><w n="106"></w><w n="107"></w><w n="108"></w><w n="109"></w><w n="110"></w><w n="111"></w><w n="112"></w><w n="113"></w><w n="114"></w><w n="115"></w><w n="116"></w><w n="117"></w><w n="118"></w><w n="119"></w><w n="120"></w><w n="121"></w><w n="122"></w><w n="123"></w><w n="124"></w><w n="125"></w><w n="126"></w><w n="127"></w><w n="128"></w><w n="129"></w><w n="130"></w><w n="131"></w><w n="132"></w><w n="133"></w><w n="134"></w><w n="135"></w><w n="136"></w><w n="137"></w><w n="138"></w><w n="139"></w><w n="140"></w><w n="141"></w><w n="142"></w><w n="143"></w><w n="144"></w><w n="145"></w><w n="146"></w><w n="147"></w><w n="148"></w><w n="149"></w><w n="150"></w><w n="151"></w><w n="152"></w><w n="153"></w><w n="154"></w><w n="155"></w><w n="156"></w><w n="157"></w><w n="158"></w><w n="159"></w><w n="160"></w><w n="161"></w><w n="162"></w><w n="163"></w><w n="164"></w><w n="165"></w><w n="166"></w><w n="167"></w><w n="168"></w><w n="169"></w><w n="170"></w><w n="171"></w><w n="172"></w><w n="173"></w><w n="174"></w><w n="175"></w><w n="176"></w><w n="177"></w><w n="178"></w><w n="179"></w><w n="180"></w><w n="181"></w><w n="182"></w><w n="183"></w><w n="184"></w><w n="185"></w><w n="186"></w><w n="187"></w><w n="188"></w><w n="189"></w><w n="190"></w><w n="191"></w><w n="192"></w><w n="193"></w><w n="194"></w><w n="195"></w><w n="196"></w><w n="197"></w><w n="198"></w><w n="199"></w><w n="200"></w><w n="201"></w><w n="202"></w><w n="203"></w><w n="204"></w><w n="205"></w><w n="206"></w><w n="207"></w><w n="208"></w><w n="209"></w><w n="210"></w><w n="211"></w><w n="212"></w><w n="213"></w><w n="214"></w><w n="215"></w><w n="216"></w><w n="217"></w><w n="218"></w><w n="219"></w><w n="220"></w><w n="221"></w><w n="222"></w><w n="223"></w><w n="224"></w><w n="225"></w><w n="226"></w><w n="227"></w><w n="228"></w><w n="229"></w><w n="230"></w><w n="231"></w><w n="232"></w><w n="233"></w><w n="234"></w><w n="235"></w><w n="236"></w><w n="237"></w><w n="238"></w><w n="239"></w><w n="240"></w><w n="241"></w><w n="242"></w><w n="243"></w><w n="244"></w><w n="245"></w>
</text></TEI>
<TEI n="CT">
<text>
<w n="0">a</w><w n="1" lemma="daḥ">do </w><w n="2">de</w><w n="3"></w><w n="4">va</w><w n="5">da</w><w n="6">tta</w><w n="7" lemma="sya">sya </w><w n="8">gṛ</w><w n="9" lemma="haṃ">haṃ </w><w n="10">ya</w><w n="11">trā</w><w n="12" lemma="sau">sau </w><w n="13">kā</w><w n="14" lemma="kaḥ">kaḥ </w><w n="15">pra</w><w n="16">ti</w><w n="17">va</w><w n="18">sa</w><w n="19">tī</w><w n="20" lemma="tya">ty a</w><w n="21" lemma="tra">tra </w><w n="22">ni</w><w n="23">ya</w><w n="24">tva</w><w n="25" lemma="svā">svā-</w><w n="26">mi</w><w n="27"></w><w n="28">gṛ</w><w n="29">hā</w><w n="30"></w><w n="31"></w><w n="32"></w><w n="33"></w><w n="34">yo</w><w n="35">pa</w><w n="36">la</w><w n="37">kṣa</w><w n="38">ṇā</w><w n="39"></w><w n="40"></w><w n="41" lemma="yo">yo </w><w n="42"></w><w n="43"></w><w n="44"></w><w n="45"></w><w n="46"></w><w n="47"></w><w n="48"></w><w n="49"></w><w n="50"></w><w n="51"></w><w n="52"></w><w n="53">pa</w><w n="54">la</w><w n="55">kṣa</w><w n="56">ṇa</w><w n="57" lemma="sya">sya </w><w n="58">kṛ</w><w n="59">ta</w><w n="60">tvā</w><w n="61" lemma="ta">d a</w><w n="62">dhru</w><w n="63">va</w><w n="64" lemma="tvaṃ">tvam </w><w n="65">a</w><w n="66">ni</w><w n="67">tya</w><w n="68" lemma="tvaṃ">tvam </w><w n="69">i</w><w n="70" lemma="ti">ti </w><w n="71">ta</w><w n="72">da</w><w n="73">nā</w><w n="74" lemma="da">da-</w><w n="75">re</w><w n="76">ṇai</w><w n="77" lemma="va">va </w><w n="78">ta</w><w n="79">du</w><w n="80">pa</w><w n="81">la</w><w n="82">kṣi</w><w n="83" lemma="taṃ">taṃ </w><w n="84">gṛ</w><w n="85"></w><w n="86" lemma="haṃ">ham </w><w n="87">a</w><w n="88"></w><w n="89">dhī</w><w n="90">ya</w><w n="91" lemma="te">te | </w><w n="92">gṛ</w><w n="93" lemma="ha">ha-</w><w n="94">śa</w><w n="95"></w><w n="96">bde</w><w n="97" lemma="na">na </w><w n="98"></w><w n="99"></w><w n="100">ya</w><w n="101" lemma="thā">thā </w><w n="102">ta</w><w n="103" lemma="thā">thā </w><w n="104">pra</w><w n="105">kṛ</w><w n="106">ta</w><w n="107" lemma="saṃ">sam</w><w n="108" lemma="baṃ">ban</w><w n="109">dhā</w><w n="110" lemma="ta">d a</w><w n="111">pa</w><w n="112" lemma="tyo">tyo-</w><w n="113">pā</w><w n="114">dhyu</w><w n="115">pa</w><w n="116">la</w><w n="117">kṣi</w><w n="118" lemma="taṃ">taṃ </w><w n="119">sa</w><w n="120" lemma="tyaṃ">tyam </w><w n="121">u</w><w n="122">pā</w><w n="123">dhi</w><w n="124">rū</w><w n="125">pā</w><w n="126"></w><w n="127">nā</w><w n="128">da</w><w n="129" lemma="re">re-</w><w n="130" lemma="ṇa">ṇa </w><w n="131">śa</w><w n="132" lemma="bdaiḥ">bdair </w><w n="133">a</w><w n="134">bhi</w><w n="135">dhī</w><w n="136">ya</w><w n="137"></w><w n="138"></w><w n="139"></w><w n="140"></w><w n="141"></w><w n="142"></w><w n="143"></w><w n="144" lemma="te">te | </w><w n="145"></w><w n="146">i</w><w n="147" lemma="tya">ty a</w><w n="148"></w><w n="149"></w><w n="150">na</w><w n="151">bhi</w><w n="152">dhī</w><w n="153">ya</w><w n="154"></w><w n="155">mā</w><w n="156" lemma="na">na-</w><w n="157"></w><w n="158" lemma="syā">syā </w><w n="159"></w><w n="160"></w><w n="161"></w><w n="162"></w><w n="163"></w><w n="164"></w><w n="165">sa</w><w n="166" lemma="tyu">ty u</w><w n="167">pā</w><w n="168">dhi</w><w n="169" lemma="tvaṃ">tvaṃ </w><w n="170">ni</w><w n="171">da</w><w n="172">rśa</w><w n="173">ne</w><w n="174" lemma="na">na </w><w n="175" lemma="sa">sa-</w><w n="176">ma</w><w n="177">rthi</w><w n="178" lemma="taṃ">tam || </w><w n="179">ta</w><w n="180" lemma="thā">thā </w><w n="181" lemma="hi">hi </w><w n="182">kta</w><w n="183">kta</w><w n="184">va</w><w n="185" lemma="tū">tū </w><w n="186">ni</w><w n="187">ṣṭhe</w><w n="188"></w><w n="189" lemma="tya">ty a</w><w n="190"></w><w n="191">nu</w><w n="192" lemma="baṃ">ban</w><w n="193">dha</w><w n="194" lemma="syā">syā-</w><w n="195">pra</w><w n="196">yo</w><w n="197">ga</w><w n="198">sa</w><w n="199">ma</w><w n="200">vā</w><w n="201">yi</w><w n="202">tvā</w><w n="203" lemma="ta">d a</w><w n="204">dhru</w><w n="205">va</w><w n="206">syo</w><w n="207">pa</w><w n="208">la</w><w n="209">kṣa</w><w n="210">ṇa</w><w n="211" lemma="tve">tve </w><w n="212"></w><w n="213" lemma="ta">ta-</w><w n="214">dra</w><w n="215">hi</w><w n="216">ta</w><w n="217" lemma="sya">sya </w><w n="218">śu</w><w n="219" lemma="dha">ddha</w><w n="220" lemma="sya">sya </w><w n="221">pra</w><w n="222">tya</w><w n="223">ya</w><w n="224"></w><w n="225">rū</w><w n="226">pa</w><w n="227" lemma="sya">sya </w><w n="228">saṃ</w><w n="229">jñā</w><w n="230" lemma="pra">pra-</w><w n="231" lemma="saṃ">saṅ</w><w n="232" lemma="ga">ga </w><w n="233">i</w><w n="234" lemma="tya">ty a</w><w n="235">tre</w><w n="236" lemma="daṃ">daṃ </w><w n="237">bhā</w><w n="238" lemma="ṣye">ṣye </w><w n="239">ni</w><w n="240">da</w><w n="241">rśa</w><w n="242" lemma="naṃ">nam </w><w n="243">u</w><w n="244"></w><w n="245" lemma="ktaṃ">ktam ||</w>
</text></TEI>
<TEI n="T">
<text>
<w n="0">a</w><w n="1" lemma="daḥ">do </w><w n="2">de</w><w n="3"></w><w n="4">va</w><w n="5">da</w><w n="6">tta</w><w n="7" lemma="sya">sya </w><w n="8">gṛ</w><w n="9" lemma="haṃ">haṃ </w><w n="10">ya</w><w n="11">trā</w><w n="12" lemma="sau">sau </w><w n="13">kā</w><w n="14" lemma="kaḥ">kaḥ </w><w n="15">pra</w><w n="16">ti</w><w n="17">va</w><w n="18">sa</w><w n="19">tī</w><w n="20" lemma="tya">ty a</w><w n="21" lemma="tra">tra </w><w n="22">ni</w><w n="23">ya</w><w n="24">ta</w><w n="25">svā</w><w n="26">mi</w><w n="27"></w><w n="28">gṛ</w><w n="29">ho</w><w n="30">pa</w><w n="31">la</w><w n="32">kṣa</w><w n="33">ṇā</w><w n="34">yo</w><w n="35">pa</w><w n="36">la</w><w n="37">kṣa</w><w n="38">ṇa</w><w n="39">bhū</w><w n="40">ta</w><w n="41" lemma="sya">sya </w><w n="42">kā</w><w n="43">ka</w><w n="44">syo</w><w n="45"></w><w n="46" lemma="tpa">t_pa</w><w n="47">ti</w><w n="48" lemma="te">te </w><w n="49" lemma="pi">pi </w><w n="50">ta</w><w n="51">smi</w><w n="52" lemma="nu">nn u</w><w n="53">pa</w><w n="54">la</w><w n="55">kṣa</w><w n="56">ṇa</w><w n="57" lemma="sya">sya </w><w n="58">kṛ</w><w n="59">ta</w><w n="60">tvā</w><w n="61" lemma="ta">d a</w><w n="62" lemma="dhru">ddhru</w><w n="63">va</w><w n="64" lemma="tvaṃ">tvam </w><w n="65">a</w><w n="66">ni</w><w n="67">tya</w><w n="68" lemma="tvaṃ">tvam </w><w n="69">i</w><w n="70" lemma="ti">ti </w><w n="71">ta</w><w n="72">da</w><w n="73">nā</w><w n="74">da</w><w n="75">re</w><w n="76">ṇai</w><w n="77" lemma="va">va </w><w n="78">ta</w><w n="79">du</w><w n="80">pa</w><w n="81">la</w><w n="82">kṣi</w><w n="83" lemma="taṃ">taṃ </w><w n="84">gṛ</w><w n="85"></w><w n="86" lemma="haṃ">ham </w><w n="87">a</w><w n="88">bhi</w><w n="89">dhī</w><w n="90">ya</w><w n="91" lemma="te">te </w><w n="92">gṛ</w><w n="93">ha</w><w n="94">śa</w><w n="95"></w><w n="96">bde</w><w n="97" lemma="na">na </w><w n="98"></w><w n="99"></w><w n="100">ya</w><w n="101" lemma="thā">thā </w><w n="102">ta</w><w n="103" lemma="thā">thā </w><w n="104">pra</w><w n="105">kṛ</w><w n="106">ta</w><w n="107">saṃ</w><w n="108" lemma="baṃ">ban</w><w n="109">dhā</w><w n="110" lemma="ta">d a</w><w n="111">sa</w><w n="112">tyo</w><w n="113">pā</w><w n="114" lemma="dhyu">ddhyu</w><w n="115">pa</w><w n="116">la</w><w n="117">kṣi</w><w n="118" lemma="taṃ">taṃ </w><w n="119">sa</w><w n="120" lemma="tyaṃ">tyam </w><w n="121">u</w><w n="122">pā</w><w n="123">dhi</w><w n="124">rū</w><w n="125">pā</w><w n="126"></w><w n="127">nā</w><w n="128">da</w><w n="129">re</w><w n="130" lemma="ṇa">ṇa </w><w n="131">śa</w><w n="132" lemma="bdaiḥ">bdair </w><w n="133">a</w><w n="134">bhi</w><w n="135">dhī</w><w n="136">ya</w><w n="137" lemma="ta">ta </w><w n="138">i</w><w n="139" lemma="tya">ty a</w><w n="140">na</w><w n="141">bhi</w><w n="142">dhī</w><w n="143">ya</w><w n="144">mā</w><w n="145">na</w><w n="146">syā</w><w n="147" lemma="pya">py a</w><w n="148">bhi</w><w n="149">dhā</w><w n="150">na</w><w n="151">vi</w><w n="152">ṣa</w><w n="153">ya</w><w n="154">ni</w><w n="155">yā</w><w n="156">ma</w><w n="157">ka</w><w n="158">tvā</w><w n="159" lemma="tu">d u</w><w n="160">pa</w><w n="161">la</w><w n="162">kṣa</w><w n="163">ṇa</w><w n="164" lemma="tve">tve </w><w n="165">sa</w><w n="166" lemma="tyu">ty u</w><w n="167">pā</w><w n="168">dhi</w><w n="169">tva</w><w n="170" lemma="nni">n ni</w><w n="171">da</w><w n="172">rśa</w><w n="173">ne</w><w n="174" lemma="na">na </w><w n="175">sa</w><w n="176">ma</w><w n="177" lemma="rthi">rtthi</w><w n="178" lemma="taṃ">taṃ </w><w n="179">ta</w><w n="180" lemma="thā">thā </w><w n="181" lemma="hi">hi </w><w n="182">kta</w><w n="183">kta</w><w n="184">va</w><w n="185" lemma="tū">tū </w><w n="186">ni</w><w n="187">ṣṭhe</w><w n="188"></w><w n="189" lemma="tya">ty a</w><w n="190"></w><w n="191">nu</w><w n="192" lemma="baṃ">ban</w><w n="193">dha</w><w n="194">syā</w><w n="195">pra</w><w n="196">yo</w><w n="197">ga</w><w n="198">sa</w><w n="199">ma</w><w n="200">vā</w><w n="201">yi</w><w n="202">tvā</w><w n="203" lemma="ta">d a</w><w n="204" lemma="dhru">ddhru</w><w n="205">va</w><w n="206">syo</w><w n="207">pa</w><w n="208">la</w><w n="209">kṣa</w><w n="210">ṇa</w><w n="211" lemma="tve">tve </w><w n="212"></w><w n="213">ta</w><w n="214">dra</w><w n="215">hi</w><w n="216">ta</w><w n="217" lemma="sya">sya </w><w n="218">śu</w><w n="219" lemma="dha">ddha</w><w n="220" lemma="sya">sya </w><w n="221">pra</w><w n="222">tya</w><w n="223">ya</w><w n="224"></w><w n="225">rū</w><w n="226">pa</w><w n="227" lemma="sya">sya </w><w n="228">saṃ</w><w n="229">jñā</w><w n="230">pra</w><w n="231">saṃ</w><w n="232" lemma="ga">ga </w><w n="233">i</w><w n="234" lemma="tya">ty a</w><w n="235">tre</w><w n="236" lemma="daṃ">daṃ </w><w n="237">bhā</w><w n="238" lemma="ṣye">ṣye </w><w n="239">ni</w><w n="240">da</w><w n="241">rśa</w><w n="242" lemma="naṃ">nam </w><w n="243">u</w><w n="244"></w><w n="245" lemma="ktaṃ">ktaṃ </w>
</text></TEI>
<TEI n="H">
<text>
<w n="0">a</w><w n="1" lemma="daḥ">do </w><w n="2">de</w><w n="3"></w><w n="4">va</w><w n="5">da</w><w n="6">tta</w><w n="7" lemma="sya">sya </w><w n="8">gṛ</w><w n="9" lemma="haṃ">haṃ </w><w n="10">ya</w><w n="11">trā</w><w n="12" lemma="sau">sau </w><w n="13">kā</w><w n="14" lemma="kaḥ">kaḥ </w><w n="15">pra</w><w n="16">ti</w><w n="17">va</w><w n="18">sa</w><w n="19">tī</w><w n="20" lemma="tya">ty a</w><w n="21" lemma="tra">tra </w><w n="22">ni</w><w n="23">ya</w><w n="24">ta</w><w n="25">svā</w><w n="26">mi</w><w n="27">ka</w><w n="28">gṛ</w><w n="29">ho</w><w n="30">pa</w><w n="31">la</w><w n="32">kṣa</w><w n="33">ṇā</w><w n="34">yo</w><w n="35">pa</w><w n="36">la</w><w n="37">kṣa</w><w n="38">ṇa</w><w n="39">bhū</w><w n="40">ta</w><w n="41" lemma="sya">sya </w><w n="42">kā</w><w n="43">ka</w><w n="44">syo</w><w n="45"></w><w n="46">tpa</w><w n="47">ti</w><w n="48" lemma="te">te </w><w n="49" lemma="pi">pi </w><w n="50">ta</w><w n="51">smi</w><w n="52" lemma="nu">nn u</w><w n="53">pa</w><w n="54">la</w><w n="55">kṣa</w><w n="56">ṇa</w><w n="57" lemma="sya">sya </w><w n="58">kṛ</w><w n="59">ta</w><w n="60">tvā</w><w n="61" lemma="ta">d a</w><w n="62">dhru</w><w n="63">va</w><w n="64" lemma="tmaṃ">tmam </w><w n="65">a</w><w n="66">ni</w><w n="67">tya</w><w n="68" lemma="tvaṃ">tvam </w><w n="69">i</w><w n="70" lemma="ti">ti </w><w n="71">ta</w><w n="72">da</w><w n="73">nā</w><w n="74">da</w><w n="75">re</w><w n="76">ṇe</w><w n="77" lemma="va">va </w><w n="78">ta</w><w n="79">du</w><w n="80">pa</w><w n="81">la</w><w n="82">kṣi</w><w n="83" lemma="taṃ">taṃ </w><w n="84">gṛ</w><w n="85"></w><w n="86" lemma="haṃ">ham </w><w n="87">a</w><w n="88">bhi</w><w n="89">dhī</w><w n="90">ya</w><w n="91" lemma="te">te | </w><w n="92">gṛ</w><w n="93">ha</w><w n="94">śa</w><w n="95"></w><w n="96">bde</w><w n="97" lemma="na">na </w><w n="98"></w><w n="99"></w><w n="100">ya</w><w n="101" lemma="thā">thā </w><w n="102"></w><w n="103"></w><w n="104">pra</w><w n="105">kṛ</w><w n="106">ta</w><w n="107">saṃ</w><w n="108">baṃ</w><w n="109">dhā</w><w n="110" lemma="ta">d a</w><w n="111">sa</w><w n="112">tyo</w><w n="113">pā</w><w n="114">dhyu</w><w n="115">pa</w><w n="116">la</w><w n="117">kṣi</w><w n="118" lemma="taṃ">taṃ </w><w n="119">sa</w><w n="120" lemma="tyaṃ">tyam </w><w n="121">u</w><w n="122">pa</w><w n="123">dhi</w><w n="124">rū</w><w n="125">pā</w><w n="126"></w><w n="127">nā</w><w n="128">da</w><w n="129">re</w><w n="130" lemma="ṇa">ṇa </w><w n="131">śa</w><w n="132" lemma="bdaiḥ">bdair </w><w n="133">a</w><w n="134">bhi</w><w n="135">dhī</w><w n="136">ya</w><w n="137" lemma="ta">ta </w><w n="138">i</w><w n="139" lemma="tya">ty a</w><w n="140">na</w><w n="141">bhi</w><w n="142">dhī</w><w n="143">ya</w><w n="144">mā</w><w n="145">na</w><w n="146">syā</w><w n="147" lemma="pya">py a</w><w n="148">bhi</w><w n="149">dhā</w><w n="150">na</w><w n="151">vi</w><w n="152">ṣa</w><w n="153">ya</w><w n="154">ni</w><w n="155">ya</w><w n="156">ma</w><w n="157">ka</w><w n="158">tvā</w><w n="159" lemma="tu">d u</w><w n="160">pa</w><w n="161">la</w><w n="162">kṣa</w><w n="163" lemma="ṇe">ṇe </w><w n="164"></w><w n="165">sa</w><w n="166" lemma="tyu">ty u</w><w n="167">pā</w><w n="168">dhi</w><w n="169" lemma="tvaṃ">tvaṃ </w><w n="170">ni</w><w n="171">da</w><w n="172">rśa</w><w n="173">ne</w><w n="174" lemma="na">na </w><w n="175">sa</w><w n="176">ma</w><w n="177">rthi</w><w n="178" lemma="taṃ">taṃ | </w><w n="179">ta</w><w n="180" lemma="thā">thā </w><w n="181" lemma="hi">hi </w><w n="182">kṛ</w><w n="183">kṛ</w><w n="184">va</w><w n="185" lemma="tta">tta </w><w n="186">ni</w><w n="187">ṣṭe</w><w n="188"></w><w n="189" lemma="tya">ty a</w><w n="190"></w><w n="191">nu</w><w n="192">baṃ</w><w n="193">dha</w><w n="194">syā</w><w n="195">pra</w><w n="196">yo</w><w n="197">ga</w><w n="198">sa</w><w n="199">ma</w><w n="200">vā</w><w n="201">yi</w><w n="202">tvā</w><w n="203" lemma="ta">d a</w><w n="204">dhru</w><w n="205">va</w><w n="206">syo</w><w n="207">pa</w><w n="208">la</w><w n="209">kṣa</w><w n="210">ṇa</w><w n="211" lemma="tve">tve </w><w n="212"></w><w n="213">ta</w><w n="214">dra</w><w n="215">hi</w><w n="216">ta</w><w n="217" lemma="sya">sya </w><w n="218">śu</w><w n="219" lemma="dha">ddha</w><w n="220" lemma="sya">sya </w><w n="221">pra</w><w n="222">tya</w><w n="223">ya</w><w n="224">sva</w><w n="225">rū</w><w n="226">pa</w><w n="227" lemma="sya">sya </w><w n="228">saṃ</w><w n="229">jñā</w><w n="230">pra</w><w n="231">saṃ</w><w n="232" lemma="ga">ga </w><w n="233">i</w><w n="234" lemma="tya">ty a</w><w n="235">tre</w><w n="236" lemma="daṃ">daṃ </w><w n="237">bhā</w><w n="238" lemma="ṣye">ṣye </w><w n="239">ni</w><w n="240">da</w><w n="241">rśa</w><w n="242" lemma="naṃ">nam </w><w n="243">u</w><w n="244"></w><w n="245" lemma="ktaṃ">ktaṃ | </w>
</text></TEI>
<TEI n="P">
<text>
<w n="0">ā</w><w n="1" lemma="dau">dau </w><w n="2">de</w><w n="3"></w><w n="4">va</w><w n="5">da</w><w n="6">tta</w><w n="7" lemma="sya">sya </w><w n="8">gṛ</w><w n="9" lemma="haṃ">haṃ </w><w n="10">ya</w><w n="11">trā</w><w n="12" lemma="sau">sau </w><w n="13">kā</w><w n="14" lemma="kaḥ">kaḥ </w><w n="15">pra</w><w n="16"></w><w n="17"></w><w n="18">sa</w><w n="19">tī</w><w n="20" lemma="tya">ty a</w><w n="21" lemma="tra">tra </w><w n="22">ni</w><w n="23">ya</w><w n="24">ta</w><w n="25">svā</w><w n="26">mi</w><w n="27">ka</w><w n="28">gra</w><w n="29">ho</w><w n="30" lemma="pa">pa&#166;</w><w n="31">la</w><w n="32">kṣa</w><w n="33"></w><w n="34"></w><w n="35"></w><w n="36"></w><w n="37"></w><w n="38">ṇa</w><w n="39">bhū</w><w n="40">ta</w><w n="41" lemma="sya">sya </w><w n="42">kā</w><w n="43">ka</w><w n="44" lemma="sya">sya </w><w n="45">u</w><w n="46">tpa</w><w n="47">ti</w><w n="48" lemma="te">te </w><w n="49" lemma="pi">pi </w><w n="50">ta</w><w n="51">smi</w><w n="52" lemma="nu">n_ u</w><w n="53">pa</w><w n="54">la</w><w n="55">kṣa</w><w n="56">ṇa</w><w n="57" lemma="sya">sya </w><w n="58">kṛ</w><w n="59">ta</w><w n="60">tvā</w><w n="61" lemma="ta">d a</w><w n="62">dhru</w><w n="63">va</w><w n="64" lemma="tvaṃ">tvam </w><w n="65">a</w><w n="66">ni</w><w n="67">tya</w><w n="68" lemma="tvaṃ">tvam </w><w n="69">i</w><w n="70" lemma="ti">ti </w><w n="71">ta</w><w n="72">dā</w><w n="73"></w><w n="74">da</w><w n="75">re</w><w n="76">ṇai</w><w n="77" lemma="va">va </w><w n="78">ta</w><w n="79">du</w><w n="80">pa</w><w n="81">la</w><w n="82">kṣa</w><w n="83">ṇa</w><w n="84">gṛ</w><w n="85">hī</w><w n="86" lemma="taṃ">tam </w><w n="87">a</w><w n="88">bhi</w><w n="89">dhī</w><w n="90">ya</w><w n="91" lemma="te">te&#166; </w><w n="92">gṛ</w><w n="93">ha</w><w n="94">saṃ</w><w n="95">baṃ</w><w n="96">dhe</w><w n="97" lemma="na">na </w><w n="98"></w><w n="99"></w><w n="100">ya</w><w n="101" lemma="thā">thā </w><w n="102">ta</w><w n="103" lemma="thā">thā </w><w n="104">pra</w><w n="105">kṛ</w><w n="106">ta</w><w n="107">saṃ</w><w n="108">baṃ</w><w n="109">dhā</w><w n="110" lemma="ta">d a</w><w n="111">sa</w><w n="112">tyo</w><w n="113">pā</w><w n="114">dhyu</w><w n="115">pa</w><w n="116">la</w><w n="117">kṣi</w><w n="118" lemma="taṃ">taṃ </w><w n="119">sa</w><w n="120" lemma="tyaṃ">tyam </w><w n="121">u</w><w n="122">pā</w><w n="123">dhi</w><w n="124">rū</w><w n="125">pā</w><w n="126"></w><w n="127">nā</w><w n="128">da</w><w n="129">re</w><w n="130" lemma="ṇa">ṇa </w><w n="131">śa</w><w n="132" lemma="bdaiḥ">bdair </w><w n="133">a</w><w n="134">bhi</w><w n="135">dhī</w><w n="136">ya</w><w n="137" lemma="ta">ta </w><w n="138">i</w><w n="139" lemma="ti">ti </w><w n="140">a</w><w n="141">bhi</w><w n="142">dhī</w><w n="143">ya</w><w n="144">mā</w><w n="145">na</w><w n="146">syā</w><w n="147"></w><w n="148">bhi</w><w n="149">dhā</w><w n="150">na</w><w n="151">vi</w><w n="152">ṣa</w><w n="153">ya</w><w n="154">ni</w><w n="155">yā</w><w n="156">ma</w><w n="157">ka</w><w n="158">tvā</w><w n="159" lemma="tu">d u</w><w n="160">pa</w><w n="161">la</w><w n="162">kṣa</w><w n="163">ṇa</w><w n="164" lemma="tve">tve </w><w n="165">sa</w><w n="166" lemma="tyu">ty u</w><w n="167">pā</w><w n="168">dhi</w><w n="169"></w><w n="170"></w><w n="171">da</w><w n="172">rśa</w><w n="173">ne</w><w n="174" lemma="na">na </w><w n="175">sa</w><w n="176">ma</w><w n="177">rthi</w><w n="178" lemma="taṃ">taṃ </w><w n="179">ta</w><w n="180" lemma="thā">thā </w><w n="181" lemma="hi">hi </w><w n="182">kta</w><w n="183">kta</w><w n="184" lemma="vaḥ">vas </w><w n="185" lemma="tu">tu </w><w n="186">ni</w><w n="187">ṣṭe</w><w n="188"></w><w n="189" lemma="tya">ty a</w><w n="190">na</w><w n="191">nu</w><w n="192">baṃ</w><w n="193">dha</w><w n="194">syā</w><w n="195">pra</w><w n="196">yo</w><w n="197">ga</w><w n="198">sa</w><w n="199">ma</w><w n="200">vā</w><w n="201">yi</w><w n="202">tvā</w><w n="203" lemma="ta">d a</w><w n="204">dhyu</w><w n="205"></w><w n="206"></w><w n="207">pa</w><w n="208">la</w><w n="209">kṣa</w><w n="210">ṇa</w><w n="211">tve</w><w n="212" lemma="na">na </w><w n="213">ta</w><w n="214">dra</w><w n="215">hi</w><w n="216">ta</w><w n="217" lemma="sya">sya </w><w n="218">śu</w><w n="219" lemma="dha">ddha</w><w n="220" lemma="sya">sya </w><w n="221">pra</w><w n="222">tya</w><w n="223">ya</w><w n="224"></w><w n="225">rū</w><w n="226">pa</w><w n="227" lemma="sya">sya </w><w n="228">saṃ</w><w n="229">jñā</w><w n="230">pra</w><w n="231">saṃ</w><w n="232" lemma="ga">ga </w><w n="233">i</w><w n="234" lemma="tya">ty a</w><w n="235">tre</w><w n="236" lemma="daṃ">daṃ </w><w n="237">bhā</w><w n="238" lemma="ṣye">ṣye </w><w n="239"></w><w n="240">da</w><w n="241">rśa</w><w n="242" lemma="naṃ">nam </w><w n="243">u</w><w n="244">pa</w><w n="245" lemma="kṣaṃ">kṣaṃ </w>
</text></TEI>
<TEI n="M">
<text>
<w n="0" lemma="ā">|| ā</w><w n="1" lemma="dau">dau </w><w n="2">de</w><w n="3"></w><w n="4">va</w><w n="5">da</w><w n="6">tta</w><w n="7" lemma="sya">sya </w><w n="8">gṛ</w><w n="9" lemma="haṃ">haṃ </w><w n="10">ya</w><w n="11">trā</w><w n="12" lemma="sau">sau </w><w n="13">kā</w><w n="14" lemma="kaḥ">kaḥ </w><w n="15">pra</w><w n="16">ti</w><w n="17">va</w><w n="18">sa</w><w n="19">tī</w><w n="20" lemma="tya">ty a</w><w n="21" lemma="tra">tra </w><w n="22">ni</w><w n="23">ya</w><w n="24">ta</w><w n="25">svā</w><w n="26">mi</w><w n="27">ka</w><w n="28">gra</w><w n="29">ho</w><w n="30">pa</w><w n="31">la</w><w n="32">kṣa</w><w n="33"></w><w n="34"></w><w n="35"></w><w n="36"></w><w n="37"></w><w n="38">ṇa</w><w n="39">bhū</w><w n="40">ta</w><w n="41" lemma="sya">sya </w><w n="42">kā</w><w n="43">ka</w><w n="44" lemma="sya">sya </w><w n="45">u</w><w n="46">tpa</w><w n="47">ti</w><w n="48" lemma="te">te </w><w n="49" lemma="pi">pi </w><w n="50">ta</w><w n="51">smi</w><w n="52" lemma="nu">n_ u</w><w n="53">pa</w><w n="54">la</w><w n="55">kṣa</w><w n="56">ṇa</w><w n="57" lemma="sya">sya </w><w n="58">kṛ</w><w n="59">ta</w><w n="60">tvā</w><w n="61" lemma="ta">d a</w><w n="62">dhru</w><w n="63">va</w><w n="64" lemma="tvaṃ">tvam </w><w n="65">a</w><w n="66">ni</w><w n="67">tya</w><w n="68" lemma="tvaṃ">tvam </w><w n="69">i</w><w n="70" lemma="ti">ti </w><w n="71">ta</w><w n="72">dā</w><w n="73"></w><w n="74">da</w><w n="75">re</w><w n="76">ṇai</w><w n="77" lemma="va">va </w><w n="78">ta</w><w n="79">du</w><w n="80">pa</w><w n="81">la</w><w n="82">kṣa</w><w n="83">ṇa</w><w n="84" lemma="gṛ">gṛ&#166;</w><w n="85">hī</w><w n="86" lemma="taṃ">tam </w><w n="87">a</w><w n="88">bhi</w><w n="89">dhī</w><w n="90">ya</w><w n="91" lemma="te">te </w><w n="92">gṛ</w><w n="93">ha</w><w n="94">saṃ</w><w n="95">baṃ</w><w n="96">dhe</w><w n="97" lemma="na">na </w><w n="98"></w><w n="99"></w><w n="100">ya</w><w n="101" lemma="thā">thā </w><w n="102">ta</w><w n="103" lemma="thā">thā </w><w n="104">pra</w><w n="105">kṛ</w><w n="106">ta</w><w n="107">saṃ</w><w n="108">baṃ</w><w n="109">dhā</w><w n="110" lemma="ta">d a</w><w n="111">sa</w><w n="112">tyo</w><w n="113">pā</w><w n="114">dhyu</w><w n="115">pa</w><w n="116">la</w><w n="117">kṣi</w><w n="118" lemma="taṃ">taṃ </w><w n="119">sa</w><w n="120" lemma="tyaṃ">tyam </w><w n="121">u</w><w n="122">pā</w><w n="123">dhi</w><w n="124">rū</w><w n="125">pā</w><w n="126"></w><w n="127">nā</w><w n="128">da</w><w n="129">re</w><w n="130" lemma="ṇa">ṇa </w><w n="131">śa</w><w n="132" lemma="bdaiḥ">bdair </w><w n="133">a</w><w n="134">bhi</w><w n="135">dhī</w><w n="136">ya</w><w n="137" lemma="ta">ta </w><w n="138">i</w><w n="139" lemma="ti">ti | </w><w n="140">a</w><w n="141">bhi</w><w n="142">dhī</w><w n="143">ya</w><w n="144">mā</w><w n="145">na</w><w n="146">syā</w><w n="147"></w><w n="148">bhi</w><w n="149">dhā</w><w n="150">na</w><w n="151">vi</w><w n="152">ṣa</w><w n="153">ya</w><w n="154">ni</w><w n="155">yā</w><w n="156">ma</w><w n="157">ka</w><w n="158">tvā</w><w n="159" lemma="tu">d u</w><w n="160">pa</w><w n="161">la</w><w n="162">kṣa</w><w n="163">ṇa</w><w n="164" lemma="tve">tve </w><w n="165">sa</w><w n="166" lemma="tyu">ty u</w><w n="167">pā</w><w n="168">dhi</w><w n="169"></w><w n="170"></w><w n="171">da</w><w n="172">rśa</w><w n="173">ne</w><w n="174" lemma="na">na </w><w n="175">sa</w><w n="176">ma</w><w n="177">rthi</w><w n="178" lemma="taṃ">taṃ | </w><w n="179">ta</w><w n="180" lemma="thā">thā </w><w n="181" lemma="hi">hi | </w><w n="182">kta</w><w n="183">kta</w><w n="184">va</w><w n="185" lemma="tū">tū </w><w n="186">ni</w><w n="187">ṣṭhe</w><w n="188"></w><w n="189" lemma="tya">ty a</w><w n="190">na</w><w n="191">nu</w><w n="192">baṃ</w><w n="193">dha</w><w n="194">syā</w><w n="195">pra</w><w n="196">yo</w><w n="197">ga</w><w n="198">sa</w><w n="199">ma</w><w n="200">vā</w><w n="201">yi</w><w n="202">tvā</w><w n="203" lemma="ta">d a</w><w n="204">dhyu</w><w n="205"></w><w n="206"></w><w n="207">pa</w><w n="208">la</w><w n="209">kṣa</w><w n="210">ṇa</w><w n="211">tve</w><w n="212" lemma="na">na </w><w n="213">ta</w><w n="214">dra</w><w n="215">hi</w><w n="216">ta</w><w n="217" lemma="sya">sya </w><w n="218">śu</w><w n="219" lemma="dha">ddha</w><w n="220" lemma="sya">sya </w><w n="221">pra</w><w n="222">tya</w><w n="223">ya</w><w n="224"></w><w n="225">rū</w><w n="226">pa</w><w n="227" lemma="sya">sya </w><w n="228">saṃ</w><w n="229">jñā</w><w n="230">pra</w><w n="231">saṃ</w><w n="232" lemma="ga">ga </w><w n="233">i</w><w n="234" lemma="tya">ty a</w><w n="235">tre</w><w n="236" lemma="daṃ">daṃ </w><w n="237">bhā</w><w n="238" lemma="ṣye">ṣye </w><w n="239"></w><w n="240">da</w><w n="241">rśa</w><w n="242" lemma="naṃ">nam </w><w n="243">u</w><w n="244"></w><w n="245" lemma="ktaṃ">ktaṃ | </w>
</text></TEI>
<TEI n="G2">
<text>
<w n="0">a</w><w n="1" lemma="daḥ">do </w><w n="2">de</w><w n="3">de</w><w n="4">va</w><w n="5">da</w><w n="6">tta</w><w n="7" lemma="sya">sya </w><w n="8">gṛ</w><w n="9" lemma="haṃ">haṃ </w><w n="10">ya</w><w n="11">trā</w><w n="12" lemma="sau">sau </w><w n="13">kā</w><w n="14" lemma="kaḥ">kaḥ || </w><w n="15">pra</w><w n="16">ti</w><w n="17">va</w><w n="18">sa</w><w n="19">tī</w><w n="20" lemma="tya">ty a</w><w n="21">nu</w><w n="22">ni</w><w n="23">ya</w><w n="24">ta</w><w n="25">svā</w><w n="26">mi</w><w n="27">ka</w><w n="28">gṛ</w><w n="29">ho</w><w n="30">pa</w><w n="31">la</w><w n="32">kṣa</w><w n="33">ṇā</w><w n="34">yo</w><w n="35">pa</w><w n="36">la</w><w n="37">kṣa</w><w n="38">ṇa</w><w n="39">bhū</w><w n="40">ta</w><w n="41" lemma="sya">sya </w><w n="42">kā</w><w n="43">ka</w><w n="44" lemma="sya">sya </w><w n="45">u</w><w n="46">tpa</w><w n="47">ti</w><w n="48" lemma="te">te </w><w n="49" lemma="pi">pi </w><w n="50">ta</w><w n="51">smi</w><w n="52" lemma="ju">j u</w><w n="53">pa</w><w n="54">la</w><w n="55">kṣa</w><w n="56">ṇa</w><w n="57">sva</w><w n="58">kṛ</w><w n="59">ta</w><w n="60">tvā</w><w n="61" lemma="ta">d a</w><w n="62">dhru</w><w n="63">va</w><w n="64" lemma="tvaṃ">tvam </w><w n="65"></w><w n="66"></w><w n="67"></w><w n="68"></w><w n="69">i</w><w n="70" lemma="ti">ti </w><w n="71">ta</w><w n="72">da</w><w n="73">nā</w><w n="74">da</w><w n="75">re</w><w n="76">ṇai</w><w n="77" lemma="va">va </w><w n="78">ta</w><w n="79">du</w><w n="80">pa</w><w n="81">la</w><w n="82">kṣi</w><w n="83" lemma="taṃ">taṃ </w><w n="84">gṛ</w><w n="85"></w><w n="86" lemma="haṃ">ham </w><w n="87">a</w><w n="88">bhi</w><w n="89">dhī</w><w n="90">ya</w><w n="91" lemma="te">te </w><w n="92">gṛ</w><w n="93">ha</w><w n="94">śa</w><w n="95"></w><w n="96">bde</w><w n="97" lemma="na">na </w><w n="98">ta</w><w n="99" lemma="thā">thā </w><w n="100">ya</w><w n="101" lemma="thā">thā </w><w n="102"></w><w n="103"></w><w n="104">vra</w><w n="105">kṛ</w><w n="106">ti</w><w n="107">saṃ</w><w n="108">baṃ</w><w n="109">dhā</w><w n="110" lemma="ta">d a</w><w n="111">sa</w><w n="112">hyā</w><w n="113">pā</w><w n="114">dhyu</w><w n="115">pa</w><w n="116">la</w><w n="117">kṣi</w><w n="118" lemma="taṃ">taṃ </w><w n="119">sa</w><w n="120" lemma="tyaṃ">tyam </w><w n="121">u</w><w n="122">pā</w><w n="123">dhi</w><w n="124">rū</w><w n="125">pā</w><w n="126"></w><w n="127">nā</w><w n="128">da</w><w n="129">re</w><w n="130" lemma="ṇa">ṇa </w><w n="131">śa</w><w n="132" lemma="bdaiḥ">bdair </w><w n="133">a</w><w n="134">bhi</w><w n="135">dhī</w><w n="136">ya</w><w n="137"></w><w n="138"></w><w n="139"></w><w n="140"></w><w n="141"></w><w n="142"></w><w n="143"></w><w n="144">mā</w><w n="145">na</w><w n="146">syā</w><w n="147" lemma="pya">py a</w><w n="148">bhi</w><w n="149">dhā</w><w n="150">na</w><w n="151">vi</w><w n="152">ṣa</w><w n="153">ya</w><w n="154">ni</w><w n="155">yā</w><w n="156">ma</w><w n="157">ka</w><w n="158">tvā</w><w n="159" lemma="tu">d u</w><w n="160">pa</w><w n="161">la</w><w n="162">kṣa</w><w n="163">ṇa</w><w n="164" lemma="tve">tve </w><w n="165">sa</w><w n="166" lemma="tyu">ty u</w><w n="167">pā</w><w n="168">dhi</w><w n="169" lemma="tvaṃ">tvaṃ </w><w n="170">ni</w><w n="171">da</w><w n="172">rśa</w><w n="173">ne</w><w n="174" lemma="bha">bha </w><w n="175">sa</w><w n="176">ma</w><w n="177">rthi</w><w n="178" lemma="taṃ">taṃ </w><w n="179">ta</w><w n="180" lemma="thā">thā </w><w n="181" lemma="hi">hi </w><w n="182">kta</w><w n="183">kta</w><w n="184">va</w><w n="185" lemma="tū">tū </w><w n="186">ni</w><w n="187">ṣṭhe</w><w n="188"></w><w n="189" lemma="tya">ty a</w><w n="190"></w><w n="191">nu</w><w n="192">baṃ</w><w n="193"></w><w n="194">yyā</w><w n="195">pra</w><w n="196">yo</w><w n="197">ga</w><w n="198">sa</w><w n="199">mā</w><w n="200">vā</w><w n="201">yi</w><w n="202">tvā</w><w n="203" lemma="ta">d a</w><w n="204">dhru</w><w n="205">va</w><w n="206">syo</w><w n="207">pa</w><w n="208">la</w><w n="209">kṣa</w><w n="210">ṇa</w><w n="211" lemma="tve">tve </w><w n="212"></w><w n="213">ta</w><w n="214">dra</w><w n="215">hi</w><w n="216">ta</w><w n="217" lemma="sya">sya </w><w n="218">śu</w><w n="219" lemma="dha">ddha</w><w n="220" lemma="sya">sya </w><w n="221">pra</w><w n="222">tya</w><w n="223">ya</w><w n="224"></w><w n="225">rū</w><w n="226">pa</w><w n="227" lemma="sya">sya </w><w n="228">saṃ</w><w n="229" lemma="jñāṃ">jñāṃ </w><w n="230">pra</w><w n="231">saṃ</w><w n="232" lemma="ga">ga </w><w n="233">i</w><w n="234" lemma="tya">ty a</w><w n="235">tre</w><w n="236" lemma="daṃ">daṃ </w><w n="237">bhā</w><w n="238" lemma="ṣye">ṣye </w><w n="239"></w><w n="240">da</w><w n="241">rśa</w><w n="242" lemma="naṃ">nam </w><w n="243">u</w><w n="244"></w><w n="245" lemma="ktaṃ">ktam | </w>
</text></TEI>
<TEI n="G1">
<text>
<w n="0">a</w><w n="1" lemma="daḥ">do </w><w n="2">de</w><w n="3">de</w><w n="4">va</w><w n="5">da</w><w n="6">tta</w><w n="7" lemma="sya">sya </w><w n="8">gṛ</w><w n="9" lemma="haṃ">haṃ </w><w n="10">ya</w><w n="11">trā</w><w n="12" lemma="sau">sau </w><w n="13">kā</w><w n="14" lemma="kaḥ">kaḥ </w><w n="15">pra</w><w n="16">ti</w><w n="17">va</w><w n="18">sa</w><w n="19">tī</w><w n="20" lemma="tya">ty a</w><w n="21"></w><w n="22"></w><w n="23"></w><w n="24"></w><w n="25"></w><w n="26"></w><w n="27"></w><w n="28"></w><w n="29"></w><w n="30"></w><w n="31"></w><w n="32"></w><w n="33"></w><w n="34"></w><w n="35"></w><w n="36"></w><w n="37"></w><w n="38"></w><w n="39"></w><w n="40"></w><w n="41"></w><w n="42"></w><w n="43"></w><w n="44"></w><w n="45"></w><w n="46"></w><w n="47"></w><w n="48"></w><w n="49"></w><w n="50"></w><w n="51"></w><w n="52">nu</w><w n="53"></w><w n="54"></w><w n="55"></w><w n="56"></w><w n="57"></w><w n="58"></w><w n="59"></w><w n="60"></w><w n="61"></w><w n="62"></w><w n="63"></w><w n="64"></w><w n="65"></w><w n="66">ni</w><w n="67"></w><w n="68"></w><w n="69"></w><w n="70"></w><w n="71"></w><w n="72"></w><w n="73"></w><w n="74"></w><w n="75"></w><w n="76"></w><w n="77"></w><w n="78"></w><w n="79"></w><w n="80"></w><w n="81"></w><w n="82"></w><w n="83"></w><w n="84"></w><w n="85"></w><w n="86"></w><w n="87"></w><w n="88"></w><w n="89"></w><w n="90">ya</w><w n="91"></w><w n="92"></w><w n="93"></w><w n="94"></w><w n="95"></w><w n="96"></w><w n="97"></w><w n="98">ta</w><w n="99"></w><w n="100"></w><w n="101"></w><w n="102"></w><w n="103"></w><w n="104"></w><w n="105"></w><w n="106"></w><w n="107"></w><w n="108"></w><w n="109"></w><w n="110"></w><w n="111"></w><w n="112"></w><w n="113"></w><w n="114"></w><w n="115"></w><w n="116"></w><w n="117"></w><w n="118"></w><w n="119"></w><w n="120"></w><w n="121"></w><w n="122"></w><w n="123"></w><w n="124"></w><w n="125"></w><w n="126"></w><w n="127"></w><w n="128"></w><w n="129"></w><w n="130"></w><w n="131"></w><w n="132"></w><w n="133"></w><w n="134"></w><w n="135"></w><w n="136"></w><w n="137"></w><w n="138"></w><w n="139"></w><w n="140"></w><w n="141"></w><w n="142"></w><w n="143"></w><w n="144"></w><w n="145"></w><w n="146">svā</w><w n="147"></w><w n="148"></w><w n="149"></w><w n="150"></w><w n="151"></w><w n="152"></w><w n="153"></w><w n="154"></w><w n="155"></w><w n="156"></w><w n="157"></w><w n="158"></w><w n="159"></w><w n="160"></w><w n="161"></w><w n="162"></w><w n="163"></w><w n="164"></w><w n="165"></w><w n="166"></w><w n="167"></w><w n="168"></w><w n="169"></w><w n="170"></w><w n="171"></w><w n="172"></w><w n="173"></w><w n="174"></w><w n="175"></w><w n="176"></w><w n="177"></w><w n="178"></w><w n="179"></w><w n="180"></w><w n="181"></w><w n="182"></w><w n="183"></w><w n="184"></w><w n="185"></w><w n="186"></w><w n="187"></w><w n="188"></w><w n="189"></w><w n="190"></w><w n="191"></w><w n="192"></w><w n="193"></w><w n="194"></w><w n="195"></w><w n="196"></w><w n="197"></w><w n="198"></w><w n="199"></w><w n="200"></w><w n="201"></w><w n="202"></w><w n="203"></w><w n="204"></w><w n="205"></w><w n="206"></w><w n="207"></w><w n="208"></w><w n="209"></w><w n="210"></w><w n="211"></w><w n="212"></w><w n="213"></w><w n="214"></w><w n="215"></w><w n="216"></w><w n="217"></w><w n="218"></w><w n="219"></w><w n="220"></w><w n="221"></w><w n="222"></w><w n="223"></w><w n="224"></w><w n="225"></w><w n="226"></w><w n="227"></w><w n="228"></w><w n="229"></w><w n="230"></w><w n="231"></w><w n="232"></w><w n="233"></w><w n="234"></w><w n="235"></w><w n="236"></w><w n="237"></w><w n="238"></w><w n="239"></w><w n="240"></w><w n="241"></w><w n="242"></w><w n="243"></w><w n="244"></w><w n="245"></w>
</text></TEI>
<TEI n="L">
<text>
<w n="0">a</w><w n="1" lemma="daḥ">do </w><w n="2">de</w><w n="3"></w><w n="4">va</w><w n="5">da</w><w n="6">tta</w><w n="7" lemma="sya">sya </w><w n="8">gṛ</w><w n="9" lemma="haṃ">haṃ </w><w n="10">ya</w><w n="11">trā</w><w n="12" lemma="sau">sau </w><w n="13">kā</w><w n="14" lemma="kaḥ">kaḥ </w><w n="15">pra</w><w n="16">ti</w><w n="17">va</w><w n="18">sa</w><w n="19">tī</w><w n="20" lemma="tya">ty a</w><w n="21" lemma="tra">tra </w><w n="22">ni</w><w n="23">ya</w><w n="24">ta</w><w n="25">svā</w><w n="26">mi</w><w n="27">ka</w><w n="28">gṛ</w><w n="29">ho</w><w n="30">pa</w><w n="31">la</w><w n="32">kṣa</w><w n="33">ṇā</w><w n="34">yo</w><w n="35">pa</w><w n="36">la</w><w n="37">kṣa</w><w n="38">ṇa</w><w n="39">bhū</w><w n="40">ta</w><w n="41" lemma="sya">sya </w><w n="42">kā</w><w n="43">ka</w><w n="44" lemma="sya">sya </w><w n="45">u</w><w n="46">tpa</w><w n="47">ti</w><w n="48" lemma="te">te </w><w n="49" lemma="pi">pi </w><w n="50">ta</w><w n="51">smi</w><w n="52" lemma="nu">nn u</w><w n="53">pa</w><w n="54">la</w><w n="55">kṣa</w><w n="56">ṇa</w><w n="57">sva</w><w n="58">kṛ</w><w n="59">ta</w><w n="60">tvā</w><w n="61" lemma="ta">d a</w><w n="62">dhru</w><w n="63">va</w><w n="64" lemma="tvaṃ">tvam </w><w n="65">a</w><w n="66">ni</w><w n="67">tya</w><w n="68" lemma="tvaṃ">tvam </w><w n="69">i</w><w n="70" lemma="ti">ti </w><w n="71">ta</w><w n="72">da</w><w n="73">nā</w><w n="74">da</w><w n="75">re</w><w n="76">ṇai</w><w n="77" lemma="va">va </w><w n="78">ta</w><w n="79">du</w><w n="80">pa</w><w n="81">la</w><w n="82">kṣi</w><w n="83" lemma="taṃ">taṃ </w><w n="84">gṛ</w><w n="85"></w><w n="86" lemma="haṃ">ham </w><w n="87">a</w><w n="88">bhi</w><w n="89">dhī</w><w n="90">ya</w><w n="91" lemma="te">te </w><w n="92">gṛ</w><w n="93">ha</w><w n="94">śa</w><w n="95"></w><w n="96">bde</w><w n="97" lemma="na">na </w><w n="98">ta</w><w n="99" lemma="thā">thā </w><w n="100"></w><w n="101"></w><w n="102">ta</w><w n="103" lemma="thā">thā </w><w n="104">pra</w><w n="105">kṛ</w><w n="106">ti</w><w n="107">saṃ</w><w n="108">baṃ</w><w n="109">dhā</w><w n="110" lemma="ta">d a</w><w n="111">sa</w><w n="112">tyā</w><w n="113">yā</w><w n="114">dhyu</w><w n="115">pa</w><w n="116">la</w><w n="117">kṣi</w><w n="118" lemma="taṃ">taṃ </w><w n="119">sa</w><w n="120" lemma="tyaṃ">tyam </w><w n="121">u</w><w n="122">pā</w><w n="123">dhi</w><w n="124">rū</w><w n="125">pā</w><w n="126"></w><w n="127">nā</w><w n="128">da</w><w n="129">re</w><w n="130" lemma="ṇa">ṇa </w><w n="131">śa</w><w n="132" lemma="bdaiḥ">bdair </w><w n="133">a</w><w n="134">bhi</w><w n="135">dhī</w><w n="136">ya</w><w n="137"></w><w n="138"></w><w n="139"></w><w n="140"></w><w n="141"></w><w n="142"></w><w n="143"></w><w n="144">mā</w><w n="145">na</w><w n="146">syā</w><w n="147" lemma="pya">py a</w><w n="148">bhi</w><w n="149">dhā</w><w n="150">na</w><w n="151">vi</w><w n="152">ṣa</w><w n="153">ya</w><w n="154">ni</w><w n="155">yā</w><w n="156">ma</w><w n="157">ka</w><w n="158">tvā</w><w n="159" lemma="tu">d u</w><w n="160">pa</w><w n="161">la</w><w n="162">kṣa</w><w n="163" lemma="ṇe">ṇe </w><w n="164"></w><w n="165">sa</w><w n="166" lemma="tyu">ty u</w><w n="167">pā</w><w n="168">dhi</w><w n="169" lemma="tvaṃ">tvaṃ </w><w n="170">ni</w><w n="171">da</w><w n="172">rśa</w><w n="173">ne</w><w n="174" lemma="na">na </w><w n="175">sa</w><w n="176">ma</w><w n="177">rthi</w><w n="178" lemma="taṃ">taṃ || </w><w n="179">ta</w><w n="180" lemma="thā">thā </w><w n="181" lemma="hi">hi </w><w n="182">kta</w><w n="183">kta</w><w n="184">va</w><w n="185" lemma="tū">tū </w><w n="186">ni</w><w n="187">ṣṭhe</w><w n="188"></w><w n="189" lemma="tya">ty a</w><w n="190"></w><w n="191">nu</w><w n="192">baṃ</w><w n="193">dha</w><w n="194">syā</w><w n="195">pra</w><w n="196">yo</w><w n="197">ga</w><w n="198">sa</w><w n="199">ma</w><w n="200">vā</w><w n="201">yi</w><w n="202">tvā</w><w n="203" lemma="tra">d ra</w><w n="204">dhru</w><w n="205">va</w><w n="206">syo</w><w n="207">pa</w><w n="208">la</w><w n="209">kṣa</w><w n="210" lemma="ṇe">ṇe </w><w n="211"></w><w n="212"></w><w n="213">ta</w><w n="214">dra</w><w n="215">hi</w><w n="216">ta</w><w n="217" lemma="sya">sya </w><w n="218">śu</w><w n="219" lemma="dha">ddha</w><w n="220" lemma="sya">sya </w><w n="221">pra</w><w n="222">tya</w><w n="223">ya</w><w n="224"></w><w n="225">rū</w><w n="226">pa</w><w n="227" lemma="sya">sya </w><w n="228">saṃ</w><w n="229">jñā</w><w n="230">pra</w><w n="231">saṃ</w><w n="232" lemma="ga">ga </w><w n="233">i</w><w n="234" lemma="tya">ty a</w><w n="235">tre</w><w n="236" lemma="daṃ">daṃ </w><w n="237">bhā</w><w n="238" lemma="ṣye">ṣye </w><w n="239">ni</w><w n="240">da</w><w n="241">rśa</w><w n="242" lemma="naṃ">nam </w><w n="243">u</w><w n="244"></w><w n="245" lemma="ktaṃ">ktaṃ || </w>
</text></TEI>
<TEI n="O">
<text>
<w n="0">a</w><w n="1" lemma="daḥ">do </w><w n="2">de</w><w n="3"></w><w n="4">va</w><w n="5">da</w><w n="6">tta</w><w n="7" lemma="sya">sya </w><w n="8">gṛ</w><w n="9" lemma="haṃ">haṃ </w><w n="10">ya</w><w n="11">trā</w><w n="12" lemma="sau">sau </w><w n="13">kā</w><w n="14" lemma="kaḥ">kaḥ </w><w n="15">pra</w><w n="16">ti</w><w n="17">va</w><w n="18">sa</w><w n="19">tī</w><w n="20" lemma="tya">ty a</w><w n="21" lemma="tra">tra </w><w n="22">ni</w><w n="23">ya</w><w n="24">ta</w><w n="25">svā</w><w n="26">mi</w><w n="27">ka</w><w n="28">gṛ</w><w n="29">ho</w><w n="30">pa</w><w n="31">la</w><w n="32">kṣa</w><w n="33">ṇā</w><w n="34">yo</w><w n="35">pa</w><w n="36">la</w><w n="37">kṣa</w><w n="38">ṇa</w><w n="39">bhū</w><w n="40">ta</w><w n="41" lemma="sya">sya </w><w n="42">kā</w><w n="43">ka</w><w n="44" lemma="sya">sya </w><w n="45">u</w><w n="46">tpa</w><w n="47">ti</w><w n="48" lemma="te">te </w><w n="49" lemma="pi">pi </w><w n="50">ta</w><w n="51">smi</w><w n="52" lemma="nu">n_ u</w><w n="53">pa</w><w n="54">la</w><w n="55">ṇa</w><w n="56">tva</w><w n="57" lemma="sya">sya </w><w n="58">kṛ</w><w n="59">ta</w><w n="60">tvā</w><w n="61" lemma="ta">d a</w><w n="62">dhru</w><w n="63"></w><w n="64" lemma="vaṃ">vam </w><w n="65">a</w><w n="66">ni</w><w n="67" lemma="tyaṃ">tyam </w><w n="68"></w><w n="69">i</w><w n="70" lemma="ti">ti </w><w n="71">ta</w><w n="72">da</w><w n="73">nā</w><w n="74">da</w><w n="75">re</w><w n="76">ṇai</w><w n="77" lemma="va">va </w><w n="78">ta</w><w n="79">du</w><w n="80">pa</w><w n="81">la</w><w n="82">kṣi</w><w n="83" lemma="taṃ">taṃ </w><w n="84">gṛ</w><w n="85"></w><w n="86" lemma="haṃ">ham </w><w n="87">a</w><w n="88">bhi</w><w n="89">dhī</w><w n="90">ya</w><w n="91" lemma="te">te </w><w n="92">gṛ</w><w n="93">ha</w><w n="94">śa</w><w n="95"></w><w n="96">bde</w><w n="97" lemma="na">na </w><w n="98">ta</w><w n="99" lemma="thā">thā </w><w n="100">ya</w><w n="101" lemma="thā">thā </w><w n="102"></w><w n="103"></w><w n="104">pra</w><w n="105">kṛ</w><w n="106">ti</w><w n="107">saṃ</w><w n="108">baṃ</w><w n="109">dhā</w><w n="110" lemma="ta">d a</w><w n="111">sa</w><w n="112">tyo</w><w n="113">pā</w><w n="114">dhyu</w><w n="115">pa</w><w n="116">la</w><w n="117">kṣi</w><w n="118" lemma="taṃ">taṃ </w><w n="119">sa</w><w n="120" lemma="tyaṃ">tyam </w><w n="121">u</w><w n="122">pā</w><w n="123">dhi</w><w n="124">rū</w><w n="125">pā</w><w n="126"></w><w n="127">nā</w><w n="128">da</w><w n="129">re</w><w n="130" lemma="ṇa">ṇa </w><w n="131">śa</w><w n="132" lemma="bdeḥ">bder </w><w n="133">a</w><w n="134">bhi</w><w n="135">dhī</w><w n="136">ya</w><w n="137"></w><w n="138"></w><w n="139"></w><w n="140"></w><w n="141"></w><w n="142"></w><w n="143"></w><w n="144">mā</w><w n="145">na</w><w n="146">syā</w><w n="147" lemma="pya">py a</w><w n="148">bhi</w><w n="149">dhā</w><w n="150">na</w><w n="151">vi</w><w n="152">ṣa</w><w n="153">ya</w><w n="154">ni</w><w n="155">yā</w><w n="156">ma</w><w n="157">ka</w><w n="158">tvā</w><w n="159" lemma="tu">d u</w><w n="160">pa</w><w n="161">la</w><w n="162">kṣa</w><w n="163">ṇa</w><w n="164">tva</w><w n="165">sa</w><w n="166" lemma="tyu">ty u</w><w n="167">pā</w><w n="168">dhi</w><w n="169" lemma="tvaṃ">tvaṃ </w><w n="170">ni</w><w n="171">da</w><w n="172">rśa</w><w n="173">ne</w><w n="174" lemma="na">na </w><w n="175">sa</w><w n="176">ma</w><w n="177" lemma="rthi">rtthi</w><w n="178" lemma="taṃ">taṃ | </w><w n="179">ta</w><w n="180" lemma="thā">thā </w><w n="181" lemma="hi">hi </w><w n="182">kta</w><w n="183">kta</w><w n="184">va</w><w n="185" lemma="tū">tū </w><w n="186">ni</w><w n="187" lemma="ṣṭhā">ṣṭhā </w><w n="188">i</w><w n="189" lemma="tya">ty a</w><w n="190"></w><w n="191">nu</w><w n="192">baṃ</w><w n="193">dha</w><w n="194">syā</w><w n="195">pra</w><w n="196">yo</w><w n="197">ga</w><w n="198">sa</w><w n="199">ma</w><w n="200">vā</w><w n="201">yi</w><w n="202">tvā</w><w n="203" lemma="ta">d a</w><w n="204">dhru</w><w n="205">va</w><w n="206">syo</w><w n="207">pa</w><w n="208">la</w><w n="209">kṣa</w><w n="210">ṇa</w><w n="211" lemma="tve">tve </w><w n="212"></w><w n="213">ta</w><w n="214">dra</w><w n="215">hi</w><w n="216">ta</w><w n="217" lemma="sya">sya </w><w n="218">śu</w><w n="219" lemma="dha">ddha</w><w n="220" lemma="sya">sya </w><w n="221">pra</w><w n="222">tya</w><w n="223">ya</w><w n="224"></w><w n="225">rū</w><w n="226">pa</w><w n="227" lemma="sya">sya </w><w n="228">saṃ</w><w n="229">jñā</w><w n="230">pra</w><w n="231">saṃ</w><w n="232" lemma="ga">ga </w><w n="233">i</w><w n="234" lemma="tya">ty a</w><w n="235">tre</w><w n="236" lemma="daṃ">daṃ </w><w n="237">bhā</w><w n="238" lemma="ṣye">ṣye </w><w n="239">ni</w><w n="240">da</w><w n="241">rśa</w><w n="242" lemma="naṃ">nam </w><w n="243">u</w><w n="244"></w><w n="245" lemma="ktaṃ">ktaṃ | </w>
</text></TEI>
<TEI n="A">
<text>
<w n="0">a</w><w n="1" lemma="daḥ">do </w><w n="2">de</w><w n="3"></w><w n="4">va</w><w n="5">da</w><w n="6">tta</w><w n="7" lemma="sya">sya </w><w n="8">gṛ</w><w n="9" lemma="haṃ">haṃ </w><w n="10">ya</w><w n="11">trau</w><w n="12" lemma="sau">sau </w><w n="13">kā</w><w n="14" lemma="kaḥ">kaḥ </w><w n="15">pra</w><w n="16">tī</w><w n="17">va</w><w n="18">sa</w><w n="19">tī</w><w n="20" lemma="tya">ty a&#166;</w><w n="21" lemma="tra">tra </w><w n="22">ni</w><w n="23">ya</w><w n="24">ta</w><w n="25">svā</w><w n="26">mi</w><w n="27">ka</w><w n="28">gṛ</w><w n="29">ho</w><w n="30">pa</w><w n="31">la</w><w n="32">kṣa</w><w n="33">ṇā</w><w n="34">yo</w><w n="35">pa</w><w n="36">la</w><w n="37">kṣa</w><w n="38">ṇa</w><w n="39">bhū</w><w n="40">ta</w><w n="41" lemma="sya">sya </w><w n="42">kā</w><w n="43">ka</w><w n="44" lemma="sya">sya </w><w n="45">u</w><w n="46">tpaṃ</w><w n="47">ti</w><w n="48" lemma="te">te </w><w n="49" lemma="pi">pi </w><w n="50">ta</w><w n="51">smi</w><w n="52" lemma="nu">nn u</w><w n="53">pa</w><w n="54">la</w><w n="55">kṣya</w><w n="56">ṇa</w><w n="57" lemma="sya">sya </w><w n="58">kṛ</w><w n="59">ta</w><w n="60">tvā</w><w n="61" lemma="ta">d a</w><w n="62">dhru</w><w n="63">va</w><w n="64" lemma="tvaṃ">tvam </w><w n="65">a</w><w n="66">ni</w><w n="67">tya</w><w n="68" lemma="tvaṃ">tvam </w><w n="69">i</w><w n="70" lemma="ti">ti </w><w n="71">ta</w><w n="72">da</w><w n="73">nā</w><w n="74">da</w><w n="75">re</w><w n="76">ṇai</w><w n="77" lemma="va">va </w><w n="78">ta</w><w n="79">du</w><w n="80">pa</w><w n="81">la</w><w n="82">kṣi</w><w n="83" lemma="taṃ">taṃ </w><w n="84">gṛ</w><w n="85"></w><w n="86" lemma="haṃ">ham </w><w n="87">a</w><w n="88">bhi</w><w n="89">dhī</w><w n="90">ya</w><w n="91" lemma="te">te </w><w n="92">gṛ</w><w n="93">ha</w><w n="94">śa</w><w n="95"></w><w n="96">bde</w><w n="97" lemma="na">na </w><w n="98"></w><w n="99"></w><w n="100">ya</w><w n="101" lemma="thā">thā </w><w n="102">ta</w><w n="103" lemma="thā">thā </w><w n="104">pra</w><w n="105">kṛ</w><w n="106">ti</w><w n="107">saṃ</w><w n="108">baṃ</w><w n="109">dhā</w><w n="110" lemma="ta">d a</w><w n="111">sa</w><w n="112">tyo</w><w n="113">pā</w><w n="114">dhyu</w><w n="115">pa</w><w n="116">la</w><w n="117">kṣi</w><w n="118" lemma="taṃ">taṃ </w><w n="119">sa</w><w n="120" lemma="tyaṃ">tyam </w><w n="121">u</w><w n="122">pā</w><w n="123">dhi</w><w n="124">rū</w><w n="125">pā</w><w n="126" lemma="na">n a</w><w n="127">nā</w><w n="128">da</w><w n="129">re</w><w n="130" lemma="ṇa">ṇa </w><w n="131">śa</w><w n="132" lemma="bdaiḥ">bdair </w><w n="133">a</w><w n="134">bhi</w><w n="135">dhī</w><w n="136">ya</w><w n="137"></w><w n="138"></w><w n="139"></w><w n="140"></w><w n="141"></w><w n="142"></w><w n="143"></w><w n="144">mā</w><w n="145">na</w><w n="146">syā</w><w n="147" lemma="pya">py a</w><w n="148">bhi</w><w n="149">dhā</w><w n="150">na</w><w n="151">vi</w><w n="152">ṣa</w><w n="153">ya</w><w n="154">ni</w><w n="155">yā</w><w n="156">ma</w><w n="157">ka</w><w n="158">tvā</w><w n="159" lemma="tu">d u</w><w n="160">pa</w><w n="161">la</w><w n="162">kṣa</w><w n="163">ṇa</w><w n="164" lemma="tve">tve </w><w n="165">sa</w><w n="166" lemma="tyu">ty u</w><w n="167">pā</w><w n="168">dhi</w><w n="169">tva</w><w n="170">ni</w><w n="171">da</w><w n="172">rśa</w><w n="173">ne</w><w n="174" lemma="na">na </w><w n="175">sa</w><w n="176">ma</w><w n="177">rthi</w><w n="178" lemma="taṃ">taṃ </w><w n="179">ta</w><w n="180" lemma="thā">thā </w><w n="181" lemma="hi">hi </w><w n="182">kta</w><w n="183">kta</w><w n="184">va</w><w n="185" lemma="tū">tū </w><w n="186">ni</w><w n="187">ṣṭe</w><w n="188"></w><w n="189" lemma="tya">ty a</w><w n="190"></w><w n="191">nu</w><w n="192" lemma="baṃ">ban</w><w n="193">dha</w><w n="194">syā</w><w n="195">pra</w><w n="196">yo</w><w n="197">ga</w><w n="198">sa</w><w n="199">ma</w><w n="200">vā</w><w n="201">yi</w><w n="202">tvā</w><w n="203" lemma="ta">d a</w><w n="204">dhru</w><w n="205">va</w><w n="206">syo</w><w n="207">pa</w><w n="208">la</w><w n="209">kṣa</w><w n="210">ṇa</w><w n="211" lemma="tve">tve </w><w n="212"></w><w n="213">ta</w><w n="214">dra</w><w n="215">hi</w><w n="216">ta</w><w n="217" lemma="sya">sya </w><w n="218">śu</w><w n="219" lemma="dha">ddha</w><w n="220" lemma="sya">sya </w><w n="221">pra</w><w n="222">tya</w><w n="223">ya</w><w n="224"></w><w n="225">rū</w><w n="226">pa</w><w n="227" lemma="sya">sya </w><w n="228">saṃ</w><w n="229">jñā</w><w n="230">pra</w><w n="231">saṃ</w><w n="232" lemma="ga">ga </w><w n="233">i</w><w n="234" lemma="tya">ty a</w><w n="235">tre</w><w n="236" lemma="daṃ">daṃ </w><w n="237">bhā</w><w n="238" lemma="ṣye">ṣye </w><w n="239"></w><w n="240">da</w><w n="241">rśa</w><w n="242" lemma="naṃ">nam </w><w n="243">u</w><w n="244"></w><w n="245" lemma="ktaṃ">ktaṃ </w>
</text></TEI>
<TEI n="V">
<text>
<w n="0">a</w><w n="1" lemma="daḥ">do </w><w n="2">de</w><w n="3"></w><w n="4">va</w><w n="5">da</w><w n="6">ta</w><w n="7" lemma="sya">sya </w><w n="8">gṛ</w><w n="9" lemma="haṃ">haṃ </w><w n="10">ya</w><w n="11">trā</w><w n="12" lemma="sau">sau </w><w n="13">kā</w><w n="14" lemma="kaḥ">kaḥ </w><w n="15">pra</w><w n="16">ti</w><w n="17">va</w><w n="18">sa</w><w n="19">tī</w><w n="20" lemma="tya">ty a</w><w n="21" lemma="tra">tra </w><w n="22">ni</w><w n="23">ya</w><w n="24">ta</w><w n="25">svā</w><w n="26">mi</w><w n="27">ka</w><w n="28">gṛ</w><w n="29">ho</w><w n="30">pa</w><w n="31">la</w><w n="32">kṣa</w><w n="33">ṇā</w><w n="34">yo</w><w n="35">pa</w><w n="36">la</w><w n="37">kṣa</w><w n="38">ṇa</w><w n="39">bhū</w><w n="40">ta</w><w n="41" lemma="sya">sya </w><w n="42">kā</w><w n="43">ka</w><w n="44" lemma="sya">sya </w><w n="45">u</w><w n="46">tpa</w><w n="47">ti</w><w n="48" lemma="te">te </w><w n="49" lemma="pi">pi </w><w n="50">ta</w><w n="51">smi</w><w n="52" lemma="nu">nn u</w><w n="53">pa</w><w n="54">la</w><w n="55">kṣa</w><w n="56">ṇa</w><w n="57">sva</w><w n="58">kṛ</w><w n="59">ta</w><w n="60">tvā</w><w n="61" lemma="ta">d a</w><w n="62">dhru</w><w n="63">va</w><w n="64" lemma="tvaṃ">tvam </w><w n="65">a</w><w n="66">ni</w><w n="67">tya</w><w n="68" lemma="tvaṃ">tvam </w><w n="69">i</w><w n="70" lemma="ti">ti </w><w n="71">ta</w><w n="72">da</w><w n="73">nā</w><w n="74">da</w><w n="75">re</w><w n="76">ṇai</w><w n="77" lemma="va">va </w><w n="78">ta</w><w n="79">du</w><w n="80">pa</w><w n="81">la</w><w n="82">kṣi</w><w n="83" lemma="taṃ">taṃ </w><w n="84">gṛ</w><w n="85"></w><w n="86" lemma="haṃ">ham </w><w n="87">a</w><w n="88">bhi</w><w n="89">dhā</w><w n="90">ya</w><w n="91" lemma="te">te </w><w n="92">gṛ</w><w n="93">ha</w><w n="94">śa</w><w n="95"></w><w n="96">bde</w><w n="97" lemma="na">na </w><w n="98"></w><w n="99" lemma="thā">thā </w><w n="100">ya</w><w n="101" lemma="thā">thā </w><w n="102">ta</w><w n="103" lemma="thā">thā </w><w n="104">pra</w><w n="105">kṛ</w><w n="106">ti</w><w n="107">saṃ</w><w n="108">baṃ</w><w n="109">dhā</w><w n="110" lemma="ta">d a</w><w n="111">sa</w><w n="112">tyo</w><w n="113">pā</w><w n="114">dhya</w><w n="115">pa</w><w n="116">la</w><w n="117">kṣi</w><w n="118" lemma="taṃ">taṃ </w><w n="119">sa</w><w n="120" lemma="tyaṃ">tyam </w><w n="121">u</w><w n="122">pā</w><w n="123">dhi</w><w n="124">rū</w><w n="125">pā</w><w n="126"></w><w n="127">nā</w><w n="128">da</w><w n="129">re</w><w n="130" lemma="ṇa">ṇa </w><w n="131">śa</w><w n="132" lemma="bdaiḥ">bdair </w><w n="133">a</w><w n="134">bhi</w><w n="135">dhā</w><w n="136">ya</w><w n="137"></w><w n="138"></w><w n="139"></w><w n="140"></w><w n="141"></w><w n="142"></w><w n="143"></w><w n="144">mā</w><w n="145">na</w><w n="146">syā</w><w n="147" lemma="pya">py a</w><w n="148">bhi</w><w n="149">dhā</w><w n="150">na</w><w n="151">vi</w><w n="152">ṣa</w><w n="153">ya</w><w n="154">ni</w><w n="155">yā</w><w n="156">ma</w><w n="157">ka</w><w n="158">tvā</w><w n="159" lemma="tu">d u</w><w n="160">pa</w><w n="161">la</w><w n="162">kṣa</w><w n="163">ṇa</w><w n="164" lemma="tve">tve </w><w n="165">sa</w><w n="166" lemma="tyu">ty u</w><w n="167">pā</w><w n="168">dhi</w><w n="169">tva</w><w n="170">niṃ</w><w n="171">da</w><w n="172">rśa</w><w n="173">ne</w><w n="174" lemma="na">na </w><w n="175">sa</w><w n="176">ma</w><w n="177">rthi</w><w n="178" lemma="taṃ">taṃ </w><w n="179">ta</w><w n="180" lemma="thā">thā </w><w n="181" lemma="hi">hi </w><w n="182">kta</w><w n="183">kta</w><w n="184">va</w><w n="185"></w><w n="186" lemma="nni">t_ ni</w><w n="187">se</w><w n="188"></w><w n="189" lemma="tya">ty a</w><w n="190"></w><w n="191">nu</w><w n="192" lemma="baṃ">ban</w><w n="193">dha</w><w n="194">syā</w><w n="195">pra</w><w n="196">yo</w><w n="197">ga</w><w n="198">sa</w><w n="199">ma</w><w n="200">vā</w><w n="201">yi</w><w n="202">tvā</w><w n="203" lemma="ta">d a</w><w n="204">dhru</w><w n="205">va</w><w n="206">syo</w><w n="207">pa</w><w n="208">la</w><w n="209">kṣa</w><w n="210">ṇa</w><w n="211" lemma="tve">tve </w><w n="212"></w><w n="213">ta</w><w n="214">dra</w><w n="215">hi</w><w n="216">ta</w><w n="217" lemma="sya">sya </w><w n="218">śu</w><w n="219" lemma="dha">ddha</w><w n="220" lemma="sya">sya </w><w n="221">pra</w><w n="222">tya</w><w n="223">ya</w><w n="224">ya</w><w n="225">rū</w><w n="226">pa</w><w n="227" lemma="sya">sya&#166; </w><w n="228">saṃ</w><w n="229">jñā</w><w n="230">pra</w><w n="231">saṃ</w><w n="232" lemma="ga">ga </w><w n="233">i</w><w n="234" lemma="tya">ty a</w><w n="235">tre</w><w n="236" lemma="daṃ">daṃ </w><w n="237">bhā</w><w n="238" lemma="ṣye">ṣye </w><w n="239"></w><w n="240">da</w><w n="241">rśa</w><w n="242" lemma="naṃ">nam </w><w n="243">u</w><w n="244"></w><w n="245" lemma="ktaṃ">ktaṃ </w>
</text></TEI>
<TEI n="K">
<text>
<w n="0">a</w><w n="1" lemma="daḥ">do </w><w n="2">de</w><w n="3"></w><w n="4">va</w><w n="5">da</w><w n="6">tta</w><w n="7" lemma="sya">sya </w><w n="8">gṛ</w><w n="9" lemma="haṃ">haṃ </w><w n="10">ya</w><w n="11">trā</w><w n="12" lemma="sau">sau </w><w n="13">kā</w><w n="14" lemma="kaḥ">kaḥ </w><w n="15">pra</w><w n="16">ti</w><w n="17">va</w><w n="18">sa</w><w n="19">tī</w><w n="20" lemma="tya">ty a</w><w n="21" lemma="tra">tra </w><w n="22">ni</w><w n="23">ya</w><w n="24">ta</w><w n="25">svā</w><w n="26">mi</w><w n="27">ka</w><w n="28">gṛ</w><w n="29">ho</w><w n="30">pa</w><w n="31">la</w><w n="32">kṣa</w><w n="33">ṇā</w><w n="34">yo</w><w n="35">pa</w><w n="36">la</w><w n="37">kṣa</w><w n="38">ṇa</w><w n="39">bhū</w><w n="40">ta</w><w n="41" lemma="sya">sya </w><w n="42">kā</w><w n="43">ka</w><w n="44" lemma="sya">sya </w><w n="45">u</w><w n="46">tpa</w><w n="47">ti</w><w n="48" lemma="te">te </w><w n="49" lemma="pi">pi </w><w n="50">ta</w><w n="51">smi</w><w n="52" lemma="nu">nn u</w><w n="53">pa</w><w n="54">la</w><w n="55">kṣa</w><w n="56">ṇa</w><w n="57">sva</w><w n="58">kṛ</w><w n="59">ta</w><w n="60">tvā</w><w n="61" lemma="ta">d a</w><w n="62">dhru</w><w n="63">va</w><w n="64" lemma="tvaṃ">tvam </w><w n="65">a</w><w n="66">ni</w><w n="67">tya</w><w n="68" lemma="tvaṃ">tvam </w><w n="69">i</w><w n="70" lemma="ti">ti </w><w n="71">ta</w><w n="72">da</w><w n="73">nā</w><w n="74">da</w><w n="75">re</w><w n="76">ṇai</w><w n="77" lemma="va">va </w><w n="78">ta</w><w n="79">du</w><w n="80">pa</w><w n="81">la</w><w n="82">kṣi</w><w n="83" lemma="taṃ">taṃ </w><w n="84">gṛ</w><w n="85"></w><w n="86" lemma="haṃ">ham </w><w n="87">a</w><w n="88">bhi</w><w n="89">dhā</w><w n="90">ya</w><w n="91" lemma="te">te </w><w n="92">gṛ</w><w n="93">ha</w><w n="94">śa</w><w n="95"></w><w n="96">bde</w><w n="97" lemma="na">na </w><w n="98"></w><w n="99" lemma="thā">thā </w><w n="100">ya</w><w n="101" lemma="thā">thā </w><w n="102">ta</w><w n="103" lemma="thā">thā </w><w n="104">pra</w><w n="105">kṛ</w><w n="106">ti</w><w n="107">saṃ</w><w n="108">baṃ</w><w n="109">dhā</w><w n="110" lemma="ta">d a</w><w n="111">sa</w><w n="112">tyo</w><w n="113">pā</w><w n="114">dhya</w><w n="115">pa</w><w n="116">la</w><w n="117">kṣi</w><w n="118" lemma="taṃ">taṃ </w><w n="119">sa</w><w n="120" lemma="tyaṃ">tyam </w><w n="121">u</w><w n="122">pā</w><w n="123">dhi</w><w n="124">rū</w><w n="125">pā</w><w n="126"></w><w n="127">nā</w><w n="128">da</w><w n="129">re</w><w n="130" lemma="ṇa">ṇa </w><w n="131">śa</w><w n="132" lemma="bdaiḥ">bdair </w><w n="133">a</w><w n="134">bhi</w><w n="135">dhā</w><w n="136">ya</w><w n="137"></w><w n="138"></w><w n="139"></w><w n="140"></w><w n="141"></w><w n="142"></w><w n="143"></w><w n="144">mā</w><w n="145">na</w><w n="146">syā</w><w n="147" lemma="pya">py a</w><w n="148">bhi</w><w n="149">dhā</w><w n="150">na</w><w n="151">vi</w><w n="152">ṣa</w><w n="153">ya</w><w n="154">ni</w><w n="155">yā</w><w n="156">ma</w><w n="157">ka</w><w n="158">tvā</w><w n="159" lemma="tu">d u</w><w n="160">pa</w><w n="161">la</w><w n="162">kṣa</w><w n="163">ṇa</w><w n="164" lemma="tve">tve </w><w n="165">sa</w><w n="166" lemma="tyu">ty u</w><w n="167">pā</w><w n="168">dhi</w><w n="169">tva</w><w n="170">niṃ</w><w n="171">da</w><w n="172">rśa</w><w n="173">ne</w><w n="174" lemma="na">na </w><w n="175">sa</w><w n="176">ma</w><w n="177">rthi</w><w n="178" lemma="taṃ">taṃ </w><w n="179">ta</w><w n="180" lemma="thā">thā </w><w n="181" lemma="hi">hi </w><w n="182">kta</w><w n="183">kta</w><w n="184">va</w><w n="185"></w><w n="186" lemma="nni">t_ ni</w><w n="187">se</w><w n="188"></w><w n="189" lemma="tya">ty a</w><w n="190"></w><w n="191">nu</w><w n="192" lemma="baṃ">ban</w><w n="193">dha</w><w n="194">syā</w><w n="195">pra</w><w n="196">yo</w><w n="197">ga</w><w n="198">sa</w><w n="199">ma</w><w n="200">vā</w><w n="201">yi</w><w n="202">tvā</w><w n="203" lemma="ta">d a</w><w n="204">dhru</w><w n="205">va</w><w n="206">syo</w><w n="207">pa</w><w n="208">la</w><w n="209">kṣa</w><w n="210">ṇa</w><w n="211" lemma="tve">tve </w><w n="212"></w><w n="213">ta</w><w n="214">dra</w><w n="215">hi</w><w n="216">ta</w><w n="217" lemma="sya">sya </w><w n="218">śu</w><w n="219" lemma="dha">ddha</w><w n="220" lemma="sya">sya </w><w n="221">pra</w><w n="222">tya</w><w n="223">ya</w><w n="224"></w><w n="225">rū</w><w n="226">pa</w><w n="227" lemma="sya">sya </w><w n="228">saṃ</w><w n="229">jñā</w><w n="230">pra</w><w n="231">saṃ</w><w n="232" lemma="ga">ga </w><w n="233">i</w><w n="234" lemma="tya">ty a</w><w n="235">tre</w><w n="236" lemma="daṃ">daṃ </w><w n="237">bhā</w><w n="238" lemma="ṣye">ṣye </w><w n="239"></w><w n="240">da</w><w n="241">rśa</w><w n="242" lemma="naṃ">nam </w><w n="243">u</w><w n="244"></w><w n="245" lemma="ktaṃ">ktaṃ | </w>
</text></TEI>
<TEI n="D">
<text>
<w n="0" lemma="a">|| a</w><w n="1" lemma="daḥ">do </w><w n="2">de</w><w n="3"></w><w n="4">va</w><w n="5">da</w><w n="6">tta</w><w n="7" lemma="sya">sya </w><w n="8">gṛ</w><w n="9" lemma="haṃ">haṃ </w><w n="10">ya</w><w n="11">trā</w><w n="12" lemma="sau">sau </w><w n="13">kā</w><w n="14" lemma="kaḥ">kaḥ </w><w n="15">pra</w><w n="16">ti</w><w n="17">va</w><w n="18">sa</w><w n="19">tī</w><w n="20" lemma="tya">ty a</w><w n="21" lemma="tra">tra </w><w n="22">ni</w><w n="23">ya</w><w n="24">ta</w><w n="25">svā</w><w n="26">mi</w><w n="27">ka</w><w n="28">gṛ</w><w n="29">ho</w><w n="30">pa</w><w n="31">la</w><w n="32">kṣa</w><w n="33">ṇā</w><w n="34">yo</w><w n="35">pa</w><w n="36">la</w><w n="37">kṣa</w><w n="38">ṇa</w><w n="39">bhū</w><w n="40">ta</w><w n="41" lemma="sya">sya </w><w n="42">kā</w><w n="43">ka</w><w n="44" lemma="sya">sya </w><w n="45">u</w><w n="46">tpa</w><w n="47">ti</w><w n="48" lemma="te">te </w><w n="49" lemma="pi">pi </w><w n="50">ta</w><w n="51">smi</w><w n="52" lemma="nu">nn u</w><w n="53">pa</w><w n="54">la</w><w n="55">kṣa</w><w n="56">ṇa</w><w n="57" lemma="sya">sya </w><w n="58">kṛ</w><w n="59">ta</w><w n="60">tvā</w><w n="61" lemma="ta">d a</w><w n="62">dhru</w><w n="63">va</w><w n="64" lemma="tvaṃ">tvam </w><w n="65">a</w><w n="66">ni</w><w n="67">tya</w><w n="68" lemma="tvaṃ">tvam </w><w n="69">i</w><w n="70" lemma="ti">ti </w><w n="71">ta</w><w n="72">da</w><w n="73">nā</w><w n="74">da</w><w n="75">re</w><w n="76">ṇai</w><w n="77" lemma="va">va </w><w n="78">ta</w><w n="79">du</w><w n="80">pa</w><w n="81">la</w><w n="82">kṣi</w><w n="83" lemma="taṃ">taṃ </w><w n="84">gṛ</w><w n="85"></w><w n="86" lemma="haṃ">ham </w><w n="87">a</w><w n="88">bhi</w><w n="89">dhī</w><w n="90">ya</w><w n="91" lemma="te">te </w><w n="92">gṛ</w><w n="93">ha</w><w n="94">śa</w><w n="95"></w><w n="96">bde</w><w n="97" lemma="na">na </w><w n="98">ta</w><w n="99" lemma="thā">thā </w><w n="100">ya</w><w n="101" lemma="thā">thā </w><w n="102">ta</w><w n="103" lemma="thā">thā </w><w n="104">pra</w><w n="105">kṛ</w><w n="106">ti</w><w n="107">saṃ</w><w n="108">baṃ</w><w n="109">dhā</w><w n="110" lemma="ta">d a</w><w n="111">sa</w><w n="112">tyo</w><w n="113">pā</w><w n="114">dhyu</w><w n="115">pa</w><w n="116">la</w><w n="117">kṣi</w><w n="118" lemma="taṃ">taṃ </w><w n="119">sa</w><w n="120" lemma="tyaṃ">tyam </w><w n="121">u</w><w n="122">pā</w><w n="123">dhi</w><w n="124">rū</w><w n="125">pā</w><w n="126"></w><w n="127">nā</w><w n="128">da</w><w n="129">re</w><w n="130" lemma="ṇa">ṇa </w><w n="131">śa</w><w n="132" lemma="bdaiḥ">bdair </w><w n="133">a</w><w n="134">bhi</w><w n="135">dhī</w><w n="136">ya</w><w n="137"></w><w n="138"></w><w n="139"></w><w n="140"></w><w n="141"></w><w n="142"></w><w n="143"></w><w n="144">mā</w><w n="145">na</w><w n="146">syā</w><w n="147" lemma="pya">py a</w><w n="148">bhi</w><w n="149">dhā</w><w n="150">na</w><w n="151">vi</w><w n="152">ṣa</w><w n="153">ya</w><w n="154">ni</w><w n="155">yā</w><w n="156">ma</w><w n="157">ka</w><w n="158">tvā</w><w n="159" lemma="tu">d u</w><w n="160">pa</w><w n="161">la</w><w n="162">kṣa</w><w n="163">ṇa</w><w n="164" lemma="tve">tve </w><w n="165">sa</w><w n="166" lemma="tyu">ty u</w><w n="167">pā</w><w n="168">dhi</w><w n="169">tva</w><w n="170">ni</w><w n="171">da</w><w n="172">rśa</w><w n="173">ne</w><w n="174" lemma="na">na </w><w n="175">sa</w><w n="176">ma</w><w n="177">rthi</w><w n="178" lemma="taṃ">taṃ </w><w n="179">ta</w><w n="180" lemma="thā">thā </w><w n="181" lemma="hi">hi </w><w n="182">kta</w><w n="183">kta</w><w n="184">va</w><w n="185" lemma="tū">tū </w><w n="186">ni</w><w n="187">ṣṭhe</w><w n="188"></w><w n="189" lemma="tya">ty a</w><w n="190"></w><w n="191">nu</w><w n="192" lemma="baṃ">ban</w><w n="193">dha</w><w n="194">syā</w><w n="195">pra</w><w n="196">yo</w><w n="197">ga</w><w n="198">sa</w><w n="199">ma</w><w n="200">vā</w><w n="201">yi</w><w n="202">tvā</w><w n="203" lemma="ta">d a</w><w n="204">dhru</w><w n="205">va</w><w n="206">syo</w><w n="207">pa</w><w n="208">la</w><w n="209">kṣa</w><w n="210">ṇa</w><w n="211" lemma="tve">tve </w><w n="212"></w><w n="213">ta</w><w n="214">dra</w><w n="215">hi</w><w n="216">ta</w><w n="217" lemma="sya">sya </w><w n="218">śu</w><w n="219" lemma="dha">ddha</w><w n="220" lemma="sya">sya </w><w n="221">pra</w><w n="222">tya</w><w n="223">ya</w><w n="224"></w><w n="225">rū</w><w n="226">pa</w><w n="227" lemma="sya">sya </w><w n="228">saṃ</w><w n="229">jñā</w><w n="230">pra</w><w n="231">saṃ</w><w n="232" lemma="ga">ga </w><w n="233">i</w><w n="234" lemma="tya">ty a</w><w n="235">tre</w><w n="236" lemma="daṃ">daṃ </w><w n="237">bhā</w><w n="238" lemma="ṣye">ṣye </w><w n="239"></w><w n="240">da</w><w n="241">rśa</w><w n="242" lemma="naṃ">nam </w><w n="243">u</w><w n="244"></w><w n="245" lemma="ktaṃ">ktaṃ | </w>
</text></TEI>
</teiCorpus>
