<?xml version="1.0" encoding="UTF-8"?>
<teiCorpus xmlns="http://www.tei-c.org/ns/1.0">

<TEI n="GV">
<text>
<w n="0">ta</w><w n="1" lemma="thā">thā </w><w n="2" lemma="ca">ca </w><w n="3" lemma="yaḥ">yo </w><w n="4" lemma="yaṃ">yaṃ </w><w n="5">pra</w><w n="6">kā</w><w n="7" lemma="śaḥ">śaḥ </w><w n="8" lemma="sā">sā </w><w n="9">vi</w><w n="10" lemma="dyā">dyā | </w><w n="11">a</w><w n="12">pra</w><w n="13">kā</w><w n="14" lemma="śaḥ">śas </w><w n="15" lemma="tu">tu </w><w n="16">ta</w><w n="17" lemma="maḥ">mo </w><w n="18">vi</w><w n="19" lemma="dyā">dyā </w><w n="20" lemma="na">na </w><w n="21" lemma="ca">ca </w><w n="22">pra</w><w n="23">kā</w><w n="24">śā</w><w n="25" lemma="bhā">bhā | </w><w n="26"></w><w n="27">pra</w><w n="28">kā</w><w n="29" lemma="śaḥ">śo </w><w n="30">nā</w><w n="31" lemma="ma">ma </w><w n="32">ka</w><w n="33">ści</w><w n="34" lemma="tpra">t pra</w><w n="35">mā</w><w n="36">ṇa</w><w n="37">si</w><w n="38" lemma="dhaḥ">ddho </w><w n="39">ni</w><w n="40">rū</w><w n="41" lemma="pyaḥ">pyaḥ | </w><w n="42">ta</w><w n="43" lemma="taḥ">taś </w><w n="44" lemma="ca">ca </w><w n="45" lemma="yaḥ">yo </w><w n="46" lemma="yaṃ">yaṃ </w><w n="47">bhe</w><w n="48">da</w><w n="49">pra</w><w n="50">kā</w><w n="51" lemma="śaḥ">śaḥ </w><w n="52">sai</w><w n="53"></w><w n="54">vai</w><w n="55">gha</w><w n="56">na</w><w n="57"></w><w n="58">na</w><w n="59">pra</w><w n="60">kā</w><w n="61">śā</w><w n="62"></w><w n="63">bhā</w><w n="64" lemma="vaḥ">vaḥ | </w><w n="65">pra</w><w n="66">kā</w><w n="67">śa</w><w n="68">vi</w><w n="69">che</w><w n="70" lemma="daḥ">do </w><w n="71">vi</w><w n="72" lemma="dyā">dyā </w><w n="73">ta</w><w n="74" lemma="tra">tra </w><w n="75" lemma="ca">ca </w><w n="76">vi</w><w n="77">che</w><w n="78">dā</w><w n="79">nva</w><w n="80" lemma="chiṃ">chin</w><w n="81">nā</w><w n="82">nva</w><w n="83" lemma="yaḥ">yo </w><w n="84">vi</w><w n="85">che</w><w n="86" lemma="daḥ">do </w><w n="87">va</w><w n="88">dhā</w><w n="89">rya</w><w n="90" lemma="ta">ta </w><w n="91">i</w><w n="92" lemma="ti">ti </w><w n="93">vi</w><w n="94">chi</w><w n="95"></w><w n="96">ti</w><w n="97">pra</w><w n="98">kā</w><w n="99" lemma="śaḥ">śaḥ </w><w n="100">sa</w><w n="101" lemma="taḥ">to </w><w n="102">vi</w><w n="103">dyai</w><w n="104" lemma="va">va </w><w n="105"></w><w n="106">che</w><w n="107">da</w><w n="108">mā</w><w n="109">tra</w><w n="110" lemma="tvaṃ">tvaṃ </w><w n="111">pra</w><w n="112">dhā</w><w n="113"></w><w n="114">sva</w><w n="115">bhā</w><w n="116" lemma="vaṃ">vaṃ </w><w n="117"></w><w n="118">ki</w><w n="119">ci</w><w n="120" lemma="ta">d a</w><w n="121">vi</w><w n="122">dye</w><w n="123" lemma="ti">ti </w><w n="124">pa</w><w n="125">ra</w><w n="126">mā</w><w n="127">rtha</w><w n="128">ta</w><w n="129"></w><w n="130"></w><w n="131"></w><w n="132" lemma="tve">tve </w><w n="133"></w><w n="134">kiṃ</w><w n="135">ci</w><w n="136" lemma="dya">dy a</w><w n="137">ta</w><w n="138" lemma="tvaṃ">tvaṃ | </w><w n="139">vya</w><w n="140">va</w><w n="141">ti</w><w n="142">ṣṭa</w><w n="143" lemma="te">te | </w><w n="144">ta</w><w n="145" lemma="tvaṃ">tvam </w><w n="146">e</w><w n="147" lemma="va">va </w><w n="148">ya</w><w n="149">thā</w><w n="150">pra</w><w n="151">ti</w><w n="152">bhā</w><w n="153" lemma="saṃ">saṃ </w><w n="154">bhe</w><w n="155">de</w><w n="156" lemma="na">na </w><w n="157">cā</w><w n="158">va</w><w n="159">kā</w><w n="160">śā</w><w n="161" lemma="ti">d i</w><w n="162" lemma="ti">ti </w><w n="163">vi</w><w n="164">cā</w><w n="165">ri</w><w n="166">ta</w><w n="167">ra</w><w n="168">ma</w><w n="169">ṇī</w><w n="170" lemma="yaṃ">yaṃ | </w><w n="171">pra</w><w n="172">paṃ</w><w n="173" lemma="co">co </w><w n="174">ta</w><w n="175" lemma="tvaṃ">tvam </w><w n="176">i</w><w n="177" lemma="ti">ti | </w><w n="178">vya</w><w n="179">va</w><w n="180">hri</w><w n="181">ya</w><w n="182" lemma="ta">ta </w><w n="183">i</w><w n="184" lemma="ti">ti </w><w n="185">vra</w><w n="186">hma</w><w n="187">vi</w><w n="188" lemma="daḥ">daḥ | </w><w n="189">ta</w><w n="190" lemma="thā">thā </w><w n="191"></w><w n="192"></w><w n="193">cā</w><w n="194"></w><w n="195"></w><w n="196"></w><w n="197"></w><w n="198"></w><w n="199"></w><w n="200"></w><w n="201"></w><w n="202">vi</w><w n="203">cā</w><w n="204">ri</w><w n="205">ta</w><w n="206">ra</w><w n="207">ma</w><w n="208">ṇī</w><w n="209" lemma="yaṃ">yaṃ </w><w n="210">pa</w><w n="211">rī</w><w n="212"></w><w n="213"></w><w n="214">kṣa</w><w n="215" lemma="yā">yā </w><w n="216">vya</w><w n="217">va</w><w n="218">sthi</w><w n="219"></w><w n="220" lemma="taṃ">taṃ </w><w n="221">ta</w><w n="222" lemma="tvaṃ">tvam </w><w n="223">e</w><w n="224">vā</w><w n="225">tyaṃ</w><w n="226">ta</w><w n="227">tī</w><w n="228">rthi</w><w n="229" lemma="kā">kā </w><w n="230"></w><w n="231">bhe</w><w n="232">da</w><w n="233">da</w><w n="234">rśa</w><w n="235">na</w><w n="236">vya</w><w n="237">va</w><w n="238">sthi</w><w n="239" lemma="tā">tā </w><w n="240">bhe</w><w n="241">dā</w><w n="242">tma</w><w n="243" lemma="kaṃ">kaṃ </w><w n="244"></w><w n="245">ta</w><w n="246" lemma="tvaṃ">tvaṃ </w><w n="247">ma</w><w n="248">nyaṃ</w><w n="249" lemma="ta">ta </w><w n="250">i</w><w n="251" lemma="ti">ti </w><w n="252">vi</w><w n="253">cā</w><w n="254">re</w><w n="255">ṇā</w><w n="256"></w><w n="257"></w><w n="258">vi</w><w n="259">dyā</w><w n="260">vi</w><w n="261">la</w><w n="262" lemma="ye">ye </w><w n="263">vra</w><w n="264">hmai</w><w n="265">ka</w><w n="266">ni</w><w n="267">ṣṭa</w><w n="268">ta</w><w n="269" lemma="yā">yā </w><w n="270">da</w><w n="271">rśa</w><w n="272">nā</w><w n="273" lemma="nāṃ">nāṃ | </w><w n="274">ta</w><w n="275" lemma="tu">d u</w><w n="276" lemma="ktaṃ">ktaṃ | </w><w n="277">sa</w><w n="278" lemma="tyā">tyā </w><w n="279">vi</w><w n="280">śu</w><w n="281" lemma="dhiḥ">ddhis </w><w n="282">ta</w><w n="283">tro</w><w n="284" lemma="kta">kta </w><w n="285">vi</w><w n="286">dyai</w><w n="287">ve</w><w n="288">tyā</w><w n="289" lemma="di">di | </w>
</text></TEI>
<TEI n="CT">
<text>
<w n="0">ta</w><w n="1" lemma="tra">tra </w><w n="2" lemma="ca">ca </w><w n="3" lemma="yaḥ">yo '</w><w n="4" lemma="yaṃ">yaṃ </w><w n="5">pra</w><w n="6">kā</w><w n="7" lemma="śaḥ">śaḥ </w><w n="8" lemma="sā">sā </w><w n="9">vi</w><w n="10" lemma="dyā">dyā </w><w n="11">a</w><w n="12">pra</w><w n="13">kā</w><w n="14" lemma="śaḥ">śas </w><w n="15" lemma="tu">tu </w><w n="16">ta</w><w n="17" lemma="maḥ">mo '</w><w n="18">vi</w><w n="19" lemma="dyā">dyā </w><w n="20" lemma="na">na </w><w n="21" lemma="ca">ca </w><w n="22">pra</w><w n="23">kā</w><w n="24">śā</w><w n="25">bhā</w><w n="26" lemma="vo">vo </w><w n="27">pra</w><w n="28">kā</w><w n="29" lemma="śaḥ">śo </w><w n="30">nā</w><w n="31" lemma="ma">ma </w><w n="32">ka</w><w n="33">ści</w><w n="34" lemma="tpra">t_ pra</w><w n="35">mā</w><w n="36">ṇa</w><w n="37">si</w><w n="38" lemma="dhaḥ">ddho </w><w n="39">ni</w><w n="40">rū</w><w n="41" lemma="pyaḥ">pyaḥ </w><w n="42">ta</w><w n="43" lemma="taḥ">taś </w><w n="44" lemma="ca">ca </w><w n="45" lemma="yaḥ">yo '-</w><w n="46" lemma="yaṃ">yaṃ </w><w n="47">bhe</w><w n="48">da</w><w n="49">pra</w><w n="50">kā</w><w n="51" lemma="śaḥ">śaḥ </w><w n="52">sai</w><w n="53"></w><w n="54">vai</w><w n="55">ka</w><w n="56">gha</w><w n="57"></w><w n="58">na</w><w n="59">pra</w><w n="60">kā</w><w n="61">śā</w><w n="62"></w><w n="63">bhā</w><w n="64" lemma="vaḥ">vaḥ </w><w n="65">pra</w><w n="66" lemma="kā">kā-</w><w n="67">śa</w><w n="68">vi</w><w n="69" lemma="che">cche</w><w n="70" lemma="daḥ">do </w><w n="71">vi</w><w n="72" lemma="dyā">dyā </w><w n="73">ta</w><w n="74" lemma="tra">tra </w><w n="75" lemma="ca">ca </w><w n="76">vi</w><w n="77"></w><w n="78"></w><w n="79"></w><w n="80" lemma="chiṃ">cchin</w><w n="81">nā</w><w n="82">nva</w><w n="83" lemma="yaḥ">yo </w><w n="84" lemma="vi">vi-</w><w n="85" lemma="che">cche</w><w n="86" lemma="daḥ">do '</w><w n="87">va</w><w n="88">dhā</w><w n="89">rya</w><w n="90" lemma="te">te </w><w n="91">i</w><w n="92" lemma="ti">ti </w><w n="93">vi</w><w n="94" lemma="chiṃ">cchin</w><w n="95"></w><w n="96">na</w><w n="97">pra</w><w n="98">kā</w><w n="99" lemma="śaḥ">śaḥ </w><w n="100">sa</w><w n="101" lemma="tyaḥ">tyo </w><w n="102">vi</w><w n="103">dyai</w><w n="104" lemma="va">va </w><w n="105">vi</w><w n="106" lemma="che">cche</w><w n="107">da</w><w n="108">mā</w><w n="109" lemma="traṃ">traṃ </w><w n="110" lemma="tva">tv a</w><w n="111">pra</w><w n="112">tha</w><w n="113">na</w><w n="114">sva</w><w n="115">bhā</w><w n="116" lemma="va">va </w><w n="117" lemma="na">na </w><w n="118" lemma="kiṃ">kiṃ-</w><w n="119">ci</w><w n="120" lemma="ta">d a</w><w n="121">vi</w><w n="122">dye</w><w n="123" lemma="ti">ti </w><w n="124">pa</w><w n="125">ra</w><w n="126">mā</w><w n="127">rtha</w><w n="128"></w><w n="129"></w><w n="130">vi</w><w n="131">cā</w><w n="132" lemma="re">re </w><w n="133" lemma="na">na </w><w n="134">kiṃ</w><w n="135">ci</w><w n="136" lemma="ta">d a</w><w n="137">ta</w><w n="138" lemma="tvaṃ">tvaṃ </w><w n="139" lemma="vya">vya-</w><w n="140">va</w><w n="141">ti</w><w n="142">ṣṭha</w><w n="143" lemma="te">te | </w><w n="144">ta</w><w n="145" lemma="tvaṃ">tvam </w><w n="146">e</w><w n="147" lemma="va">va </w><w n="148">ya</w><w n="149">thā</w><w n="150">pra</w><w n="151">ti</w><w n="152">bhā</w><w n="153" lemma="saṃ">saṃ </w><w n="154">bhe</w><w n="155">de</w><w n="156" lemma="na">na </w><w n="157" lemma="ca">ca </w><w n="158">sa</w><w n="159">kā</w><w n="160">sa</w><w n="161" lemma="ta">d a</w><w n="162"></w><w n="163">vi</w><w n="164">cā</w><w n="165">ri</w><w n="166">ta</w><w n="167">ra</w><w n="168">ma</w><w n="169">ṇī</w><w n="170" lemma="yaṃ">yaṃ </w><w n="171">pra</w><w n="172" lemma="paṃ">pañ</w><w n="173" lemma="co">co </w><w n="174">ta</w><w n="175" lemma="tvaṃ">tvam </w><w n="176" lemma="i">i-</w><w n="177" lemma="ti">ti </w><w n="178">vya</w><w n="179">va</w><w n="180">hri</w><w n="181">ya</w><w n="182" lemma="ta">ta </w><w n="183">i</w><w n="184" lemma="ti">ti </w><w n="185">bra</w><w n="186">hma</w><w n="187">vi</w><w n="188" lemma="daḥ">daḥ </w><w n="189">ta</w><w n="190" lemma="thā">thā </w><w n="191"></w><w n="192"></w><w n="193">cā</w><w n="194"></w><w n="195"></w><w n="196"></w><w n="197"></w><w n="198"></w><w n="199"></w><w n="200"></w><w n="201"></w><w n="202">vi</w><w n="203" lemma="cā">cā-</w><w n="204">ri</w><w n="205">ta</w><w n="206">ra</w><w n="207">ma</w><w n="208">ṇī</w><w n="209" lemma="yaṃ">yaṃ </w><w n="210">pa</w><w n="211">rī</w><w n="212"></w><w n="213"></w><w n="214">kṣa</w><w n="215" lemma="yā">yā </w><w n="216">vya</w><w n="217">va</w><w n="218">sthā</w><w n="219">pi</w><w n="220" lemma="taṃ">taṃ </w><w n="221">ta</w><w n="222" lemma="tvaṃ">ttva-m </w><w n="223">e</w><w n="224">vā</w><w n="225" lemma="bhiṃ">bhin</w><w n="226" lemma="naṃ">naṃ </w><w n="227">tī</w><w n="228">rthi</w><w n="229" lemma="kā">kā </w><w n="230"></w><w n="231">bhe</w><w n="232">da</w><w n="233">da</w><w n="234">rśa</w><w n="235">na</w><w n="236">vya</w><w n="237">va</w><w n="238">sthi</w><w n="239" lemma="tā">tā </w><w n="240">bhe</w><w n="241">dā</w><w n="242">tma</w><w n="243" lemma="kaṃ">kam </w><w n="244">a</w><w n="245">ta</w><w n="246" lemma="tvaṃ">tvaṃ </w><w n="247">ma</w><w n="248" lemma="nyaṃ">nyan</w><w n="249" lemma="ta">ta </w><w n="250">i</w><w n="251" lemma="ti">ti </w><w n="252">vi</w><w n="253">cā</w><w n="254">re</w><w n="255">ṇā</w><w n="256"></w><w n="257"></w><w n="258">vi</w><w n="259">dyā</w><w n="260">vi</w><w n="261" lemma="la">la-</w><w n="262" lemma="ye">ye </w><w n="263">bra</w><w n="264">hmai</w><w n="265">ka</w><w n="266">ni</w><w n="267">ṣṭha</w><w n="268" lemma="tā">tā </w><w n="269"></w><w n="270">da</w><w n="271">rśa</w><w n="272">nā</w><w n="273" lemma="nāṃ">nāṃ </w><w n="274">ta</w><w n="275" lemma="tu">d u</w><w n="276" lemma="ktaṃ">ktam | </w><w n="277">sa</w><w n="278" lemma="tyā">tyā </w><w n="279" lemma="vi">vi-</w><w n="280">śa</w><w n="281" lemma="dhiḥ">ddhis </w><w n="282">ta</w><w n="283">tro</w><w n="284" lemma="ktā">ktā </w><w n="285">vi</w><w n="286">dyai</w><w n="287">ve</w><w n="288">tyā</w><w n="289" lemma="di">di </w>
</text></TEI>
<TEI n="T">
<text>
<w n="0">ta</w><w n="1" lemma="tra">tra </w><w n="2" lemma="ca">ca </w><w n="3" lemma="yaḥ">yo </w><w n="4" lemma="yaṃ">yaṃ </w><w n="5">pra</w><w n="6">kā</w><w n="7" lemma="śaḥ">śas </w><w n="8" lemma="sā">sā </w><w n="9">vi</w><w n="10" lemma="dyā">dyā </w><w n="11">a</w><w n="12">pra</w><w n="13">kā</w><w n="14" lemma="śaḥ">śas </w><w n="15" lemma="tu">tu </w><w n="16">ta</w><w n="17" lemma="maḥ">mo </w><w n="18">vi</w><w n="19" lemma="dyā">dyā </w><w n="20" lemma="na">na </w><w n="21" lemma="ca">ca </w><w n="22">pra</w><w n="23">kā</w><w n="24">śā</w><w n="25">bhā</w><w n="26" lemma="vo">vo </w><w n="27">pra</w><w n="28">kā</w><w n="29" lemma="śaḥ">śo </w><w n="30">nā</w><w n="31" lemma="ma">ma </w><w n="32">ka</w><w n="33">ści</w><w n="34" lemma="tpra">t_ pra</w><w n="35">mā</w><w n="36">ṇa</w><w n="37">si</w><w n="38" lemma="dhaḥ">ddho </w><w n="39">ni</w><w n="40">rū</w><w n="41" lemma="pyaḥ">pyaḥ </w><w n="42">ta</w><w n="43" lemma="taḥ">taś </w><w n="44" lemma="ca">ca </w><w n="45" lemma="yaḥ">yo </w><w n="46" lemma="yaṃ">yaṃ </w><w n="47">bhe</w><w n="48">da</w><w n="49">pra</w><w n="50">kā</w><w n="51" lemma="śaḥ">śas </w><w n="52">sai</w><w n="53"></w><w n="54">vai</w><w n="55">ka</w><w n="56">gha</w><w n="57"></w><w n="58">na</w><w n="59">pra</w><w n="60">kā</w><w n="61">śā</w><w n="62"></w><w n="63">bhā</w><w n="64" lemma="vaḥ">vaḥ </w><w n="65">pra</w><w n="66">kā</w><w n="67">śa</w><w n="68">vi</w><w n="69" lemma="che">cśe</w><w n="70" lemma="daḥ">do </w><w n="71">vi</w><w n="72" lemma="dyā">dyā </w><w n="73">ta</w><w n="74" lemma="tra">tra </w><w n="75" lemma="ca">ca </w><w n="76">vi</w><w n="77"></w><w n="78"></w><w n="79"></w><w n="80" lemma="chiṃ">cśin</w><w n="81">nā</w><w n="82">nva</w><w n="83" lemma="yaḥ">yo </w><w n="84">vi</w><w n="85" lemma="che">cśe</w><w n="86" lemma="de">de </w><w n="87">va</w><w n="88">dhā</w><w n="89" lemma="rya">ryya</w><w n="90" lemma="ta">ta </w><w n="91">i</w><w n="92" lemma="ti">ti </w><w n="93">vi</w><w n="94" lemma="chiṃ">cśin</w><w n="95"></w><w n="96">na</w><w n="97">pra</w><w n="98">kā</w><w n="99" lemma="śaḥ">śas </w><w n="100">sa</w><w n="101" lemma="tyaḥ">tyo </w><w n="102">vi</w><w n="103">dyai</w><w n="104" lemma="va">va </w><w n="105">vi</w><w n="106" lemma="che">cśe</w><w n="107">da</w><w n="108">mā</w><w n="109">tra</w><w n="110" lemma="ntva">n tv a</w><w n="111">pra</w><w n="112">tha</w><w n="113">na</w><w n="114">sva</w><w n="115">bhā</w><w n="116">va</w><w n="117" lemma="nna">n na </w><w n="118" lemma="kiṃ">kiñ</w><w n="119">ci</w><w n="120" lemma="ta">d a</w><w n="121">vi</w><w n="122">dye</w><w n="123" lemma="ti">ti </w><w n="124">pa</w><w n="125">ra</w><w n="126">mā</w><w n="127" lemma="rtha">rttha</w><w n="128"></w><w n="129"></w><w n="130">vi</w><w n="131">cā</w><w n="132" lemma="re">re </w><w n="133" lemma="na">na </w><w n="134" lemma="kiṃ">kiñ</w><w n="135">ci</w><w n="136" lemma="ta">d a</w><w n="137">ta</w><w n="138" lemma="tvaṃ">tvaṃ </w><w n="139">vya</w><w n="140">va</w><w n="141">ti</w><w n="142">ṣṭha</w><w n="143" lemma="te">te </w><w n="144">ta</w><w n="145" lemma="tvaṃ">tvam </w><w n="146">e</w><w n="147" lemma="va">va </w><w n="148">ya</w><w n="149">thā</w><w n="150">pra</w><w n="151">ti</w><w n="152">bhā</w><w n="153" lemma="saṃ">saṃ </w><w n="154">bhe</w><w n="155">de</w><w n="156" lemma="na">na </w><w n="157">ca</w><w n="158"></w><w n="159">kā</w><w n="160">sa</w><w n="161" lemma="ta">d a</w><w n="162"></w><w n="163">vi</w><w n="164">cā</w><w n="165">ri</w><w n="166">ta</w><w n="167">ra</w><w n="168">ma</w><w n="169">ṇī</w><w n="170" lemma="yaṃ">yaṃ </w><w n="171">pra</w><w n="172" lemma="paṃ">pañ</w><w n="173" lemma="co">co </w><w n="174">ta</w><w n="175" lemma="tvaṃ">tvam </w><w n="176">i</w><w n="177" lemma="ti">ti </w><w n="178">vya</w><w n="179">va</w><w n="180">hri</w><w n="181">ya</w><w n="182" lemma="ta">ta </w><w n="183">i</w><w n="184" lemma="ti">ti </w><w n="185">bra</w><w n="186">hma</w><w n="187">vi</w><w n="188" lemma="daḥ">daḥ </w><w n="189">ta</w><w n="190" lemma="thā">thā </w><w n="191"></w><w n="192"></w><w n="193">cā</w><w n="194"></w><w n="195"></w><w n="196"></w><w n="197"></w><w n="198"></w><w n="199"></w><w n="200"></w><w n="201"></w><w n="202">vi</w><w n="203">cā</w><w n="204">ri</w><w n="205">ta</w><w n="206">ra</w><w n="207">ma</w><w n="208">ṇī</w><w n="209" lemma="yaṃ">yaṃ </w><w n="210">pa</w><w n="211">rī</w><w n="212"></w><w n="213"></w><w n="214">kṣa</w><w n="215" lemma="yā">yā </w><w n="216">vya</w><w n="217">va</w><w n="218">sthā</w><w n="219">pi</w><w n="220">ta</w><w n="221" lemma="nta">n ta</w><w n="222" lemma="tvaṃ">tvam </w><w n="223">e</w><w n="224">vā</w><w n="225" lemma="bhiṃ">bhin</w><w n="226">na</w><w n="227" lemma="ntī">n tī</w><w n="228" lemma="rthi">rtthi</w><w n="229" lemma="kā">kā </w><w n="230"></w><w n="231">bhe</w><w n="232">da</w><w n="233">da</w><w n="234">rśa</w><w n="235">na</w><w n="236">vya</w><w n="237">va</w><w n="238">sthi</w><w n="239" lemma="tā">tā </w><w n="240">bhe</w><w n="241">dā</w><w n="242">tma</w><w n="243" lemma="kaṃ">kam </w><w n="244">a</w><w n="245">ta</w><w n="246" lemma="tvaṃ">tvam </w><w n="247">ma</w><w n="248" lemma="nyaṃ">nyan</w><w n="249" lemma="ta">ta </w><w n="250">i</w><w n="251" lemma="ti">ti </w><w n="252">vi</w><w n="253">cā</w><w n="254">re</w><w n="255">ṇā</w><w n="256"></w><w n="257"></w><w n="258">vi</w><w n="259">dyā</w><w n="260">vi</w><w n="261">la</w><w n="262" lemma="ye">ye </w><w n="263">bra</w><w n="264">hmai</w><w n="265">ka</w><w n="266">ni</w><w n="267">ṣṭha</w><w n="268" lemma="tā">tā </w><w n="269"></w><w n="270">da</w><w n="271">rśa</w><w n="272">nā</w><w n="273" lemma="nāṃ">nāṃ </w><w n="274">ta</w><w n="275" lemma="tu">d u</w><w n="276" lemma="ktaṃ">ktaṃ </w><w n="277">sa</w><w n="278" lemma="tyā">tyā </w><w n="279">vi</w><w n="280">śu</w><w n="281" lemma="dhiḥ">ddhis </w><w n="282">ta</w><w n="283">tro</w><w n="284" lemma="ktā">ktā </w><w n="285">vi</w><w n="286">dyai</w><w n="287">ve</w><w n="288">tyā</w><w n="289" lemma="di">di </w>
</text></TEI>
<TEI n="H">
<text>
<w n="0">ta</w><w n="1" lemma="tra">tra </w><w n="2" lemma="ca">ca </w><w n="3" lemma="yaḥ">yo </w><w n="4" lemma="yaṃ">yaṃ </w><w n="5">pra</w><w n="6">kā</w><w n="7" lemma="śaḥ">śaḥ </w><w n="8" lemma="sā">sā </w><w n="9">vi</w><w n="10" lemma="dyā">dyā '</w><w n="11"></w><w n="12">pra</w><w n="13">kā</w><w n="14" lemma="śaḥ">śas </w><w n="15" lemma="tu">tu </w><w n="16">ta</w><w n="17" lemma="maḥ">mo </w><w n="18">vi</w><w n="19" lemma="dyā">dyā | </w><w n="20" lemma="na">na </w><w n="21" lemma="ca">ca </w><w n="22">pra</w><w n="23">kā</w><w n="24">śā</w><w n="25">bhā</w><w n="26" lemma="vo">vo </w><w n="27">pra</w><w n="28">kā</w><w n="29" lemma="śaḥ">śo </w><w n="30">nā</w><w n="31" lemma="ma">ma </w><w n="32">ka</w><w n="33">ści</w><w n="34" lemma="tpra">t pra</w><w n="35">mā</w><w n="36">ṇa</w><w n="37">si</w><w n="38" lemma="dhaḥ">ddho </w><w n="39">ni</w><w n="40">rū</w><w n="41" lemma="paḥ">pas </w><w n="42">ta</w><w n="43" lemma="taḥ">taś </w><w n="44" lemma="ca">ca </w><w n="45" lemma="yoḥ">yor </w><w n="46" lemma="ya">ya </w><w n="47">bhe</w><w n="48">da</w><w n="49">pra</w><w n="50">kā</w><w n="51" lemma="śaḥ">śaḥ </w><w n="52">se</w><w n="53"></w><w n="54">vai</w><w n="55">ka</w><w n="56">gha</w><w n="57">ṭa</w><w n="58">na</w><w n="59">pra</w><w n="60">kā</w><w n="61">śā</w><w n="62"></w><w n="63">bhā</w><w n="64" lemma="vaḥ">vaḥ </w><w n="65">pra</w><w n="66">kā</w><w n="67">śa</w><w n="68">vi</w><w n="69">che</w><w n="70" lemma="daḥ">do '</w><w n="71">vi</w><w n="72" lemma="dyā">dyā </w><w n="73">ta</w><w n="74" lemma="tra">tra </w><w n="75" lemma="ca">ca </w><w n="76">vi</w><w n="77"></w><w n="78"></w><w n="79"></w><w n="80" lemma="chiṃ">chin</w><w n="81">nā</w><w n="82">nva</w><w n="83" lemma="yaḥ">yo </w><w n="84">vi</w><w n="85">che</w><w n="86" lemma="daḥ">do </w><w n="87">va</w><w n="88">dhā</w><w n="89">rya</w><w n="90" lemma="ta">ta </w><w n="91">i</w><w n="92" lemma="ti">ti </w><w n="93">vi</w><w n="94" lemma="chiṃ">chin</w><w n="95"></w><w n="96">na</w><w n="97">pra</w><w n="98">kā</w><w n="99" lemma="śaḥ">śas </w><w n="100">ta</w><w n="101">nā</w><w n="102">vi</w><w n="103">dyai</w><w n="104" lemma="va">va </w><w n="105">vi</w><w n="106">che</w><w n="107">da</w><w n="108">mā</w><w n="109" lemma="tra">tra </w><w n="110" lemma="tva">tv a</w><w n="111">pra</w><w n="112">dhā</w><w n="113"></w><w n="114">sva</w><w n="115">bhā</w><w n="116" lemma="vaṃ">vaṃ </w><w n="117" lemma="na">na </w><w n="118">kiṃ</w><w n="119">ci</w><w n="120" lemma="ta">d a</w><w n="121">vi</w><w n="122">dye</w><w n="123" lemma="ti">ti </w><w n="124">pa</w><w n="125">ra</w><w n="126">mā</w><w n="127">rtha</w><w n="128">ta</w><w n="129" lemma="tve">tve </w><w n="130">vi</w><w n="131">cā</w><w n="132" lemma="re">re </w><w n="133" lemma="na">na </w><w n="134">ki</w><w n="135">ci</w><w n="136" lemma="ta">d a</w><w n="137">ta</w><w n="138" lemma="tvaṃ">ttvaṃ </w><w n="139">vya</w><w n="140">va</w><w n="141">ti</w><w n="142">ṣṭa</w><w n="143" lemma="te">te | </w><w n="144">ta</w><w n="145" lemma="tvaṃ">ttvam </w><w n="146">e</w><w n="147" lemma="va">va </w><w n="148">ya</w><w n="149">thā</w><w n="150">pra</w><w n="151">ti</w><w n="152">bhā</w><w n="153" lemma="saṃ">saṃ </w><w n="154">bhe</w><w n="155">de</w><w n="156" lemma="na">na </w><w n="157">ca</w><w n="158"></w><w n="159">kā</w><w n="160">sa</w><w n="161" lemma="ta">d a</w><w n="162"></w><w n="163">vi</w><w n="164">cā</w><w n="165">ri</w><w n="166">ta</w><w n="167">ra</w><w n="168">ma</w><w n="169">ṇī</w><w n="170" lemma="yaṃ">yaṃ </w><w n="171">pra</w><w n="172">paṃ</w><w n="173" lemma="co">co </w><w n="174">ta</w><w n="175" lemma="tvaṃ">ttvam </w><w n="176">i</w><w n="177" lemma="ti">ti </w><w n="178">vya</w><w n="179">va</w><w n="180">dbhi</w><w n="181">ya</w><w n="182" lemma="ta">ta </w><w n="183">i</w><w n="184" lemma="ti">ti </w><w n="185">bra</w><w n="186">hma</w><w n="187">vi</w><w n="188" lemma="daḥ">daḥ | </w><w n="189">ta</w><w n="190" lemma="thā">thā </w><w n="191"></w><w n="192"></w><w n="193">cā</w><w n="194"></w><w n="195"></w><w n="196"></w><w n="197"></w><w n="198"></w><w n="199"></w><w n="200"></w><w n="201"></w><w n="202">vi</w><w n="203">cā</w><w n="204">ri</w><w n="205">ta</w><w n="206">ra</w><w n="207">ma</w><w n="208">ṇī</w><w n="209" lemma="yaṃ">yaṃ </w><w n="210">pa</w><w n="211">rī</w><w n="212"></w><w n="213"></w><w n="214">kṣa</w><w n="215" lemma="yā">yā </w><w n="216">vya</w><w n="217">va</w><w n="218">sthā</w><w n="219">pi</w><w n="220" lemma="taṃ">taṃ </w><w n="221">ta</w><w n="222" lemma="tvaṃ">ttvam </w><w n="223">e</w><w n="224">vā</w><w n="225" lemma="bhiṃ">bhin</w><w n="226">na</w><w n="227">tī</w><w n="228">yi</w><w n="229">kā</w><w n="230" lemma="ra">ra </w><w n="231">bhe</w><w n="232">da</w><w n="233">da</w><w n="234">rśa</w><w n="235">na</w><w n="236">vya</w><w n="237">va</w><w n="238">sthi</w><w n="239" lemma="tā">tā </w><w n="240">ne</w><w n="241">dā</w><w n="242">tma</w><w n="243" lemma="kaṃ">kam </w><w n="244">a</w><w n="245">ta</w><w n="246" lemma="tvaṃ">ttvaṃ </w><w n="247">ma</w><w n="248" lemma="nyaṃ">nyan</w><w n="249" lemma="ta">ta </w><w n="250">i</w><w n="251" lemma="ti">ti </w><w n="252">vi</w><w n="253">cā</w><w n="254">re</w><w n="255">ṇā</w><w n="256"></w><w n="257"></w><w n="258">vi</w><w n="259">dyā</w><w n="260">vi</w><w n="261">la</w><w n="262" lemma="ye">ye </w><w n="263">bra</w><w n="264">hmai</w><w n="265">ka</w><w n="266">ni</w><w n="267">ṣṭa</w><w n="268">ta</w><w n="269" lemma="yā">yā </w><w n="270">da</w><w n="271">rśa</w><w n="272">nā</w><w n="273" lemma="nāṃ">nāṃ | </w><w n="274">ta</w><w n="275" lemma="tu">d u</w><w n="276" lemma="ktaṃ">ktaṃ </w><w n="277">sa</w><w n="278" lemma="tyā">tyā </w><w n="279">vi</w><w n="280">śu</w><w n="281" lemma="dhiḥ">ddhis </w><w n="282">ta</w><w n="283">tro</w><w n="284" lemma="ktā">ktā </w><w n="285">vi</w><w n="286">dyai</w><w n="287">ve</w><w n="288">tyā</w><w n="289" lemma="di">di | </w>
</text></TEI>
<TEI n="P">
<text>
<w n="0">ta</w><w n="1" lemma="thā">thā </w><w n="2" lemma="ca">ca </w><w n="3" lemma="yaḥ">yo </w><w n="4" lemma="yaṃ">yaṃ </w><w n="5">pra</w><w n="6">kā</w><w n="7" lemma="śaḥ">śaḥ </w><w n="8" lemma="sā">sā </w><w n="9">vi</w><w n="10" lemma="dyā">dyā </w><w n="11">a</w><w n="12">pra</w><w n="13">kā</w><w n="14" lemma="śaḥ">śas </w><w n="15" lemma="tu">tu </w><w n="16">ta</w><w n="17" lemma="maḥ">mo </w><w n="18">vi</w><w n="19" lemma="dyā">dyā </w><w n="20" lemma="na">na </w><w n="21" lemma="ca">ca </w><w n="22">pra</w><w n="23">kā</w><w n="24">śā</w><w n="25" lemma="bhyā">bhyā </w><w n="26"></w><w n="27">pra</w><w n="28">kā</w><w n="29" lemma="śaḥ">śo </w><w n="30">nā</w><w n="31" lemma="ma">ma </w><w n="32">ka</w><w n="33">ści</w><w n="34" lemma="tpra">t pra</w><w n="35">mā</w><w n="36">ṇa</w><w n="37">si</w><w n="38" lemma="dhaḥ">ddho </w><w n="39">ni</w><w n="40">rū</w><w n="41" lemma="pyaḥ">pyaḥ </w><w n="42">ta</w><w n="43" lemma="taḥ">ta&#166;ś </w><w n="44" lemma="ca">ca </w><w n="45" lemma="yaḥ">yo </w><w n="46" lemma="yaṃ">yaṃ </w><w n="47">bhe</w><w n="48">da</w><w n="49">pra</w><w n="50">kā</w><w n="51" lemma="śaḥ">śaḥ </w><w n="52">sai</w><w n="53"></w><w n="54">vai</w><w n="55">ya</w><w n="56"></w><w n="57"></w><w n="58">na</w><w n="59">pra</w><w n="60">kā</w><w n="61">śa</w><w n="62">ka</w><w n="63">bhā</w><w n="64" lemma="vaḥ">vaḥ </w><w n="65">pra</w><w n="66">kā</w><w n="67">śa</w><w n="68">vi</w><w n="69">che</w><w n="70" lemma="daḥ">do </w><w n="71">vi</w><w n="72" lemma="dyā">dyā </w><w n="73">ta</w><w n="74" lemma="tra">tra </w><w n="75" lemma="ca">ca </w><w n="76">vi</w><w n="77">che</w><w n="78">dā</w><w n="79">nva</w><w n="80" lemma="chiṃ">chin</w><w n="81">nā</w><w n="82">nva</w><w n="83" lemma="yaḥ">yo </w><w n="84">vi</w><w n="85">che</w><w n="86" lemma="daḥ">do </w><w n="87">va</w><w n="88">dhā</w><w n="89">rya</w><w n="90" lemma="ta">ta </w><w n="91">i</w><w n="92" lemma="ti">ti </w><w n="93">vi</w><w n="94">chi</w><w n="95"></w><w n="96">ti</w><w n="97">pra</w><w n="98">kā</w><w n="99" lemma="śaḥ">śaḥ </w><w n="100">sa</w><w n="101" lemma="taḥ">to </w><w n="102">vi</w><w n="103">dyai</w><w n="104" lemma="va">va </w><w n="105"></w><w n="106">che</w><w n="107">da</w><w n="108">mā</w><w n="109">tra</w><w n="110" lemma="tvaṃ">tvaṃ </w><w n="111">pra</w><w n="112">dhā</w><w n="113"></w><w n="114">sva</w><w n="115">bhā</w><w n="116" lemma="vaṃ">vaṃ </w><w n="117"></w><w n="118">kiṃ</w><w n="119">ci</w><w n="120" lemma="ta">d a</w><w n="121">vi</w><w n="122">dye</w><w n="123" lemma="ti">ti </w><w n="124">pa</w><w n="125">ra</w><w n="126">mā</w><w n="127">rtha</w><w n="128">ta</w><w n="129"></w><w n="130"></w><w n="131"></w><w n="132" lemma="tve">tve </w><w n="133"></w><w n="134">kiṃ</w><w n="135">ci</w><w n="136" lemma="tya">d ya</w><w n="137" lemma="tta">t ta</w><w n="138" lemma="tvaṃ">tvaṃ </w><w n="139">vya</w><w n="140">va</w><w n="141">ti</w><w n="142">ṣṭha</w><w n="143" lemma="te">te </w><w n="144">ta</w><w n="145" lemma="tvaṃ">tvam </w><w n="146">e</w><w n="147" lemma="va">va </w><w n="148">ya</w><w n="149">thā</w><w n="150">pra</w><w n="151">ti</w><w n="152">bhā</w><w n="153" lemma="saṃ">saṃ </w><w n="154">bhe</w><w n="155">de</w><w n="156" lemma="na">na </w><w n="157">cā</w><w n="158">va</w><w n="159">kā</w><w n="160">śā</w><w n="161" lemma="ti">d i</w><w n="162" lemma="ti">ti </w><w n="163">vi</w><w n="164">cā</w><w n="165">ri</w><w n="166">ta</w><w n="167">ra</w><w n="168">ma</w><w n="169">ṇī</w><w n="170" lemma="yaṃ">yaṃ </w><w n="171">pra</w><w n="172">paṃ</w><w n="173" lemma="co">co </w><w n="174">ta</w><w n="175" lemma="tvaṃ">tvam </w><w n="176">i</w><w n="177" lemma="ti">ti </w><w n="178">vya</w><w n="179">va</w><w n="180">hri</w><w n="181">ya</w><w n="182" lemma="ta">ta </w><w n="183">i</w><w n="184" lemma="ti">ti </w><w n="185">bra</w><w n="186">hma</w><w n="187">vi</w><w n="188" lemma="daḥ">daḥ </w><w n="189">ta</w><w n="190" lemma="thā">thā </w><w n="191"></w><w n="192"></w><w n="193">cā</w><w n="194"></w><w n="195"></w><w n="196"></w><w n="197"></w><w n="198"></w><w n="199"></w><w n="200"></w><w n="201"></w><w n="202">vi</w><w n="203">cā</w><w n="204">ri</w><w n="205">ta</w><w n="206">ra</w><w n="207">ma</w><w n="208">ṇī</w><w n="209" lemma="yaṃ">yaṃ </w><w n="210">pa</w><w n="211">rī</w><w n="212"></w><w n="213"></w><w n="214">kṣa</w><w n="215" lemma="yā">yā </w><w n="216">vya</w><w n="217">va</w><w n="218">sthi</w><w n="219"></w><w n="220" lemma="taṃ">taṃ </w><w n="221">ta</w><w n="222" lemma="tvaṃ">tvam </w><w n="223">e</w><w n="224">vā</w><w n="225">tyaṃ</w><w n="226">ta</w><w n="227">tī</w><w n="228">rthī</w><w n="229" lemma="kā">kā </w><w n="230"></w><w n="231">bhe</w><w n="232">da</w><w n="233">da</w><w n="234">rśa</w><w n="235">na</w><w n="236">vya</w><w n="237">va</w><w n="238">sthi</w><w n="239" lemma="tā">tā </w><w n="240">bhe</w><w n="241">dā</w><w n="242">tma</w><w n="243" lemma="kaṃ">kaṃ </w><w n="244"></w><w n="245" lemma="ta">ta&#166;</w><w n="246" lemma="tvaṃ">tvaṃ </w><w n="247">ma</w><w n="248">nyaṃ</w><w n="249" lemma="ta">ta </w><w n="250">i</w><w n="251" lemma="ti">ti </w><w n="252">vi</w><w n="253">cā</w><w n="254">re</w><w n="255">ṇā</w><w n="256"></w><w n="257"></w><w n="258">vi</w><w n="259">dyā</w><w n="260">vī</w><w n="261">la</w><w n="262" lemma="ye">ye </w><w n="263">bra</w><w n="264">hmai</w><w n="265">ka</w><w n="266">ni</w><w n="267">ṣṭha</w><w n="268">ta</w><w n="269" lemma="yā">yā </w><w n="270">da</w><w n="271">rśa</w><w n="272">nā</w><w n="273" lemma="nāṃ">nāṃ </w><w n="274">ta</w><w n="275" lemma="tu">d u</w><w n="276" lemma="ktaṃ">ktaṃ </w><w n="277">sa</w><w n="278" lemma="tyā">tyā </w><w n="279">vi</w><w n="280">śu</w><w n="281" lemma="dhiḥ">ddhis </w><w n="282">ta</w><w n="283">tro</w><w n="284" lemma="kta">kta </w><w n="285">vi</w><w n="286">dyai</w><w n="287">ve</w><w n="288">tyā</w><w n="289" lemma="di">di </w>
</text></TEI>
<TEI n="M">
<text>
<w n="0">ta</w><w n="1" lemma="thā">thā </w><w n="2" lemma="ca">ca </w><w n="3" lemma="yaḥ">yo </w><w n="4" lemma="yaṃ">yaṃ </w><w n="5">pra</w><w n="6">kā</w><w n="7" lemma="śaḥ">śaḥ </w><w n="8" lemma="sā">sā </w><w n="9">vi</w><w n="10" lemma="dyā">dyā | </w><w n="11">a</w><w n="12">pra</w><w n="13">kā</w><w n="14" lemma="śaḥ">śas </w><w n="15" lemma="tu">tu </w><w n="16">ta</w><w n="17" lemma="maḥ">mo </w><w n="18" lemma="vi">vi&#166;</w><w n="19" lemma="dyā">dyā </w><w n="20" lemma="na">na </w><w n="21" lemma="ca">ca </w><w n="22">pra</w><w n="23">kā</w><w n="24">śā</w><w n="25" lemma="bhā">bhā | </w><w n="26"></w><w n="27">pra</w><w n="28">kā</w><w n="29" lemma="śaḥ">śo </w><w n="30">nā</w><w n="31" lemma="ma">ma </w><w n="32">ka</w><w n="33">ści</w><w n="34" lemma="tpra">t pra</w><w n="35">mā</w><w n="36">ṇa</w><w n="37">si</w><w n="38" lemma="dhaḥ">ddho </w><w n="39">ni</w><w n="40">rū</w><w n="41" lemma="pyaḥ">pyaḥ | </w><w n="42">ta</w><w n="43" lemma="taḥ">taś </w><w n="44" lemma="ca">ca </w><w n="45" lemma="yaḥ">yo </w><w n="46" lemma="yaṃ">yaṃ </w><w n="47">bhe</w><w n="48">da</w><w n="49">pra</w><w n="50">kā</w><w n="51" lemma="śaḥ">śaḥ | </w><w n="52">sai</w><w n="53"></w><w n="54">vai</w><w n="55">ka</w><w n="56">gha</w><w n="57"></w><w n="58">na</w><w n="59">pra</w><w n="60">kā</w><w n="61">śā</w><w n="62"></w><w n="63">bhā</w><w n="64" lemma="vaḥ">vaḥ | </w><w n="65">pra</w><w n="66">kā</w><w n="67">śa</w><w n="68">vi</w><w n="69">che</w><w n="70" lemma="daḥ">do </w><w n="71">vi</w><w n="72" lemma="dyā">dyā | </w><w n="73">ta</w><w n="74" lemma="tra">tra </w><w n="75" lemma="ca">ca </w><w n="76">vi</w><w n="77">che</w><w n="78">dā</w><w n="79">nva</w><w n="80" lemma="chiṃ">chin</w><w n="81">nā</w><w n="82">nva</w><w n="83" lemma="yaḥ">yo </w><w n="84">vi</w><w n="85">che</w><w n="86" lemma="daḥ">do </w><w n="87">va</w><w n="88">dhā</w><w n="89">rya</w><w n="90" lemma="ta">ta </w><w n="91">i</w><w n="92" lemma="ti">ti </w><w n="93">vi</w><w n="94">chi</w><w n="95" lemma="tiḥ">ttir </w><w n="96">a</w><w n="97">pra</w><w n="98">kā</w><w n="99" lemma="śaḥ">śaḥ | </w><w n="100">sa</w><w n="101" lemma="to">to | </w><w n="102">vi</w><w n="103">dyai</w><w n="104" lemma="va">va </w><w n="105">vi</w><w n="106">che</w><w n="107">da</w><w n="108">mā</w><w n="109" lemma="traṃ">traṃ | </w><w n="110" lemma="tva">tv a</w><w n="111">pra</w><w n="112">dhā</w><w n="113"></w><w n="114">sva</w><w n="115">bhā</w><w n="116" lemma="vaṃ">vaṃ </w><w n="117" lemma="na">na </w><w n="118">kiṃ</w><w n="119">ci</w><w n="120" lemma="ta">d a</w><w n="121">vi</w><w n="122">dye</w><w n="123" lemma="ti">ti | </w><w n="124">pa</w><w n="125">ra</w><w n="126">mā</w><w n="127">rtha</w><w n="128">ta</w><w n="129"></w><w n="130"></w><w n="131"></w><w n="132" lemma="tve">tve </w><w n="133"></w><w n="134">kiṃ</w><w n="135">ci</w><w n="136" lemma="tya">d ya</w><w n="137" lemma="tta">t ta</w><w n="138" lemma="tvaṃ">tvaṃ </w><w n="139">vya</w><w n="140">va</w><w n="141">ti</w><w n="142">ṣṭha</w><w n="143" lemma="te">te | </w><w n="144">ta</w><w n="145" lemma="tvaṃ">tvam </w><w n="146">e</w><w n="147" lemma="va">va&#166; </w><w n="148">ya</w><w n="149">thā</w><w n="150">pra</w><w n="151">ti</w><w n="152">bhā</w><w n="153" lemma="saṃ">saṃ </w><w n="154">bhe</w><w n="155">de</w><w n="156" lemma="na">na </w><w n="157">cā</w><w n="158">va</w><w n="159">kā</w><w n="160">śā</w><w n="161" lemma="ti">d i</w><w n="162" lemma="ti">ti </w><w n="163">vi</w><w n="164">cā</w><w n="165">ri</w><w n="166">ta</w><w n="167">ra</w><w n="168">ma</w><w n="169">ṇī</w><w n="170" lemma="yaṃ">yaṃ | </w><w n="171">pra</w><w n="172">paṃ</w><w n="173" lemma="co">co </w><w n="174">ta</w><w n="175" lemma="tvaṃ">tvam </w><w n="176">i</w><w n="177" lemma="ti">ti | </w><w n="178">vya</w><w n="179">va</w><w n="180">hri</w><w n="181">ya</w><w n="182" lemma="ta">ta </w><w n="183">i</w><w n="184" lemma="ti">ti </w><w n="185">bra</w><w n="186">hma</w><w n="187">vi</w><w n="188" lemma="daḥ">daḥ | </w><w n="189">ta</w><w n="190" lemma="thā">thā </w><w n="191"></w><w n="192"></w><w n="193">cā</w><w n="194"></w><w n="195"></w><w n="196"></w><w n="197"></w><w n="198"></w><w n="199"></w><w n="200"></w><w n="201"></w><w n="202">vi</w><w n="203">cā</w><w n="204">ri</w><w n="205">ta</w><w n="206">ra</w><w n="207">ma</w><w n="208">ṇī</w><w n="209" lemma="yaṃ">yaṃ </w><w n="210">pa</w><w n="211">rī</w><w n="212"></w><w n="213"></w><w n="214">kṣa</w><w n="215" lemma="yā">yā </w><w n="216">vya</w><w n="217">va</w><w n="218">sthi</w><w n="219"></w><w n="220" lemma="taṃ">taṃ </w><w n="221">ta</w><w n="222" lemma="tvaṃ">tvam </w><w n="223">e</w><w n="224">vā</w><w n="225">tyaṃ</w><w n="226">ta</w><w n="227">tī</w><w n="228">rthi</w><w n="229" lemma="kā">kā </w><w n="230"></w><w n="231">bhe</w><w n="232">da</w><w n="233">da</w><w n="234">rśa</w><w n="235">na</w><w n="236">vya</w><w n="237">va</w><w n="238">sthi</w><w n="239" lemma="tā">tā </w><w n="240">bhe</w><w n="241">dā</w><w n="242">tma</w><w n="243" lemma="kaṃ">kam </w><w n="244">a</w><w n="245">ta</w><w n="246" lemma="tvaṃ">tvaṃ </w><w n="247">ma</w><w n="248">nyaṃ</w><w n="249" lemma="ta">ta </w><w n="250">i</w><w n="251" lemma="ti">ti </w><w n="252">vi</w><w n="253">cā</w><w n="254">re</w><w n="255">ṇā</w><w n="256"></w><w n="257"></w><w n="258">vi</w><w n="259">dyā</w><w n="260">vi</w><w n="261">la</w><w n="262" lemma="ye">ye </w><w n="263">bra</w><w n="264">hmai</w><w n="265">ka</w><w n="266">ni</w><w n="267">ṣṭha</w><w n="268">ta</w><w n="269" lemma="yā">yā </w><w n="270">da</w><w n="271">rśa</w><w n="272">nā</w><w n="273" lemma="nāṃ">nāṃ | </w><w n="274">ta</w><w n="275" lemma="tu">d u</w><w n="276" lemma="ktaṃ">ktaṃ | </w><w n="277">sa</w><w n="278" lemma="tyā">tyā </w><w n="279">vi</w><w n="280">śu</w><w n="281" lemma="dhiḥ">ddhis </w><w n="282">ta</w><w n="283">tro</w><w n="284" lemma="ktā">ktā </w><w n="285">vi</w><w n="286">dyai</w><w n="287" lemma="ve">ve&#166;</w><w n="288">tyā</w><w n="289" lemma="di">di | </w>
</text></TEI>
<TEI n="G2">
<text>
<w n="0">ta</w><w n="1" lemma="tra">tra </w><w n="2" lemma="va">va </w><w n="3" lemma="yaḥ">yo </w><w n="4" lemma="yaṃ">yaṃ </w><w n="5">pra</w><w n="6">kā</w><w n="7" lemma="śaḥ">śaḥ || </w><w n="8">ma</w><w n="9">vi</w><w n="10" lemma="dhā">dhā </w><w n="11">a</w><w n="12">pra</w><w n="13">kā</w><w n="14">śa</w><w n="15" lemma="kta">kta </w><w n="16">na</w><w n="17" lemma="maḥ">mo </w><w n="18">vi</w><w n="19" lemma="dhā">dhā </w><w n="20" lemma="na">na </w><w n="21" lemma="va">va </w><w n="22">pra</w><w n="23">kā</w><w n="24">śā</w><w n="25">bhā</w><w n="26" lemma="vaḥ">vo </w><w n="27">ga</w><w n="28">kā</w><w n="29" lemma="śaḥ">śo </w><w n="30">nā</w><w n="31" lemma="ma">ma </w><w n="32">ka</w><w n="33">ści</w><w n="34">hā</w><w n="35">mā</w><w n="36">ṇā</w><w n="37">si</w><w n="38" lemma="dhaḥ">ddho </w><w n="39">ni</w><w n="40">rū</w><w n="41" lemma="pyaḥ">pyaḥ || </w><w n="42">ta</w><w n="43" lemma="taḥ">taḥś </w><w n="44" lemma="ca">ca </w><w n="45" lemma="yaḥ">yo </w><w n="46" lemma="yaṃ">yaṃ </w><w n="47">bhe</w><w n="48">da</w><w n="49">pra</w><w n="50">kā</w><w n="51" lemma="śaḥ">śaḥ || </w><w n="52">se</w><w n="53"></w><w n="54">vai</w><w n="55">ka</w><w n="56">gha</w><w n="57"></w><w n="58">na</w><w n="59">pra</w><w n="60">kā</w><w n="61">śā</w><w n="62"></w><w n="63">tā</w><w n="64" lemma="vaḥ">vaḥ || </w><w n="65">pra</w><w n="66">kā</w><w n="67">śa</w><w n="68">vi</w><w n="69">che</w><w n="70" lemma="daḥ">do </w><w n="71">vi</w><w n="72" lemma="pā">pā </w><w n="73">ta</w><w n="74" lemma="tra">tra </w><w n="75" lemma="va">va </w><w n="76">vi</w><w n="77"></w><w n="78"></w><w n="79"></w><w n="80">chi</w><w n="81">nā</w><w n="82">nva</w><w n="83" lemma="yaḥ">yo </w><w n="84">va</w><w n="85">che</w><w n="86" lemma="daḥ">do </w><w n="87">va</w><w n="88">dhā</w><w n="89">ya</w><w n="90" lemma="te">te </w><w n="91">i</w><w n="92" lemma="ti">ti </w><w n="93">vi</w><w n="94" lemma="chiṃ">chin</w><w n="95"></w><w n="96">na</w><w n="97">pra</w><w n="98">kā</w><w n="99" lemma="śaḥ">śaḥ || </w><w n="100">sa</w><w n="101" lemma="tyaḥ">tyo </w><w n="102">vi</w><w n="103">ccai</w><w n="104" lemma="va">va </w><w n="105">vi</w><w n="106">che</w><w n="107"></w><w n="108">mā</w><w n="109" lemma="traṃ">traṃ </w><w n="110" lemma="tva">tv a</w><w n="111">pra</w><w n="112">dhā</w><w n="113">na</w><w n="114">sva</w><w n="115">bha</w><w n="116" lemma="vaṃ">vaṃ </w><w n="117" lemma="na">na </w><w n="118">kiṃ</w><w n="119">vi</w><w n="120" lemma="ta">d a</w><w n="121">vi</w><w n="122">dhe</w><w n="123" lemma="ti">ti </w><w n="124">pa</w><w n="125">ra</w><w n="126">mā</w><w n="127">rtha</w><w n="128">tva</w><w n="129"></w><w n="130">vi</w><w n="131">vā</w><w n="132" lemma="re">re </w><w n="133"></w><w n="134">kiṃ</w><w n="135">vi</w><w n="136" lemma="ha">h a</w><w n="137">ta</w><w n="138" lemma="tvaṃ">tvaṃ </w><w n="139">vya</w><w n="140">va</w><w n="141">ti</w><w n="142">ṣṭha</w><w n="143" lemma="te">te </w><w n="144">ta</w><w n="145" lemma="tvaṃ">tvam </w><w n="146">e</w><w n="147">vā</w><w n="148">ya</w><w n="149">thā</w><w n="150">pra</w><w n="151">ti</w><w n="152">bhā</w><w n="153" lemma="saṃ">saṃ </w><w n="154">bhe</w><w n="155">de</w><w n="156" lemma="na">na </w><w n="157">va</w><w n="158"></w><w n="159">kā</w><w n="160">saṃ</w><w n="161" lemma="ta">d a</w><w n="162"></w><w n="163">vi</w><w n="164">vā</w><w n="165">ri</w><w n="166">ta</w><w n="167">ra</w><w n="168">ma</w><w n="169">ṇī</w><w n="170" lemma="yaṃ">yaṃ </w><w n="171"></w><w n="172">paṃ</w><w n="173">co</w><w n="174"></w><w n="175"></w><w n="176"></w><w n="177"></w><w n="178"></w><w n="179"></w><w n="180"></w><w n="181"></w><w n="182"></w><w n="183"></w><w n="184"></w><w n="185"></w><w n="186"></w><w n="187"></w><w n="188">da</w><w n="189"></w><w n="190"></w><w n="191"></w><w n="192"></w><w n="193"></w><w n="194"></w><w n="195"></w><w n="196"></w><w n="197"></w><w n="198"></w><w n="199"></w><w n="200"></w><w n="201"></w><w n="202"></w><w n="203"></w><w n="204"></w><w n="205"></w><w n="206"></w><w n="207"></w><w n="208"></w><w n="209"></w><w n="210"></w><w n="211"></w><w n="212"></w><w n="213"></w><w n="214"></w><w n="215" lemma="yā">yā </w><w n="216">vya</w><w n="217">va</w><w n="218">sthi</w><w n="219"></w><w n="220" lemma="taṃ">taṃ </w><w n="221">ta</w><w n="222" lemma="tvaṃ">tvam </w><w n="223">e</w><w n="224">vā</w><w n="225">si</w><w n="226" lemma="naṃ">naṃ </w><w n="227">tī</w><w n="228">rthi</w><w n="229" lemma="kā">kā </w><w n="230"></w><w n="231">bhe</w><w n="232">da</w><w n="233">da</w><w n="234">rśa</w><w n="235">na</w><w n="236">vya</w><w n="237">va</w><w n="238">sthi</w><w n="239" lemma="tā">tā </w><w n="240">bhe</w><w n="241">dā</w><w n="242">tma</w><w n="243">ka</w><w n="244"></w><w n="245" lemma="ta">ta </w><w n="246"></w><w n="247">ma</w><w n="248">nyūṃ</w><w n="249" lemma="ta">ta </w><w n="250">i</w><w n="251" lemma="ti">ti </w><w n="252">vi</w><w n="253">vā</w><w n="254">re</w><w n="255" lemma="ṇa">ṇa </w><w n="256"></w><w n="257"></w><w n="258">vi</w><w n="259">dyā</w><w n="260">ki</w><w n="261">la</w><w n="262" lemma="ye">ye </w><w n="263" lemma="bra">bra-</w><w n="264">hmai</w><w n="265">ka</w><w n="266">ni</w><w n="267">cha</w><w n="268">tā</w><w n="269"></w><w n="270">da</w><w n="271">rśa</w><w n="272"></w><w n="273" lemma="naṃ">naṃ || </w><w n="274">ta</w><w n="275" lemma="nu">n u</w><w n="276" lemma="ktaṃ">ktaṃ </w><w n="277">sa</w><w n="278" lemma="tya">tya </w><w n="279">vi</w><w n="280">śu</w><w n="281" lemma="dhiḥ">ddhis </w><w n="282">ta</w><w n="283">tro</w><w n="284" lemma="ktā">ktā </w><w n="285">vi</w><w n="286">dyai</w><w n="287">ve</w><w n="288">tyā</w><w n="289" lemma="di">di | </w>
</text></TEI>
<TEI n="G1">
<text>
<w n="0">ta</w><w n="1" lemma="tra">tra </w><w n="2" lemma="va">va </w><w n="3" lemma="yaḥ">yo </w><w n="4" lemma="yaṃ">yaṃ </w><w n="5">pra</w><w n="6">kā</w><w n="7" lemma="śaḥ">śaḥ || </w><w n="8">ma</w><w n="9">vi</w><w n="10" lemma="dhā">dhā </w><w n="11">a</w><w n="12">pra</w><w n="13">kā</w><w n="14">śa</w><w n="15" lemma="kta">kta </w><w n="16">na</w><w n="17" lemma="maḥ">mo </w><w n="18">vi</w><w n="19" lemma="dhā">dhā </w><w n="20" lemma="na">na </w><w n="21" lemma="va">va </w><w n="22">pra</w><w n="23">kā</w><w n="24">śā</w><w n="25">bhā</w><w n="26" lemma="vaḥ">vo </w><w n="27">ga</w><w n="28">kā</w><w n="29" lemma="śaḥ">śo </w><w n="30">nā</w><w n="31" lemma="ma">ma </w><w n="32">ka</w><w n="33">ści</w><w n="34">hā</w><w n="35">mā</w><w n="36">ṇā</w><w n="37">si</w><w n="38" lemma="dhaḥ">ddho </w><w n="39">ni</w><w n="40">rū</w><w n="41" lemma="pyaḥ">pyaḥ || </w><w n="42">ta</w><w n="43" lemma="taḥ">taḥś </w><w n="44" lemma="ca">ca </w><w n="45" lemma="yaḥ">yo </w><w n="46" lemma="yaṃ">yaṃ </w><w n="47">bhe</w><w n="48">da</w><w n="49">pra</w><w n="50">kā</w><w n="51" lemma="śaḥ">śaḥ || </w><w n="52">se</w><w n="53"></w><w n="54">vai</w><w n="55">ka</w><w n="56">gha</w><w n="57"></w><w n="58">na</w><w n="59">pra</w><w n="60">kā</w><w n="61">śā</w><w n="62"></w><w n="63">tā</w><w n="64" lemma="vaḥ">vaḥ || </w><w n="65">pra</w><w n="66">kā</w><w n="67" lemma="śa">śa </w><w n="68">vi</w><w n="69"></w><w n="70"></w><w n="71"></w><w n="72" lemma="pā">pā </w><w n="73">ta</w><w n="74" lemma="tra">tra- </w><w n="75" lemma="va">va </w><w n="76">vi</w><w n="77"></w><w n="78"></w><w n="79"></w><w n="80">chi</w><w n="81">nā</w><w n="82">nva</w><w n="83" lemma="yaḥ">yo </w><w n="84">va</w><w n="85">che</w><w n="86" lemma="daḥ">do </w><w n="87">va</w><w n="88">dhā</w><w n="89"></w><w n="90" lemma="ye">ye </w><w n="91">i</w><w n="92" lemma="ti">ti </w><w n="93">vi</w><w n="94" lemma="chiṃ">chin</w><w n="95"></w><w n="96">na</w><w n="97">pra</w><w n="98">kā</w><w n="99" lemma="śaḥ">śaḥ || </w><w n="100">sa</w><w n="101" lemma="tyaḥ">tyo </w><w n="102">vi</w><w n="103">ccai</w><w n="104" lemma="va">va </w><w n="105">vi</w><w n="106">che</w><w n="107"></w><w n="108">mā</w><w n="109" lemma="traṃ">traṃ </w><w n="110" lemma="tva">tv a</w><w n="111">pra</w><w n="112">dhā</w><w n="113">na</w><w n="114">sva</w><w n="115">bha</w><w n="116" lemma="vaṃ">vaṃ </w><w n="117" lemma="na">na </w><w n="118">kiṃ</w><w n="119">vi</w><w n="120" lemma="ta">d a</w><w n="121">vi</w><w n="122">dhe</w><w n="123" lemma="ti">ti </w><w n="124">pa</w><w n="125">ra</w><w n="126">mā</w><w n="127">rtha</w><w n="128">tva</w><w n="129"></w><w n="130">vi</w><w n="131">vā</w><w n="132" lemma="re">re </w><w n="133"></w><w n="134">kiṃ</w><w n="135">vi</w><w n="136" lemma="ha">h a</w><w n="137">ta</w><w n="138" lemma="tvaṃ">tvaṃ </w><w n="139">vya</w><w n="140">va</w><w n="141">ti</w><w n="142">ṣṭha</w><w n="143" lemma="te">te </w><w n="144">ta</w><w n="145" lemma="tvaṃ">tvam </w><w n="146">e</w><w n="147">vā</w><w n="148">ya</w><w n="149">thā</w><w n="150">pra</w><w n="151">ti</w><w n="152">bhā</w><w n="153" lemma="saṃ">saṃ </w><w n="154">bhe</w><w n="155">de</w><w n="156" lemma="na">na </w><w n="157">va</w><w n="158"></w><w n="159">kā</w><w n="160">saṃ</w><w n="161" lemma="ta">d a</w><w n="162"></w><w n="163">vi</w><w n="164">vā</w><w n="165">ri</w><w n="166">ta</w><w n="167">ra</w><w n="168">ma</w><w n="169">ṇī</w><w n="170" lemma="yaṃ">yaṃ </w><w n="171"></w><w n="172">paṃ</w><w n="173">co</w><w n="174"></w><w n="175"></w><w n="176"></w><w n="177"></w><w n="178"></w><w n="179"></w><w n="180"></w><w n="181"></w><w n="182"></w><w n="183"></w><w n="184"></w><w n="185"></w><w n="186"></w><w n="187"></w><w n="188">da</w><w n="189"></w><w n="190"></w><w n="191"></w><w n="192"></w><w n="193"></w><w n="194"></w><w n="195"></w><w n="196"></w><w n="197"></w><w n="198"></w><w n="199"></w><w n="200"></w><w n="201"></w><w n="202"></w><w n="203"></w><w n="204"></w><w n="205"></w><w n="206"></w><w n="207"></w><w n="208"></w><w n="209"></w><w n="210"></w><w n="211"></w><w n="212"></w><w n="213"></w><w n="214"></w><w n="215" lemma="yā">yā </w><w n="216">vya</w><w n="217">va</w><w n="218">sthi</w><w n="219"></w><w n="220" lemma="taṃ">taṃ </w><w n="221">ta</w><w n="222" lemma="tvaṃ">tvam </w><w n="223">e</w><w n="224">vā</w><w n="225">si</w><w n="226" lemma="naṃ">naṃ </w><w n="227">tī</w><w n="228">rthi</w><w n="229" lemma="kā">kā </w><w n="230"></w><w n="231">bhe</w><w n="232">da</w><w n="233">da</w><w n="234">rśa</w><w n="235">na</w><w n="236">vya</w><w n="237">va</w><w n="238">sthi</w><w n="239" lemma="tā">tā </w><w n="240">bhe</w><w n="241">da</w><w n="242">tma</w><w n="243">ka</w><w n="244"></w><w n="245" lemma="ta">ta </w><w n="246"></w><w n="247">ma</w><w n="248">nyūṃ</w><w n="249" lemma="ta">ta </w><w n="250">i</w><w n="251" lemma="ti">ti </w><w n="252">vi</w><w n="253">vā</w><w n="254">re</w><w n="255" lemma="ṇa">ṇa </w><w n="256"></w><w n="257"></w><w n="258">vi</w><w n="259">dyā</w><w n="260">ki</w><w n="261">la</w><w n="262" lemma="ye">ye </w><w n="263">bra</w><w n="264" lemma="hmai">hmai-</w><w n="265">ka</w><w n="266">ni</w><w n="267">cha</w><w n="268">tā</w><w n="269"></w><w n="270">da</w><w n="271">rśa</w><w n="272"></w><w n="273" lemma="naṃ">naṃ || </w><w n="274">ta</w><w n="275" lemma="nu">n u</w><w n="276" lemma="ktaṃ">ktaṃ </w><w n="277">sa</w><w n="278" lemma="tya">tya </w><w n="279">vi</w><w n="280">śu</w><w n="281" lemma="dhiḥ">ddhis </w><w n="282">ta</w><w n="283">tro</w><w n="284" lemma="ktā">ktā </w><w n="285">vi</w><w n="286">dyai</w><w n="287">ve</w><w n="288">tyā</w><w n="289" lemma="di">di | </w>
</text></TEI>
<TEI n="L">
<text>
<w n="0">ta</w><w n="1" lemma="tra">tra </w><w n="2" lemma="ca">ca </w><w n="3" lemma="yaḥ">yo </w><w n="4" lemma="yaṃ">yaṃ </w><w n="5">pra</w><w n="6">kā</w><w n="7" lemma="śaḥ">śaḥ </w><w n="8" lemma="sa">sa </w><w n="9">vi</w><w n="10" lemma="dyā">dyā </w><w n="11">a</w><w n="12">pra</w><w n="13">kā</w><w n="14" lemma="śaḥ">śas </w><w n="15" lemma="tu">tu </w><w n="16">ta</w><w n="17" lemma="maḥ">mo </w><w n="18">vi</w><w n="19" lemma="dyā">dyā </w><w n="20"></w><w n="21"></w><w n="22">pra</w><w n="23">kā</w><w n="24">śā</w><w n="25">bhā</w><w n="26" lemma="vo">vo </w><w n="27">pra</w><w n="28">kā</w><w n="29" lemma="śaḥ">śo </w><w n="30">nā</w><w n="31" lemma="ma">ma </w><w n="32">ka</w><w n="33">ści</w><w n="34" lemma="tpra">t pra</w><w n="35">mā</w><w n="36">ṇa</w><w n="37">si</w><w n="38" lemma="dhaḥ">ddho </w><w n="39">ni</w><w n="40">rū</w><w n="41" lemma="pyaḥ">pyaḥ || </w><w n="42">ta</w><w n="43" lemma="taḥ">taś </w><w n="44" lemma="ca">ca </w><w n="45" lemma="yaḥ">yo </w><w n="46" lemma="yaṃ">yaṃ </w><w n="47">bhe</w><w n="48">da</w><w n="49">pra</w><w n="50">kā</w><w n="51" lemma="śaḥ">śaḥ </w><w n="52">sai</w><w n="53"></w><w n="54">vai</w><w n="55">ka</w><w n="56">gha</w><w n="57"></w><w n="58">na</w><w n="59">pra</w><w n="60">kā</w><w n="61">śā</w><w n="62"></w><w n="63">bhā</w><w n="64" lemma="vaḥ">vaḥ </w><w n="65">pra</w><w n="66">kā</w><w n="67">śā</w><w n="68">vi</w><w n="69">che</w><w n="70" lemma="daḥ">do </w><w n="71">vi</w><w n="72" lemma="yā">yā </w><w n="73">ta</w><w n="74" lemma="tra">tra </w><w n="75" lemma="ca">ca </w><w n="76">vi</w><w n="77"></w><w n="78"></w><w n="79"></w><w n="80" lemma="chiṃ">chin</w><w n="81">nā</w><w n="82">nva</w><w n="83" lemma="yaḥ">yo </w><w n="84">va</w><w n="85">che</w><w n="86" lemma="daḥ">do </w><w n="87">va</w><w n="88">dhā</w><w n="89">rya</w><w n="90" lemma="te">te </w><w n="91">i</w><w n="92" lemma="ti">ti </w><w n="93">vi</w><w n="94" lemma="chiṃ">chin</w><w n="95"></w><w n="96">na</w><w n="97">pra</w><w n="98">kā</w><w n="99" lemma="śa">śa </w><w n="100">sa</w><w n="101" lemma="tyaḥ">tyo </w><w n="102">vi</w><w n="103">dyai</w><w n="104" lemma="va">va </w><w n="105" lemma="chiṃ">chin</w><w n="106" lemma="ne">ne </w><w n="107"></w><w n="108">mā</w><w n="109" lemma="traṃ">traṃ </w><w n="110" lemma="tva">tv a</w><w n="111">pra</w><w n="112">dhā</w><w n="113">na</w><w n="114">sva</w><w n="115">bhā</w><w n="116" lemma="vaṃ">vaṃ </w><w n="117" lemma="na">na </w><w n="118">kiṃ</w><w n="119">ci</w><w n="120" lemma="ta">d a</w><w n="121">vi</w><w n="122" lemma="dyo">dyo </w><w n="123"></w><w n="124">pa</w><w n="125">ra</w><w n="126">mā</w><w n="127">rtha</w><w n="128">tva</w><w n="129"></w><w n="130">vi</w><w n="131">cā</w><w n="132" lemma="re">re </w><w n="133"></w><w n="134">kiṃ</w><w n="135">ci</w><w n="136" lemma="ta">d a</w><w n="137">ta</w><w n="138" lemma="tvaṃ">tvaṃ </w><w n="139"></w><w n="140" lemma="ca">ca </w><w n="141">ti</w><w n="142">ṣṭha</w><w n="143" lemma="te">te </w><w n="144">ta</w><w n="145" lemma="tvaṃ">tvam </w><w n="146">e</w><w n="147" lemma="va">va </w><w n="148">ya</w><w n="149">thā</w><w n="150">pra</w><w n="151">ti</w><w n="152">bhā</w><w n="153" lemma="saṃ">saṃ </w><w n="154">bhe</w><w n="155">de</w><w n="156" lemma="na">na </w><w n="157">ca</w><w n="158"></w><w n="159">kā</w><w n="160">sa</w><w n="161" lemma="ta">d a</w><w n="162"></w><w n="163">vi</w><w n="164">cā</w><w n="165">ri</w><w n="166">ta</w><w n="167">ra</w><w n="168">ma</w><w n="169">ṇī</w><w n="170" lemma="yaṃ">yaṃ </w><w n="171">pra</w><w n="172">paṃ</w><w n="173" lemma="co">co </w><w n="174">ta</w><w n="175" lemma="tvaṃ">tvam </w><w n="176">i</w><w n="177" lemma="ti">ti </w><w n="178">vya</w><w n="179">va</w><w n="180">hri</w><w n="181">ya</w><w n="182" lemma="ta">ta </w><w n="183">i</w><w n="184" lemma="ti">ti </w><w n="185">bra</w><w n="186">hma</w><w n="187">vi</w><w n="188" lemma="daḥ">daḥ | </w><w n="189">ta</w><w n="190" lemma="thā">thā </w><w n="191">pra</w><w n="192">ti</w><w n="193">bhā</w><w n="194" lemma="saṃ">saṃ </w><w n="195">bhe</w><w n="196">de</w><w n="197" lemma="na">na </w><w n="198">ca</w><w n="199">kā</w><w n="200">sa</w><w n="201" lemma="ta">d a</w><w n="202">vi</w><w n="203">cā</w><w n="204">ri</w><w n="205">ta</w><w n="206">ra</w><w n="207">ma</w><w n="208">ṇī</w><w n="209" lemma="yaṃ">yaṃ </w><w n="210">pra</w><w n="211">paṃ</w><w n="212" lemma="co">co </w><w n="213">pa</w><w n="214">kṣa</w><w n="215" lemma="yā">yā </w><w n="216">vya</w><w n="217">va</w><w n="218">sthi</w><w n="219"></w><w n="220" lemma="taṃ">taṃ </w><w n="221">ta</w><w n="222" lemma="tvaṃ">tvam </w><w n="223">e</w><w n="224">vā</w><w n="225" lemma="bhiṃ">bhin</w><w n="226">na</w><w n="227">tā</w><w n="228">rthi</w><w n="229" lemma="kā">kā </w><w n="230"></w><w n="231">bhe</w><w n="232">da</w><w n="233">da</w><w n="234">rśa</w><w n="235">na</w><w n="236">vya</w><w n="237">va</w><w n="238">sthi</w><w n="239" lemma="tā">tā </w><w n="240">bhe</w><w n="241">dā</w><w n="242">tma</w><w n="243">ka</w><w n="244">ta</w><w n="245">ma</w><w n="246" lemma="tvaṃ">tvaṃ </w><w n="247">ma</w><w n="248">nyaṃ</w><w n="249" lemma="ta">ta </w><w n="250">i</w><w n="251" lemma="ti">ti </w><w n="252">vi</w><w n="253">cā</w><w n="254">re</w><w n="255">ṇā</w><w n="256"></w><w n="257"></w><w n="258">vi</w><w n="259">dyā</w><w n="260">vi</w><w n="261">la</w><w n="262" lemma="ye">ye </w><w n="263">bra</w><w n="264">hmai</w><w n="265">ka</w><w n="266">ni</w><w n="267">ṣṭha</w><w n="268" lemma="tā">tā </w><w n="269"></w><w n="270">da</w><w n="271">rśa</w><w n="272"></w><w n="273" lemma="naṃ">naṃ || </w><w n="274" lemma="ta">ta </w><w n="275">u</w><w n="276" lemma="ktaṃ">ktaṃ </w><w n="277">sa</w><w n="278" lemma="tyā">tyā </w><w n="279">vi</w><w n="280">śu</w><w n="281" lemma="dhiḥ">ddhis </w><w n="282">ta</w><w n="283">tro</w><w n="284" lemma="ktā">ktā </w><w n="285">vi</w><w n="286" lemma="dyā">dyā </w><w n="287">ve</w><w n="288">tyā</w><w n="289" lemma="di">di | </w>
</text></TEI>
<TEI n="O">
<text>
<w n="0">ta</w><w n="1" lemma="tra">tra </w><w n="2" lemma="ca">ca </w><w n="3" lemma="yaḥ">yo </w><w n="4" lemma="yaṃ">yaṃ </w><w n="5">pra</w><w n="6">kā</w><w n="7" lemma="śaḥ">śaḥ </w><w n="8" lemma="sa">sa </w><w n="9">vi</w><w n="10" lemma="dyā">dyā </w><w n="11">a</w><w n="12">pra</w><w n="13">kā</w><w n="14" lemma="śaḥ">śas </w><w n="15" lemma="tu">tu </w><w n="16">ta</w><w n="17" lemma="maḥ">mo </w><w n="18">vi</w><w n="19" lemma="dyā">dyā </w><w n="20" lemma="na">na </w><w n="21" lemma="ca">ca </w><w n="22">pra</w><w n="23">kā</w><w n="24">śā</w><w n="25">bhā</w><w n="26" lemma="vo">vo </w><w n="27">pra</w><w n="28">kā</w><w n="29" lemma="śaḥ">śo </w><w n="30">nā</w><w n="31" lemma="ma">ma </w><w n="32">ka</w><w n="33">ści</w><w n="34" lemma="tpra">t pra</w><w n="35">mā</w><w n="36">ṇa</w><w n="37">si</w><w n="38" lemma="dhaḥ">ddho </w><w n="39">ni</w><w n="40">rū</w><w n="41" lemma="pyaḥ">pyaḥ | </w><w n="42">ta</w><w n="43" lemma="taḥ">taś </w><w n="44" lemma="ca">ca </w><w n="45" lemma="yaḥ">yo </w><w n="46" lemma="yaṃ">yaṃ </w><w n="47">bhe</w><w n="48">da</w><w n="49">pra</w><w n="50">kā</w><w n="51" lemma="śaḥ">śaḥ </w><w n="52" lemma="sa">sa </w><w n="53">e</w><w n="54">vai</w><w n="55">ka</w><w n="56">gha</w><w n="57"></w><w n="58">na</w><w n="59">pra</w><w n="60">kā</w><w n="61">śā</w><w n="62"></w><w n="63">bhā</w><w n="64" lemma="vaḥ">vaḥ </w><w n="65">pra</w><w n="66">kā</w><w n="67">śa</w><w n="68">vi</w><w n="69" lemma="che">cche</w><w n="70" lemma="daḥ">do </w><w n="71">vi</w><w n="72" lemma="pā">pā </w><w n="73">ta</w><w n="74" lemma="tra">tra </w><w n="75" lemma="ca">ca </w><w n="76">vi</w><w n="77"></w><w n="78"></w><w n="79"></w><w n="80"></w><w n="81"></w><w n="82"></w><w n="83"></w><w n="84"></w><w n="85" lemma="che">cche</w><w n="86" lemma="daḥ">do </w><w n="87">va</w><w n="88">dhā</w><w n="89">rya</w><w n="90" lemma="te">te </w><w n="91">i</w><w n="92" lemma="ti">ti </w><w n="93">vi</w><w n="94" lemma="chiṃ">cchin</w><w n="95"></w><w n="96">na</w><w n="97">pra</w><w n="98">kā</w><w n="99" lemma="śaḥ">śaḥ </w><w n="100">sa</w><w n="101" lemma="tyaḥ">tyo </w><w n="102">vi</w><w n="103">dyai</w><w n="104" lemma="va">va </w><w n="105">vi</w><w n="106" lemma="che">cche</w><w n="107">da</w><w n="108">mā</w><w n="109" lemma="traṃ">traṃ </w><w n="110" lemma="tva">tv a</w><w n="111">pra</w><w n="112">thā</w><w n="113">na</w><w n="114">sva</w><w n="115">bhā</w><w n="116" lemma="vaṃ">vaṃ </w><w n="117" lemma="na">na </w><w n="118">kiṃ</w><w n="119">ci</w><w n="120" lemma="ta">d a</w><w n="121">vi</w><w n="122">dye</w><w n="123" lemma="ti">ti </w><w n="124">pa</w><w n="125">ra</w><w n="126">mā</w><w n="127" lemma="rtha">rttha</w><w n="128">tva</w><w n="129"></w><w n="130">vi</w><w n="131">cā</w><w n="132" lemma="re">re </w><w n="133" lemma="na">na </w><w n="134">kiṃ</w><w n="135">ci</w><w n="136" lemma="ta">d a</w><w n="137">ta</w><w n="138" lemma="tvaṃ">tvaṃ </w><w n="139">vya</w><w n="140">va</w><w n="141">ti</w><w n="142">ṣṭha</w><w n="143" lemma="te">te </w><w n="144">ta</w><w n="145" lemma="tvaṃ">tvam </w><w n="146">e</w><w n="147" lemma="va">va </w><w n="148">ya</w><w n="149">thā</w><w n="150">pra</w><w n="151">ti</w><w n="152">bhā</w><w n="153" lemma="saṃ">saṃ </w><w n="154">bhe</w><w n="155">de</w><w n="156" lemma="na">na </w><w n="157">ca</w><w n="158"></w><w n="159">kā</w><w n="160">sa</w><w n="161" lemma="ta">d a</w><w n="162"></w><w n="163">vi</w><w n="164">cā</w><w n="165">ri</w><w n="166">ta</w><w n="167">ra</w><w n="168">ma</w><w n="169">ṇī</w><w n="170" lemma="yaṃ">yaṃ </w><w n="171">pra</w><w n="172">paṃ</w><w n="173" lemma="ca">ca </w><w n="174">ta</w><w n="175" lemma="tvaṃ">tvam </w><w n="176">i</w><w n="177" lemma="ti">ti </w><w n="178">vya</w><w n="179">va</w><w n="180">hri</w><w n="181">ya</w><w n="182" lemma="ta">ta </w><w n="183">i</w><w n="184" lemma="ti">ti </w><w n="185">bra</w><w n="186">hma</w><w n="187">vi</w><w n="188" lemma="daḥ">daḥ </w><w n="189">ta</w><w n="190" lemma="thā">thā </w><w n="191">pra</w><w n="192">ti</w><w n="193">bhā</w><w n="194" lemma="saṃ">saṃ </w><w n="195">bhe</w><w n="196">de</w><w n="197" lemma="na">na </w><w n="198">ca</w><w n="199">kā</w><w n="200">sa</w><w n="201" lemma="ta">d a</w><w n="202">vi</w><w n="203">cā</w><w n="204">ri</w><w n="205">ta</w><w n="206">ra</w><w n="207">ma</w><w n="208">ṇī</w><w n="209" lemma="yaṃ">yaṃ </w><w n="210">pa</w><w n="211">rī</w><w n="212"></w><w n="213"></w><w n="214">kṣa</w><w n="215" lemma="yā">yā </w><w n="216">vya</w><w n="217">va</w><w n="218">sthi</w><w n="219"></w><w n="220" lemma="taṃ">taṃ </w><w n="221">ta</w><w n="222" lemma="tvaṃ">tvam </w><w n="223">e</w><w n="224">vā</w><w n="225" lemma="bhiṃ">bhin</w><w n="226" lemma="naṃ">naṃ </w><w n="227">tī</w><w n="228" lemma="rthi">rtthi</w><w n="229" lemma="kā">kā </w><w n="230"></w><w n="231">bhe</w><w n="232">da</w><w n="233">da</w><w n="234">rśa</w><w n="235">na</w><w n="236">vya</w><w n="237">va</w><w n="238">sthi</w><w n="239" lemma="tā">tā </w><w n="240">bhe</w><w n="241">dā</w><w n="242">tma</w><w n="243" lemma="kaṃ">kaṃ </w><w n="244"></w><w n="245">ta</w><w n="246" lemma="tvaṃ">tvaṃ </w><w n="247">ma</w><w n="248">nyaṃ</w><w n="249" lemma="ta">ta </w><w n="250">i</w><w n="251" lemma="ti">ti </w><w n="252">vi</w><w n="253">cā</w><w n="254">re</w><w n="255">ṇā</w><w n="256"></w><w n="257"></w><w n="258">vi</w><w n="259">dyā</w><w n="260">vi</w><w n="261">la</w><w n="262" lemma="ye">ye </w><w n="263">bra</w><w n="264">hmai</w><w n="265">ka</w><w n="266">ni</w><w n="267">ṣṭha</w><w n="268" lemma="tā">tā </w><w n="269"></w><w n="270">da</w><w n="271">rśa</w><w n="272"></w><w n="273" lemma="naṃ">naṃ | </w><w n="274" lemma="ta">ta </w><w n="275">u</w><w n="276" lemma="ktaṃ">ktaṃ </w><w n="277">sa</w><w n="278" lemma="tyā">tyā </w><w n="279">vi</w><w n="280">śu</w><w n="281" lemma="dhiḥ">ddhis </w><w n="282">ta</w><w n="283">tro</w><w n="284" lemma="ktā">ktā </w><w n="285">vi</w><w n="286">dyai</w><w n="287">ve</w><w n="288">tyā</w><w n="289" lemma="di">di | </w>
</text></TEI>
<TEI n="A">
<text>
<w n="0">ta</w><w n="1" lemma="tra">tra </w><w n="2">ca</w><w n="3" lemma="yoḥ">yor </w><w n="4" lemma="ya">ya </w><w n="5">pra</w><w n="6">kā</w><w n="7" lemma="śaḥ">śaḥ </w><w n="8" lemma="sa">sa </w><w n="9">vi</w><w n="10" lemma="dhā">dhā </w><w n="11">a</w><w n="12">pra</w><w n="13">kā</w><w n="14" lemma="śaḥ">śas </w><w n="15" lemma="tu">tu </w><w n="16">ta</w><w n="17" lemma="maḥ">mo </w><w n="18">vi</w><w n="19" lemma="dhā">dhā </w><w n="20" lemma="na">na </w><w n="21" lemma="ca">ca </w><w n="22">pra</w><w n="23">kā</w><w n="24">śā</w><w n="25">bhā</w><w n="26" lemma="vo">vo </w><w n="27">pra</w><w n="28">kāṃ</w><w n="29" lemma="śe">śe </w><w n="30">nā</w><w n="31" lemma="nya">nya </w><w n="32">ka</w><w n="33">ści</w><w n="34" lemma="tpra">t pra</w><w n="35">mā</w><w n="36">ṇa</w><w n="37">si</w><w n="38" lemma="dhaḥ">ddho </w><w n="39">ni</w><w n="40">rū</w><w n="41" lemma="pya">pya </w><w n="42">ta</w><w n="43" lemma="taḥ">taś </w><w n="44" lemma="ca">ca </w><w n="45" lemma="yaḥ">yo </w><w n="46" lemma="yaṃ">yaṃ </w><w n="47">bhe</w><w n="48">da</w><w n="49">pra</w><w n="50">kā</w><w n="51" lemma="śaḥ">śaḥ </w><w n="52">sai</w><w n="53"></w><w n="54">vai</w><w n="55">ka</w><w n="56">gha</w><w n="57"></w><w n="58">na</w><w n="59">pra</w><w n="60">kā</w><w n="61">śā</w><w n="62"></w><w n="63">bhā</w><w n="64" lemma="vaḥ">vaḥ </w><w n="65">pra</w><w n="66">kā</w><w n="67">śa</w><w n="68">vi</w><w n="69">che</w><w n="70" lemma="daḥ">do </w><w n="71">vi</w><w n="72" lemma="dyā">dyā </w><w n="73">ta</w><w n="74" lemma="tra">tra </w><w n="75" lemma="ca">ca </w><w n="76">vi</w><w n="77"></w><w n="78"></w><w n="79"></w><w n="80" lemma="chiṃ">chin</w><w n="81">nā</w><w n="82">ca</w><w n="83" lemma="yaḥ">yo </w><w n="84">va</w><w n="85">che</w><w n="86" lemma="daḥ">do </w><w n="87">va</w><w n="88">dhā</w><w n="89">rya</w><w n="90" lemma="te">te </w><w n="91">i</w><w n="92" lemma="ti">ti </w><w n="93">vi</w><w n="94" lemma="chiṃ">chin</w><w n="95"></w><w n="96">na</w><w n="97">pra</w><w n="98">kā</w><w n="99" lemma="śaḥ">śaḥ </w><w n="100">sa</w><w n="101" lemma="tyaḥ">tyo </w><w n="102">vi</w><w n="103">dyai</w><w n="104" lemma="va">va </w><w n="105">vi</w><w n="106">che</w><w n="107">da</w><w n="108">mā</w><w n="109" lemma="traṃ">traṃ </w><w n="110" lemma="tva">tv a</w><w n="111">pra</w><w n="112">dhā</w><w n="113">na</w><w n="114">sva</w><w n="115">bhā</w><w n="116" lemma="vaṃ">vaṃ </w><w n="117" lemma="na">na </w><w n="118">kiṃ</w><w n="119">ci</w><w n="120" lemma="ta">d a</w><w n="121">vi</w><w n="122">dye</w><w n="123" lemma="ti">ti </w><w n="124">pa</w><w n="125">ra</w><w n="126">mā</w><w n="127">rtha</w><w n="128">tva</w><w n="129"></w><w n="130">vi</w><w n="131">cā</w><w n="132" lemma="re">re </w><w n="133"></w><w n="134">kiṃ</w><w n="135">ci</w><w n="136" lemma="ta">d a</w><w n="137">ta</w><w n="138" lemma="tvaṃ">ttvaṃ </w><w n="139">vya</w><w n="140">va</w><w n="141">ti</w><w n="142">ṣṭa</w><w n="143" lemma="te">te </w><w n="144">ta</w><w n="145" lemma="tvaṃ">tvam </w><w n="146">e</w><w n="147" lemma="va">va </w><w n="148">ya</w><w n="149">thā</w><w n="150">pra</w><w n="151">ti</w><w n="152">bhā</w><w n="153" lemma="saṃ">saṃ </w><w n="154">bhe</w><w n="155">de</w><w n="156" lemma="na">na </w><w n="157">ca</w><w n="158"></w><w n="159">kā</w><w n="160">sa</w><w n="161" lemma="ta">d a</w><w n="162"></w><w n="163">vi</w><w n="164">cā</w><w n="165">ri</w><w n="166">ta</w><w n="167">ra</w><w n="168">ma</w><w n="169">ṇī</w><w n="170" lemma="yaṃ">yaṃ </w><w n="171">pra</w><w n="172">paṃ</w><w n="173" lemma="co">co </w><w n="174">ta</w><w n="175" lemma="tvaṃ">tvam </w><w n="176">i</w><w n="177" lemma="ti">ti </w><w n="178">vya</w><w n="179">va</w><w n="180">hri</w><w n="181">ya</w><w n="182" lemma="ta">ta </w><w n="183">i</w><w n="184" lemma="ti">ti </w><w n="185">bra</w><w n="186">hma</w><w n="187">vi</w><w n="188" lemma="daḥ">daḥ </w><w n="189">ta</w><w n="190" lemma="thā">thā </w><w n="191"></w><w n="192"></w><w n="193">cā</w><w n="194"></w><w n="195"></w><w n="196"></w><w n="197"></w><w n="198"></w><w n="199"></w><w n="200"></w><w n="201"></w><w n="202">vi</w><w n="203">cā</w><w n="204">ri</w><w n="205">ta</w><w n="206">ra</w><w n="207">ma</w><w n="208">ṇī</w><w n="209" lemma="yaṃ">yaṃ </w><w n="210">pa</w><w n="211">ro</w><w n="212"></w><w n="213"></w><w n="214">kṣya</w><w n="215" lemma="yā">yā </w><w n="216">vya</w><w n="217">va</w><w n="218">sthi</w><w n="219"></w><w n="220" lemma="taṃ">taṃ </w><w n="221">ta</w><w n="222" lemma="tvaṃ">tvam </w><w n="223">e</w><w n="224">vā</w><w n="225" lemma="bhiṃ">bhin</w><w n="226" lemma="naṃ">naṃ </w><w n="227">tī</w><w n="228">rthi</w><w n="229" lemma="kā">kā </w><w n="230"></w><w n="231">bhe</w><w n="232">da</w><w n="233">da</w><w n="234">rśa</w><w n="235">na</w><w n="236">vya</w><w n="237">va</w><w n="238">sthi</w><w n="239" lemma="tā">tā </w><w n="240">bhe</w><w n="241">dā</w><w n="242">tma</w><w n="243" lemma="kaṃ">kam </w><w n="244">a</w><w n="245">ta</w><w n="246" lemma="tvaṃ">tvaṃ </w><w n="247">ma</w><w n="248">nyaṃ</w><w n="249" lemma="ta">ta </w><w n="250">i</w><w n="251" lemma="ti">ti </w><w n="252">vi</w><w n="253">cā</w><w n="254">re</w><w n="255" lemma="ṇa">ṇa </w><w n="256"></w><w n="257"></w><w n="258">vi</w><w n="259">dyā</w><w n="260">vi</w><w n="261">la</w><w n="262" lemma="ye">ye </w><w n="263">bra</w><w n="264">hmai</w><w n="265">ka</w><w n="266">ni</w><w n="267">ṣṭa</w><w n="268">tā</w><w n="269" lemma="ta">d a</w><w n="270">da</w><w n="271">rśa</w><w n="272"></w><w n="273" lemma="naṃ">naṃ </w><w n="274">ta</w><w n="275" lemma="tu">d u</w><w n="276" lemma="ktaṃ">ktaṃ </w><w n="277">sa</w><w n="278" lemma="tyā">tyā </w><w n="279">vi</w><w n="280">śu</w><w n="281" lemma="dhi">ddhi</w><w n="282">sū</w><w n="283">tro</w><w n="284" lemma="ktā">ktā </w><w n="285">vi</w><w n="286">dyai</w><w n="287">vi</w><w n="288">tyā</w><w n="289" lemma="di">di </w>
</text></TEI>
<TEI n="V">
<text>
<w n="0">ta</w><w n="1" lemma="tra">tra </w><w n="2" lemma="ca">ca </w><w n="3" lemma="yaḥ">yo </w><w n="4" lemma="yaṃ">yaṃ </w><w n="5">pra</w><w n="6">kā</w><w n="7" lemma="śaḥ">śaḥ </w><w n="8" lemma="sa">sa </w><w n="9">vi</w><w n="10" lemma="dyā">dyā </w><w n="11">a</w><w n="12">pra</w><w n="13">kā</w><w n="14" lemma="śaḥ">śas </w><w n="15" lemma="tu">tu </w><w n="16">ta</w><w n="17" lemma="maḥ">mo </w><w n="18">vi</w><w n="19" lemma="dyā">dyā </w><w n="20" lemma="na">na </w><w n="21" lemma="ca">ca </w><w n="22">pra</w><w n="23">kā</w><w n="24">śā</w><w n="25">bhā</w><w n="26" lemma="vo">vo </w><w n="27">pra</w><w n="28">kā</w><w n="29" lemma="śaḥ">śo </w><w n="30">nā</w><w n="31" lemma="ma">ma </w><w n="32">ka</w><w n="33">ści</w><w n="34" lemma="tpra">t pra</w><w n="35">mā</w><w n="36">ṇa</w><w n="37">si</w><w n="38" lemma="dhaḥ">ddho </w><w n="39">ni</w><w n="40">rū</w><w n="41" lemma="pyaḥ">pyaḥ </w><w n="42">ta</w><w n="43" lemma="taḥ">taś </w><w n="44" lemma="ca">ca </w><w n="45" lemma="yaḥ">yo </w><w n="46" lemma="yaṃ">yaṃ </w><w n="47">bhe</w><w n="48">da</w><w n="49">pra</w><w n="50">kā</w><w n="51" lemma="śaḥ">śaḥ </w><w n="52">sai</w><w n="53"></w><w n="54">vai</w><w n="55">ka</w><w n="56">ghā</w><w n="57"></w><w n="58">na</w><w n="59">pra</w><w n="60">kā</w><w n="61">śā</w><w n="62"></w><w n="63">bhā</w><w n="64" lemma="vaḥ">vaḥ </w><w n="65">pra</w><w n="66">kā</w><w n="67">śa</w><w n="68">vi</w><w n="69">che</w><w n="70" lemma="daḥ">do </w><w n="71">vi</w><w n="72" lemma="dyā">dyā </w><w n="73">ta</w><w n="74" lemma="tra">tra </w><w n="75" lemma="va">va </w><w n="76">vi</w><w n="77"></w><w n="78"></w><w n="79"></w><w n="80" lemma="chiṃ">chin</w><w n="81">nā</w><w n="82">nva</w><w n="83" lemma="yaḥ">yo </w><w n="84">va</w><w n="85">che</w><w n="86" lemma="daḥ">do </w><w n="87">va</w><w n="88">dhā</w><w n="89">rya</w><w n="90" lemma="te">te </w><w n="91">i</w><w n="92" lemma="ti">ti </w><w n="93">vi</w><w n="94" lemma="chiṃ">chin</w><w n="95"></w><w n="96">na</w><w n="97">pra</w><w n="98">kā</w><w n="99" lemma="śaḥ">śaḥ </w><w n="100">sa</w><w n="101" lemma="tyaḥ">tyo </w><w n="102">vi</w><w n="103">dyai</w><w n="104" lemma="va">va </w><w n="105">vi</w><w n="106">che</w><w n="107">da</w><w n="108">mā</w><w n="109" lemma="traṃ">traṃ </w><w n="110" lemma="tva">tv a</w><w n="111">pra</w><w n="112">dhā</w><w n="113">na</w><w n="114">sva</w><w n="115">bhā</w><w n="116" lemma="vaṃ">vaṃ </w><w n="117" lemma="na">na </w><w n="118">kiṃ</w><w n="119">ci</w><w n="120" lemma="ta">d a</w><w n="121">vi</w><w n="122">dye</w><w n="123" lemma="ti">ti </w><w n="124">pa</w><w n="125">ra</w><w n="126">mā</w><w n="127">rtha</w><w n="128">tva</w><w n="129"></w><w n="130">vi</w><w n="131">cā</w><w n="132" lemma="re">re </w><w n="133"></w><w n="134">kiṃ</w><w n="135">ci</w><w n="136" lemma="ta">d a</w><w n="137">ta</w><w n="138" lemma="tvaṃ">tvaṃ </w><w n="139">vya</w><w n="140">va</w><w n="141">ti</w><w n="142">ṣṭa</w><w n="143" lemma="te">te </w><w n="144">ta</w><w n="145" lemma="tvaṃ">tvam </w><w n="146">e</w><w n="147" lemma="va">va </w><w n="148">ya</w><w n="149">thā</w><w n="150">pra</w><w n="151">ti</w><w n="152">bhā</w><w n="153" lemma="saṃ">saṃ </w><w n="154">bhe</w><w n="155">de</w><w n="156" lemma="na">na </w><w n="157">ca</w><w n="158"></w><w n="159">kā</w><w n="160">sa</w><w n="161" lemma="ta">d a</w><w n="162"></w><w n="163">vi</w><w n="164">cā</w><w n="165">ri</w><w n="166">ta</w><w n="167">ra</w><w n="168">ma</w><w n="169">ṇā</w><w n="170" lemma="yaṃ">yaṃ </w><w n="171">pra</w><w n="172">paṃ</w><w n="173" lemma="co">co </w><w n="174">ta</w><w n="175" lemma="tvaṃ">tvam </w><w n="176">i</w><w n="177" lemma="ti">ti </w><w n="178">vya</w><w n="179">va</w><w n="180">hri</w><w n="181">ya</w><w n="182" lemma="ta">ta </w><w n="183">i</w><w n="184" lemma="ti">ti </w><w n="185">bra</w><w n="186">hma</w><w n="187">vi</w><w n="188" lemma="daḥ">daḥ </w><w n="189">ta</w><w n="190" lemma="thā">thā </w><w n="191"></w><w n="192"></w><w n="193">cā</w><w n="194"></w><w n="195"></w><w n="196"></w><w n="197"></w><w n="198"></w><w n="199"></w><w n="200"></w><w n="201"></w><w n="202">vi</w><w n="203">cā</w><w n="204">ri</w><w n="205">ta</w><w n="206">ra</w><w n="207">ma</w><w n="208">ṇī</w><w n="209" lemma="yaṃ">yaṃ </w><w n="210">pa</w><w n="211">rā</w><w n="212"></w><w n="213"></w><w n="214">kṣa</w><w n="215" lemma="yā">yā </w><w n="216">vya</w><w n="217">va</w><w n="218">sthi</w><w n="219"></w><w n="220" lemma="taṃ">taṃ </w><w n="221">ta</w><w n="222" lemma="tvaṃ">tvam </w><w n="223">e</w><w n="224">vā</w><w n="225" lemma="bhiṃ">bhin</w><w n="226" lemma="naṃ">naṃ </w><w n="227">tī</w><w n="228">rthi</w><w n="229" lemma="kā">kā </w><w n="230"></w><w n="231">bhe</w><w n="232">da</w><w n="233">da</w><w n="234">rśa</w><w n="235">na</w><w n="236">vya</w><w n="237">va</w><w n="238">sthi</w><w n="239" lemma="tā">tā </w><w n="240">bhe</w><w n="241">dā</w><w n="242">tma</w><w n="243" lemma="kaṃ">kam </w><w n="244">a</w><w n="245">ta</w><w n="246" lemma="tvaṃ">tvaṃ </w><w n="247">ma</w><w n="248">nyaṃ</w><w n="249" lemma="ta">ta </w><w n="250">i</w><w n="251" lemma="ti">ti </w><w n="252">vi</w><w n="253">cā</w><w n="254">re</w><w n="255" lemma="ṇa">ṇa </w><w n="256">bra</w><w n="257">hmai</w><w n="258" lemma="va">va </w><w n="259"></w><w n="260">vi</w><w n="261">la</w><w n="262" lemma="ye">ye </w><w n="263">bra</w><w n="264">hmai</w><w n="265">ka</w><w n="266">ni</w><w n="267">ṣṭa</w><w n="268" lemma="tā">tā </w><w n="269"></w><w n="270">da</w><w n="271">rśa</w><w n="272"></w><w n="273" lemma="naṃ">naṃ </w><w n="274">ta</w><w n="275" lemma="tu">d u</w><w n="276" lemma="ktaṃ">ktaṃ </w><w n="277">sa</w><w n="278" lemma="tyā">tyā </w><w n="279">vi</w><w n="280">śu</w><w n="281" lemma="dhiḥ">ddhis </w><w n="282">ta</w><w n="283">tro</w><w n="284" lemma="ktā">ktā </w><w n="285">vi</w><w n="286">dyai</w><w n="287">ve</w><w n="288">tyā</w><w n="289" lemma="di">di </w>
</text></TEI>
<TEI n="K">
<text>
<w n="0">ta</w><w n="1" lemma="tra">tra </w><w n="2" lemma="ca">ca </w><w n="3" lemma="yaḥ">yo </w><w n="4" lemma="yaṃ">yaṃ </w><w n="5">praṃ</w><w n="6">kā</w><w n="7" lemma="śaḥ">śaḥ </w><w n="8" lemma="sa">sa </w><w n="9">vi</w><w n="10" lemma="dyā">dyā </w><w n="11">a</w><w n="12">pra</w><w n="13">kā</w><w n="14" lemma="śaḥ">śas </w><w n="15" lemma="tu">tu </w><w n="16">ta</w><w n="17" lemma="maḥ">mo </w><w n="18">vi</w><w n="19" lemma="dyā">dyā </w><w n="20" lemma="na">na </w><w n="21" lemma="ca">ca </w><w n="22">pra</w><w n="23">kā</w><w n="24">śā</w><w n="25">bhā</w><w n="26" lemma="vo">vo </w><w n="27">pra</w><w n="28">kā</w><w n="29" lemma="śaḥ">śo </w><w n="30">nā</w><w n="31" lemma="ma">ma </w><w n="32">ka</w><w n="33">ści</w><w n="34" lemma="tpra">t pra</w><w n="35">mā</w><w n="36">ṇa</w><w n="37">si</w><w n="38" lemma="dhaḥ">ddho </w><w n="39">ni</w><w n="40">rū</w><w n="41" lemma="pyaḥ">pyaḥ </w><w n="42">ta</w><w n="43" lemma="taḥ">taś </w><w n="44" lemma="ca">ca </w><w n="45" lemma="yaḥ">yo </w><w n="46" lemma="yaṃ">yaṃ </w><w n="47">bhe</w><w n="48">da</w><w n="49">pra</w><w n="50">kā</w><w n="51" lemma="śaḥ">śaḥ </w><w n="52">sai</w><w n="53"></w><w n="54">vai</w><w n="55">ka</w><w n="56">ghā</w><w n="57"></w><w n="58">na</w><w n="59">pra</w><w n="60">kā</w><w n="61">śā</w><w n="62"></w><w n="63">bhā</w><w n="64" lemma="vaḥ">vaḥ </w><w n="65">pra</w><w n="66">kā</w><w n="67">śa</w><w n="68">vi</w><w n="69">che</w><w n="70" lemma="daḥ">do </w><w n="71">vi</w><w n="72" lemma="dyā">dyā </w><w n="73">ta</w><w n="74" lemma="tra">tra </w><w n="75" lemma="ca">ca </w><w n="76">vi</w><w n="77"></w><w n="78"></w><w n="79"></w><w n="80" lemma="chiṃ">chin</w><w n="81">nā</w><w n="82">nva</w><w n="83" lemma="yaḥ">yo </w><w n="84">va</w><w n="85">che</w><w n="86" lemma="daḥ">do </w><w n="87">va</w><w n="88">dhā</w><w n="89">rya</w><w n="90" lemma="te">te </w><w n="91">i</w><w n="92" lemma="ti">ti </w><w n="93">vi</w><w n="94" lemma="chiṃ">chin</w><w n="95"></w><w n="96">na</w><w n="97">pra</w><w n="98">kā</w><w n="99" lemma="śaḥ">śaḥ </w><w n="100">sa</w><w n="101" lemma="tyaḥ">tyo </w><w n="102">vi</w><w n="103">dyai</w><w n="104" lemma="va">va </w><w n="105">vi</w><w n="106">che</w><w n="107">da</w><w n="108">mā</w><w n="109" lemma="traṃ">traṃ </w><w n="110" lemma="tva">tv a</w><w n="111">pra</w><w n="112">dhā</w><w n="113">na</w><w n="114">sva</w><w n="115">bhā</w><w n="116" lemma="vaṃ">vaṃ </w><w n="117" lemma="na">na </w><w n="118">kiṃ</w><w n="119">ci</w><w n="120" lemma="ta">d a</w><w n="121">vi</w><w n="122">dye</w><w n="123" lemma="ti">ti </w><w n="124">pa</w><w n="125">ra</w><w n="126">mā</w><w n="127">rtha</w><w n="128">tva</w><w n="129"></w><w n="130">vi</w><w n="131">cā</w><w n="132" lemma="re">re </w><w n="133"></w><w n="134">kiṃ</w><w n="135">ci</w><w n="136" lemma="ta">d a</w><w n="137">ta</w><w n="138" lemma="tvaṃ">tvaṃ </w><w n="139">vya</w><w n="140">va</w><w n="141">ti</w><w n="142">ṣṭa</w><w n="143" lemma="te">te </w><w n="144">ta</w><w n="145" lemma="tvaṃ">tvam </w><w n="146">e</w><w n="147" lemma="va">va </w><w n="148">ya</w><w n="149">thā</w><w n="150">pra</w><w n="151">ti</w><w n="152">bhā</w><w n="153" lemma="saṃ">saṃ </w><w n="154">bhe</w><w n="155">de</w><w n="156" lemma="na">na </w><w n="157">ca</w><w n="158"></w><w n="159">kā</w><w n="160">sa</w><w n="161" lemma="ta">d a</w><w n="162"></w><w n="163">vi</w><w n="164">cā</w><w n="165">ri</w><w n="166">ta</w><w n="167">ra</w><w n="168">ma</w><w n="169">ṇā</w><w n="170" lemma="yaṃ">yaṃ </w><w n="171">pra</w><w n="172">paṃ</w><w n="173" lemma="co">co </w><w n="174">ta</w><w n="175" lemma="tvaṃ">tvam </w><w n="176">i</w><w n="177" lemma="ti">ti </w><w n="178">vya</w><w n="179">va</w><w n="180">hri</w><w n="181">ya</w><w n="182" lemma="ta">ta </w><w n="183">i</w><w n="184" lemma="ti">ti </w><w n="185">bra</w><w n="186">hma</w><w n="187">vi</w><w n="188" lemma="daḥ">daḥ </w><w n="189">ta</w><w n="190" lemma="thā">thā </w><w n="191"></w><w n="192"></w><w n="193">cā</w><w n="194"></w><w n="195"></w><w n="196"></w><w n="197"></w><w n="198"></w><w n="199"></w><w n="200"></w><w n="201"></w><w n="202">vi</w><w n="203">cā</w><w n="204">ri</w><w n="205">ta</w><w n="206">ra</w><w n="207">ma</w><w n="208">ṇī</w><w n="209" lemma="yaṃ">yaṃ </w><w n="210">pa</w><w n="211">rā</w><w n="212"></w><w n="213"></w><w n="214">kṣa</w><w n="215" lemma="yā">yā </w><w n="216">vya</w><w n="217">va</w><w n="218">sthi</w><w n="219"></w><w n="220" lemma="taṃ">taṃ </w><w n="221">ta</w><w n="222" lemma="tvaṃ">tvam </w><w n="223">e</w><w n="224">vā</w><w n="225" lemma="bhiṃ">bhin</w><w n="226" lemma="naṃ">naṃ </w><w n="227">tī</w><w n="228">rthi</w><w n="229" lemma="kā">kā </w><w n="230"></w><w n="231">bhe</w><w n="232">da</w><w n="233">da</w><w n="234">rśa</w><w n="235">na</w><w n="236">vya</w><w n="237">va</w><w n="238">sthi</w><w n="239" lemma="tā">tā </w><w n="240">bhe</w><w n="241">dā</w><w n="242">tma</w><w n="243" lemma="kaṃ">kam </w><w n="244">a</w><w n="245">ta</w><w n="246" lemma="tvaṃ">tvaṃ </w><w n="247">ma</w><w n="248">nyaṃ</w><w n="249" lemma="ta">ta </w><w n="250">i</w><w n="251" lemma="ti">ti </w><w n="252">vi</w><w n="253">cā</w><w n="254">re</w><w n="255" lemma="ṇa">ṇa </w><w n="256"></w><w n="257"></w><w n="258">vi</w><w n="259">dyā</w><w n="260">vi</w><w n="261">la</w><w n="262" lemma="ye">ye </w><w n="263">bra</w><w n="264">hmai</w><w n="265">ka</w><w n="266">ni</w><w n="267">ṣṭa</w><w n="268" lemma="tā">tā </w><w n="269"></w><w n="270">da</w><w n="271">rśa</w><w n="272"></w><w n="273" lemma="naṃ">naṃ | </w><w n="274">ta</w><w n="275" lemma="tu">d u</w><w n="276" lemma="ktaṃ">ktaṃ </w><w n="277">sa</w><w n="278" lemma="tyā">tyā </w><w n="279">vi</w><w n="280">śu</w><w n="281" lemma="dhiḥ">ddhis </w><w n="282">ta</w><w n="283">tro</w><w n="284" lemma="ktā">ktā </w><w n="285">vi</w><w n="286">dyai</w><w n="287">ve</w><w n="288">tyā</w><w n="289" lemma="di">di | </w>
</text></TEI>
<TEI n="D">
<text>
<w n="0">ta</w><w n="1" lemma="tra">tra </w><w n="2" lemma="ca">ca </w><w n="3" lemma="yaḥ">yo </w><w n="4" lemma="yaṃ">yaṃ </w><w n="5">pra</w><w n="6">kā</w><w n="7" lemma="śaḥ">śaḥ </w><w n="8" lemma="sa">sa </w><w n="9">vi</w><w n="10" lemma="dyā">dyā </w><w n="11">a</w><w n="12">pra</w><w n="13">kā</w><w n="14" lemma="śaḥ">śas </w><w n="15" lemma="tu">tu </w><w n="16">ta</w><w n="17" lemma="maḥ">mo '</w><w n="18">vi</w><w n="19" lemma="dyā">dyā </w><w n="20" lemma="na">na </w><w n="21" lemma="ca">ca </w><w n="22">pra</w><w n="23">kā</w><w n="24">śā</w><w n="25">bhā</w><w n="26" lemma="vo">vo </w><w n="27">pra</w><w n="28">kā</w><w n="29" lemma="śaḥ">śo </w><w n="30">nā</w><w n="31" lemma="ma">ma </w><w n="32">ka</w><w n="33">ści</w><w n="34" lemma="tpra">t pra</w><w n="35">mā</w><w n="36">ṇa</w><w n="37">si</w><w n="38" lemma="dhaḥ">ddho </w><w n="39">ni</w><w n="40">rū</w><w n="41" lemma="pyaḥ">pyaḥ | </w><w n="42">ta</w><w n="43" lemma="taḥ">taś </w><w n="44" lemma="ca">ca </w><w n="45" lemma="yaḥ">yo </w><w n="46" lemma="yaṃ">yaṃ </w><w n="47">bhe</w><w n="48">da</w><w n="49">pra</w><w n="50">kā</w><w n="51" lemma="śaḥ">śaḥ </w><w n="52">sai</w><w n="53"></w><w n="54">vai</w><w n="55">ka</w><w n="56">gha</w><w n="57"></w><w n="58">na</w><w n="59">pra</w><w n="60">kā</w><w n="61">śā</w><w n="62"></w><w n="63">bhā</w><w n="64" lemma="vaḥ">vaḥ </w><w n="65">pra</w><w n="66">kā</w><w n="67">śa</w><w n="68">vi</w><w n="69">che</w><w n="70" lemma="daḥ">do '</w><w n="71">vi</w><w n="72" lemma="dyā">dyā </w><w n="73">ta</w><w n="74" lemma="tra">tra </w><w n="75" lemma="ca">ca </w><w n="76">vi</w><w n="77"></w><w n="78"></w><w n="79"></w><w n="80" lemma="chiṃ">chin</w><w n="81">nā</w><w n="82">nva</w><w n="83" lemma="yaḥ">yo </w><w n="84">va</w><w n="85">che</w><w n="86" lemma="daḥ">do </w><w n="87">va</w><w n="88">dhā</w><w n="89">rya</w><w n="90" lemma="te">te </w><w n="91">i</w><w n="92" lemma="ti">ti </w><w n="93">vi</w><w n="94" lemma="chiṃ">chin</w><w n="95"></w><w n="96">na</w><w n="97">pra</w><w n="98">kā</w><w n="99" lemma="śaḥ">śaḥ </w><w n="100">sa</w><w n="101" lemma="tyaḥ">tyo </w><w n="102">vi</w><w n="103">dyai</w><w n="104" lemma="va">va </w><w n="105">vi</w><w n="106">che</w><w n="107">da</w><w n="108">mā</w><w n="109" lemma="traṃ">traṃ </w><w n="110" lemma="tva">tv a</w><w n="111">pra</w><w n="112">dhā</w><w n="113">na</w><w n="114">sva</w><w n="115">bhā</w><w n="116" lemma="vaṃ">vaṃ </w><w n="117" lemma="na">na </w><w n="118">kiṃ</w><w n="119">ci</w><w n="120" lemma="ta">d a</w><w n="121">vi</w><w n="122">dye</w><w n="123" lemma="ti">ti </w><w n="124">pa</w><w n="125">ra</w><w n="126">mā</w><w n="127">rtha</w><w n="128">tva</w><w n="129"></w><w n="130">vi</w><w n="131">cā</w><w n="132" lemma="re">re </w><w n="133"></w><w n="134">kiṃ</w><w n="135">ci</w><w n="136" lemma="ta">d a</w><w n="137">ta</w><w n="138" lemma="tvaṃ">ttvaṃ </w><w n="139">vya</w><w n="140">va</w><w n="141">ti</w><w n="142">ṣṭha</w><w n="143" lemma="te">te </w><w n="144">ta</w><w n="145" lemma="tvaṃ">tvam </w><w n="146">e</w><w n="147" lemma="va">va </w><w n="148">ya</w><w n="149">thā</w><w n="150">pra</w><w n="151">ti</w><w n="152">bhā</w><w n="153" lemma="saṃ">saṃ </w><w n="154">bhe</w><w n="155">de</w><w n="156" lemma="na">na </w><w n="157">ca</w><w n="158"></w><w n="159">kā</w><w n="160">sa</w><w n="161" lemma="ta">d a</w><w n="162"></w><w n="163">vi</w><w n="164">cā</w><w n="165">ri</w><w n="166">ta</w><w n="167">ra</w><w n="168">ma</w><w n="169">ṇī</w><w n="170" lemma="yaṃ">yaṃ </w><w n="171">pra</w><w n="172">paṃ</w><w n="173" lemma="co">co </w><w n="174">ta</w><w n="175" lemma="tvaṃ">tvam </w><w n="176">i</w><w n="177" lemma="ti">ti </w><w n="178">vya</w><w n="179">va</w><w n="180">hri</w><w n="181">ya</w><w n="182" lemma="ta">ta </w><w n="183">i</w><w n="184" lemma="ti">ti </w><w n="185">bra</w><w n="186">hma</w><w n="187">vi</w><w n="188" lemma="daḥ">daḥ </w><w n="189">ta</w><w n="190" lemma="thā">thā </w><w n="191"></w><w n="192"></w><w n="193">cā</w><w n="194"></w><w n="195"></w><w n="196"></w><w n="197"></w><w n="198"></w><w n="199"></w><w n="200"></w><w n="201"></w><w n="202">vi</w><w n="203">cā</w><w n="204">ri</w><w n="205">ta</w><w n="206">ra</w><w n="207">ma</w><w n="208">ṇī</w><w n="209" lemma="yaṃ">yaṃ </w><w n="210">pa</w><w n="211">rī</w><w n="212"></w><w n="213"></w><w n="214">kṣa</w><w n="215" lemma="yā">yā </w><w n="216">vya</w><w n="217">va</w><w n="218">sthi</w><w n="219"></w><w n="220" lemma="taṃ">taṃ </w><w n="221">ta</w><w n="222" lemma="tvaṃ">tvam </w><w n="223">e</w><w n="224">vā</w><w n="225" lemma="bhiṃ">bhin</w><w n="226" lemma="naṃ">naṃ </w><w n="227">tī</w><w n="228">rthi</w><w n="229" lemma="kā">kā </w><w n="230"></w><w n="231">bhe</w><w n="232">da</w><w n="233">da</w><w n="234">rśa</w><w n="235">na</w><w n="236">vya</w><w n="237">va</w><w n="238">sthi</w><w n="239" lemma="tā">tā </w><w n="240">bhe</w><w n="241">dā</w><w n="242">tma</w><w n="243" lemma="kaṃ">kam </w><w n="244">a</w><w n="245">ta</w><w n="246" lemma="tvaṃ">tvaṃ </w><w n="247">ma</w><w n="248">nyaṃ</w><w n="249" lemma="ta">ta </w><w n="250">i</w><w n="251" lemma="ti">ti </w><w n="252">vi</w><w n="253">cā</w><w n="254">re</w><w n="255" lemma="ṇa">ṇa </w><w n="256"></w><w n="257"></w><w n="258">vi</w><w n="259">dyā</w><w n="260">vi</w><w n="261">la</w><w n="262" lemma="ye">ye </w><w n="263">bra</w><w n="264">hmai</w><w n="265">ka</w><w n="266">ni</w><w n="267">ṣṭha</w><w n="268" lemma="tā">tā </w><w n="269"></w><w n="270">da</w><w n="271">rśa</w><w n="272"></w><w n="273" lemma="naṃ">naṃ | </w><w n="274">ta</w><w n="275" lemma="tu">d u</w><w n="276" lemma="ktaṃ">ktaṃ </w><w n="277">sa</w><w n="278" lemma="tyā">tyā </w><w n="279">vi</w><w n="280">śu</w><w n="281" lemma="dhiḥ">ddhis </w><w n="282">ta</w><w n="283">tro</w><w n="284" lemma="ktā">ktā </w><w n="285">vi</w><w n="286">dyai</w><w n="287">ve</w><w n="288">tyā</w><w n="289" lemma="di">di </w>
</text></TEI>
</teiCorpus>
