<?xml version="1.0" encoding="UTF-8"?>
<teiCorpus xmlns="http://www.tei-c.org/ns/1.0">

<TEI n="GV">
<text>
<w n="0">nā</w><w n="1" lemma="pi">pi </w><w n="2">saṃ</w><w n="3">sa</w><w n="4">rgo</w><w n="5">pā</w><w n="6">dhi</w><w n="7" lemma="kaṃ">kaṃ | </w><w n="8"></w><w n="9"></w><w n="10"></w><w n="11"></w><w n="12"></w><w n="13"></w><w n="14" lemma="vā">vā </w><w n="15">ta</w><w n="16" lemma="taḥ">to </w><w n="17">dvi</w><w n="18">tī</w><w n="19">ya</w><w n="20" lemma="sya">sya </w><w n="21">pra</w><w n="22">mā</w><w n="23">ṇe</w><w n="24">nā</w><w n="25">nu</w><w n="26">pa</w><w n="27">pa</w><w n="28" lemma="teḥ">teḥ </w><w n="29">ku</w><w n="30" lemma="taḥ">to </w><w n="31" lemma="bhiṃ">bhin</w><w n="32">na</w><w n="33">vi</w><w n="34">bha</w><w n="35" lemma="ktaṃ">ktaṃ </w><w n="36" lemma="ca">ca </w><w n="37">ke</w><w n="38" lemma="na">na </w><w n="39" lemma="vā">vā </w><w n="40">vi</w><w n="41">sṛ</w><w n="42" lemma="ṣṭaṃ">ṣṭaṃ </w><w n="43">syā</w><w n="44" lemma="t">t | </w>
</text></TEI>
<TEI n="CT">
<text>
<w n="0">nā</w><w n="1" lemma="pi">pi </w><w n="2">saṃ</w><w n="3">sa</w><w n="4">rgo</w><w n="5">pā</w><w n="6">dhi</w><w n="7" lemma="kaṃ">kaṃ </w><w n="8">vi</w><w n="9">bhā</w><w n="10">go</w><w n="11">pā</w><w n="12">dhi</w><w n="13" lemma="kaṃ">kaṃ </w><w n="14" lemma="vā">vā </w><w n="15">ta</w><w n="16" lemma="taḥ">to </w><w n="17">dvi</w><w n="18">tī</w><w n="19">ya</w><w n="20" lemma="sya">sya </w><w n="21">pra</w><w n="22" lemma="mā">mā-</w><w n="23">ṇe</w><w n="24">nā</w><w n="25">nu</w><w n="26">pa</w><w n="27">pa</w><w n="28" lemma="teḥ">tteḥ | </w><w n="29">ku</w><w n="30" lemma="taḥ">to </w><w n="31" lemma="bhiṃ">bhin</w><w n="32" lemma="naṃ">naṃ </w><w n="33">vi</w><w n="34">bha</w><w n="35" lemma="ktaṃ">ktaṃ </w><w n="36" lemma="ca">ca </w><w n="37">ke</w><w n="38" lemma="na">na </w><w n="39" lemma="vā">vā </w><w n="40">saṃ</w><w n="41">sṛ</w><w n="42" lemma="ṣṭaḥ">ṣṭaḥ </w><w n="43">syā</w><w n="44" lemma="t">t | </w>
</text></TEI>
<TEI n="T">
<text>
<w n="0">nā</w><w n="1" lemma="pi">pi </w><w n="2">saṃ</w><w n="3">sa</w><w n="4" lemma="rgo">rggo</w><w n="5">pā</w><w n="6">dhi</w><w n="7" lemma="kaṃ">kaṃ </w><w n="8">vi</w><w n="9">bhā</w><w n="10">go</w><w n="11">pā</w><w n="12">dhi</w><w n="13" lemma="kaṃ">kaṃ </w><w n="14" lemma="vā">vā </w><w n="15">ta</w><w n="16" lemma="taḥ">to </w><w n="17">dvi</w><w n="18">tī</w><w n="19">ya</w><w n="20" lemma="sya">sya </w><w n="21">pra</w><w n="22">mā</w><w n="23">ṇe</w><w n="24">nā</w><w n="25">nu</w><w n="26">pa</w><w n="27">pa</w><w n="28" lemma="teḥ">tteḥ </w><w n="29">ku</w><w n="30" lemma="taḥ">to </w><w n="31" lemma="bhiṃ">bhin</w><w n="32" lemma="naṃ">naṃ </w><w n="33">vi</w><w n="34">bha</w><w n="35" lemma="ktaṃ">ktañ </w><w n="36" lemma="ca">ca </w><w n="37">ke</w><w n="38" lemma="na">na </w><w n="39" lemma="vā">vā </w><w n="40">saṃ</w><w n="41">sṛ</w><w n="42" lemma="ṣṭaṃ">ṣṭaṃ </w><w n="43">syā</w><w n="44" lemma="t">t_ </w>
</text></TEI>
<TEI n="H">
<text>
<w n="0">nā</w><w n="1" lemma="pi">pi </w><w n="2">saṃ</w><w n="3">sa</w><w n="4">rgo</w><w n="5">pā</w><w n="6">dhi</w><w n="7" lemma="kaṃ">kaṃ </w><w n="8">vi</w><w n="9">bhā</w><w n="10">go</w><w n="11">pā</w><w n="12">dhi</w><w n="13" lemma="kaṃ">kaṃ </w><w n="14" lemma="vā">vā </w><w n="15">ta</w><w n="16" lemma="taḥ">to </w><w n="17">dvi</w><w n="18">tī</w><w n="19">ya</w><w n="20" lemma="sya">sya </w><w n="21">pra</w><w n="22">mā</w><w n="23">ṇe</w><w n="24">nā</w><w n="25">nu</w><w n="26">pa</w><w n="27">pa</w><w n="28" lemma="teḥ">tteḥ </w><w n="29">ku</w><w n="30" lemma="taḥ">to </w><w n="31" lemma="bhiṃ">bhin</w><w n="32" lemma="naṃ">naṃ </w><w n="33">vi</w><w n="34">bha</w><w n="35" lemma="ktaṃ">ktaṃ </w><w n="36" lemma="ca">ca </w><w n="37">ke</w><w n="38" lemma="na">na </w><w n="39" lemma="vā">vā </w><w n="40">saṃ</w><w n="41">sṛ</w><w n="42" lemma="ṣṭaṃ">ṣṭaṃ </w><w n="43">syā</w><w n="44" lemma="t">t </w>
</text></TEI>
<TEI n="P">
<text>
<w n="0">nā</w><w n="1" lemma="pi">pi </w><w n="2">saṃ</w><w n="3">sa</w><w n="4">rgo</w><w n="5">pā</w><w n="6">dhi</w><w n="7" lemma="kaṃ">kaṃ </w><w n="8"></w><w n="9"></w><w n="10"></w><w n="11"></w><w n="12"></w><w n="13"></w><w n="14" lemma="vā">vā </w><w n="15">ta</w><w n="16" lemma="taḥ">to </w><w n="17">dvi</w><w n="18">tī</w><w n="19">ya</w><w n="20" lemma="sya">sya </w><w n="21">pra</w><w n="22" lemma="mā">mā&#166;</w><w n="23">ṇe</w><w n="24">nā</w><w n="25">nu</w><w n="26">pa</w><w n="27">pa</w><w n="28" lemma="teḥ">teḥ </w><w n="29">ku</w><w n="30" lemma="taḥ">to </w><w n="31" lemma="bhiṃ">bhin</w><w n="32">na</w><w n="33">vi</w><w n="34">bha</w><w n="35" lemma="ktaṃ">ktaṃ </w><w n="36" lemma="ca">ca </w><w n="37">ke</w><w n="38" lemma="na">na </w><w n="39" lemma="vā">vā </w><w n="40">vi</w><w n="41">sṛ</w><w n="42" lemma="ṣṭaṃ">ṣṭaṃ </w><w n="43">syā</w><w n="44" lemma="t">t </w>
</text></TEI>
<TEI n="M">
<text>
<w n="0">nā</w><w n="1" lemma="pi">pi </w><w n="2">saṃ</w><w n="3">sa</w><w n="4">rgo</w><w n="5">pā</w><w n="6">dhi</w><w n="7" lemma="kaṃ">kaṃ | </w><w n="8"></w><w n="9"></w><w n="10"></w><w n="11"></w><w n="12"></w><w n="13"></w><w n="14" lemma="vā">vā | </w><w n="15">ta</w><w n="16" lemma="taḥ">to </w><w n="17">dvi</w><w n="18">tī</w><w n="19">ya</w><w n="20" lemma="sya">sya </w><w n="21">pra</w><w n="22">mā</w><w n="23">ṇe</w><w n="24">nā</w><w n="25">nu</w><w n="26">pa</w><w n="27">pa</w><w n="28" lemma="teḥ">tteḥ | </w><w n="29">ku</w><w n="30" lemma="taḥ">to </w><w n="31" lemma="bhiṃ">bhin</w><w n="32" lemma="naṃ">naṃ </w><w n="33">vi</w><w n="34">bha</w><w n="35" lemma="ktaṃ">ktaṃ </w><w n="36" lemma="ca">ca </w><w n="37">ke</w><w n="38" lemma="na">na </w><w n="39" lemma="vā">vā </w><w n="40">vi</w><w n="41">sṛ</w><w n="42" lemma="ṣṭaṃ">ṣṭaṃ </w><w n="43">syā</w><w n="44" lemma="t">t |</w>
</text></TEI>
<TEI n="G2">
<text>
<w n="0">nā</w><w n="1" lemma="pi">pi </w><w n="2">saṃ</w><w n="3">sa</w><w n="4">rgo</w><w n="5">pā</w><w n="6">dhi</w><w n="7" lemma="kaṃ">kaṃ </w><w n="8">vi</w><w n="9">bhā</w><w n="10">go</w><w n="11">pā</w><w n="12">dhi</w><w n="13" lemma="kaṃ">kaṃ </w><w n="14" lemma="vā">vā </w><w n="15">ta</w><w n="16" lemma="taḥ">to </w><w n="17">dvi</w><w n="18">tī</w><w n="19">vya</w><w n="20" lemma="sya">sya </w><w n="21">pra</w><w n="22">mā</w><w n="23">ṇe</w><w n="24">nā</w><w n="25">nu</w><w n="26">pa</w><w n="27">pa</w><w n="28" lemma="teḥ">tteḥ || </w><w n="29">ku</w><w n="30" lemma="taḥ">to </w><w n="31" lemma="bhiṃ">bhin</w><w n="32" lemma="naṃ">naṃ </w><w n="33">vi</w><w n="34" lemma="ta">tta</w><w n="35" lemma="ktaṃ">ktaṃ </w><w n="36">ve</w><w n="37" lemma="tkeṃ">t keṃ</w><w n="38" lemma="na">na </w><w n="39" lemma="vā">vā </w><w n="40">saṃ</w><w n="41">sṛ</w><w n="42" lemma="ṣṭaṃ">ṣṭaṃ </w><w n="43">syā</w><w n="44" lemma="t">t </w>
</text></TEI>
<TEI n="G1">
<text>
<w n="0">nā</w><w n="1" lemma="pi">pi </w><w n="2">saṃ</w><w n="3">sa</w><w n="4">rgo</w><w n="5">pā</w><w n="6">dhi</w><w n="7" lemma="kaṃ">kaṃ </w><w n="8">vi</w><w n="9">bhā</w><w n="10">go</w><w n="11">pā</w><w n="12">dhi</w><w n="13" lemma="kaṃ">kaṃ </w><w n="14" lemma="vā">vā </w><w n="15">ta</w><w n="16" lemma="taḥ">to </w><w n="17">dvi</w><w n="18">tī</w><w n="19">vya</w><w n="20" lemma="sya">sya </w><w n="21">pra</w><w n="22">mā</w><w n="23">ṇe</w><w n="24">nā</w><w n="25">nu</w><w n="26">pa</w><w n="27">pa</w><w n="28" lemma="teḥ">tteḥ || </w><w n="29">ku</w><w n="30" lemma="taḥ">to </w><w n="31" lemma="bhiṃ">bhin</w><w n="32" lemma="naṃ">naṃ </w><w n="33">vi</w><w n="34" lemma="ta">tta</w><w n="35" lemma="ktaṃ">ktaṃ </w><w n="36">ve</w><w n="37" lemma="tkeṃ">t keṃ</w><w n="38" lemma="na">na </w><w n="39" lemma="vā">vā </w><w n="40">saṃ</w><w n="41">sṛ</w><w n="42" lemma="ṣṭaṃ">ṣṭaṃ </w><w n="43">syā</w><w n="44" lemma="t">t </w>
</text></TEI>
<TEI n="L">
<text>
<w n="0">nā</w><w n="1" lemma="pi">pi </w><w n="2">saṃ</w><w n="3">sa</w><w n="4">rgo</w><w n="5">pā</w><w n="6">dhi</w><w n="7" lemma="kaṃ">kaṃ </w><w n="8">vi</w><w n="9">bhā</w><w n="10">go</w><w n="11">pā</w><w n="12">dhi</w><w n="13" lemma="kaṃ">kaṃ </w><w n="14" lemma="vā">vā </w><w n="15">ta</w><w n="16" lemma="taḥ">to </w><w n="17">dvi</w><w n="18">tī</w><w n="19">ya</w><w n="20" lemma="sya">sya </w><w n="21">pra</w><w n="22">mā</w><w n="23">ṇe</w><w n="24">nā</w><w n="25">nu</w><w n="26">pa</w><w n="27">pa</w><w n="28" lemma="teḥ">tteḥ || </w><w n="29">ku</w><w n="30" lemma="taḥ">to </w><w n="31" lemma="bhiṃ">bhin</w><w n="32" lemma="naṃ">naṃ </w><w n="33">vi</w><w n="34">bha</w><w n="35" lemma="ktaṃ">ktaṃ </w><w n="36" lemma="ca">ca </w><w n="37">ke</w><w n="38" lemma="na">na </w><w n="39" lemma="vā">vā </w><w n="40">saṃ</w><w n="41">sṛ</w><w n="42" lemma="ṣṭaṃ">ṣṭaṃ </w><w n="43">syā</w><w n="44" lemma="t">t </w>
</text></TEI>
<TEI n="O">
<text>
<w n="0">nā</w><w n="1" lemma="pi">pi </w><w n="2">saṃ</w><w n="3">sa</w><w n="4">rgo</w><w n="5">pā</w><w n="6">dhi</w><w n="7" lemma="kaṃ">kaṃ </w><w n="8">vi</w><w n="9">bhā</w><w n="10">go</w><w n="11">pā</w><w n="12">dhi</w><w n="13" lemma="kaṃ">kaṃ </w><w n="14" lemma="vā">vā </w><w n="15">ta</w><w n="16" lemma="taḥ">to </w><w n="17">dvi</w><w n="18">tī</w><w n="19">ya</w><w n="20" lemma="sya">sya </w><w n="21">pra</w><w n="22">mā</w><w n="23">ṇe</w><w n="24">nā</w><w n="25">nu</w><w n="26">pa</w><w n="27">pa</w><w n="28" lemma="teḥ">tteḥ </w><w n="29">ku</w><w n="30" lemma="taḥ">to </w><w n="31" lemma="bhiṃ">bhin</w><w n="32" lemma="naṃ">naṃ </w><w n="33">vi</w><w n="34">vi</w><w n="35" lemma="ktaṃ">ktaṃ </w><w n="36" lemma="ca">ca </w><w n="37">ke</w><w n="38" lemma="na">na </w><w n="39" lemma="vā">vā </w><w n="40">saṃ</w><w n="41">sṛ</w><w n="42" lemma="ṣṭaṃ">ṣṭaṃ </w><w n="43">syā</w><w n="44" lemma="t">t </w>
</text></TEI>
<TEI n="A">
<text>
<w n="0">nā</w><w n="1" lemma="pi">pi </w><w n="2">saṃ</w><w n="3">sa</w><w n="4">rgo</w><w n="5">pā</w><w n="6">dhiṃ</w><w n="7" lemma="kaṃ">kaṃ </w><w n="8">vi</w><w n="9">bhā</w><w n="10">go</w><w n="11">pā</w><w n="12">dhi</w><w n="13" lemma="kaṃ">kaṃ </w><w n="14" lemma="vā">vā </w><w n="15">ta</w><w n="16" lemma="taḥ">to </w><w n="17">dvi</w><w n="18">tī</w><w n="19">ya</w><w n="20" lemma="sya">sya </w><w n="21">pra</w><w n="22">mā</w><w n="23">ṇe</w><w n="24">nā</w><w n="25">nu</w><w n="26">pa</w><w n="27">pa</w><w n="28" lemma="teḥ">tteḥ </w><w n="29">ku</w><w n="30" lemma="taḥ">to </w><w n="31" lemma="bhiṃ">bhin</w><w n="32" lemma="naṃ">naṃ </w><w n="33">vi</w><w n="34">bha</w><w n="35" lemma="ktaṃ">ktaṃ </w><w n="36" lemma="ca">ca </w><w n="37">ke</w><w n="38" lemma="na">na </w><w n="39" lemma="vā">vā </w><w n="40">saṃ</w><w n="41">sṛ</w><w n="42" lemma="ṣṭaṃ">ṣṭaṃ </w><w n="43">syā</w><w n="44" lemma="t">t </w>
</text></TEI>
<TEI n="V">
<text>
<w n="0">nā</w><w n="1" lemma="pi">pi </w><w n="2">saṃ</w><w n="3">sa</w><w n="4">rgo</w><w n="5">pā</w><w n="6">dhi</w><w n="7" lemma="kaṃ">kaṃ </w><w n="8"></w><w n="9"></w><w n="10"></w><w n="11"></w><w n="12"></w><w n="13"></w><w n="14" lemma="vā">vā </w><w n="15">ta</w><w n="16" lemma="taḥ">to </w><w n="17">dvi</w><w n="18">tī</w><w n="19">ya</w><w n="20" lemma="sya">sya </w><w n="21">kra</w><w n="22">mā</w><w n="23">ṇe</w><w n="24">nā</w><w n="25">nu</w><w n="26">pa</w><w n="27">pa</w><w n="28" lemma="teḥ">tteḥ </w><w n="29">ku</w><w n="30" lemma="taḥ">to </w><w n="31" lemma="bhiṃ">bhin</w><w n="32" lemma="naṃ">naṃ </w><w n="33">vi</w><w n="34">bha</w><w n="35" lemma="ktaṃ">ktaṃ </w><w n="36" lemma="ca">ca </w><w n="37">ke</w><w n="38" lemma="na">na </w><w n="39" lemma="vā">vā </w><w n="40">saṃ</w><w n="41">sṛ</w><w n="42" lemma="ṣṭaṃ">ṣṭaṃ </w><w n="43">syā</w><w n="44" lemma="t">t </w>
</text></TEI>
<TEI n="K">
<text>
<w n="0">nā</w><w n="1" lemma="pi">pi </w><w n="2">saṃ</w><w n="3">sa</w><w n="4">rgo</w><w n="5">pā</w><w n="6">dhi</w><w n="7" lemma="kaṃ">kaṃ </w><w n="8"></w><w n="9"></w><w n="10"></w><w n="11"></w><w n="12"></w><w n="13"></w><w n="14" lemma="vā">vā </w><w n="15">ta</w><w n="16" lemma="taḥ">to </w><w n="17">dvi</w><w n="18">tī</w><w n="19">ya</w><w n="20" lemma="sya">sya </w><w n="21">kra</w><w n="22">mā</w><w n="23">ṇe</w><w n="24">nā</w><w n="25">nu</w><w n="26">pa</w><w n="27">pa</w><w n="28" lemma="teḥ">tteḥ </w><w n="29">ku</w><w n="30" lemma="taḥ">to </w><w n="31" lemma="bhiṃ">bhin</w><w n="32" lemma="naṃ">naṃ </w><w n="33">vi</w><w n="34">bha</w><w n="35" lemma="ktaṃ">ktaṃ </w><w n="36" lemma="ca">ca </w><w n="37">ke</w><w n="38" lemma="na">na </w><w n="39" lemma="vā">vā </w><w n="40">saṃ</w><w n="41">sṛ</w><w n="42" lemma="ṣṭaṃ">ṣṭaṃ </w><w n="43">syā</w><w n="44" lemma="t">t </w>
</text></TEI>
<TEI n="D">
<text>
<w n="0">nā</w><w n="1" lemma="pi">pi </w><w n="2">saṃ</w><w n="3">sa</w><w n="4">rgo</w><w n="5">pā</w><w n="6">dhi</w><w n="7" lemma="kaṃ">kaṃ </w><w n="8">vi</w><w n="9">bhā</w><w n="10">go</w><w n="11">pā</w><w n="12">dhi</w><w n="13" lemma="kaṃ">kaṃ </w><w n="14" lemma="vā">vā </w><w n="15">ta</w><w n="16" lemma="taḥ">to </w><w n="17">dvi</w><w n="18">tī</w><w n="19">ya</w><w n="20" lemma="sya">sya </w><w n="21">pra</w><w n="22">mā</w><w n="23">ṇe</w><w n="24">nā</w><w n="25">nu</w><w n="26">pa</w><w n="27">pa</w><w n="28" lemma="teḥ">tteḥ </w><w n="29">ku</w><w n="30" lemma="taḥ">to </w><w n="31" lemma="bhiṃ">bhin</w><w n="32" lemma="naṃ">naṃ </w><w n="33">vi</w><w n="34">bha</w><w n="35" lemma="ktaṃ">ktaṃ </w><w n="36" lemma="ca">ca </w><w n="37">ke</w><w n="38" lemma="na">na </w><w n="39" lemma="vā">vā </w><w n="40">saṃ</w><w n="41">sṛ</w><w n="42" lemma="ṣṭaṃ">ṣṭaṃ </w><w n="43">syā</w><w n="44" lemma="t">t </w>
</text></TEI>
</teiCorpus>
