<?xml version="1.0" encoding="UTF-8"?>
<teiCorpus xmlns="http://www.tei-c.org/ns/1.0">

<TEI n="GV">
<text>
<w n="0">pra</w><w n="1">yo</w><w n="2">ja</w><w n="3">na</w><w n="4">śa</w><w n="5">bde</w><w n="6" lemma="na">na </w><w n="7" lemma="ca">ca </w><w n="8">sa</w><w n="9">ma</w><w n="10">bhi</w><w n="11">kri</w><w n="12">yā</w><w n="13">pha</w><w n="14" lemma="la">la </w><w n="15">i</w><w n="16" lemma="ti">ti </w><w n="17">ni</w><w n="18">rde</w><w n="19" lemma="śa">śa </w><w n="20"></w><w n="21">i</w><w n="22" lemma="ti">ti </w><w n="23">sā</w><w n="24">dhyā</w><w n="25">sā</w><w n="26">dha</w><w n="27">na</w><w n="28">pha</w><w n="29">la</w><w n="30">rū</w><w n="31">pa</w><w n="32">ta</w><w n="33" lemma="yā">yā </w><w n="34">vi</w><w n="35">śva</w><w n="36">sa</w><w n="37">ka</w><w n="38">la</w><w n="39">nā</w><w n="40" lemma="yāṃ">yām </w><w n="41">a</w><w n="42">śe</w><w n="43">ṣa</w><w n="44">vi</w><w n="45">va</w><w n="46">rtā</w><w n="47">nu</w><w n="48">gu</w><w n="49" lemma="ṇyaṃ">ṇyaṃ | </w><w n="50">vra</w><w n="51">hma</w><w n="52" lemma="ṇa">ṇa </w><w n="53">pra</w><w n="54">ti</w><w n="55">pā</w><w n="56">di</w><w n="57">ta</w><w n="58">syai</w><w n="59"></w><w n="60"></w><w n="61"></w><w n="62">ka</w><w n="63" lemma="sya">sya </w><w n="64">sa</w><w n="65">rva</w><w n="66">bī</w><w n="67">ja</w><w n="68" lemma="sya">sya </w><w n="69"></w><w n="70"></w><w n="71">ce</w><w n="72" lemma="yaṃ">yam </w><w n="73">a</w><w n="74">ne</w><w n="75">ka</w><w n="76" lemma="dhā">dhā </w><w n="77">bho</w><w n="78">ktṛ</w><w n="79">bho</w><w n="80">kta</w><w n="81">vya</w><w n="82">rū</w><w n="83">pe</w><w n="84" lemma="ṇa">ṇa </w><w n="85">bho</w><w n="86">ga</w><w n="87">rū</w><w n="88">pe</w><w n="89" lemma="ṇa">ṇa </w><w n="90" lemma="ca">ca </w><w n="91">sthi</w><w n="92" lemma="tiḥ">tir </w><w n="93">i</w><w n="94" lemma="ti">ti </w><w n="95">vra</w><w n="96">hma</w><w n="97">kāṃ</w><w n="98" lemma="ḍe">ḍe </w><w n="99">pra</w><w n="100">ti</w><w n="101">pā</w><w n="102">di</w><w n="103" lemma="taṃ">taṃ | </w><w n="104">ta</w><w n="105">trai</w><w n="106" lemma="va">va </w><w n="107"></w><w n="108">sa</w><w n="109">ta</w><w n="110">tva</w><w n="111">ni</w><w n="112">rṇa</w><w n="113" lemma="yo">yo </w><w n="114">smā</w><w n="115" lemma="bhiḥ">bhir </w><w n="116">vya</w><w n="117">va</w><w n="118">dhā</w><w n="119" lemma="yi">yi | </w><w n="120">pra</w><w n="121">khyo</w><w n="122"></w><w n="123">yā</w><w n="124"></w><w n="125">tma</w><w n="126">ka</w><w n="127">tvā</w><w n="128"></w><w n="129" lemma="tvya">t | vya</w><w n="130">va</w><w n="131">hā</w><w n="132">ra</w><w n="133" lemma="sya">sya </w><w n="134">ni</w><w n="135" lemma="tye">tye </w><w n="136">śa</w><w n="137">vdā</w><w n="138">rtha</w><w n="139">saṃ</w><w n="140">baṃ</w><w n="141">dha</w><w n="142">rū</w><w n="143" lemma="paṃ">paṃ </w><w n="144"></w><w n="145">dṛ</w><w n="146">śya</w><w n="147">da</w><w n="148">rśa</w><w n="149" lemma="na">na </w><w n="150">ce</w><w n="151" lemma="ti">ti </w><w n="152">bhe</w><w n="153">de</w><w n="154">nā</w><w n="155" lemma="tra">tra </w><w n="156">ni</w><w n="157">rde</w><w n="158" lemma="śa">śaḥ </w><w n="159">e</w><w n="160">ta</w><w n="161" lemma="tcā">c cā</w><w n="162">vi</w><w n="163">dyā</w><w n="164">ma</w><w n="165" lemma="yaṃ">yaṃ </w><w n="166">rū</w><w n="167" lemma="pa">pa </w><w n="168">ka</w><w n="169">thya</w><w n="170" lemma="te">te | </w><w n="171"></w><w n="172">pa</w><w n="173">ra</w><w n="174">mā</w><w n="175">rtha</w><w n="176" lemma="kaṃ">kaṃ </w><w n="177" lemma="tu">tu </w><w n="178">pra</w><w n="179">śāṃ</w><w n="180"></w><w n="181" lemma="taḥ">taḥ </w><w n="182">pra</w><w n="183">paṃ</w><w n="184">ca</w><w n="185">rū</w><w n="186" lemma="paṃ">paṃ </w><w n="187">va</w><w n="188">kṣya</w><w n="189" lemma="ti">ti | </w><w n="190">ya</w><w n="191" lemma="tra">tra </w><w n="192">dra</w><w n="193">vyā</w><w n="194">va</w><w n="195">śā</w><w n="196" lemma="tdṛ">t_ dṛ</w><w n="197" lemma="śyaṃ">śyaṃ </w><w n="198" lemma="ca">ca </w><w n="199">da</w><w n="200">rśa</w><w n="201" lemma="naṃ">naṃ </w><w n="202">cā</w><w n="203" lemma="pi">pi </w><w n="204">ka</w><w n="205">lpi</w><w n="206" lemma="taṃ">taṃ </w><w n="207">ta</w><w n="208">syai</w><w n="209">vā</w><w n="210">rtha</w><w n="211" lemma="sya">sya </w><w n="212">ni</w><w n="213">tya</w><w n="214" lemma="tvaṃ">tvaṃ </w><w n="215">śri</w><w n="216" lemma="tāḥ">tās </w><w n="217">te</w><w n="218">tyaṃ</w><w n="219">ta</w><w n="220">ve</w><w n="221">di</w><w n="222" lemma="na">na </w><w n="223">i</w><w n="224" lemma="ti">ti </w>
</text></TEI>
<TEI n="CT">
<text>
<w n="0">pra</w><w n="1">yo</w><w n="2">ja</w><w n="3">na</w><w n="4">śa</w><w n="5">bde</w><w n="6" lemma="na">na </w><w n="7"></w><w n="8">sa</w><w n="9">ma</w><w n="10">sta</w><w n="11">kri</w><w n="12" lemma="yā">yā-</w><w n="13">pha</w><w n="14">la</w><w n="15"></w><w n="16"></w><w n="17">ni</w><w n="18">rde</w><w n="19" lemma="śa">śa </w><w n="20"></w><w n="21">i</w><w n="22" lemma="ti">ti </w><w n="23">sā</w><w n="24">dhya</w><w n="25">sā</w><w n="26">dha</w><w n="27">na</w><w n="28">pha</w><w n="29">la</w><w n="30">rū</w><w n="31">pa</w><w n="32">ta</w><w n="33" lemma="yā">yā </w><w n="34">vi</w><w n="35">śva</w><w n="36">saṃ</w><w n="37">ka</w><w n="38">la</w><w n="39">nā</w><w n="40" lemma="yāṃ">yām </w><w n="41">a</w><w n="42">śe</w><w n="43">ṣa</w><w n="44">vi</w><w n="45">va</w><w n="46">rtā</w><w n="47">nu</w><w n="48">gu</w><w n="49" lemma="ṇyaṃ">ṇyaṃ </w><w n="50">bra</w><w n="51">hma</w><w n="52" lemma="ṇaḥ">ṇaḥ </w><w n="53">pra</w><w n="54">ti</w><w n="55">pā</w><w n="56">di</w><w n="57" lemma="taṃ">tam | </w><w n="58">e</w><w n="59">ta</w><w n="60" lemma="tca">c ca </w><w n="61" lemma="e">e-</w><w n="62">ka</w><w n="63" lemma="sya">sya </w><w n="64">sa</w><w n="65">rva</w><w n="66">bī</w><w n="67">ja</w><w n="68" lemma="sya">sya </w><w n="69">ya</w><w n="70" lemma="sya">sya </w><w n="71">ce</w><w n="72" lemma="yaṃ">yam </w><w n="73">a</w><w n="74">ne</w><w n="75">ka</w><w n="76" lemma="dhā">dhā </w><w n="77">bho</w><w n="78">ktṛ</w><w n="79">bho</w><w n="80">kta</w><w n="81">vya</w><w n="82">rū</w><w n="83">pe</w><w n="84" lemma="ṇa">ṇa </w><w n="85">bho</w><w n="86">ga</w><w n="87">rū</w><w n="88">pe</w><w n="89" lemma="ṇa">ṇa </w><w n="90" lemma="ca">ca </w><w n="91">sthi</w><w n="92" lemma="tiḥ">tir </w><w n="93">i</w><w n="94" lemma="ti">ti </w><w n="95">bra</w><w n="96" lemma="hma">hma-</w><w n="97" lemma="kāṃ">kāṇ</w><w n="98" lemma="ḍe">ḍe </w><w n="99">pra</w><w n="100">ti</w><w n="101">pā</w><w n="102">di</w><w n="103" lemma="taṃ">tam | </w><w n="104">ta</w><w n="105">trai</w><w n="106" lemma="va">va </w><w n="107" lemma="ca">ca </w><w n="108">sa</w><w n="109">ta</w><w n="110">tva</w><w n="111" lemma="ni">ni-</w><w n="112">rṇa</w><w n="113" lemma="yo">yo '</w><w n="114">smā</w><w n="115" lemma="bhiḥ">bhiḥ </w><w n="116">vya</w><w n="117"></w><w n="118">dhā</w><w n="119" lemma="yi">yi | </w><w n="120">pra</w><w n="121">khyo</w><w n="122">pā</w><w n="123">khyā</w><w n="124"></w><w n="125">tma</w><w n="126" lemma="ka">ka-</w><w n="127">tvā</w><w n="128" lemma="tca">c ca </w><w n="129">vya</w><w n="130">va</w><w n="131">hā</w><w n="132">ra</w><w n="133" lemma="sya">sya </w><w n="134">dvi</w><w n="135" lemma="tve">tve </w><w n="136">śa</w><w n="137">bdā</w><w n="138">rtha</w><w n="139"></w><w n="140"></w><w n="141"></w><w n="142">rū</w><w n="143" lemma="paṃ">paṃ </w><w n="144">ta</w><w n="145" lemma="tdṛ">t dṛ</w><w n="146" lemma="śyaṃ">śyaṃ </w><w n="147">da</w><w n="148">rśa</w><w n="149" lemma="naṃ">naṃ </w><w n="150">ce</w><w n="151" lemma="ti">ti </w><w n="152">che</w><w n="153">de</w><w n="154">nā</w><w n="155" lemma="tra">tra </w><w n="156">ni</w><w n="157">rde</w><w n="158" lemma="śaḥ">śaḥ | </w><w n="159">e</w><w n="160" lemma="ta">ta-</w><w n="161" lemma="tcā">c cā</w><w n="162">vi</w><w n="163">dyā</w><w n="164">ma</w><w n="165" lemma="yaṃ">yaṃ </w><w n="166">rū</w><w n="167" lemma="paṃ">paṃ </w><w n="168">ka</w><w n="169">thya</w><w n="170" lemma="te">te | </w><w n="171"></w><w n="172">pā</w><w n="173">ra</w><w n="174">mā</w><w n="175">rthi</w><w n="176" lemma="kaṃ">kaṃ </w><w n="177" lemma="tu">tu </w><w n="178">pra</w><w n="179" lemma="śāṃ">śān</w><w n="180"></w><w n="181">ta</w><w n="182">pra</w><w n="183" lemma="paṃ">pañ</w><w n="184" lemma="caṃ">caṃ </w><w n="185"></w><w n="186"></w><w n="187">va</w><w n="188">kṣya</w><w n="189" lemma="ti">ti |&#8212; </w><w n="190">ya</w><w n="191" lemma="tra">tra </w><w n="192">dra</w><w n="193" lemma="ṣṭā">ṣṭā </w><w n="194" lemma="ca">ca </w><w n="195"></w><w n="196">dṛ</w><w n="197" lemma="śyaṃ">śyaṃ </w><w n="198" lemma="ca">ca </w><w n="199">da</w><w n="200">rśa</w><w n="201" lemma="naṃ">naṃ </w><w n="202">cā</w><w n="203">vi</w><w n="204">ka</w><w n="205">lpi</w><w n="206" lemma="taṃ">tam || </w><w n="207">ta</w><w n="208">syai</w><w n="209">vā</w><w n="210">rtha</w><w n="211" lemma="sya">sya </w><w n="212">sa</w><w n="213">tya</w><w n="214" lemma="tvaṃ">tvaṃ </w><w n="215">śri</w><w n="216" lemma="tāḥ">tās </w><w n="217">tū</w><w n="218" lemma="ryaṃ">ryan</w><w n="219">ta</w><w n="220">ve</w><w n="221">di</w><w n="222" lemma="na">na </w><w n="223">i</w><w n="224" lemma="ti">ti </w>
</text></TEI>
<TEI n="T">
<text>
<w n="0">pra</w><w n="1">yo</w><w n="2">ja</w><w n="3">na</w><w n="4">śa</w><w n="5">bde</w><w n="6" lemma="na">na </w><w n="7" lemma="ca">ca </w><w n="8">sa</w><w n="9">ma</w><w n="10">sta</w><w n="11">kri</w><w n="12">yā</w><w n="13">pha</w><w n="14">la</w><w n="15"></w><w n="16"></w><w n="17">ni</w><w n="18" lemma="rde">rdde</w><w n="19" lemma="śa">śa </w><w n="20"></w><w n="21">i</w><w n="22" lemma="ti">ti </w><w n="23">sā</w><w n="24" lemma="dhya">ddhya</w><w n="25">sā</w><w n="26">dha</w><w n="27">na</w><w n="28">pha</w><w n="29">la</w><w n="30">rū</w><w n="31">pa</w><w n="32">ta</w><w n="33" lemma="yā">yā </w><w n="34">vi</w><w n="35">śva</w><w n="36" lemma="saṃ">saṅ</w><w n="37">ka</w><w n="38">la</w><w n="39">nā</w><w n="40" lemma="yāṃ">yām </w><w n="41">a</w><w n="42">śe</w><w n="43">ṣa</w><w n="44">vi</w><w n="45">va</w><w n="46" lemma="rtā">rttā</w><w n="47">nu</w><w n="48">gu</w><w n="49" lemma="ṇyaṃ">ṇyaṃ </w><w n="50">bra</w><w n="51">hma</w><w n="52" lemma="ṇaḥ">ṇaḥ </w><w n="53">pra</w><w n="54">ti</w><w n="55">pā</w><w n="56">di</w><w n="57" lemma="taṃ">taṃ </w><w n="58">e</w><w n="59">ta</w><w n="60" lemma="tca">c ca </w><w n="61">e</w><w n="62">ka</w><w n="63" lemma="sya">sya </w><w n="64">sa</w><w n="65" lemma="rva">rvva</w><w n="66">bī</w><w n="67">ja</w><w n="68" lemma="sya">sya </w><w n="69">ya</w><w n="70" lemma="sya">sya </w><w n="71">ce</w><w n="72" lemma="yaṃ">yam </w><w n="73">a</w><w n="74">ne</w><w n="75">ka</w><w n="76" lemma="dhā">dhā </w><w n="77">bho</w><w n="78">ktṛ</w><w n="79">bho</w><w n="80">kta</w><w n="81">vya</w><w n="82">rū</w><w n="83">pe</w><w n="84" lemma="ṇa">ṇa </w><w n="85">bhe</w><w n="86">gya</w><w n="87">rū</w><w n="88">pe</w><w n="89" lemma="ṇa">ṇa </w><w n="90" lemma="ca">ca </w><w n="91">sthi</w><w n="92" lemma="tiḥ">tir </w><w n="93">i</w><w n="94" lemma="ti">ti </w><w n="95">bra</w><w n="96">hma</w><w n="97" lemma="kāṃ">kāṇ</w><w n="98" lemma="ḍe">ḍe </w><w n="99">pra</w><w n="100">ti</w><w n="101">pā</w><w n="102">di</w><w n="103" lemma="taṃ">taṃ </w><w n="104">ta</w><w n="105">trai</w><w n="106" lemma="va">va </w><w n="107" lemma="ca">ca </w><w n="108">sa</w><w n="109">ta</w><w n="110">tva</w><w n="111">ni</w><w n="112" lemma="rṇa">rṇṇa</w><w n="113" lemma="yo">yo </w><w n="114">smā</w><w n="115" lemma="bhiḥ">bhir </w><w n="116" lemma="vya">vvya</w><w n="117"></w><w n="118">dhā</w><w n="119" lemma="yi">yi </w><w n="120">pra</w><w n="121">khyo</w><w n="122">pa</w><w n="123">khyā</w><w n="124">ga</w><w n="125">ma</w><w n="126">ka</w><w n="127">tvā</w><w n="128" lemma="tca">c ca </w><w n="129">vya</w><w n="130">va</w><w n="131">hā</w><w n="132">ra</w><w n="133" lemma="sya">sya </w><w n="134">dvi</w><w n="135" lemma="tve">tve </w><w n="136">śa</w><w n="137">bda</w><w n="138" lemma="rtha">rttha</w><w n="139"></w><w n="140"></w><w n="141"></w><w n="142">rū</w><w n="143">pa</w><w n="144" lemma="nta">n ta</w><w n="145" lemma="tdṛ">d dṛ</w><w n="146">śya</w><w n="147" lemma="nda">n da</w><w n="148">rśa</w><w n="149" lemma="naṃ">nañ </w><w n="150">ce</w><w n="151" lemma="ti">ti </w><w n="152">bhe</w><w n="153">de</w><w n="154">nā</w><w n="155" lemma="tra">tra </w><w n="156">ni</w><w n="157" lemma="rde">rdde</w><w n="158" lemma="śa">śaḥ </w><w n="159">e</w><w n="160">ta</w><w n="161" lemma="tcā">c cā</w><w n="162">vi</w><w n="163">dyā</w><w n="164">ma</w><w n="165" lemma="yaṃ">yaṃ </w><w n="166">rū</w><w n="167" lemma="paṃ">paṃ </w><w n="168">ka</w><w n="169" lemma="thya">tthya</w><w n="170" lemma="te">te </w><w n="171"></w><w n="172">pā</w><w n="173">ra</w><w n="174">mā</w><w n="175" lemma="rthi">rtthi</w><w n="176" lemma="kaṃ">kan </w><w n="177" lemma="tu">tu </w><w n="178">pra</w><w n="179" lemma="śāṃ">śān</w><w n="180"></w><w n="181">ta</w><w n="182">pra</w><w n="183" lemma="paṃ">pañ</w><w n="184" lemma="caṃ">caṃ </w><w n="185"></w><w n="186"></w><w n="187">va</w><w n="188">kṣya</w><w n="189" lemma="ti">ti </w><w n="190">ya</w><w n="191" lemma="tra">tra </w><w n="192">dra</w><w n="193" lemma="ṣṭā">ṣṭā </w><w n="194" lemma="ca">ca </w><w n="195"></w><w n="196">dṛ</w><w n="197" lemma="śyaṃ">śyañ </w><w n="198" lemma="ca">ca </w><w n="199">da</w><w n="200">rśa</w><w n="201" lemma="naṃ">nañ </w><w n="202">cā</w><w n="203">vi</w><w n="204">ka</w><w n="205">lpi</w><w n="206" lemma="taṃ">taṃ </w><w n="207">ta</w><w n="208">syai</w><w n="209">vā</w><w n="210" lemma="rtha">rttha</w><w n="211" lemma="sya">sya </w><w n="212">sa</w><w n="213">tya</w><w n="214" lemma="tvaṃ">tvaṃ </w><w n="215">śri</w><w n="216" lemma="tāḥ">tās </w><w n="217">tra</w><w n="218" lemma="yyaṃ">yyan</w><w n="219">ta</w><w n="220">ve</w><w n="221">di</w><w n="222" lemma="na">na </w><w n="223">i</w><w n="224" lemma="ti">ti </w>
</text></TEI>
<TEI n="H">
<text>
<w n="0">pra</w><w n="1">yo</w><w n="2">ja</w><w n="3">na</w><w n="4">śa</w><w n="5">bde</w><w n="6" lemma="na">na </w><w n="7" lemma="ca">ca </w><w n="8">sa</w><w n="9">ma</w><w n="10">sta</w><w n="11">kri</w><w n="12">yā</w><w n="13">pha</w><w n="14">la</w><w n="15"></w><w n="16"></w><w n="17">ni</w><w n="18">rde</w><w n="19" lemma="śa">śa </w><w n="20"></w><w n="21">i</w><w n="22" lemma="ti">ti </w><w n="23">sā</w><w n="24">dhya</w><w n="25">sā</w><w n="26">dha</w><w n="27">na</w><w n="28">pha</w><w n="29">la</w><w n="30">rū</w><w n="31">pa</w><w n="32">ta</w><w n="33" lemma="yā">yā </w><w n="34">vi</w><w n="35">śva</w><w n="36">saṃ</w><w n="37">ka</w><w n="38">la</w><w n="39">nā</w><w n="40" lemma="yāṃ">yām </w><w n="41">a</w><w n="42">śe</w><w n="43">ṣa</w><w n="44">vi</w><w n="45">va</w><w n="46" lemma="rtā">rttā</w><w n="47">nu</w><w n="48">gu</w><w n="49" lemma="ṇyaṃ">ṇyaṃ </w><w n="50">bra</w><w n="51">hma</w><w n="52" lemma="ṇaḥ">ṇaḥ </w><w n="53">pra</w><w n="54">ti</w><w n="55">pā</w><w n="56">di</w><w n="57" lemma="taṃ">taṃ | </w><w n="58">e</w><w n="59"></w><w n="60"></w><w n="61"></w><w n="62">ka</w><w n="63" lemma="sya">sya </w><w n="64">sa</w><w n="65">rva</w><w n="66">bī</w><w n="67">ja</w><w n="68" lemma="sya">sya </w><w n="69">ya</w><w n="70" lemma="sya">sya </w><w n="71">ce</w><w n="72" lemma="yaṃ">yam </w><w n="73">a</w><w n="74">ne</w><w n="75">ka</w><w n="76" lemma="dhā">dhā | </w><w n="77">bho</w><w n="78">kta</w><w n="79">bho</w><w n="80">kta</w><w n="81">vya</w><w n="82">rū</w><w n="83" lemma="pe">pe </w><w n="84"></w><w n="85">bho</w><w n="86">ga</w><w n="87">rū</w><w n="88">pe</w><w n="89" lemma="ṇa">ṇa </w><w n="90" lemma="ca">ca </w><w n="91">sthi</w><w n="92" lemma="tiḥ">tir </w><w n="93">i</w><w n="94" lemma="ti">ti </w><w n="95">bra</w><w n="96">hma</w><w n="97">kāṃ</w><w n="98" lemma="ḍe">ḍe </w><w n="99">pra</w><w n="100">ti</w><w n="101">pā</w><w n="102">di</w><w n="103" lemma="taṃ">taṃ </w><w n="104">ta</w><w n="105">trai</w><w n="106" lemma="va">va </w><w n="107" lemma="ca">ca </w><w n="108">sa</w><w n="109">ta</w><w n="110" lemma="tva">ttva</w><w n="111">ni</w><w n="112">rṇa</w><w n="113" lemma="yo">yo </w><w n="114">smā</w><w n="115" lemma="bhiḥ">bhir </w><w n="116">vya</w><w n="117"></w><w n="118">dhā</w><w n="119" lemma="yi">yi </w><w n="120">pra</w><w n="121">khyo</w><w n="122">pa</w><w n="123">khyā</w><w n="124"></w><w n="125">tma</w><w n="126">ka</w><w n="127">tvā</w><w n="128" lemma="tca">c ca </w><w n="129">vya</w><w n="130">va</w><w n="131">hā</w><w n="132">ra</w><w n="133" lemma="sya">sya </w><w n="134">dvi</w><w n="135" lemma="tve">tve </w><w n="136">śa</w><w n="137">bda</w><w n="138">rtha</w><w n="139">saṃ</w><w n="140">baṃ</w><w n="141">dha</w><w n="142">rū</w><w n="143" lemma="paṃ">paṃ </w><w n="144">ta</w><w n="145" lemma="tdṛ">d dṛ</w><w n="146">śya</w><w n="147">da</w><w n="148">rśa</w><w n="149" lemma="naṃ">naṃ </w><w n="150">ce</w><w n="151" lemma="ti">ti </w><w n="152">bhe</w><w n="153">de</w><w n="154">nā</w><w n="155" lemma="tra">tra </w><w n="156">ni</w><w n="157">rde</w><w n="158" lemma="śa">śa </w><w n="159">e</w><w n="160">ta</w><w n="161" lemma="tcā">c cā</w><w n="162">vi</w><w n="163">dyā</w><w n="164">ma</w><w n="165" lemma="yaṃ">yaṃ </w><w n="166">rū</w><w n="167" lemma="paṃ">paṃ </w><w n="168">ka</w><w n="169">thya</w><w n="170" lemma="te">te | </w><w n="171"></w><w n="172">pā</w><w n="173">ra</w><w n="174">mā</w><w n="175">rthi</w><w n="176" lemma="kaṃ">kaṃ </w><w n="177" lemma="tu">tu </w><w n="178">pra</w><w n="179">śāṃ</w><w n="180"></w><w n="181">ta</w><w n="182">pra</w><w n="183">paṃ</w><w n="184">ca</w><w n="185">rū</w><w n="186" lemma="paṃ">paṃ </w><w n="187">va</w><w n="188">kṣya</w><w n="189" lemma="ti">ti | </w><w n="190">ya</w><w n="191" lemma="tra">tra </w><w n="192">dra</w><w n="193" lemma="ṣṭā">ṣṭā </w><w n="194" lemma="ca">ca </w><w n="195"></w><w n="196">dṛ</w><w n="197" lemma="śyaṃ">śyaṃ </w><w n="198" lemma="ca">ca </w><w n="199">da</w><w n="200">rśa</w><w n="201" lemma="na">na </w><w n="202">cā</w><w n="203">vi</w><w n="204">ka</w><w n="205">lpi</w><w n="206" lemma="taṃ">taṃ | </w><w n="207">ta</w><w n="208">syai</w><w n="209">vā</w><w n="210">rtha</w><w n="211" lemma="sya">sya </w><w n="212">sa</w><w n="213">tya</w><w n="214" lemma="tvaṃ">tvaṃ </w><w n="215">śri</w><w n="216" lemma="tāḥ">tās </w><w n="217">tra</w><w n="218" lemma="yyaṃ">yyan</w><w n="219">ta</w><w n="220">ve</w><w n="221">di</w><w n="222" lemma="ta">ta </w><w n="223">i</w><w n="224" lemma="ti">ti | </w>
</text></TEI>
<TEI n="P">
<text>
<w n="0">pra</w><w n="1">yo</w><w n="2">ja</w><w n="3">na</w><w n="4">śa</w><w n="5">bde</w><w n="6" lemma="na">na </w><w n="7" lemma="ca">ca </w><w n="8">sa</w><w n="9">mā</w><w n="10">bhi</w><w n="11">kri</w><w n="12">yā</w><w n="13">pha</w><w n="14" lemma="la">la </w><w n="15">i</w><w n="16" lemma="ti">ti </w><w n="17">ni</w><w n="18">rde</w><w n="19" lemma="śa">śa </w><w n="20"></w><w n="21">i</w><w n="22" lemma="ti">ti </w><w n="23">sā</w><w n="24">dhyā</w><w n="25">sā</w><w n="26">dha</w><w n="27">na</w><w n="28">pha</w><w n="29">la</w><w n="30">rū</w><w n="31">pa</w><w n="32">ta</w><w n="33" lemma="yā">yā </w><w n="34">vi</w><w n="35">śva</w><w n="36">sa</w><w n="37">ka</w><w n="38">la</w><w n="39">nā</w><w n="40" lemma="yāṃ">yām </w><w n="41">a</w><w n="42">śe</w><w n="43">ṣa</w><w n="44">vi</w><w n="45">va</w><w n="46">rtā</w><w n="47">nu</w><w n="48">gu</w><w n="49" lemma="ṇyaṃ">ṇyaṃ </w><w n="50">bra</w><w n="51">hma</w><w n="52" lemma="ṇa">ṇa </w><w n="53">pra</w><w n="54">ti</w><w n="55">pā</w><w n="56">di</w><w n="57">ta</w><w n="58">syai</w><w n="59"></w><w n="60"></w><w n="61"></w><w n="62">ka</w><w n="63" lemma="sya">sya </w><w n="64">sa</w><w n="65">rva</w><w n="66">bī</w><w n="67">ja</w><w n="68" lemma="sya">sya </w><w n="69"></w><w n="70"></w><w n="71">ce</w><w n="72" lemma="yaṃ">yam </w><w n="73">a</w><w n="74">ne</w><w n="75">ka</w><w n="76" lemma="dhā">dhā </w><w n="77">bho</w><w n="78">ktṛ</w><w n="79">bho</w><w n="80">kta</w><w n="81">vya</w><w n="82">rū</w><w n="83">pe</w><w n="84" lemma="ṇa">ṇa </w><w n="85">bho</w><w n="86">ga</w><w n="87">rū</w><w n="88">pe</w><w n="89" lemma="ṇa">ṇa </w><w n="90" lemma="ca">ca </w><w n="91">sthi</w><w n="92" lemma="tiḥ">tir </w><w n="93">i</w><w n="94" lemma="ti">ti </w><w n="95">bra</w><w n="96">hma</w><w n="97">kāṃ</w><w n="98" lemma="ḍe">ḍe </w><w n="99">pra</w><w n="100">ti</w><w n="101">pā</w><w n="102">di</w><w n="103" lemma="taṃ">taṃ </w><w n="104">ta</w><w n="105">trai</w><w n="106" lemma="va">va </w><w n="107" lemma="ca">ca </w><w n="108">sa</w><w n="109">ta</w><w n="110" lemma="tva">ttva</w><w n="111">ni</w><w n="112">rṇa</w><w n="113" lemma="yo">yo </w><w n="114">smā</w><w n="115" lemma="bhiḥ">bhir </w><w n="116">vya</w><w n="117">va</w><w n="118">dhā</w><w n="119" lemma="yi">yi </w><w n="120">pra</w><w n="121">khyo</w><w n="122"></w><w n="123">yā</w><w n="124"></w><w n="125">tma</w><w n="126">ka</w><w n="127">tvā</w><w n="128"></w><w n="129" lemma="tvya">t vya</w><w n="130">va</w><w n="131">hā</w><w n="132">ra</w><w n="133" lemma="sya">sya </w><w n="134">ni</w><w n="135" lemma="tye">tye </w><w n="136">śa</w><w n="137">bdā</w><w n="138">rtha</w><w n="139">saṃ</w><w n="140">baṃ</w><w n="141">dha</w><w n="142">rū</w><w n="143" lemma="paṃ">paṃ </w><w n="144"></w><w n="145">dṛ</w><w n="146">śya</w><w n="147">da</w><w n="148">rśa</w><w n="149" lemma="na">na </w><w n="150">ce</w><w n="151" lemma="ti">ti </w><w n="152">bhe</w><w n="153">de</w><w n="154">nā</w><w n="155" lemma="tra">tra </w><w n="156">ni</w><w n="157">rde</w><w n="158" lemma="śa">śaḥ </w><w n="159">e</w><w n="160">ta</w><w n="161" lemma="tcā">c cā</w><w n="162">vi</w><w n="163">dyā</w><w n="164">ma</w><w n="165" lemma="yaṃ">yaṃ </w><w n="166">rū</w><w n="167" lemma="pa">pa </w><w n="168">ka</w><w n="169">thya</w><w n="170" lemma="te">te </w><w n="171"></w><w n="172">pa</w><w n="173">ra</w><w n="174">mā</w><w n="175" lemma="rtha">rtha&#166;</w><w n="176" lemma="kaṃ">kaṃ </w><w n="177" lemma="tu">tu </w><w n="178">pra</w><w n="179">śāṃ</w><w n="180"></w><w n="181" lemma="taḥ">taḥ </w><w n="182">pra</w><w n="183">paṃ</w><w n="184">ca</w><w n="185">rū</w><w n="186" lemma="paṃ">paṃ </w><w n="187">va</w><w n="188">kṣya</w><w n="189" lemma="ti">ti </w><w n="190">ya</w><w n="191" lemma="tra">tra </w><w n="192">dra</w><w n="193">vyā</w><w n="194">va</w><w n="195">śā</w><w n="196" lemma="tdṛ">t dṛ</w><w n="197" lemma="śyaṃ">śyaṃ </w><w n="198" lemma="ca">ca </w><w n="199">da</w><w n="200">rśa</w><w n="201" lemma="naṃ">naṃ </w><w n="202">cā</w><w n="203" lemma="pi">pi | </w><w n="204">ka</w><w n="205">lpi</w><w n="206" lemma="taṃ">taṃ </w><w n="207">ta</w><w n="208">syai</w><w n="209">vā</w><w n="210">rtha</w><w n="211" lemma="sya">sya </w><w n="212">ni</w><w n="213">tya</w><w n="214" lemma="tvaṃ">tvaṃ </w><w n="215">śri</w><w n="216" lemma="tāḥ">tās </w><w n="217">tye</w><w n="218">tyaṃ</w><w n="219">ta</w><w n="220">ve</w><w n="221">di</w><w n="222" lemma="na">na </w><w n="223">i</w><w n="224" lemma="ti">ti </w>
</text></TEI>
<TEI n="M">
<text>
<w n="0">pra</w><w n="1">yo</w><w n="2">ja</w><w n="3">na</w><w n="4">śa</w><w n="5">bde</w><w n="6" lemma="na">na </w><w n="7" lemma="ca">ca </w><w n="8">sa</w><w n="9">ma</w><w n="10">bhi</w><w n="11">kri</w><w n="12">yā</w><w n="13">pha</w><w n="14" lemma="la">la </w><w n="15">i</w><w n="16" lemma="ti">ti </w><w n="17">ni</w><w n="18" lemma="rde">rdde</w><w n="19" lemma="śa">śa </w><w n="20"></w><w n="21">i</w><w n="22" lemma="ti">ti </w><w n="23">sā</w><w n="24">dhya</w><w n="25">sā</w><w n="26">dha</w><w n="27">na</w><w n="28">pha</w><w n="29">la</w><w n="30">rū</w><w n="31">pa</w><w n="32">ta</w><w n="33" lemma="yā">yā </w><w n="34">vi</w><w n="35">śva</w><w n="36">saṃ</w><w n="37">ka</w><w n="38">la</w><w n="39">nā</w><w n="40" lemma="yāṃ">yām </w><w n="41">a</w><w n="42">śe</w><w n="43">ṣa</w><w n="44">vi</w><w n="45">va</w><w n="46" lemma="rtā">rttā</w><w n="47">nu</w><w n="48">gu</w><w n="49" lemma="ṇyaṃ">ṇyaṃ | </w><w n="50">bra</w><w n="51">hma</w><w n="52" lemma="ṇaḥ">ṇaḥ </w><w n="53">pra</w><w n="54">ti</w><w n="55">pā</w><w n="56">di</w><w n="57">ta</w><w n="58">syai</w><w n="59"></w><w n="60"></w><w n="61"></w><w n="62">ka</w><w n="63" lemma="sya">sya </w><w n="64">sa</w><w n="65">rva</w><w n="66">bī</w><w n="67">ja</w><w n="68" lemma="sya">sya </w><w n="69"></w><w n="70"></w><w n="71">ce</w><w n="72" lemma="yaṃ">yam </w><w n="73">a</w><w n="74">ne</w><w n="75">ka</w><w n="76" lemma="dhā">dhā </w><w n="77">bho</w><w n="78">ktṛ</w><w n="79">bho</w><w n="80">kta</w><w n="81">vya</w><w n="82">rū</w><w n="83">pe</w><w n="84" lemma="ṇa">ṇa </w><w n="85">bho</w><w n="86">ga</w><w n="87">rū</w><w n="88">pe</w><w n="89" lemma="ṇa">ṇa </w><w n="90" lemma="ca">ca </w><w n="91">sthi</w><w n="92" lemma="tiḥ">tir </w><w n="93">i</w><w n="94" lemma="ti">ti </w><w n="95">bra</w><w n="96">hma</w><w n="97">kāṃ</w><w n="98" lemma="ḍe">ḍe </w><w n="99">pra</w><w n="100">ti</w><w n="101">pā</w><w n="102">di</w><w n="103" lemma="taṃ">taṃ | </w><w n="104">ta</w><w n="105">trai</w><w n="106" lemma="va">va </w><w n="107"></w><w n="108">sa</w><w n="109">ta</w><w n="110">tva</w><w n="111">ni</w><w n="112">rṇa</w><w n="113" lemma="yo">yo </w><w n="114">smā</w><w n="115" lemma="bhiḥ">bhir </w><w n="116">vya</w><w n="117">va</w><w n="118">dhā</w><w n="119" lemma="yi">yi | </w><w n="120">pra</w><w n="121">khyo</w><w n="122">pā</w><w n="123"></w><w n="124"></w><w n="125">tma</w><w n="126">ka</w><w n="127">tvā</w><w n="128"></w><w n="129" lemma="tvya">t | vya</w><w n="130">va</w><w n="131">hā</w><w n="132">ra</w><w n="133" lemma="sya">sya </w><w n="134">ni</w><w n="135" lemma="tye">tye </w><w n="136">śa</w><w n="137">bdā</w><w n="138">rtha</w><w n="139">saṃ</w><w n="140">baṃ</w><w n="141">dha</w><w n="142">rū</w><w n="143" lemma="paṃ">paṃ </w><w n="144"></w><w n="145">dṛ</w><w n="146">śya</w><w n="147">da</w><w n="148">rśa</w><w n="149" lemma="naṃ">naṃ </w><w n="150">ce</w><w n="151" lemma="ti">ti </w><w n="152">bhe</w><w n="153">de</w><w n="154">nā</w><w n="155" lemma="tra">tra </w><w n="156">ni</w><w n="157" lemma="rde">rdde</w><w n="158" lemma="śaḥ">śaḥ | </w><w n="159">e</w><w n="160">ta</w><w n="161" lemma="tcā">c cā</w><w n="162">vi</w><w n="163">dyā</w><w n="164">ma</w><w n="165" lemma="yaṃ">yaṃ&#166; </w><w n="166">rū</w><w n="167" lemma="paṃ">paṃ </w><w n="168">ka</w><w n="169">thya</w><w n="170" lemma="te">te | </w><w n="171"></w><w n="172">pā</w><w n="173">ra</w><w n="174">mā</w><w n="175">rthi</w><w n="176" lemma="kaṃ">kaṃ </w><w n="177" lemma="tu">tu </w><w n="178">pra</w><w n="179">śāṃ</w><w n="180"></w><w n="181" lemma="taḥ">taḥ </w><w n="182">pra</w><w n="183">paṃ</w><w n="184">ca</w><w n="185">rū</w><w n="186" lemma="paṃ">paṃ </w><w n="187">va</w><w n="188">kṣya</w><w n="189" lemma="ti">ti | </w><w n="190">ya</w><w n="191" lemma="tra">tra </w><w n="192">ī</w><w n="193">ṣyā</w><w n="194">va</w><w n="195">śā</w><w n="196" lemma="tdṛ">t dṛ</w><w n="197" lemma="śyaṃ">śyaṃ </w><w n="198" lemma="ca">ca </w><w n="199">da</w><w n="200">rśa</w><w n="201" lemma="naṃ">naṃ </w><w n="202">cā</w><w n="203" lemma="pi">pi </w><w n="204">ka</w><w n="205">lpi</w><w n="206" lemma="taṃ">taṃ </w><w n="207">ta</w><w n="208">syai</w><w n="209">vā</w><w n="210">rtha</w><w n="211" lemma="sya">sya </w><w n="212">ni</w><w n="213">tya</w><w n="214" lemma="tvaṃ">tvaṃ </w><w n="215">śri</w><w n="216" lemma="tāḥ">tās </w><w n="217" lemma="te">te </w><w n="218">tyaṃ</w><w n="219">ta</w><w n="220">ve</w><w n="221">di</w><w n="222" lemma="na">na </w><w n="223">i</w><w n="224" lemma="ti">ti </w>
</text></TEI>
<TEI n="G2">
<text>
<w n="0">pra</w><w n="1">yo</w><w n="2">ja</w><w n="3">na</w><w n="4">śa</w><w n="5">bde</w><w n="6" lemma="na">na </w><w n="7" lemma="va">va </w><w n="8">sa</w><w n="9">ma</w><w n="10">ti</w><w n="11">kri</w><w n="12">yā</w><w n="13">pha</w><w n="14" lemma="la">la </w><w n="15">i</w><w n="16" lemma="ti">ti </w><w n="17">ni</w><w n="18">da</w><w n="19" lemma="rśa">rśa </w><w n="20"></w><w n="21">i</w><w n="22" lemma="ti">ti </w><w n="23">sā</w><w n="24">dhya</w><w n="25">sā</w><w n="26">dha</w><w n="27">na</w><w n="28">pha</w><w n="29">la</w><w n="30">rū</w><w n="31">pa</w><w n="32">ta</w><w n="33" lemma="yā">yā </w><w n="34">vi</w><w n="35">śva</w><w n="36">saṃ</w><w n="37">ka</w><w n="38">lā</w><w n="39">nā</w><w n="40" lemma="yāṃ">yām </w><w n="41">a</w><w n="42">śe</w><w n="43">ṣa</w><w n="44">vi</w><w n="45">va</w><w n="46" lemma="rtā">rttā</w><w n="47">nu</w><w n="48">gu</w><w n="49" lemma="ṇyaṃ">ṇyaṃ </w><w n="50">bra</w><w n="51">hma</w><w n="52" lemma="ṇaḥ">ṇaḥ || </w><w n="53">pra</w><w n="54">ti</w><w n="55">pā</w><w n="56">di</w><w n="57" lemma="tāṃ">tāṃ || </w><w n="58">e</w><w n="59"></w><w n="60"></w><w n="61"></w><w n="62">ka</w><w n="63" lemma="sya">sya </w><w n="64">sa</w><w n="65">rva</w><w n="66">pī</w><w n="67">ja</w><w n="68" lemma="sya">sya </w><w n="69"></w><w n="70"></w><w n="71">ve</w><w n="72">ya</w><w n="73" lemma="yaṃ">yam </w><w n="74">e</w><w n="75">ka</w><w n="76" lemma="dhā">dhā </w><w n="77">no</w><w n="78">kta</w><w n="79">bho</w><w n="80">kta</w><w n="81">vya</w><w n="82">rū</w><w n="83">pe</w><w n="84" lemma="ṇa">ṇa </w><w n="85">bho</w><w n="86">ga</w><w n="87">rū</w><w n="88">pe</w><w n="89" lemma="ṇa">ṇa </w><w n="90"></w><w n="91">sthi</w><w n="92" lemma="tiḥ">tir </w><w n="93">i</w><w n="94" lemma="ti">ti </w><w n="95">bra</w><w n="96">hma</w><w n="97">kāṃ</w><w n="98" lemma="ḍe">ḍe </w><w n="99">pra</w><w n="100">ti</w><w n="101">pā</w><w n="102">di</w><w n="103" lemma="vaṃ">vaṃ </w><w n="104">ta</w><w n="105">trai</w><w n="106" lemma="ya">ya </w><w n="107" lemma="va">va </w><w n="108">sa</w><w n="109">ta</w><w n="110">tva</w><w n="111">ni</w><w n="112">rṇa</w><w n="113" lemma="yo">yo </w><w n="114">smā</w><w n="115" lemma="bhi">bhi </w><w n="116">vya</w><w n="117">va</w><w n="118">dhā</w><w n="119" lemma="yi">yi </w><w n="120" lemma="prā">prā-</w><w n="121">dyo</w><w n="122">pā</w><w n="123">khyā</w><w n="124"></w><w n="125">tmā</w><w n="126">ka</w><w n="127">tvā</w><w n="128"></w><w n="129" lemma="tvya">t_ vya</w><w n="130">va</w><w n="131">hā</w><w n="132">ra</w><w n="133" lemma="sya">sya </w><w n="134">ddi</w><w n="135" lemma="tye">tye </w><w n="136">śa</w><w n="137">bdā</w><w n="138">rtha</w><w n="139">saṃ</w><w n="140">baṃ</w><w n="141">dha</w><w n="142">rū</w><w n="143" lemma="paṃ">paṃ </w><w n="144">ta</w><w n="145">dṛ</w><w n="146">śya</w><w n="147">da</w><w n="148">rśa</w><w n="149" lemma="naṃ">naṃ </w><w n="150">ve</w><w n="151" lemma="ti">ti </w><w n="152">bhe</w><w n="153" lemma="de">de&#8254;</w><w n="154"></w><w n="155" lemma="sra">sra </w><w n="156">ni</w><w n="157">rde</w><w n="158" lemma="śaḥ">śaḥ || </w><w n="159">e</w><w n="160">ta</w><w n="161" lemma="vvā">v vā</w><w n="162">vi</w><w n="163">dhyā</w><w n="164">ma</w><w n="165" lemma="yaṃ">yaṃ </w><w n="166">rū</w><w n="167" lemma="paṃ">paṃ </w><w n="168">ka</w><w n="169">thya</w><w n="170" lemma="te">te </w><w n="171" lemma="ta">ta </w><w n="172">pā</w><w n="173">ra</w><w n="174">mā</w><w n="175">rthi</w><w n="176" lemma="kaṃ">kaṃ </w><w n="177" lemma="tu">tu </w><w n="178">pra</w><w n="179">kā</w><w n="180">śāṃ</w><w n="181">ta</w><w n="182">pra</w><w n="183">paṃ</w><w n="184">ca</w><w n="185">rū</w><w n="186" lemma="paṃ">paṃ </w><w n="187">va</w><w n="188">kṣya</w><w n="189" lemma="ti">ti </w><w n="190">ya</w><w n="191" lemma="tra">tra </w><w n="192">dra</w><w n="193">ṣyā</w><w n="194">va</w><w n="195" lemma="sā">sā </w><w n="196">dṛ</w><w n="197" lemma="śyaṃ">śyaṃ </w><w n="198" lemma="vaṃ">vaṃ </w><w n="199">da</w><w n="200">rśa</w><w n="201" lemma="naṃ">naṃ </w><w n="202">vā</w><w n="203">vi</w><w n="204">ka</w><w n="205">lpi</w><w n="206" lemma="taṃ">taṃ </w><w n="207">ta</w><w n="208">syai</w><w n="209">vā</w><w n="210">rtha</w><w n="211" lemma="sya">sya </w><w n="212">pri</w><w n="213">tya</w><w n="214" lemma="tvaṃ">tvaṃ </w><w n="215">śri</w><w n="216" lemma="tāḥ">tās </w><w n="217">trai</w><w n="218">ṣyaṃ</w><w n="219">ta</w><w n="220">ve</w><w n="221">di</w><w n="222" lemma="na">na </w><w n="223">i</w><w n="224" lemma="ti">ti </w>
</text></TEI>
<TEI n="G1">
<text>
<w n="0">pra</w><w n="1">yo</w><w n="2">ja</w><w n="3">na</w><w n="4">śa</w><w n="5">bde</w><w n="6" lemma="na">na </w><w n="7" lemma="va">va </w><w n="8">sa</w><w n="9">ma</w><w n="10">ti</w><w n="11">kri</w><w n="12">yā</w><w n="13">pha</w><w n="14" lemma="la">la </w><w n="15">i</w><w n="16" lemma="ti">ti </w><w n="17">ni</w><w n="18">da</w><w n="19" lemma="rśa">rśa </w><w n="20"></w><w n="21">i</w><w n="22" lemma="ti">ti </w><w n="23">sā</w><w n="24">dhya</w><w n="25">sā</w><w n="26">dha</w><w n="27">na</w><w n="28">pha</w><w n="29">la</w><w n="30">rū</w><w n="31">pa</w><w n="32">ta</w><w n="33" lemma="yā">yā </w><w n="34">vi</w><w n="35">śva</w><w n="36">saṃ</w><w n="37">ka</w><w n="38">lā</w><w n="39">nā</w><w n="40" lemma="yāṃ">yām </w><w n="41">a</w><w n="42">śe</w><w n="43">ṣa</w><w n="44">vi</w><w n="45">va</w><w n="46" lemma="rtā">rttā</w><w n="47">nu</w><w n="48">gu</w><w n="49" lemma="ṇyaṃ">ṇyaṃ </w><w n="50">bra</w><w n="51">hma</w><w n="52" lemma="ṇaḥ">ṇaḥ || </w><w n="53">pra</w><w n="54">ti</w><w n="55">pā</w><w n="56">di</w><w n="57" lemma="tāṃ">tāṃ || </w><w n="58">e</w><w n="59"></w><w n="60"></w><w n="61"></w><w n="62">ka</w><w n="63" lemma="sya">sya </w><w n="64">sa</w><w n="65">rva</w><w n="66">pī</w><w n="67">ja</w><w n="68" lemma="sya">sya </w><w n="69"></w><w n="70"></w><w n="71">ve</w><w n="72">ya</w><w n="73" lemma="yaṃ">yam </w><w n="74">e</w><w n="75">ka</w><w n="76" lemma="dhā">dhā </w><w n="77">no</w><w n="78">kta</w><w n="79">bho</w><w n="80">kta</w><w n="81">vya</w><w n="82">rū</w><w n="83">pe</w><w n="84" lemma="ṇa">ṇa </w><w n="85">bho</w><w n="86">ga</w><w n="87">rū</w><w n="88">pe</w><w n="89" lemma="ṇa">ṇa </w><w n="90"></w><w n="91">sthi</w><w n="92" lemma="tiḥ">tir </w><w n="93">i</w><w n="94" lemma="ti">ti </w><w n="95">bra</w><w n="96">hma</w><w n="97">kāṃ</w><w n="98" lemma="ḍe">ḍe </w><w n="99">pra</w><w n="100">ti</w><w n="101">pā</w><w n="102">di</w><w n="103" lemma="vaṃ">vaṃ </w><w n="104">ta</w><w n="105">trai</w><w n="106" lemma="ya">ya </w><w n="107" lemma="va">va </w><w n="108">sa</w><w n="109">ta</w><w n="110">tva</w><w n="111">ni</w><w n="112">rṇa</w><w n="113" lemma="yo">yo- </w><w n="114">smā</w><w n="115" lemma="bhi">bhi </w><w n="116">vya</w><w n="117">va</w><w n="118">dhā</w><w n="119" lemma="yi">yi </w><w n="120">prā</w><w n="121">dyo</w><w n="122">pā</w><w n="123">khyā</w><w n="124"></w><w n="125">tmā</w><w n="126">ka</w><w n="127">tvā</w><w n="128"></w><w n="129" lemma="tvya">t_ vya</w><w n="130">va</w><w n="131">hā</w><w n="132">ra</w><w n="133" lemma="sya">sya </w><w n="134">ddi</w><w n="135" lemma="tye">tye </w><w n="136">śa</w><w n="137">bdā</w><w n="138" lemma="ye">ye </w><w n="139">saṃ</w><w n="140">baṃ</w><w n="141">dha</w><w n="142">rū</w><w n="143" lemma="paṃ">paṃ </w><w n="144">ta</w><w n="145">dṛ</w><w n="146">śya</w><w n="147">da</w><w n="148">rśa</w><w n="149" lemma="naṃ">naṃ </w><w n="150">ve</w><w n="151" lemma="ti">ti </w><w n="152">bhe</w><w n="153" lemma="de">de&#8254;</w><w n="154"></w><w n="155" lemma="sra">sra </w><w n="156">ni</w><w n="157">rde</w><w n="158" lemma="śaḥ">śaḥ || </w><w n="159">e</w><w n="160">ta</w><w n="161" lemma="vvā">v vā</w><w n="162">vi</w><w n="163">dhyā</w><w n="164">ma</w><w n="165" lemma="yaṃ">yaṃ </w><w n="166">rū</w><w n="167" lemma="paṃ">paṃ </w><w n="168">ka</w><w n="169">thya</w><w n="170" lemma="te">te </w><w n="171" lemma="ta">ta </w><w n="172">pā</w><w n="173">ra</w><w n="174">mā</w><w n="175">rthi</w><w n="176" lemma="kaṃ">kaṃ </w><w n="177" lemma="tu">tu </w><w n="178">pra</w><w n="179">kā</w><w n="180">śāṃ</w><w n="181">ta</w><w n="182">pra</w><w n="183">paṃ</w><w n="184">ca</w><w n="185">rū</w><w n="186" lemma="paṃ">paṃ </w><w n="187">va</w><w n="188">kṣya</w><w n="189" lemma="ti">ti </w><w n="190">ya</w><w n="191" lemma="tra">tra </w><w n="192">dra</w><w n="193">ṣyā</w><w n="194">va</w><w n="195" lemma="sā">sā </w><w n="196">dṛ</w><w n="197" lemma="śyaṃ">śyaṃ </w><w n="198" lemma="vaṃ">vaṃ </w><w n="199">da</w><w n="200">rśa</w><w n="201" lemma="naṃ">naṃ </w><w n="202">vā</w><w n="203">vi</w><w n="204">ka</w><w n="205">lpi</w><w n="206" lemma="taṃ">taṃ </w><w n="207">ta</w><w n="208">syai</w><w n="209">vā</w><w n="210">rtha</w><w n="211" lemma="sya">sya </w><w n="212">pri</w><w n="213">tya</w><w n="214" lemma="tvaṃ">tvaṃ </w><w n="215">śri</w><w n="216" lemma="tāḥ">tās </w><w n="217">trai</w><w n="218">ṣyaṃ</w><w n="219">ta</w><w n="220">ve</w><w n="221">di</w><w n="222" lemma="na">na </w><w n="223">i</w><w n="224" lemma="ti">ti </w>
</text></TEI>
<TEI n="L">
<text>
<w n="0">pra</w><w n="1">yo</w><w n="2">ja</w><w n="3">na</w><w n="4">śa</w><w n="5">bde</w><w n="6" lemma="na">na </w><w n="7" lemma="ca">ca </w><w n="8">sa</w><w n="9">ma</w><w n="10">ti</w><w n="11">kri</w><w n="12">yā</w><w n="13">pha</w><w n="14" lemma="la">la </w><w n="15">i</w><w n="16" lemma="ti">ti </w><w n="17">ni</w><w n="18">da</w><w n="19">rśa</w><w n="20" lemma="na">na </w><w n="21">i</w><w n="22" lemma="ti">ti </w><w n="23">sā</w><w n="24">dhya</w><w n="25">sā</w><w n="26">dha</w><w n="27">na</w><w n="28">pha</w><w n="29">la</w><w n="30">rū</w><w n="31">pa</w><w n="32">ta</w><w n="33" lemma="yā">yā </w><w n="34">vi</w><w n="35" lemma="śvaṃ">śvaṃ </w><w n="36">sa</w><w n="37">ka</w><w n="38">lā</w><w n="39">nā</w><w n="40" lemma="yāṃ">yām </w><w n="41">a</w><w n="42">śe</w><w n="43">ṣa</w><w n="44">vi</w><w n="45">va</w><w n="46">rtā</w><w n="47">nu</w><w n="48">gu</w><w n="49" lemma="ṇyaṃ">ṇyaṃ </w><w n="50">bra</w><w n="51">hma</w><w n="52" lemma="ṇaḥ">ṇaḥ </w><w n="53">pra</w><w n="54">ti</w><w n="55">pā</w><w n="56">di</w><w n="57" lemma="taṃ">taṃ || </w><w n="58">e</w><w n="59"></w><w n="60"></w><w n="61"></w><w n="62">ka</w><w n="63" lemma="sya">sya </w><w n="64">sa</w><w n="65">rva</w><w n="66">bī</w><w n="67">ja</w><w n="68" lemma="sya">sya </w><w n="69"></w><w n="70"></w><w n="71">ce</w><w n="72" lemma="yaṃ">yam </w><w n="73">a</w><w n="74">ne</w><w n="75">ka</w><w n="76" lemma="dhā">dhā </w><w n="77">no</w><w n="78">kta</w><w n="79">bho</w><w n="80">kta</w><w n="81">vya</w><w n="82">rū</w><w n="83">pe</w><w n="84" lemma="ṇa">ṇa </w><w n="85">bho</w><w n="86">ga</w><w n="87">rū</w><w n="88">pe</w><w n="89" lemma="ṇa">ṇa </w><w n="90"></w><w n="91">sthi</w><w n="92" lemma="tiḥ">tir </w><w n="93">i</w><w n="94" lemma="ti">ti </w><w n="95">bra</w><w n="96">hma</w><w n="97">kāṃ</w><w n="98" lemma="ḍe">ḍe </w><w n="99">pra</w><w n="100">ti</w><w n="101">pā</w><w n="102">di</w><w n="103" lemma="taṃ">taṃ || </w><w n="104">ta</w><w n="105">trai</w><w n="106" lemma="va">va </w><w n="107" lemma="ca">ca </w><w n="108">sa</w><w n="109">ta</w><w n="110">tva</w><w n="111">ni</w><w n="112">rṇa</w><w n="113" lemma="yo">yo </w><w n="114">smā</w><w n="115" lemma="bhiḥ">bhir </w><w n="116">vya</w><w n="117">va</w><w n="118">dhā</w><w n="119" lemma="yi">yi </w><w n="120">pra</w><w n="121">khyo</w><w n="122">pā</w><w n="123">khyā</w><w n="124"></w><w n="125">tma</w><w n="126">ka</w><w n="127">tvā</w><w n="128"></w><w n="129" lemma="tvya">t || vya</w><w n="130">va</w><w n="131">hā</w><w n="132">ra</w><w n="133" lemma="sya">sya </w><w n="134">dvi</w><w n="135" lemma="tve">tve </w><w n="136">śa</w><w n="137">bdā</w><w n="138">rtha</w><w n="139">saṃ</w><w n="140">baṃ</w><w n="141">dha</w><w n="142">rū</w><w n="143" lemma="paṃ">paṃ </w><w n="144">ta</w><w n="145" lemma="tdṛ">d dṛ</w><w n="146" lemma="śyaṃ">śyaṃ </w><w n="147">da</w><w n="148">rśa</w><w n="149" lemma="naṃ">naṃ </w><w n="150">ce</w><w n="151" lemma="ti">ti </w><w n="152">bhe</w><w n="153">de</w><w n="154">nā</w><w n="155" lemma="tra">tra </w><w n="156">ni</w><w n="157">rde</w><w n="158" lemma="śa">śaḥ </w><w n="159">e</w><w n="160">ta</w><w n="161" lemma="tcā">c cā</w><w n="162">vi</w><w n="163">yyā</w><w n="164">ma</w><w n="165" lemma="yaṃ">yaṃ </w><w n="166">rū</w><w n="167" lemma="paṃ">paṃ </w><w n="168">ka</w><w n="169">thye</w><w n="170" lemma="te">te </w><w n="171"></w><w n="172">pā</w><w n="173">ra</w><w n="174">mā</w><w n="175">rthi</w><w n="176" lemma="kaṃ">kaṃ </w><w n="177" lemma="tu">tu </w><w n="178">pra</w><w n="179">kā</w><w n="180">śī</w><w n="181">ta</w><w n="182">pra</w><w n="183">paṃ</w><w n="184">ca</w><w n="185">rū</w><w n="186" lemma="paṃ">paṃ </w><w n="187">va</w><w n="188">kṣya</w><w n="189" lemma="ti">ti || </w><w n="190">ya</w><w n="191" lemma="tra">tra </w><w n="192">i</w><w n="193">ṣyā</w><w n="194">va</w><w n="195" lemma="sā">sā </w><w n="196">dṛ</w><w n="197" lemma="śyaṃ">śyaṃ </w><w n="198" lemma="ca">ca </w><w n="199">da</w><w n="200">rśa</w><w n="201" lemma="naṃ">naṃ </w><w n="202">cā</w><w n="203">vi</w><w n="204">ka</w><w n="205">lpi</w><w n="206" lemma="taṃ">taṃ </w><w n="207">ta</w><w n="208">syai</w><w n="209">vā</w><w n="210">rtha</w><w n="211" lemma="sya">sya </w><w n="212">śri</w><w n="213">tya</w><w n="214" lemma="tvaṃ">tvaṃ </w><w n="215">śri</w><w n="216" lemma="tāḥ">tās </w><w n="217">trai</w><w n="218">ṣyaṃ</w><w n="219">ta</w><w n="220">ve</w><w n="221">di</w><w n="222" lemma="na">na </w><w n="223">i</w><w n="224" lemma="ty">ty </w>
</text></TEI>
<TEI n="O">
<text>
<w n="0">pra</w><w n="1">yo</w><w n="2">ja</w><w n="3">na</w><w n="4">śa</w><w n="5">bde</w><w n="6" lemma="na">na </w><w n="7" lemma="ca">ca </w><w n="8">sa</w><w n="9">ma</w><w n="10">ti</w><w n="11">kri</w><w n="12">yā</w><w n="13">pha</w><w n="14" lemma="la">la </w><w n="15">i</w><w n="16" lemma="ti">ti </w><w n="17">ni</w><w n="18">da</w><w n="19" lemma="rśa">rśa </w><w n="20"></w><w n="21">i</w><w n="22" lemma="ti">ti </w><w n="23">sā</w><w n="24">dhya</w><w n="25">sā</w><w n="26">dha</w><w n="27">na</w><w n="28">pha</w><w n="29">la</w><w n="30">rū</w><w n="31">pa</w><w n="32">ta</w><w n="33" lemma="yā">yā </w><w n="34">vi</w><w n="35">śva</w><w n="36">saṃ</w><w n="37">ka</w><w n="38">la</w><w n="39">nā</w><w n="40" lemma="yāṃ">yām </w><w n="41">a</w><w n="42">śe</w><w n="43">ṣa</w><w n="44">vi</w><w n="45">va</w><w n="46">rtā</w><w n="47">nu</w><w n="48">gu</w><w n="49" lemma="ṇyaṃ">ṇyaṃ </w><w n="50">bra</w><w n="51">hma</w><w n="52" lemma="ṇaḥ">ṇaḥ </w><w n="53">pra</w><w n="54">ti</w><w n="55">pā</w><w n="56">di</w><w n="57" lemma="taṃ">taṃ </w><w n="58">e</w><w n="59"></w><w n="60"></w><w n="61"></w><w n="62">ta</w><w n="63" lemma="sya">sya </w><w n="64">sa</w><w n="65">rva</w><w n="66">bī</w><w n="67">ja</w><w n="68" lemma="sya">sya </w><w n="69"></w><w n="70"></w><w n="71">ce</w><w n="72" lemma="yaṃ">yam </w><w n="73"></w><w n="74">e</w><w n="75">ka</w><w n="76" lemma="dhā">dhā </w><w n="77">bho</w><w n="78">ktṛ</w><w n="79">bho</w><w n="80">kta</w><w n="81">vya</w><w n="82">rū</w><w n="83">pe</w><w n="84">ṇā</w><w n="85">bho</w><w n="86">ga</w><w n="87">rū</w><w n="88">pe</w><w n="89" lemma="ṇa">ṇa </w><w n="90"></w><w n="91">sthi</w><w n="92" lemma="tiḥ">tir </w><w n="93">i</w><w n="94" lemma="ti">ti </w><w n="95">bra</w><w n="96">hma</w><w n="97">kāṃ</w><w n="98" lemma="ḍe">ḍe </w><w n="99">pra</w><w n="100">ti</w><w n="101">pā</w><w n="102">di</w><w n="103" lemma="taṃ">taṃ | </w><w n="104">ta</w><w n="105">trai</w><w n="106" lemma="va">va </w><w n="107" lemma="ca">ca </w><w n="108">sa</w><w n="109">ta</w><w n="110">tva</w><w n="111">ni</w><w n="112">rṇa</w><w n="113" lemma="yo">yo </w><w n="114">smā</w><w n="115" lemma="bhiḥ">bhir </w><w n="116">vya</w><w n="117">va</w><w n="118">dhā</w><w n="119" lemma="yi">yi </w><w n="120">pra</w><w n="121">khyo</w><w n="122">pā</w><w n="123">khyā</w><w n="124"></w><w n="125">tma</w><w n="126">ka</w><w n="127">tvā</w><w n="128" lemma="tca">t_ ca </w><w n="129">vya</w><w n="130">va</w><w n="131">hā</w><w n="132">ra</w><w n="133" lemma="sya">sya </w><w n="134">dvi</w><w n="135" lemma="tve">tve </w><w n="136">śa</w><w n="137">bdā</w><w n="138" lemma="rtha">rttha</w><w n="139">saṃ</w><w n="140">baṃ</w><w n="141">dha</w><w n="142">rū</w><w n="143" lemma="paṃ">paṃ </w><w n="144">ta</w><w n="145" lemma="tdṛ">d dṛ</w><w n="146">śya</w><w n="147">da</w><w n="148">rśa</w><w n="149" lemma="naṃ">naṃ </w><w n="150">ce</w><w n="151" lemma="ti">ti </w><w n="152">bhe</w><w n="153">de</w><w n="154">nā</w><w n="155" lemma="tra">tra </w><w n="156">ni</w><w n="157">rde</w><w n="158" lemma="śa">śaḥ </w><w n="159">e</w><w n="160">ta</w><w n="161" lemma="tcā">c cā</w><w n="162">vi</w><w n="163">dyā</w><w n="164">ma</w><w n="165" lemma="yaṃ">yaṃ </w><w n="166">rū</w><w n="167" lemma="paṃ">paṃ </w><w n="168">ka</w><w n="169" lemma="thya">tthya</w><w n="170" lemma="te">te </w><w n="171"></w><w n="172">pā</w><w n="173">ra</w><w n="174">mā</w><w n="175" lemma="rthi">rtthi</w><w n="176" lemma="kaṃ">kaṃ </w><w n="177" lemma="tu">tu </w><w n="178">pra</w><w n="179">kā</w><w n="180">śi</w><w n="181">ta</w><w n="182">pra</w><w n="183">paṃ</w><w n="184">ca</w><w n="185">rū</w><w n="186" lemma="paṃ">paṃ </w><w n="187">va</w><w n="188">kṣya</w><w n="189" lemma="ti">ti </w><w n="190">ya</w><w n="191" lemma="tra">tra </w><w n="192">i</w><w n="193">ṣyā</w><w n="194">va</w><w n="195" lemma="sā">sā </w><w n="196">dṛ</w><w n="197" lemma="śyaṃ">śyaṃ </w><w n="198" lemma="ca">ca </w><w n="199">da</w><w n="200">rśa</w><w n="201" lemma="naṃ">naṃ </w><w n="202">cā</w><w n="203">vi</w><w n="204">ka</w><w n="205">lpi</w><w n="206" lemma="taṃ">taṃ </w><w n="207">ta</w><w n="208">syai</w><w n="209">vā</w><w n="210" lemma="rtha">rttha</w><w n="211" lemma="sya">sya </w><w n="212">śri</w><w n="213">tya</w><w n="214" lemma="tvaṃ">tvaṃ </w><w n="215">śri</w><w n="216" lemma="tāḥ">tās </w><w n="217">trai</w><w n="218">yyaṃ</w><w n="219">ta</w><w n="220">ve</w><w n="221">di</w><w n="222" lemma="na">na </w><w n="223">i</w><w n="224" lemma="ti">ti </w>
</text></TEI>
<TEI n="A">
<text>
<w n="0">pra</w><w n="1">yo</w><w n="2">ja</w><w n="3">na</w><w n="4">śa</w><w n="5">bde</w><w n="6" lemma="na">na </w><w n="7" lemma="ca">ca </w><w n="8">saṃ</w><w n="9">ma</w><w n="10">ti</w><w n="11">kri</w><w n="12">yā</w><w n="13">pha</w><w n="14" lemma="la">la </w><w n="15">i</w><w n="16" lemma="ti">ti </w><w n="17">ni</w><w n="18">da</w><w n="19" lemma="rśa">rśa </w><w n="20"></w><w n="21">i</w><w n="22" lemma="ti">ti </w><w n="23">sā</w><w n="24">dhya</w><w n="25">sā</w><w n="26">dha</w><w n="27">na</w><w n="28">pha</w><w n="29">la</w><w n="30">rū</w><w n="31">pa</w><w n="32">ta</w><w n="33" lemma="yā">yā </w><w n="34">vi</w><w n="35">śva</w><w n="36">saṃ</w><w n="37">ka</w><w n="38">lā</w><w n="39">nā</w><w n="40">yā</w><w n="41" lemma="na">n a</w><w n="42">śe</w><w n="43">ṣa</w><w n="44">vi</w><w n="45">va</w><w n="46">rtā</w><w n="47">nu</w><w n="48">gu</w><w n="49" lemma="ṇyaṃ">ṇyaṃ </w><w n="50">bra</w><w n="51">hma</w><w n="52" lemma="ṇaḥ">ṇaḥ </w><w n="53">pra</w><w n="54">ti</w><w n="55">pā</w><w n="56">di</w><w n="57" lemma="taṃ">taṃ </w><w n="58">e</w><w n="59"></w><w n="60"></w><w n="61"></w><w n="62">ka</w><w n="63" lemma="sya">sya </w><w n="64">saṃ</w><w n="65">rva</w><w n="66">bī</w><w n="67">ja</w><w n="68" lemma="sya">sya&#166; </w><w n="69"></w><w n="70"></w><w n="71">ce</w><w n="72" lemma="yaṃ">yam </w><w n="73">a</w><w n="74">ne</w><w n="75">ka</w><w n="76"></w><w n="77">bho</w><w n="78">ktṛ</w><w n="79">bho</w><w n="80">kta</w><w n="81">vya</w><w n="82">rū</w><w n="83">pe</w><w n="84" lemma="ṇa">ṇa </w><w n="85">bho</w><w n="86">ga</w><w n="87">rū</w><w n="88">pe</w><w n="89" lemma="ṇa">ṇa </w><w n="90"></w><w n="91">sthi</w><w n="92" lemma="tiḥ">tir </w><w n="93">i</w><w n="94" lemma="ti">ti </w><w n="95">bra</w><w n="96">hma</w><w n="97">kāṃ</w><w n="98" lemma="ḍe">ḍe </w><w n="99">pra</w><w n="100">ti</w><w n="101">pā</w><w n="102">di</w><w n="103" lemma="taṃ">taṃ </w><w n="104">ta</w><w n="105">trai</w><w n="106" lemma="va">va </w><w n="107" lemma="ca">ca </w><w n="108">sa</w><w n="109">ta</w><w n="110">tva</w><w n="111">ni</w><w n="112">rṇa</w><w n="113" lemma="yo">yo </w><w n="114">smā</w><w n="115" lemma="bhi">bhi </w><w n="116">vya</w><w n="117">va</w><w n="118">dhā</w><w n="119" lemma="yi">yi </w><w n="120">prā</w><w n="121">cyo</w><w n="122">pā</w><w n="123">khyā</w><w n="124"></w><w n="125">tma</w><w n="126">ka</w><w n="127">tvā</w><w n="128" lemma="tca">t_ ca </w><w n="129">vya</w><w n="130">va</w><w n="131">hā</w><w n="132">ra</w><w n="133" lemma="sya">sya </w><w n="134">dvi</w><w n="135" lemma="tve">tve </w><w n="136">śa</w><w n="137">bdā</w><w n="138">rtha</w><w n="139">saṃ</w><w n="140">baṃ</w><w n="141">dha</w><w n="142">rū</w><w n="143" lemma="paṃ">paṃ </w><w n="144" lemma="ta">ta </w><w n="145">dṛ</w><w n="146">śya</w><w n="147">da</w><w n="148">rśa</w><w n="149" lemma="naṃ">naṃ </w><w n="150">ce</w><w n="151" lemma="ti">ti </w><w n="152">bhe</w><w n="153">de</w><w n="154">nā</w><w n="155" lemma="tra">tra </w><w n="156">ni</w><w n="157" lemma="rde">rdde</w><w n="158" lemma="śa">śaḥ </w><w n="159">e</w><w n="160">ta</w><w n="161" lemma="tjā">j jā</w><w n="162">vi</w><w n="163">dyā</w><w n="164">ma</w><w n="165" lemma="yaṃ">yaṃ </w><w n="166">rū</w><w n="167" lemma="paṃ">paṃ </w><w n="168">ka</w><w n="169">thya</w><w n="170" lemma="te">te </w><w n="171"></w><w n="172">pā</w><w n="173">ra</w><w n="174">mā</w><w n="175">rthi</w><w n="176" lemma="kaṃ">kaṃ </w><w n="177" lemma="tu">tu </w><w n="178">pra</w><w n="179">kā</w><w n="180">śī</w><w n="181">ta</w><w n="182">pra</w><w n="183">paṃ</w><w n="184">ca</w><w n="185">rū</w><w n="186" lemma="paṃ">paṃ </w><w n="187">va</w><w n="188">kṣya</w><w n="189" lemma="ti">ti </w><w n="190">ya</w><w n="191" lemma="tra">tra </w><w n="192">dra</w><w n="193" lemma="ṣṭā">ṣṭā </w><w n="194" lemma="ca">ca </w><w n="195"></w><w n="196">dṛ</w><w n="197" lemma="śyaṃ">śyaṃ </w><w n="198" lemma="ta">ta </w><w n="199">da</w><w n="200">rśa</w><w n="201" lemma="naṃ">naṃ </w><w n="202">cā</w><w n="203">vi</w><w n="204">ka</w><w n="205">lpi</w><w n="206" lemma="taṃ">taṃ </w><w n="207">ta</w><w n="208">syai</w><w n="209">vā</w><w n="210">rtha</w><w n="211" lemma="sya">sya </w><w n="212">sa</w><w n="213">tya</w><w n="214" lemma="tvaṃ">tvaṃ </w><w n="215">śri</w><w n="216" lemma="tāḥ">tās </w><w n="217">tra</w><w n="218">yye</w><w n="219">ta</w><w n="220">ve</w><w n="221">di</w><w n="222" lemma="na">na </w><w n="223">i</w><w n="224" lemma="ti">ti </w>
</text></TEI>
<TEI n="V">
<text>
<w n="0">pra</w><w n="1">yo</w><w n="2">ja</w><w n="3">na</w><w n="4">śa</w><w n="5">bde</w><w n="6" lemma="na">na </w><w n="7" lemma="ca">ca </w><w n="8">saṃ</w><w n="9">ma</w><w n="10">ti</w><w n="11">kri</w><w n="12">yā</w><w n="13">pha</w><w n="14" lemma="la">la </w><w n="15">i</w><w n="16" lemma="ti">ti </w><w n="17">ni</w><w n="18">da</w><w n="19" lemma="rśa">rśa </w><w n="20"></w><w n="21">i</w><w n="22" lemma="ti">ti </w><w n="23">sā</w><w n="24">dhya</w><w n="25">sā</w><w n="26">dha</w><w n="27">na</w><w n="28">pha</w><w n="29">la</w><w n="30">rū</w><w n="31">pa</w><w n="32">ta</w><w n="33" lemma="yā">yā </w><w n="34">vi</w><w n="35">śva</w><w n="36">saṃ</w><w n="37">ka</w><w n="38">lā</w><w n="39">yā</w><w n="40" lemma="nāṃ">nām </w><w n="41">a</w><w n="42">śe</w><w n="43">ṣa</w><w n="44">vi</w><w n="45">va</w><w n="46">rtā</w><w n="47">nu</w><w n="48">gu</w><w n="49" lemma="ṇyaṃ">ṇyaṃ </w><w n="50">bra</w><w n="51">hma</w><w n="52" lemma="ṇaḥ">ṇaḥ </w><w n="53">pra</w><w n="54">ti</w><w n="55">pā</w><w n="56">di</w><w n="57" lemma="taṃ">taṃ </w><w n="58">e</w><w n="59"></w><w n="60"></w><w n="61"></w><w n="62">ka</w><w n="63" lemma="sya">sya </w><w n="64">sa</w><w n="65">rva</w><w n="66">bī</w><w n="67">ja</w><w n="68" lemma="sya">sya </w><w n="69"></w><w n="70"></w><w n="71">ce</w><w n="72" lemma="yaṃ">yam </w><w n="73"></w><w n="74">e</w><w n="75">ka</w><w n="76" lemma="dhā">dhā </w><w n="77">bho</w><w n="78">ktṛ</w><w n="79">bho</w><w n="80">kta</w><w n="81">vya</w><w n="82">rū</w><w n="83">pe</w><w n="84" lemma="ṇa">ṇa </w><w n="85">bho</w><w n="86">ga</w><w n="87">rū</w><w n="88">pe</w><w n="89" lemma="ṇa">ṇa </w><w n="90"></w><w n="91">sthi</w><w n="92" lemma="tiḥ">tir </w><w n="93">i</w><w n="94" lemma="ti">ti </w><w n="95">bra</w><w n="96">hma</w><w n="97">kāṃ</w><w n="98" lemma="ḍe">ḍe </w><w n="99">pra</w><w n="100">ti</w><w n="101">pā</w><w n="102">di</w><w n="103" lemma="taṃ">taṃ </w><w n="104">ta</w><w n="105">trai</w><w n="106" lemma="va">va </w><w n="107" lemma="va">va </w><w n="108">sa</w><w n="109">ta</w><w n="110">tva</w><w n="111">ni</w><w n="112">rṇa</w><w n="113" lemma="yo">yo </w><w n="114">smā</w><w n="115" lemma="bhi">bhi </w><w n="116">vya</w><w n="117">va</w><w n="118">dhā</w><w n="119" lemma="yi">yi </w><w n="120">prā</w><w n="121">cyo</w><w n="122">pā</w><w n="123">khyā</w><w n="124"></w><w n="125">tma</w><w n="126">ka</w><w n="127">tvā</w><w n="128" lemma="tca">t_ ca </w><w n="129">vya</w><w n="130">va</w><w n="131">hā</w><w n="132">ra</w><w n="133" lemma="sya">sya </w><w n="134">dvi</w><w n="135" lemma="tve">tve </w><w n="136">śa</w><w n="137">bdā</w><w n="138">rtha</w><w n="139">saṃ</w><w n="140">baṃ</w><w n="141">dha</w><w n="142">rū</w><w n="143" lemma="paṃ">paṃ </w><w n="144">ta</w><w n="145" lemma="tdṛ">d dṛ</w><w n="146">śya</w><w n="147">da</w><w n="148">rśa</w><w n="149" lemma="naṃ">naṃ </w><w n="150">ce</w><w n="151" lemma="ti">ti </w><w n="152">bhe</w><w n="153">de</w><w n="154">nā</w><w n="155" lemma="tra">tra </w><w n="156">ni</w><w n="157">rde</w><w n="158" lemma="śa">śaḥ </w><w n="159">e</w><w n="160">ta</w><w n="161" lemma="tcā">c cā</w><w n="162">vi</w><w n="163">dyā</w><w n="164">ma</w><w n="165" lemma="yaṃ">yaṃ </w><w n="166">rū</w><w n="167" lemma="paṃ">paṃ </w><w n="168">ka</w><w n="169">thya</w><w n="170" lemma="te">te </w><w n="171"></w><w n="172">pā</w><w n="173">ra</w><w n="174">mā</w><w n="175">rthi</w><w n="176" lemma="kaṃ">kaṃ </w><w n="177" lemma="tu">tu </w><w n="178">pra</w><w n="179">kā</w><w n="180">śā</w><w n="181">ta</w><w n="182">pra</w><w n="183">paṃ</w><w n="184">ca</w><w n="185">rū</w><w n="186" lemma="paṃ">paṃ </w><w n="187">va</w><w n="188">kṣya</w><w n="189" lemma="ti">ti </w><w n="190">ya</w><w n="191" lemma="tra">tra </w><w n="192">dra</w><w n="193" lemma="ṣṭā">ṣṭā </w><w n="194" lemma="ca">ca </w><w n="195"></w><w n="196">dṛ</w><w n="197" lemma="śyaṃ">śyaṃ </w><w n="198" lemma="va">va </w><w n="199">da</w><w n="200">rśa</w><w n="201" lemma="naṃ">naṃ </w><w n="202">cā</w><w n="203">vi</w><w n="204">ka</w><w n="205">lpi</w><w n="206" lemma="taṃ">taṃ </w><w n="207">ta</w><w n="208">syai</w><w n="209">vā</w><w n="210">rtha</w><w n="211" lemma="sya">sya </w><w n="212">sa</w><w n="213">tya</w><w n="214" lemma="tvaṃ">tvaṃ </w><w n="215">śri</w><w n="216" lemma="tāḥ">tās </w><w n="217">tra</w><w n="218">yyaṃ</w><w n="219">ta</w><w n="220">ve</w><w n="221">di</w><w n="222" lemma="na">na </w><w n="223">i</w><w n="224" lemma="ti">ti </w>
</text></TEI>
<TEI n="K">
<text>
<w n="0">pra</w><w n="1">yo</w><w n="2">ja</w><w n="3">na</w><w n="4">śa</w><w n="5">bde</w><w n="6" lemma="na">na </w><w n="7" lemma="ca">ca </w><w n="8">saṃ</w><w n="9">ma</w><w n="10">ti</w><w n="11">kri</w><w n="12">yā</w><w n="13">pha</w><w n="14" lemma="la">la </w><w n="15">i</w><w n="16" lemma="ti">ti </w><w n="17">ni</w><w n="18">da</w><w n="19" lemma="rśa">rśa </w><w n="20"></w><w n="21">i</w><w n="22" lemma="ti">ti </w><w n="23">sā</w><w n="24">dhya</w><w n="25">sā</w><w n="26">dha</w><w n="27">na</w><w n="28">pha</w><w n="29">la</w><w n="30">rū</w><w n="31">pa</w><w n="32">ta</w><w n="33" lemma="yā">yā </w><w n="34">vi</w><w n="35">śva</w><w n="36">saṃ</w><w n="37">ka</w><w n="38">lā</w><w n="39">nā</w><w n="40" lemma="yāṃ">yām </w><w n="41">a</w><w n="42">śe</w><w n="43">ṣa</w><w n="44">vi</w><w n="45">va</w><w n="46">rtā</w><w n="47">nu</w><w n="48">gu</w><w n="49" lemma="ṇyaṃ">ṇyaṃ </w><w n="50">bra</w><w n="51">hma</w><w n="52" lemma="ṇaḥ">ṇaḥ </w><w n="53">pra</w><w n="54">ti</w><w n="55">pā</w><w n="56">di</w><w n="57" lemma="taṃ">taṃ </w><w n="58">e</w><w n="59"></w><w n="60"></w><w n="61"></w><w n="62">ka</w><w n="63" lemma="sya">sya </w><w n="64">sa</w><w n="65">rva</w><w n="66">bī</w><w n="67">ja</w><w n="68" lemma="sya">sya </w><w n="69"></w><w n="70"></w><w n="71">ce</w><w n="72" lemma="yaṃ">yam </w><w n="73">a</w><w n="74">ne</w><w n="75">ka</w><w n="76" lemma="dhā">dhā </w><w n="77">bho</w><w n="78">ktṛ</w><w n="79">bho</w><w n="80">kta</w><w n="81">vya</w><w n="82">rū</w><w n="83">pe</w><w n="84" lemma="ṇa">ṇa </w><w n="85">bho</w><w n="86">ga</w><w n="87">rū</w><w n="88">pe</w><w n="89" lemma="ṇa">ṇa </w><w n="90"></w><w n="91">sthi</w><w n="92" lemma="tiḥ">tir </w><w n="93">i</w><w n="94" lemma="ti">ti </w><w n="95">bra</w><w n="96">hma</w><w n="97">kāṃ</w><w n="98" lemma="ḍe">ḍe </w><w n="99">pra</w><w n="100">ti</w><w n="101">pā</w><w n="102">di</w><w n="103" lemma="taṃ">taṃ </w><w n="104">ta</w><w n="105">trai</w><w n="106" lemma="va">va </w><w n="107" lemma="va">va </w><w n="108">sa</w><w n="109">ta</w><w n="110">tva</w><w n="111">ni</w><w n="112">rṇa</w><w n="113" lemma="yo">yo </w><w n="114">smā</w><w n="115" lemma="bhi">bhi </w><w n="116">vya</w><w n="117">va</w><w n="118">dhā</w><w n="119" lemma="yi">yi </w><w n="120">prā</w><w n="121">cyo</w><w n="122">pā</w><w n="123">khyā</w><w n="124"></w><w n="125">tma</w><w n="126">ka</w><w n="127">tvā</w><w n="128" lemma="tca">t_ ca </w><w n="129">vya</w><w n="130">va</w><w n="131">hā</w><w n="132">ra</w><w n="133" lemma="sya">sya </w><w n="134">dvi</w><w n="135" lemma="tve">tve </w><w n="136">śa</w><w n="137">bdā</w><w n="138">rtha</w><w n="139">saṃ</w><w n="140">baṃ</w><w n="141">dha</w><w n="142">rū</w><w n="143" lemma="paṃ">paṃ </w><w n="144">ta</w><w n="145" lemma="tdṛ">d dṛ</w><w n="146">śya</w><w n="147">da</w><w n="148">rśa</w><w n="149" lemma="naṃ">naṃ </w><w n="150">ce</w><w n="151" lemma="ti">ti </w><w n="152">bhe</w><w n="153">de</w><w n="154">nā</w><w n="155" lemma="tra">tra </w><w n="156">ni</w><w n="157">rde</w><w n="158" lemma="śa">śaḥ </w><w n="159">e</w><w n="160">ta</w><w n="161" lemma="tcā">c cā</w><w n="162">vi</w><w n="163">dyā</w><w n="164">ma</w><w n="165" lemma="yaṃ">yaṃ </w><w n="166">rū</w><w n="167" lemma="paṃ">paṃ </w><w n="168">ka</w><w n="169">thya</w><w n="170" lemma="te">te </w><w n="171"></w><w n="172">pā</w><w n="173">ra</w><w n="174">mā</w><w n="175">rthi</w><w n="176" lemma="kaṃ">kaṃ </w><w n="177" lemma="tu">tu </w><w n="178">pra</w><w n="179">kā</w><w n="180">śā</w><w n="181">ta</w><w n="182">pra</w><w n="183">paṃ</w><w n="184">ca</w><w n="185">rū</w><w n="186" lemma="paṃ">paṃ </w><w n="187">va</w><w n="188">kṣya</w><w n="189" lemma="ti">ti </w><w n="190">ya</w><w n="191" lemma="tra">tra </w><w n="192">dra</w><w n="193" lemma="ṣṭā">ṣṭā </w><w n="194" lemma="ca">ca </w><w n="195"></w><w n="196">dṛ</w><w n="197" lemma="śyaṃ">śyaṃ </w><w n="198" lemma="va">va </w><w n="199">da</w><w n="200">rśa</w><w n="201" lemma="naṃ">naṃ </w><w n="202">cā</w><w n="203">vi</w><w n="204">ka</w><w n="205">lpi</w><w n="206" lemma="taṃ">taṃ </w><w n="207">ta</w><w n="208">syai</w><w n="209">vā</w><w n="210">rtha</w><w n="211" lemma="sya">sya </w><w n="212">sa</w><w n="213">tya</w><w n="214" lemma="tvaṃ">tvaṃ </w><w n="215">śri</w><w n="216" lemma="tāḥ">tās </w><w n="217">tra</w><w n="218">yyaṃ</w><w n="219">ta</w><w n="220">ve</w><w n="221">di</w><w n="222" lemma="na">na </w><w n="223">i</w><w n="224" lemma="ti">ti </w>
</text></TEI>
<TEI n="D">
<text>
<w n="0">pra</w><w n="1">yo</w><w n="2">ja</w><w n="3">na</w><w n="4">śa</w><w n="5">bde</w><w n="6" lemma="na">na </w><w n="7" lemma="ca">ca </w><w n="8">saṃ</w><w n="9">ma</w><w n="10">ti</w><w n="11">kri</w><w n="12">yā</w><w n="13">pha</w><w n="14" lemma="la">la </w><w n="15">i</w><w n="16" lemma="ti">ti </w><w n="17">ni</w><w n="18">da</w><w n="19" lemma="rśa">rśa </w><w n="20"></w><w n="21">i</w><w n="22" lemma="ti">ti </w><w n="23">sā</w><w n="24">dhya</w><w n="25">sā</w><w n="26">dha</w><w n="27">na</w><w n="28">pha</w><w n="29">la</w><w n="30">rū</w><w n="31">pa</w><w n="32">ta</w><w n="33" lemma="yā">yā </w><w n="34">vi</w><w n="35">śva</w><w n="36">saṃ</w><w n="37">ka</w><w n="38">lā</w><w n="39">nā</w><w n="40" lemma="yāṃ">yām </w><w n="41">a</w><w n="42">śe</w><w n="43">ṣa</w><w n="44">vi</w><w n="45">va</w><w n="46">rtā</w><w n="47">nu</w><w n="48">gu</w><w n="49" lemma="ṇyaṃ">ṇyaṃ </w><w n="50">bra</w><w n="51">hma</w><w n="52" lemma="ṇaḥ">ṇaḥ </w><w n="53">pra</w><w n="54">ti</w><w n="55">pā</w><w n="56">di</w><w n="57" lemma="taṃ">taṃ </w><w n="58">e</w><w n="59"></w><w n="60"></w><w n="61"></w><w n="62">ka</w><w n="63" lemma="sya">sya </w><w n="64">sa</w><w n="65">rva</w><w n="66">bī</w><w n="67">ja</w><w n="68" lemma="sya">sya </w><w n="69"></w><w n="70"></w><w n="71">ce</w><w n="72" lemma="yaṃ">yam </w><w n="73">a</w><w n="74">ne</w><w n="75">ka</w><w n="76" lemma="dhā">dhā </w><w n="77">bho</w><w n="78">ktṛ</w><w n="79">bho</w><w n="80">kta</w><w n="81">vya</w><w n="82">rū</w><w n="83">pe</w><w n="84" lemma="ṇa">ṇa </w><w n="85">bho</w><w n="86">ga</w><w n="87">rū</w><w n="88">pe</w><w n="89" lemma="ṇa">ṇa </w><w n="90"></w><w n="91">sthi</w><w n="92" lemma="tiḥ">tir </w><w n="93">i</w><w n="94" lemma="ti">ti </w><w n="95">bra</w><w n="96">hma</w><w n="97">kāṃ</w><w n="98" lemma="ḍe">ḍe </w><w n="99">pra</w><w n="100">ti</w><w n="101">pā</w><w n="102">di</w><w n="103" lemma="taṃ">taṃ </w><w n="104">ta</w><w n="105">trai</w><w n="106" lemma="va">va </w><w n="107" lemma="ca">ca </w><w n="108">sa</w><w n="109">ta</w><w n="110">tva</w><w n="111">ni</w><w n="112">rṇa</w><w n="113" lemma="yo">yo </w><w n="114">smā</w><w n="115" lemma="bhi">bhi </w><w n="116">vya</w><w n="117">va</w><w n="118">dhā</w><w n="119" lemma="yi">yi </w><w n="120">prā</w><w n="121">cyo</w><w n="122">pā</w><w n="123">khyā</w><w n="124"></w><w n="125">tma</w><w n="126">ka</w><w n="127">tvā</w><w n="128" lemma="tca">t_ ca </w><w n="129">vya</w><w n="130">va</w><w n="131">hā</w><w n="132">ra</w><w n="133" lemma="sya">sya </w><w n="134">dvi</w><w n="135" lemma="tve">tve </w><w n="136">śa</w><w n="137">bdā</w><w n="138">rtha</w><w n="139">saṃ</w><w n="140">baṃ</w><w n="141">dha</w><w n="142">rū</w><w n="143" lemma="paṃ">paṃ </w><w n="144">ta</w><w n="145" lemma="tdṛ">d dṛ</w><w n="146">śya</w><w n="147">da</w><w n="148">rśa</w><w n="149" lemma="naṃ">naṃ </w><w n="150">ce</w><w n="151" lemma="ti">ti </w><w n="152">bhe</w><w n="153">de</w><w n="154">nā</w><w n="155" lemma="tra">tra </w><w n="156">ni</w><w n="157">rde</w><w n="158" lemma="śa">śaḥ </w><w n="159">e</w><w n="160">ta</w><w n="161" lemma="tcā">c cā</w><w n="162">vi</w><w n="163">dyā</w><w n="164">ma</w><w n="165" lemma="yaṃ">yaṃ </w><w n="166">rū</w><w n="167" lemma="paṃ">paṃ </w><w n="168">ka</w><w n="169">thya</w><w n="170" lemma="te">te </w><w n="171"></w><w n="172">pā</w><w n="173">ra</w><w n="174">mā</w><w n="175">rthi</w><w n="176" lemma="kaṃ">kaṃ </w><w n="177" lemma="tu">tu </w><w n="178">pra</w><w n="179">kā</w><w n="180">śī</w><w n="181">ta</w><w n="182">pra</w><w n="183">paṃ</w><w n="184">ca</w><w n="185">rū</w><w n="186" lemma="paṃ">paṃ </w><w n="187">va</w><w n="188">kṣya</w><w n="189" lemma="ti">ti </w><w n="190">ya</w><w n="191" lemma="tra">tra </w><w n="192">dra</w><w n="193" lemma="ṣṭā">ṣṭā </w><w n="194" lemma="ca">ca </w><w n="195"></w><w n="196">dṛ</w><w n="197" lemma="śyaṃ">śyaṃ </w><w n="198" lemma="ca">ca </w><w n="199">da</w><w n="200">rśa</w><w n="201" lemma="naṃ">naṃ </w><w n="202">cā</w><w n="203">vi</w><w n="204">ka</w><w n="205">lpi</w><w n="206" lemma="taṃ">taṃ </w><w n="207">ta</w><w n="208">syai</w><w n="209">vā</w><w n="210">rtha</w><w n="211" lemma="sya">sya </w><w n="212">sa</w><w n="213">tya</w><w n="214" lemma="tvaṃ">tvaṃ </w><w n="215">śri</w><w n="216" lemma="tāḥ">tās </w><w n="217">tra</w><w n="218">yyaṃ</w><w n="219">ta</w><w n="220">ve</w><w n="221">di</w><w n="222" lemma="na">na </w><w n="223">i</w><w n="224" lemma="ti">ti </w>
</text></TEI>
</teiCorpus>
