<?xml version="1.0" encoding="UTF-8"?>
<teiCorpus xmlns="http://www.tei-c.org/ns/1.0">

<TEI n="GV">
<text>
<w n="0"></w><w n="1"></w><w n="2"></w><w n="3"></w><w n="4"></w><w n="5"></w><w n="6"></w><w n="7"></w><w n="8"></w><w n="9"></w><w n="10"></w><w n="11"></w><w n="12"></w><w n="13"></w><w n="14"></w><w n="15"></w><w n="16"></w><w n="17"></w><w n="18"></w><w n="19"></w><w n="20"></w><w n="21"></w><w n="22"></w><w n="23"></w><w n="24"></w><w n="25"></w><w n="26"></w><w n="27"></w><w n="28"></w><w n="29"></w><w n="30"></w><w n="31"></w><w n="32"></w><w n="33"></w><w n="34"></w><w n="35"></w><w n="36"></w><w n="37"></w><w n="38"></w><w n="39"></w><w n="40"></w><w n="41"></w><w n="42"></w><w n="43"></w><w n="44"></w><w n="45"></w><w n="46"></w><w n="47"></w><w n="48"></w><w n="49"></w><w n="50"></w><w n="51"></w><w n="52"></w><w n="53"></w><w n="54"></w><w n="55"></w><w n="56"></w><w n="57"></w><w n="58"></w><w n="59"></w><w n="60"></w><w n="61"></w><w n="62"></w><w n="63"></w><w n="64"></w><w n="65"></w><w n="66"></w><w n="67"></w><w n="68"></w><w n="69"></w><w n="70"></w><w n="71"></w><w n="72"></w><w n="73"></w><w n="74"></w><w n="75"></w><w n="76"></w><w n="77"></w><w n="78"></w><w n="79"></w><w n="80"></w><w n="81"></w><w n="82"></w><w n="83"></w><w n="84"></w><w n="85"></w><w n="86"></w><w n="87"></w><w n="88"></w><w n="89"></w><w n="90"></w><w n="91"></w><w n="92"></w><w n="93"></w><w n="94"></w><w n="95"></w><w n="96"></w><w n="97"></w><w n="98"></w><w n="99"></w><w n="100"></w><w n="101"></w><w n="102"></w><w n="103"></w><w n="104"></w><w n="105"></w><w n="106"></w><w n="107"></w><w n="108"></w><w n="109"></w><w n="110"></w><w n="111"></w><w n="112"></w><w n="113"></w><w n="114"></w><w n="115"></w><w n="116"></w><w n="117"></w><w n="118"></w><w n="119"></w><w n="120"></w><w n="121"></w><w n="122"></w><w n="123"></w><w n="124"></w><w n="125"></w><w n="126"></w><w n="127"></w><w n="128"></w><w n="129"></w><w n="130"></w><w n="131"></w><w n="132"></w><w n="133"></w><w n="134"></w><w n="135"></w><w n="136"></w><w n="137"></w><w n="138"></w><w n="139"></w><w n="140"></w><w n="141"></w><w n="142"></w><w n="143"></w><w n="144"></w><w n="145"></w><w n="146"></w><w n="147"></w><w n="148"></w><w n="149"></w><w n="150"></w><w n="151"></w><w n="152"></w><w n="153"></w><w n="154"></w><w n="155"></w><w n="156"></w><w n="157"></w><w n="158"></w><w n="159"></w><w n="160"></w><w n="161"></w><w n="162"></w><w n="163"></w><w n="164"></w><w n="165"></w><w n="166"></w><w n="167"></w><w n="168"></w><w n="169"></w><w n="170"></w><w n="171"></w><w n="172"></w><w n="173"></w><w n="174"></w><w n="175"></w><w n="176"></w><w n="177"></w><w n="178"></w><w n="179"></w><w n="180"></w><w n="181"></w><w n="182"></w><w n="183"></w><w n="184"></w><w n="185"></w><w n="186"></w><w n="187"></w><w n="188"></w><w n="189"></w><w n="190"></w><w n="191"></w><w n="192"></w><w n="193"></w><w n="194"></w><w n="195"></w><w n="196"></w><w n="197"></w><w n="198"></w><w n="199"></w><w n="200"></w><w n="201"></w><w n="202"></w><w n="203"></w><w n="204"></w><w n="205"></w><w n="206"></w><w n="207"></w><w n="208"></w><w n="209"></w><w n="210"></w><w n="211"></w><w n="212"></w><w n="213"></w><w n="214"></w><w n="215"></w><w n="216"></w><w n="217"></w><w n="218"></w><w n="219"></w><w n="220"></w><w n="221"></w><w n="222"></w><w n="223"></w><w n="224"></w><w n="225"></w><w n="226"></w><w n="227"></w><w n="228"></w><w n="229"></w><w n="230"></w><w n="231"></w><w n="232"></w><w n="233"></w><w n="234"></w><w n="235"></w><w n="236"></w><w n="237"></w><w n="238"></w><w n="239"></w><w n="240"></w><w n="241"></w><w n="242"></w><w n="243"></w><w n="244"></w><w n="245"></w><w n="246"></w><w n="247"></w><w n="248"></w><w n="249"></w><w n="250"></w><w n="251"></w><w n="252"></w><w n="253"></w><w n="254"></w><w n="255"></w><w n="256"></w><w n="257"></w><w n="258"></w><w n="259"></w><w n="260"></w><w n="261"></w><w n="262"></w><w n="263"></w><w n="264"></w><w n="265"></w><w n="266"></w><w n="267"></w><w n="268"></w><w n="269"></w><w n="270"></w><w n="271"></w><w n="272"></w><w n="273"></w><w n="274"></w><w n="275"></w><w n="276"></w><w n="277"></w><w n="278"></w><w n="279"></w><w n="280"></w><w n="281"></w><w n="282"></w><w n="283"></w><w n="284"></w><w n="285"></w><w n="286"></w><w n="287"></w><w n="288"></w><w n="289"></w><w n="290"></w><w n="291"></w><w n="292"></w><w n="293"></w><w n="294"></w><w n="295"></w>
</text></TEI>
<TEI n="CT">
<text>
<w n="0"></w><w n="1">gra</w><w n="2"></w><w n="3"></w><w n="4"></w><w n="5"></w><w n="6"></w><w n="7">hā</w><w n="8">ve</w><w n="9">śa</w><w n="10"></w><w n="11">ni</w><w n="12">mi</w><w n="13" lemma="taḥ">ttas </w><w n="14" lemma="tu">tu </w><w n="15">bhe</w><w n="16" lemma="daḥ">daḥ | </w><w n="17">a</w><w n="18">vi</w><w n="19">dyā</w><w n="20">pra</w><w n="21">vṛ</w><w n="22" lemma="ti">tti</w><w n="23">rū</w><w n="24">pa</w><w n="25">tvā</w><w n="26" lemma="tpu">t_ pu</w><w n="27" lemma="naḥ">nar </w><w n="28">a</w><w n="29"></w><w n="30">sa</w><w n="31">tya</w><w n="32"></w><w n="33" lemma="tā">tā </w><w n="34" lemma="sa">sa-</w><w n="35">mā</w><w n="36">nai</w><w n="37" lemma="va">va </w><w n="38">ke</w><w n="39">va</w><w n="40" lemma="laṃ">laṃ </w><w n="41"></w><w n="42">sa</w><w n="43" lemma="tyāṃ">tyām </w><w n="44">a</w><w n="45"></w><w n="46"></w><w n="47"></w><w n="48">vi</w><w n="49">dyā</w><w n="50" lemma="yāṃ">yām </w><w n="51">a</w><w n="52" lemma="yaṃ">yam </w><w n="53">a</w><w n="54">pa</w><w n="55" lemma="raḥ">ro </w><w n="56" lemma="mo">mo-</w><w n="57" lemma="haḥ">haś </w><w n="58">ci</w><w n="59" lemma="cha">ccha</w><w n="60" lemma="kteḥ">kter </w><w n="61">ā</w><w n="62">pā</w><w n="63">ra</w><w n="64" lemma="taḥ">to </w><w n="65">ni</w><w n="66" lemma="drā">drā </w><w n="67">nā</w><w n="68" lemma="ma">ma </w><w n="69">ta</w><w n="70">dva</w><w n="71">śā</w><w n="72" lemma="ta">d a</w><w n="73" lemma="trai">trai-</w><w n="74" lemma="va">va </w><w n="75" lemma="bhrāṃ">bhrān</w><w n="76">ta</w><w n="77">tvā</w><w n="78">bhi</w><w n="79">mā</w><w n="80" lemma="naḥ">no '</w><w n="81">rvā</w><w n="82">gdṛ</w><w n="83" lemma="śāṃ">śāṃ </w><w n="84">pa</w><w n="85">ra</w><w n="86">mā</w><w n="87">rtha</w><w n="88">dṛ</w><w n="89">śā</w><w n="90" lemma="ntu">ṃs tu </w><w n="91"></w><w n="92"></w><w n="93"></w><w n="94"></w><w n="95"></w><w n="96"></w><w n="97"></w><w n="98"></w><w n="99"></w><w n="100"></w><w n="101"></w><w n="102"></w><w n="103"></w><w n="104"></w><w n="105"></w><w n="106"></w><w n="107"></w><w n="108"></w><w n="109"></w><w n="110"></w><w n="111"></w><w n="112"></w><w n="113"></w><w n="114">ci</w><w n="115">dā</w><w n="116" lemma="naṃ">nan</w><w n="117">da</w><w n="118">rū</w><w n="119" lemma="pe">pe </w><w n="120">sa</w><w n="121" lemma="rvaṃ">rvam </w><w n="122">e</w><w n="123" lemma="va">va </w><w n="124"></w><w n="125"></w><w n="126">jā</w><w n="127">gra</w><w n="128">tsva</w><w n="129">pnā</w><w n="130">dya</w><w n="131">va</w><w n="132">sthā</w><w n="133">ga</w><w n="134">ta</w><w n="135">mū</w><w n="136">rti</w><w n="137">kri</w><w n="138">yā</w><w n="139">vi</w><w n="140">va</w><w n="141">rta</w><w n="142">rū</w><w n="143" lemma="paṃ">pam </w><w n="144" lemma="a">a-</w><w n="145"></w><w n="146">sa</w><w n="147" lemma="tyaṃ">tyam&#183; </w><w n="148">a</w><w n="149">nva</w><w n="150">yi</w><w n="151">ci</w><w n="152">tsā</w><w n="153">mā</w><w n="154">nya</w><w n="155">mā</w><w n="156" lemma="traṃ">traṃ </w><w n="157" lemma="tu">tu </w><w n="158">pa</w><w n="159">ra</w><w n="160" lemma="mā">mā-</w><w n="161" lemma="rtha">rtha </w><w n="162">i</w><w n="163" lemma="ti">ti </w><w n="164">si</w><w n="165" lemma="dhaṃ">ddham&#183; </w><w n="166">vi</w><w n="167">ru</w><w n="168" lemma="dhaṃ">ddham </w><w n="169">u</w><w n="170">pa</w><w n="171">la</w><w n="172">bhya</w><w n="173" lemma="ta">ta </w><w n="174">i</w><w n="175" lemma="ti">ti </w><w n="176">va</w><w n="177" lemma="da">da-</w><w n="178" lemma="na">nn a</w><w n="179">vi</w><w n="180">dyā</w><w n="181" lemma="yāṃ">yāṃ </w><w n="182">vi</w><w n="183">ro</w><w n="184" lemma="dhaṃ">dham </w><w n="185">a</w><w n="186">bhyu</w><w n="187">pai</w><w n="188" lemma="ti">ti </w><w n="189">e</w><w n="190">ta</w><w n="191" lemma="te">d e</w><w n="192" lemma="va">va </w><w n="193" lemma="hya">hy a</w><w n="194" lemma="vi">vi- </w><w n="195"></w><w n="196"></w><w n="197"></w><w n="198"></w><w n="199"></w><w n="200">ya</w><w n="201"></w><w n="202"></w><w n="203"></w><w n="204"></w><w n="205"></w><w n="206"></w><w n="207"></w><w n="208"></w><w n="209"></w><w n="210"></w><w n="211"></w><w n="212"></w><w n="213"></w><w n="214"></w><w n="215"></w><w n="216"></w><w n="217"></w><w n="218"></w><w n="219" lemma="ti">ti </w><w n="220">u</w><w n="221"></w><w n="222" lemma="paṃ">pan</w><w n="223">na</w><w n="224" lemma="tve">tve </w><w n="225">vi</w><w n="226">dyai</w><w n="227" lemma="va">va </w><w n="228">syā</w><w n="229" lemma="tta">t | ta</w><w n="230">smā</w><w n="231" lemma="ta">d a</w><w n="232">sa</w><w n="233"></w><w n="234">tpra</w><w n="235" lemma="paṃ">pañ</w><w n="236">ca</w><w n="237">pra</w><w n="238">kā</w><w n="239">śa</w><w n="240">na</w><w n="241">śa</w><w n="242" lemma="ktiḥ">ktiḥ </w><w n="243">bra</w><w n="244" lemma="hma">hma-</w><w n="245" lemma="ṇaḥ">ṇo '</w><w n="246">nā</w><w n="247">di</w><w n="248">si</w><w n="249" lemma="dhā">ddhā </w><w n="250">grā</w><w n="251">hya</w><w n="252">grā</w><w n="253">ha</w><w n="254">ka</w><w n="255">yu</w><w n="256">ga</w><w n="257" lemma="ḻaṃ">ḻaṃ </w><w n="258">svā</w><w n="259">nu</w><w n="260">rū</w><w n="261" lemma="paṃ">pam </w><w n="262">u</w><w n="263">pa</w><w n="264"></w><w n="265">ra</w><w n="266">ca</w><w n="267" lemma="yya">yya </w><w n="268">ja</w><w n="269" lemma="gaṃ">gan</w><w n="270">nā</w><w n="271" lemma="ṭyaṃ">ṭyam </w><w n="272">ā</w><w n="273">ta</w><w n="274">no</w><w n="275">tī</w><w n="276" lemma="tya">ty a</w><w n="277">vi</w><w n="278">cā</w><w n="279">ri</w><w n="280">ta</w><w n="281">ra</w><w n="282">ma</w><w n="283">ṇī</w><w n="284" lemma="yāṃ">yām </w><w n="285">i</w><w n="286" lemma="māṃ">mām </w><w n="287">a</w><w n="288">pa</w><w n="289">na</w><w n="290">yaṃ</w><w n="291" lemma="ti">ti </w><w n="292">ta</w><w n="293">tva</w><w n="294">dṛ</w><w n="295" lemma="śaḥ">śaḥ || </w>
</text></TEI>
<TEI n="T">
<text>
<w n="0">sthi</w><w n="1">ra</w><w n="2">tvā</w><w n="3">sthi</w><w n="4">ra</w><w n="5">tva</w><w n="6">gra</w><w n="7">hā</w><w n="8">ve</w><w n="9">śa</w><w n="10"></w><w n="11">ni</w><w n="12">mi</w><w n="13" lemma="taḥ">ttas </w><w n="14" lemma="tu">tu </w><w n="15">bhe</w><w n="16" lemma="daḥ">daḥ </w><w n="17">a</w><w n="18">vi</w><w n="19">dyā</w><w n="20">pṛ</w><w n="21">vṛ</w><w n="22" lemma="ti">tti</w><w n="23">rū</w><w n="24">pa</w><w n="25">tvā</w><w n="26" lemma="tpu">t_ pu</w><w n="27" lemma="naḥ">nar </w><w n="28">a</w><w n="29"></w><w n="30">sa</w><w n="31">tya</w><w n="32"></w><w n="33" lemma="tā">tā </w><w n="34">sa</w><w n="35">mā</w><w n="36">nai</w><w n="37" lemma="va">va </w><w n="38">ke</w><w n="39">va</w><w n="40" lemma="laṃ">laṃ </w><w n="41"></w><w n="42">sa</w><w n="43" lemma="tyāṃ">tyām </w><w n="44">a</w><w n="45"></w><w n="46"></w><w n="47"></w><w n="48">vi</w><w n="49">dyā</w><w n="50" lemma="yāṃ">yām </w><w n="51">a</w><w n="52" lemma="yaṃ">yam </w><w n="53">a</w><w n="54">pa</w><w n="55" lemma="raḥ">ro </w><w n="56">mo</w><w n="57" lemma="haḥ">haś </w><w n="58">ci</w><w n="59" lemma="cha">cśa</w><w n="60" lemma="kteḥ">kter </w><w n="61">ā</w><w n="62">vā</w><w n="63">ra</w><w n="64" lemma="kaḥ">ko </w><w n="65">ni</w><w n="66" lemma="drā">drā </w><w n="67">nā</w><w n="68" lemma="ma">ma </w><w n="69">ta</w><w n="70">dva</w><w n="71">śā</w><w n="72" lemma="ta">d a</w><w n="73">tre</w><w n="74" lemma="va">va </w><w n="75" lemma="bhrāṃ">bhrān</w><w n="76">ta</w><w n="77">tvā</w><w n="78">bhi</w><w n="79">mā</w><w n="80" lemma="naḥ">no </w><w n="81" lemma="rvā">rvvā</w><w n="82">gdṛ</w><w n="83" lemma="śaṃ">śaṃ </w><w n="84">pa</w><w n="85">ra</w><w n="86">mā</w><w n="87" lemma="rtha">rttha</w><w n="88">dṛ</w><w n="89">śā</w><w n="90" lemma="ntu">n tu </w><w n="91">ja</w><w n="92">na</w><w n="93">na</w><w n="94">ma</w><w n="95">ra</w><w n="96">ṇa</w><w n="97">ra</w><w n="98">hi</w><w n="99" lemma="te">te </w><w n="100">a</w><w n="101">pra</w><w n="102">vi</w><w n="103">bha</w><w n="104" lemma="kte">kte </w><w n="105">kū</w><w n="106">ṭa</w><w n="107" lemma="sthe">sthe </w><w n="108">pa</w><w n="109">ra</w><w n="110">smi</w><w n="111" lemma="nbra">n_ bra</w><w n="112">hma</w><w n="113" lemma="ṇi">ṇi </w><w n="114">ci</w><w n="115">dā</w><w n="116" lemma="naṃ">nan</w><w n="117">da</w><w n="118">rū</w><w n="119" lemma="pe">pe </w><w n="120">sa</w><w n="121" lemma="rvaṃ">rvvam </w><w n="122">e</w><w n="123" lemma="va">va </w><w n="124"></w><w n="125"></w><w n="126">jā</w><w n="127">gra</w><w n="128" lemma="tsva">t_sva</w><w n="129">pnā</w><w n="130">dya</w><w n="131">va</w><w n="132">sthā</w><w n="133">ga</w><w n="134" lemma="taṃ">taṃ </w><w n="135">mū</w><w n="136" lemma="rti">rtti</w><w n="137">kri</w><w n="138">yā</w><w n="139">vi</w><w n="140">va</w><w n="141" lemma="rta">rtta</w><w n="142">rū</w><w n="143" lemma="paṃ">pam </w><w n="144">a</w><w n="145"></w><w n="146">sa</w><w n="147" lemma="tyaṃ">tyaṃ </w><w n="148">a</w><w n="149">nva</w><w n="150">yi</w><w n="151">ci</w><w n="152">tsā</w><w n="153">mā</w><w n="154">nya</w><w n="155">mā</w><w n="156">tra</w><w n="157" lemma="ntu">n tu </w><w n="158">pa</w><w n="159">ra</w><w n="160">mā</w><w n="161" lemma="rtha">rttha </w><w n="162">i</w><w n="163" lemma="ti">ti </w><w n="164">si</w><w n="165" lemma="dhaṃ">ddhaṃ </w><w n="166">vi</w><w n="167">ru</w><w n="168" lemma="dhaṃ">ddham </w><w n="169">u</w><w n="170">pa</w><w n="171">la</w><w n="172">bhya</w><w n="173" lemma="ta">ta </w><w n="174">i</w><w n="175" lemma="ti">ti </w><w n="176">va</w><w n="177">da</w><w n="178" lemma="na">nn a</w><w n="179">vi</w><w n="180">dyā</w><w n="181" lemma="yāṃ">yāṃ </w><w n="182">vi</w><w n="183">ro</w><w n="184" lemma="dhaṃ">dham </w><w n="185">a</w><w n="186">bhyu</w><w n="187">pai</w><w n="188" lemma="ti">ti </w><w n="189">e</w><w n="190">ta</w><w n="191" lemma="te">d e</w><w n="192" lemma="va">va </w><w n="193" lemma="hya">hy a</w><w n="194">vi</w><w n="195">dyā</w><w n="196" lemma="yāḥ">yās </w><w n="197">sva</w><w n="198">rū</w><w n="199" lemma="paṃ">paṃ </w><w n="200">ya</w><w n="201"></w><w n="202" lemma="ta">d a</w><w n="203"></w><w n="204">nu</w><w n="205">pa</w><w n="206">la</w><w n="207">bhya</w><w n="208">mā</w><w n="209" lemma="naṃ">nam </w><w n="210">a</w><w n="211" lemma="pyā">py ā</w><w n="212">bhā</w><w n="213">so</w><w n="214">pa</w><w n="215">ga</w><w n="216">ma</w><w n="217" lemma="nna">n na</w><w n="218">ya</w><w n="219" lemma="ti">ti </w><w n="220">u</w><w n="221">pa</w><w n="222" lemma="paṃ">pan</w><w n="223">na</w><w n="224" lemma="tve">tve </w><w n="225">vi</w><w n="226">dyai</w><w n="227" lemma="va">va </w><w n="228">syā</w><w n="229" lemma="tta">t_ ta</w><w n="230">smā</w><w n="231" lemma="ta">d a</w><w n="232">sa</w><w n="233"></w><w n="234" lemma="tpra">t_pra</w><w n="235" lemma="paṃ">pañ</w><w n="236">ca</w><w n="237">pra</w><w n="238">kā</w><w n="239">śa</w><w n="240">na</w><w n="241">śa</w><w n="242" lemma="kti">kti </w><w n="243">bra</w><w n="244">hma</w><w n="245" lemma="ṇaḥ">ṇo </w><w n="246">nā</w><w n="247">di</w><w n="248">si</w><w n="249" lemma="dhā">ddhā </w><w n="250">grā</w><w n="251">hya</w><w n="252">grā</w><w n="253">ha</w><w n="254">ka</w><w n="255">yu</w><w n="256">ga</w><w n="257" lemma="ḻaṃ">ḻaṃ </w><w n="258">svā</w><w n="259">nu</w><w n="260">rū</w><w n="261" lemma="paṃ">pam </w><w n="262">u</w><w n="263">pa</w><w n="264"></w><w n="265">ra</w><w n="266">ca</w><w n="267" lemma="yya">yya </w><w n="268">ja</w><w n="269" lemma="gaṃ">gan</w><w n="270">nā</w><w n="271" lemma="ṭyaṃ">ṭyam </w><w n="272">ā</w><w n="273">ta</w><w n="274">no</w><w n="275">tī</w><w n="276" lemma="tya">ty a</w><w n="277">vi</w><w n="278">cā</w><w n="279">ri</w><w n="280">ta</w><w n="281">ra</w><w n="282">ma</w><w n="283">ṇī</w><w n="284" lemma="yāṃ">yām </w><w n="285">i</w><w n="286" lemma="māṃ">mām </w><w n="287">a</w><w n="288">pa</w><w n="289">na</w><w n="290" lemma="yaṃ">yan</w><w n="291" lemma="ti">ti </w><w n="292">ta</w><w n="293">tva</w><w n="294">dṛ</w><w n="295" lemma="śaḥ">śaḥ </w>
</text></TEI>
<TEI n="H">
<text>
<w n="0">sthi</w><w n="1">ra</w><w n="2">tvā</w><w n="3">sthi</w><w n="4">ra</w><w n="5">tva</w><w n="6">gra</w><w n="7">hā</w><w n="8">ve</w><w n="9">śa</w><w n="10"></w><w n="11">ni</w><w n="12">mi</w><w n="13" lemma="taḥ">ttas </w><w n="14" lemma="tu">tu </w><w n="15">bhe</w><w n="16" lemma="daḥ">do </w><w n="17"></w><w n="18">vi</w><w n="19">dyā</w><w n="20">pra</w><w n="21">vṛ</w><w n="22" lemma="ti">tti</w><w n="23">rū</w><w n="24">pa</w><w n="25">tvā</w><w n="26" lemma="tpu">t pu</w><w n="27" lemma="naḥ">nar </w><w n="28">a</w><w n="29"></w><w n="30">sa</w><w n="31">tya</w><w n="32"></w><w n="33" lemma="tā">tā </w><w n="34">sa</w><w n="35">mā</w><w n="36">nai</w><w n="37" lemma="va">va | </w><w n="38">ke</w><w n="39">va</w><w n="40" lemma="laṃ">laṃ </w><w n="41"></w><w n="42">sa</w><w n="43" lemma="tyāṃ">tyām </w><w n="44">a</w><w n="45">sa</w><w n="46" lemma="tyāṃ">tyām </w><w n="47">a</w><w n="48">vi</w><w n="49">dyā</w><w n="50" lemma="yāṃ">yām </w><w n="51">a</w><w n="52"></w><w n="53"></w><w n="54">pa</w><w n="55" lemma="raḥ">ro </w><w n="56">mo</w><w n="57" lemma="haḥ">haś </w><w n="58">ci</w><w n="59">ka</w><w n="60" lemma="kteḥ">kter </w><w n="61">ā</w><w n="62">va</w><w n="63">ra</w><w n="64" lemma="kā">kā </w><w n="65">ni</w><w n="66" lemma="drā">drā </w><w n="67">nā</w><w n="68" lemma="ma">ma | </w><w n="69">ta</w><w n="70">dva</w><w n="71">śā</w><w n="72" lemma="ta">d a</w><w n="73">trai</w><w n="74" lemma="va">va </w><w n="75">bhrāṃ</w><w n="76">ta</w><w n="77">tvā</w><w n="78">bhi</w><w n="79">mā</w><w n="80" lemma="naḥ">no </w><w n="81">rvā</w><w n="82">gdṛ</w><w n="83" lemma="śa">śa </w><w n="84">pa</w><w n="85">ra</w><w n="86">mā</w><w n="87">rtha</w><w n="88">dṛ</w><w n="89" lemma="śāṃ">śāṃ </w><w n="90" lemma="tu">tu </w><w n="91">ja</w><w n="92">na</w><w n="93">na</w><w n="94">ma</w><w n="95">ra</w><w n="96">ṇa</w><w n="97">ra</w><w n="98">hi</w><w n="99" lemma="te">te </w><w n="100"></w><w n="101">pra</w><w n="102">vi</w><w n="103">bha</w><w n="104" lemma="kte">kte </w><w n="105">kū</w><w n="106">ṭa</w><w n="107" lemma="sthe">sthe </w><w n="108">pa</w><w n="109">ra</w><w n="110">smi</w><w n="111" lemma="nbra">n bra</w><w n="112">hma</w><w n="113" lemma="ṇi">ṇi </w><w n="114">ci</w><w n="115">dā</w><w n="116">naṃ</w><w n="117">da</w><w n="118">rū</w><w n="119" lemma="pe">pe </w><w n="120">sa</w><w n="121" lemma="rvaṃ">rvam </w><w n="122">e</w><w n="123" lemma="va">va </w><w n="124">ja</w><w n="125">ga</w><w n="126" lemma="tjā">j jā </w><w n="127">a</w><w n="128">sva</w><w n="129">pnā</w><w n="130">dya</w><w n="131">va</w><w n="132">sthā</w><w n="133">ga</w><w n="134" lemma="ta">ta </w><w n="135">mū</w><w n="136" lemma="rti">rtti</w><w n="137">kri</w><w n="138">yā</w><w n="139">vi</w><w n="140">va</w><w n="141" lemma="rta">rtta</w><w n="142">rū</w><w n="143">pa</w><w n="144">na</w><w n="145"></w><w n="146">sa</w><w n="147" lemma="tyaṃ">tyam </w><w n="148">a</w><w n="149">nva</w><w n="150">yi</w><w n="151">ci</w><w n="152">tsā</w><w n="153">mā</w><w n="154">nya</w><w n="155">mā</w><w n="156" lemma="traṃ">traṃ </w><w n="157" lemma="tu">tu </w><w n="158">pa</w><w n="159">ra</w><w n="160">mā</w><w n="161" lemma="rtha">rtha </w><w n="162">i</w><w n="163" lemma="ti">ti </w><w n="164">si</w><w n="165" lemma="dhaṃ">ddhaṃ </w><w n="166">vi</w><w n="167">ru</w><w n="168" lemma="dhaṃ">ddham </w><w n="169">u</w><w n="170">pa</w><w n="171">la</w><w n="172">bhya</w><w n="173" lemma="ta">ta </w><w n="174">i</w><w n="175" lemma="ti">ti </w><w n="176">va</w><w n="177">da</w><w n="178" lemma="na">nn a</w><w n="179">vi</w><w n="180">dyā</w><w n="181" lemma="yāṃ">yāṃ </w><w n="182">vi</w><w n="183">ro</w><w n="184" lemma="dhaṃ">dham </w><w n="185">a</w><w n="186">bhyu</w><w n="187">pai</w><w n="188" lemma="ti">ti | </w><w n="189">e</w><w n="190">ta</w><w n="191" lemma="te">d e</w><w n="192" lemma="va">va </w><w n="193" lemma="hya">hy a</w><w n="194">vi</w><w n="195">dyā</w><w n="196" lemma="yāḥ">yāḥ </w><w n="197">sva</w><w n="198">rū</w><w n="199" lemma="paṃ">paṃ </w><w n="200">ya</w><w n="201"></w><w n="202" lemma="ta">d a</w><w n="203"></w><w n="204">nu</w><w n="205">pa</w><w n="206">pa</w><w n="207">dya</w><w n="208">mā</w><w n="209" lemma="naṃ">nam </w><w n="210">a</w><w n="211" lemma="pyā">py ā</w><w n="212">bhā</w><w n="213">so</w><w n="214">pa</w><w n="215">ga</w><w n="216" lemma="ma">ma </w><w n="217">na</w><w n="218">yā</w><w n="219" lemma="ti">ti | </w><w n="220">u</w><w n="221">pa</w><w n="222" lemma="paṃ">pan</w><w n="223">na</w><w n="224" lemma="tve">tve </w><w n="225">vi</w><w n="226">dyai</w><w n="227" lemma="va">va </w><w n="228">vyā</w><w n="229" lemma="tta">t ta</w><w n="230">smā</w><w n="231" lemma="ta">d a</w><w n="232">sa</w><w n="233"></w><w n="234">tpra</w><w n="235"></w><w n="236"></w><w n="237"></w><w n="238">kā</w><w n="239">śa</w><w n="240">na</w><w n="241">śa</w><w n="242" lemma="kti">kti </w><w n="243">bra</w><w n="244">hma</w><w n="245" lemma="ṇaḥ">ṇo </w><w n="246">nā</w><w n="247">di</w><w n="248">si</w><w n="249" lemma="dhā">ddhā </w><w n="250">grā</w><w n="251">hya</w><w n="252">gra</w><w n="253">ha</w><w n="254">ka</w><w n="255">yu</w><w n="256">ga</w><w n="257">la</w><w n="258">syā</w><w n="259">nu</w><w n="260">rū</w><w n="261" lemma="paṃ">pam </w><w n="262">u</w><w n="263">pa</w><w n="264"></w><w n="265">ra</w><w n="266">ca</w><w n="267" lemma="yya">yya </w><w n="268">ja</w><w n="269" lemma="gaṃ">gan</w><w n="270">nā</w><w n="271" lemma="dyaṃ">dyam </w><w n="272">ā</w><w n="273">ta</w><w n="274">no</w><w n="275">tī</w><w n="276" lemma="tya">ty a</w><w n="277">vi</w><w n="278">cā</w><w n="279">ri</w><w n="280">ta</w><w n="281">ra</w><w n="282">ma</w><w n="283">ṇī</w><w n="284" lemma="yāṃ">yām </w><w n="285">i</w><w n="286" lemma="māṃ">mām </w><w n="287">a</w><w n="288">pa</w><w n="289">na</w><w n="290" lemma="yaṃ">yan</w><w n="291" lemma="ti">ti </w><w n="292">ta</w><w n="293">tva</w><w n="294">dṛ</w><w n="295" lemma="śaḥ">śaḥ | &#43256; || </w>
</text></TEI>
<TEI n="P">
<text>
<w n="0">sthi</w><w n="1">ra</w><w n="2">tvā</w><w n="3">sthi</w><w n="4">ra</w><w n="5">tva</w><w n="6">gra</w><w n="7">hā</w><w n="8">ve</w><w n="9">da</w><w n="10">nā</w><w n="11">ni</w><w n="12">mi</w><w n="13" lemma="taḥ">tas </w><w n="14" lemma="tu">tu </w><w n="15">bhe</w><w n="16" lemma="daḥ">daḥ </w><w n="17">a</w><w n="18">vi</w><w n="19">dyā</w><w n="20">pra</w><w n="21">vṛ</w><w n="22" lemma="ti">tti</w><w n="23">rū</w><w n="24">pa</w><w n="25">tvā</w><w n="26" lemma="tpu">t pu</w><w n="27" lemma="naḥ">nar </w><w n="28">a</w><w n="29" lemma="sya">sya </w><w n="30">sa</w><w n="31">tya</w><w n="32"></w><w n="33" lemma="tā">tā </w><w n="34">sa</w><w n="35">mā</w><w n="36">nai</w><w n="37" lemma="va">va </w><w n="38">ke</w><w n="39">va</w><w n="40" lemma="laṃ">lam </w><w n="41">a</w><w n="42">sa</w><w n="43" lemma="tyāṃ">tyām </w><w n="44">a</w><w n="45"></w><w n="46"></w><w n="47"></w><w n="48">vi</w><w n="49" lemma="dyā">dyā </w><w n="50"></w><w n="51">pa</w><w n="52"></w><w n="53"></w><w n="54">ra</w><w n="55" lemma="maḥ">mo </w><w n="56">mo</w><w n="57" lemma="haḥ">haś </w><w n="58">ci</w><w n="59">cha</w><w n="60" lemma="kteḥ">kter </w><w n="61">ā</w><w n="62">va</w><w n="63">ra</w><w n="64" lemma="kaḥ">ko </w><w n="65">ni</w><w n="66" lemma="drā">drā </w><w n="67">nā</w><w n="68" lemma="ma">ma </w><w n="69">ta</w><w n="70">dva</w><w n="71">śā</w><w n="72" lemma="ta">d a</w><w n="73">trai</w><w n="74" lemma="va">va </w><w n="75">bhrāṃ</w><w n="76">ta</w><w n="77">tvā</w><w n="78">bhi</w><w n="79">mā</w><w n="80" lemma="ne">ne </w><w n="81" lemma="yā">yā </w><w n="82">dṛ</w><w n="83" lemma="śaṃ">śaṃ </w><w n="84">na</w><w n="85"></w><w n="86"></w><w n="87"></w><w n="88"></w><w n="89"></w><w n="90" lemma="nu">nu </w><w n="91">ja</w><w n="92">na</w><w n="93">na</w><w n="94">ma</w><w n="95">ra</w><w n="96">ṇa</w><w n="97">ra</w><w n="98">hi</w><w n="99" lemma="taiḥ">taiḥ </w><w n="100"></w><w n="101">pra</w><w n="102">vi</w><w n="103">bha</w><w n="104" lemma="kte">kte </w><w n="105">kū</w><w n="106">ṭa</w><w n="107" lemma="sthaiḥ">sthair </w><w n="108">vā</w><w n="109"></w><w n="110">smi</w><w n="111" lemma="nbra">n_ bra</w><w n="112">hma</w><w n="113" lemma="ṇi">ṇi </w><w n="114">ci</w><w n="115">dā</w><w n="116">naṃ</w><w n="117">da</w><w n="118">rū</w><w n="119">pa</w><w n="120">sa</w><w n="121" lemma="rvaṃ">rvam </w><w n="122">e</w><w n="123" lemma="va">va </w><w n="124">ja</w><w n="125">ga</w><w n="126" lemma="tjā">j jā</w><w n="127">gra</w><w n="128">tsva</w><w n="129">pnā</w><w n="130">dya</w><w n="131">va</w><w n="132">sthā</w><w n="133">ga</w><w n="134" lemma="taṃ">taṃ </w><w n="135">mū</w><w n="136">rti</w><w n="137">kri</w><w n="138">yā</w><w n="139">vi</w><w n="140">va</w><w n="141" lemma="rta">rtta</w><w n="142"></w><w n="143">saṃ</w><w n="144"></w><w n="145">sṛ</w><w n="146" lemma="tsaṃ">tsam </w><w n="147"></w><w n="148">a</w><w n="149">nva</w><w n="150">yi</w><w n="151">ci</w><w n="152">tsā</w><w n="153">mā</w><w n="154">nya</w><w n="155">mā</w><w n="156" lemma="traṃ">traṃ </w><w n="157" lemma="tu">tu </w><w n="158">pa</w><w n="159">ra</w><w n="160">mā</w><w n="161" lemma="rtha">rtha </w><w n="162">i</w><w n="163" lemma="ti">ti </w><w n="164">si</w><w n="165" lemma="dhaṃ">ddhaṃ </w><w n="166">vi</w><w n="167">ru</w><w n="168" lemma="dhaṃ">ddham </w><w n="169">u</w><w n="170">pa</w><w n="171">la</w><w n="172">bhya</w><w n="173" lemma="te">te </w><w n="174">i</w><w n="175" lemma="ti">ti </w><w n="176">ve</w><w n="177">da</w><w n="178">na</w><w n="179">vi</w><w n="180">dyā</w><w n="181" lemma="yāṃ">yāṃ </w><w n="182">vi</w><w n="183">ro</w><w n="184" lemma="dhaṃ">dham </w><w n="185">a</w><w n="186">bhyu</w><w n="187">pai</w><w n="188" lemma="ti">ti </w><w n="189">ya</w><w n="190" lemma="tta">t ta</w><w n="191" lemma="te">d e</w><w n="192" lemma="va">va </w><w n="193" lemma="hya">hy a</w><w n="194">vi</w><w n="195">dyā</w><w n="196" lemma="yā">yā </w><w n="197">sva</w><w n="198">rū</w><w n="199" lemma="paṃ">paṃ </w><w n="200" lemma="ya">ya </w><w n="201"></w><w n="202">ta</w><w n="203" lemma="ta">d a</w><w n="204">nu</w><w n="205">pa</w><w n="206">pa</w><w n="207">dya</w><w n="208">mā</w><w n="209" lemma="naṃ">nam </w><w n="210">a</w><w n="211" lemma="pya">py a</w><w n="212"></w><w n="213"></w><w n="214">pa</w><w n="215">ga</w><w n="216" lemma="maṃ">maṃ </w><w n="217">nā</w><w n="218">pai</w><w n="219" lemma="ti">ti </w><w n="220">u</w><w n="221">pa</w><w n="222" lemma="paṃ">pan</w><w n="223">na</w><w n="224" lemma="tve">tve </w><w n="225">vi</w><w n="226">dhai</w><w n="227" lemma="va">va </w><w n="228">syā</w><w n="229" lemma="tta">t ta</w><w n="230">smā</w><w n="231" lemma="ta">d a</w><w n="232">sa</w><w n="233">tya</w><w n="234">pra</w><w n="235">paṃ</w><w n="236">ca</w><w n="237">pra</w><w n="238">kā</w><w n="239">śa</w><w n="240"></w><w n="241">śa</w><w n="242" lemma="ktiḥ">ktir </w><w n="243">bra</w><w n="244">hma</w><w n="245" lemma="ṇaḥ">ṇo </w><w n="246">nā</w><w n="247">di</w><w n="248">si</w><w n="249" lemma="dhā">ddhā </w><w n="250">grā</w><w n="251">ha</w><w n="252">grā</w><w n="253">ha</w><w n="254">ka</w><w n="255">yu</w><w n="256">ge</w><w n="257" lemma="na">na </w><w n="258">svā</w><w n="259">nu</w><w n="260">rū</w><w n="261" lemma="paṃ">pam </w><w n="262">u</w><w n="263">pa</w><w n="264">cā</w><w n="265">ra</w><w n="266">ta</w><w n="267" lemma="yā">yā </w><w n="268">ja</w><w n="269" lemma="gaṃ">gan</w><w n="270">nā</w><w n="271" lemma="ṭyaṃ">ṭyam </w><w n="272">ā</w><w n="273">ta</w><w n="274">no</w><w n="275">tī</w><w n="276">ta</w><w n="277">vi</w><w n="278">cā</w><w n="279">rī</w><w n="280">ta</w><w n="281">ra</w><w n="282">ma</w><w n="283">ṇī</w><w n="284" lemma="yaṃ">yam </w><w n="285"></w><w n="286">ā</w><w n="287"></w><w n="288">ma</w><w n="289">naṃ</w><w n="290"></w><w n="291" lemma="ti">ti </w><w n="292">ta</w><w n="293">tva</w><w n="294">dṛ</w><w n="295" lemma="śaḥ">śaḥ || </w>
</text></TEI>
<TEI n="M">
<text>
<w n="0">sthi</w><w n="1">ra</w><w n="2">tvā</w><w n="3">sthi</w><w n="4">ra</w><w n="5">tva</w><w n="6">gra</w><w n="7" lemma="hā">hā|</w><w n="8">ve</w><w n="9">da</w><w n="10">nā</w><w n="11">ni</w><w n="12">mi</w><w n="13" lemma="taḥ">ttas </w><w n="14" lemma="tu">tu </w><w n="15">bhe</w><w n="16" lemma="daḥ">daḥ | </w><w n="17">a</w><w n="18">vi</w><w n="19">dyā</w><w n="20">pra</w><w n="21">vṛ</w><w n="22" lemma="ti">tti</w><w n="23">rū</w><w n="24">pa</w><w n="25">tvā</w><w n="26" lemma="tpu">t pu</w><w n="27" lemma="naḥ">nar </w><w n="28">a</w><w n="29" lemma="sya">sya </w><w n="30">sa</w><w n="31">tya</w><w n="32"></w><w n="33" lemma="tā">tā </w><w n="34">sa</w><w n="35">mā</w><w n="36">nai</w><w n="37" lemma="va">va | </w><w n="38">ke</w><w n="39">va</w><w n="40" lemma="laṃ">laṃ | </w><w n="41"></w><w n="42">sa</w><w n="43" lemma="tyāṃ">tyām </w><w n="44">a</w><w n="45"></w><w n="46"></w><w n="47"></w><w n="48">vi</w><w n="49" lemma="dyā">dyā </w><w n="50"></w><w n="51">pa</w><w n="52"></w><w n="53"></w><w n="54">ra</w><w n="55" lemma="maḥ">mo </w><w n="56">mo</w><w n="57" lemma="haḥ">haś </w><w n="58">ci</w><w n="59" lemma="cha">ccha</w><w n="60" lemma="kteḥ">kter </w><w n="61">ā</w><w n="62">va</w><w n="63">ra</w><w n="64" lemma="kaḥ">ko </w><w n="65">ni</w><w n="66" lemma="drā">drā </w><w n="67">nā</w><w n="68" lemma="ma">ma | </w><w n="69">ta</w><w n="70">dva</w><w n="71">śā</w><w n="72" lemma="ta">d a</w><w n="73">trai</w><w n="74" lemma="va">va </w><w n="75">bhrāṃ</w><w n="76">ta</w><w n="77">tvā</w><w n="78">bhi</w><w n="79">mā</w><w n="80" lemma="ne">ne </w><w n="81" lemma="yā">yā </w><w n="82">dṛ</w><w n="83" lemma="śaṃ">śaṃ | </w><w n="84">na</w><w n="85"></w><w n="86"></w><w n="87"></w><w n="88"></w><w n="89"></w><w n="90" lemma="nu">nu </w><w n="91">ja</w><w n="92">na</w><w n="93">na</w><w n="94">ma</w><w n="95">ra</w><w n="96">ṇa</w><w n="97">ra</w><w n="98">hi</w><w n="99" lemma="taiḥ">taiḥ </w><w n="100"></w><w n="101">pra</w><w n="102">vi</w><w n="103">bha</w><w n="104" lemma="kte">kte </w><w n="105">kū</w><w n="106">ṭa</w><w n="107" lemma="sthaiḥ">sthair </w><w n="108">vā</w><w n="109"></w><w n="110">smi</w><w n="111" lemma="nbra">n bra</w><w n="112">hma</w><w n="113" lemma="ṇi">ṇi </w><w n="114">ci</w><w n="115">dā</w><w n="116">naṃ</w><w n="117">da</w><w n="118">rū</w><w n="119" lemma="pe">pe </w><w n="120">sa</w><w n="121" lemma="rvaṃ">rvam </w><w n="122">e</w><w n="123" lemma="va">va </w><w n="124">ja</w><w n="125">ga</w><w n="126" lemma="tjā">j jā</w><w n="127">gra</w><w n="128">tsva</w><w n="129">pnā</w><w n="130">dya</w><w n="131">va</w><w n="132">sthā</w><w n="133">ga</w><w n="134" lemma="taṃ">taṃ </w><w n="135">mū</w><w n="136" lemma="rti">rtti</w><w n="137">kri</w><w n="138">yā</w><w n="139">vi</w><w n="140">va</w><w n="141" lemma="rta">rtta</w><w n="142"></w><w n="143">saṃ</w><w n="144"></w><w n="145">sṛ</w><w n="146" lemma="tsaṃ">tsam </w><w n="147"></w><w n="148">a</w><w n="149">nva</w><w n="150">yi</w><w n="151">ci</w><w n="152">tsā</w><w n="153">mā</w><w n="154">nya</w><w n="155">mā</w><w n="156" lemma="traṃ">traṃ </w><w n="157" lemma="tu">tu </w><w n="158">pa</w><w n="159">ra</w><w n="160">mā</w><w n="161" lemma="rtha">rtha </w><w n="162">i</w><w n="163" lemma="ti">ti </w><w n="164">si</w><w n="165" lemma="dhaṃ">ddhaṃ </w><w n="166">vi</w><w n="167">ru</w><w n="168" lemma="dhaṃ">ddham </w><w n="169">u</w><w n="170">pa</w><w n="171">la</w><w n="172">bhya</w><w n="173" lemma="ta">ta </w><w n="174">i</w><w n="175" lemma="ti">ti </w><w n="176">ve</w><w n="177">da</w><w n="178">na</w><w n="179">vi</w><w n="180">dyā</w><w n="181" lemma="yāṃ">yāṃ </w><w n="182">vi</w><w n="183">ro</w><w n="184" lemma="dhaṃ">dham </w><w n="185">a</w><w n="186">bhyu</w><w n="187">pai</w><w n="188" lemma="ti">ti | </w><w n="189">ya</w><w n="190" lemma="tta">t ta</w><w n="191" lemma="te">d e</w><w n="192" lemma="va">va </w><w n="193" lemma="hya">hy a</w><w n="194">vi</w><w n="195">dyā</w><w n="196" lemma="yāḥ">yāḥ </w><w n="197">sva</w><w n="198">rū</w><w n="199" lemma="paṃ">paṃ </w><w n="200">ya</w><w n="201" lemma="tta">t ta</w><w n="202" lemma="ta">d a</w><w n="203"></w><w n="204">nu</w><w n="205">pa</w><w n="206">pa</w><w n="207">dya</w><w n="208">mā</w><w n="209" lemma="naṃ">nam </w><w n="210">a</w><w n="211" lemma="pya">py a</w><w n="212"></w><w n="213"></w><w n="214">pa</w><w n="215">ga</w><w n="216" lemma="maṃ">maṃ </w><w n="217">nā</w><w n="218">pai</w><w n="219" lemma="ti">ti | </w><w n="220">u</w><w n="221">pa</w><w n="222" lemma="paṃ">pan</w><w n="223">na</w><w n="224" lemma="tve">tve </w><w n="225">vi</w><w n="226">dyai</w><w n="227" lemma="va">va </w><w n="228">syā</w><w n="229" lemma="tta">t | ta</w><w n="230">smā</w><w n="231" lemma="ta">d a</w><w n="232">sa</w><w n="233">tya</w><w n="234">pra</w><w n="235">paṃ</w><w n="236">ca</w><w n="237">pra</w><w n="238">kā</w><w n="239">śa</w><w n="240"></w><w n="241">śa</w><w n="242" lemma="ktiḥ">ktir </w><w n="243">bra</w><w n="244">hma</w><w n="245" lemma="ṇaḥ">ṇo </w><w n="246">nā</w><w n="247">di</w><w n="248">si</w><w n="249" lemma="dhā">ddhā | </w><w n="250">grā</w><w n="251">hya</w><w n="252">grā</w><w n="253">ha</w><w n="254">ka</w><w n="255">yu</w><w n="256">ge</w><w n="257" lemma="na">na </w><w n="258">svā</w><w n="259">nu</w><w n="260">rū</w><w n="261" lemma="paṃ">pam </w><w n="262">u</w><w n="263">pa</w><w n="264">cā</w><w n="265">ra</w><w n="266">ta</w><w n="267" lemma="yā">yā </w><w n="268">ja</w><w n="269" lemma="gaṃ">gan</w><w n="270">nā</w><w n="271" lemma="ṭyaṃ">ṭyam </w><w n="272">ā</w><w n="273">ta</w><w n="274">no</w><w n="275">tī</w><w n="276" lemma="tya">ty a</w><w n="277">vi</w><w n="278">cā</w><w n="279">ri</w><w n="280">ta</w><w n="281">ra</w><w n="282">ma</w><w n="283">ṇī</w><w n="284" lemma="yaṃ">yam </w><w n="285"></w><w n="286">ā</w><w n="287"></w><w n="288">ma</w><w n="289">naṃ</w><w n="290"></w><w n="291" lemma="ti">ti </w><w n="292">ta</w><w n="293">tva</w><w n="294">dṛ</w><w n="295" lemma="śaḥ">śaḥ || </w>
</text></TEI>
<TEI n="G2">
<text>
<w n="0"></w><w n="1"></w><w n="2"></w><w n="3"></w><w n="4"></w><w n="5"></w><w n="6"></w><w n="7"></w><w n="8"></w><w n="9"></w><w n="10"></w><w n="11"></w><w n="12"></w><w n="13"></w><w n="14"></w><w n="15"></w><w n="16"></w><w n="17"></w><w n="18"></w><w n="19"></w><w n="20"></w><w n="21"></w><w n="22"></w><w n="23"></w><w n="24"></w><w n="25"></w><w n="26"></w><w n="27"></w><w n="28"></w><w n="29"></w><w n="30"></w><w n="31"></w><w n="32"></w><w n="33"></w><w n="34"></w><w n="35"></w><w n="36"></w><w n="37"></w><w n="38"></w><w n="39"></w><w n="40"></w><w n="41"></w><w n="42"></w><w n="43"></w><w n="44"></w><w n="45"></w><w n="46"></w><w n="47"></w><w n="48"></w><w n="49"></w><w n="50"></w><w n="51"></w><w n="52"></w><w n="53"></w><w n="54"></w><w n="55"></w><w n="56"></w><w n="57"></w><w n="58"></w><w n="59"></w><w n="60"></w><w n="61"></w><w n="62"></w><w n="63"></w><w n="64"></w><w n="65"></w><w n="66"></w><w n="67"></w><w n="68"></w><w n="69"></w><w n="70"></w><w n="71"></w><w n="72"></w><w n="73"></w><w n="74"></w><w n="75"></w><w n="76"></w><w n="77"></w><w n="78"></w><w n="79"></w><w n="80"></w><w n="81"></w><w n="82"></w><w n="83"></w><w n="84"></w><w n="85"></w><w n="86"></w><w n="87"></w><w n="88"></w><w n="89"></w><w n="90"></w><w n="91"></w><w n="92"></w><w n="93"></w><w n="94"></w><w n="95"></w><w n="96"></w><w n="97"></w><w n="98"></w><w n="99"></w><w n="100"></w><w n="101"></w><w n="102"></w><w n="103"></w><w n="104"></w><w n="105"></w><w n="106"></w><w n="107"></w><w n="108"></w><w n="109"></w><w n="110"></w><w n="111"></w><w n="112"></w><w n="113"></w><w n="114"></w><w n="115"></w><w n="116"></w><w n="117"></w><w n="118"></w><w n="119"></w><w n="120"></w><w n="121"></w><w n="122"></w><w n="123"></w><w n="124"></w><w n="125"></w><w n="126"></w><w n="127"></w><w n="128"></w><w n="129"></w><w n="130"></w><w n="131"></w><w n="132"></w><w n="133"></w><w n="134"></w><w n="135"></w><w n="136"></w><w n="137"></w><w n="138"></w><w n="139"></w><w n="140"></w><w n="141"></w><w n="142"></w><w n="143"></w><w n="144"></w><w n="145"></w><w n="146"></w><w n="147"></w><w n="148"></w><w n="149"></w><w n="150"></w><w n="151"></w><w n="152"></w><w n="153"></w><w n="154"></w><w n="155"></w><w n="156"></w><w n="157"></w><w n="158"></w><w n="159"></w><w n="160"></w><w n="161"></w><w n="162"></w><w n="163"></w><w n="164"></w><w n="165"></w><w n="166"></w><w n="167"></w><w n="168"></w><w n="169"></w><w n="170"></w><w n="171"></w><w n="172"></w><w n="173"></w><w n="174"></w><w n="175"></w><w n="176"></w><w n="177"></w><w n="178"></w><w n="179"></w><w n="180"></w><w n="181"></w><w n="182"></w><w n="183"></w><w n="184"></w><w n="185"></w><w n="186"></w><w n="187"></w><w n="188"></w><w n="189"></w><w n="190"></w><w n="191"></w><w n="192"></w><w n="193"></w><w n="194"></w><w n="195"></w><w n="196"></w><w n="197"></w><w n="198"></w><w n="199"></w><w n="200"></w><w n="201"></w><w n="202"></w><w n="203"></w><w n="204"></w><w n="205"></w><w n="206"></w><w n="207"></w><w n="208"></w><w n="209"></w><w n="210"></w><w n="211"></w><w n="212"></w><w n="213"></w><w n="214"></w><w n="215"></w><w n="216"></w><w n="217"></w><w n="218"></w><w n="219"></w><w n="220"></w><w n="221"></w><w n="222"></w><w n="223"></w><w n="224"></w><w n="225"></w><w n="226"></w><w n="227"></w><w n="228"></w><w n="229"></w><w n="230"></w><w n="231"></w><w n="232"></w><w n="233"></w><w n="234"></w><w n="235"></w><w n="236"></w><w n="237"></w><w n="238"></w><w n="239"></w><w n="240"></w><w n="241"></w><w n="242"></w><w n="243"></w><w n="244"></w><w n="245"></w><w n="246"></w><w n="247"></w><w n="248"></w><w n="249"></w><w n="250"></w><w n="251"></w><w n="252"></w><w n="253"></w><w n="254"></w><w n="255"></w><w n="256"></w><w n="257"></w><w n="258"></w><w n="259"></w><w n="260"></w><w n="261"></w><w n="262"></w><w n="263"></w><w n="264"></w><w n="265"></w><w n="266"></w><w n="267"></w><w n="268"></w><w n="269"></w><w n="270"></w><w n="271"></w><w n="272"></w><w n="273"></w><w n="274"></w><w n="275"></w><w n="276"></w><w n="277"></w><w n="278"></w><w n="279"></w><w n="280"></w><w n="281"></w><w n="282"></w><w n="283"></w><w n="284"></w><w n="285"></w><w n="286"></w><w n="287"></w><w n="288"></w><w n="289"></w><w n="290"></w><w n="291"></w><w n="292"></w><w n="293"></w><w n="294"></w><w n="295"></w>
</text></TEI>
<TEI n="G1">
<text>
<w n="0"></w><w n="1"></w><w n="2"></w><w n="3"></w><w n="4"></w><w n="5"></w><w n="6"></w><w n="7"></w><w n="8"></w><w n="9"></w><w n="10"></w><w n="11"></w><w n="12"></w><w n="13"></w><w n="14"></w><w n="15"></w><w n="16"></w><w n="17"></w><w n="18"></w><w n="19"></w><w n="20"></w><w n="21"></w><w n="22"></w><w n="23"></w><w n="24"></w><w n="25"></w><w n="26"></w><w n="27"></w><w n="28"></w><w n="29"></w><w n="30"></w><w n="31"></w><w n="32"></w><w n="33"></w><w n="34"></w><w n="35"></w><w n="36"></w><w n="37"></w><w n="38"></w><w n="39"></w><w n="40"></w><w n="41"></w><w n="42"></w><w n="43"></w><w n="44"></w><w n="45"></w><w n="46"></w><w n="47"></w><w n="48"></w><w n="49"></w><w n="50"></w><w n="51"></w><w n="52"></w><w n="53"></w><w n="54"></w><w n="55"></w><w n="56"></w><w n="57"></w><w n="58"></w><w n="59"></w><w n="60"></w><w n="61"></w><w n="62"></w><w n="63"></w><w n="64"></w><w n="65"></w><w n="66"></w><w n="67"></w><w n="68"></w><w n="69"></w><w n="70"></w><w n="71"></w><w n="72"></w><w n="73"></w><w n="74"></w><w n="75"></w><w n="76"></w><w n="77"></w><w n="78"></w><w n="79"></w><w n="80"></w><w n="81"></w><w n="82"></w><w n="83"></w><w n="84"></w><w n="85"></w><w n="86"></w><w n="87"></w><w n="88"></w><w n="89"></w><w n="90"></w><w n="91"></w><w n="92"></w><w n="93"></w><w n="94"></w><w n="95"></w><w n="96"></w><w n="97"></w><w n="98"></w><w n="99"></w><w n="100"></w><w n="101"></w><w n="102"></w><w n="103"></w><w n="104"></w><w n="105"></w><w n="106"></w><w n="107"></w><w n="108"></w><w n="109"></w><w n="110"></w><w n="111"></w><w n="112"></w><w n="113"></w><w n="114"></w><w n="115"></w><w n="116"></w><w n="117"></w><w n="118"></w><w n="119"></w><w n="120"></w><w n="121"></w><w n="122"></w><w n="123"></w><w n="124"></w><w n="125"></w><w n="126"></w><w n="127"></w><w n="128"></w><w n="129"></w><w n="130"></w><w n="131"></w><w n="132"></w><w n="133"></w><w n="134"></w><w n="135"></w><w n="136"></w><w n="137"></w><w n="138"></w><w n="139"></w><w n="140"></w><w n="141"></w><w n="142"></w><w n="143"></w><w n="144"></w><w n="145"></w><w n="146"></w><w n="147"></w><w n="148"></w><w n="149"></w><w n="150"></w><w n="151"></w><w n="152"></w><w n="153"></w><w n="154"></w><w n="155"></w><w n="156"></w><w n="157"></w><w n="158"></w><w n="159"></w><w n="160"></w><w n="161"></w><w n="162"></w><w n="163"></w><w n="164"></w><w n="165"></w><w n="166"></w><w n="167"></w><w n="168"></w><w n="169"></w><w n="170"></w><w n="171"></w><w n="172"></w><w n="173"></w><w n="174"></w><w n="175"></w><w n="176"></w><w n="177"></w><w n="178"></w><w n="179"></w><w n="180"></w><w n="181"></w><w n="182"></w><w n="183"></w><w n="184"></w><w n="185"></w><w n="186"></w><w n="187"></w><w n="188"></w><w n="189"></w><w n="190"></w><w n="191"></w><w n="192"></w><w n="193"></w><w n="194"></w><w n="195"></w><w n="196"></w><w n="197"></w><w n="198"></w><w n="199"></w><w n="200"></w><w n="201"></w><w n="202"></w><w n="203"></w><w n="204"></w><w n="205"></w><w n="206"></w><w n="207"></w><w n="208"></w><w n="209"></w><w n="210"></w><w n="211"></w><w n="212"></w><w n="213"></w><w n="214"></w><w n="215"></w><w n="216"></w><w n="217"></w><w n="218"></w><w n="219"></w><w n="220"></w><w n="221"></w><w n="222"></w><w n="223"></w><w n="224"></w><w n="225"></w><w n="226"></w><w n="227"></w><w n="228"></w><w n="229"></w><w n="230"></w><w n="231"></w><w n="232"></w><w n="233"></w><w n="234"></w><w n="235"></w><w n="236"></w><w n="237"></w><w n="238"></w><w n="239"></w><w n="240"></w><w n="241"></w><w n="242"></w><w n="243"></w><w n="244"></w><w n="245"></w><w n="246"></w><w n="247"></w><w n="248"></w><w n="249"></w><w n="250"></w><w n="251"></w><w n="252"></w><w n="253"></w><w n="254"></w><w n="255"></w><w n="256"></w><w n="257"></w><w n="258"></w><w n="259"></w><w n="260"></w><w n="261"></w><w n="262"></w><w n="263"></w><w n="264"></w><w n="265"></w><w n="266"></w><w n="267"></w><w n="268"></w><w n="269"></w><w n="270"></w><w n="271"></w><w n="272"></w><w n="273"></w><w n="274"></w><w n="275"></w><w n="276"></w><w n="277"></w><w n="278"></w><w n="279"></w><w n="280"></w><w n="281"></w><w n="282"></w><w n="283"></w><w n="284"></w><w n="285"></w><w n="286"></w><w n="287"></w><w n="288"></w><w n="289"></w><w n="290"></w><w n="291"></w><w n="292"></w><w n="293"></w><w n="294"></w><w n="295"></w>
</text></TEI>
<TEI n="L">
<text>
<w n="0">sthi</w><w n="1">ta</w><w n="2">tvā</w><w n="3" lemma="tsthi">t sthi</w><w n="4">ra</w><w n="5">tva</w><w n="6">gra</w><w n="7">hā</w><w n="8">ve</w><w n="9">dā</w><w n="10"></w><w n="11">ni</w><w n="12">mi</w><w n="13" lemma="taḥ">ttas </w><w n="14" lemma="tu">tu </w><w n="15">bhe</w><w n="16" lemma="daḥ">daḥ || </w><w n="17">a</w><w n="18">vi</w><w n="19">dyā</w><w n="20">pra</w><w n="21">vṛ</w><w n="22" lemma="ti">tti</w><w n="23">rū</w><w n="24">pa</w><w n="25">tvā</w><w n="26" lemma="tpu">t pu</w><w n="27" lemma="naḥ">nar </w><w n="28">a</w><w n="29"></w><w n="30">sa</w><w n="31">tya</w><w n="32"></w><w n="33" lemma="tā">tā </w><w n="34">sa</w><w n="35">mā</w><w n="36">nai</w><w n="37" lemma="va">va </w><w n="38">ke</w><w n="39">va</w><w n="40" lemma="laṃ">laṃ </w><w n="41"></w><w n="42">sa</w><w n="43" lemma="tyāṃ">tyām </w><w n="44">a</w><w n="45"></w><w n="46"></w><w n="47"></w><w n="48">vi</w><w n="49" lemma="dyāṃ">dyām </w><w n="50"></w><w n="51">a</w><w n="52"></w><w n="53"></w><w n="54">pa</w><w n="55" lemma="raḥ">ro </w><w n="56">mo</w><w n="57" lemma="haḥ">haś </w><w n="58">ci</w><w n="59">cha</w><w n="60" lemma="kteḥ">kter </w><w n="61">ā</w><w n="62">vā</w><w n="63">ra</w><w n="64" lemma="kaḥ">ko </w><w n="65">ni</w><w n="66" lemma="drā">drā </w><w n="67">nā</w><w n="68" lemma="ma">ma </w><w n="69">ta</w><w n="70">dva</w><w n="71">śā</w><w n="72" lemma="ta">d a</w><w n="73">trai</w><w n="74" lemma="va">va </w><w n="75" lemma="bhaḥ">bhaḥ || </w><w n="76">ta</w><w n="77">tvā</w><w n="78">bhi</w><w n="79">mā</w><w n="80" lemma="ne">ne </w><w n="81">ryā</w><w n="82">gda</w><w n="83" lemma="śā">śā </w><w n="84">pa</w><w n="85">ra</w><w n="86">mā</w><w n="87">rtha</w><w n="88">da</w><w n="89" lemma="śāṃ">śāṃ </w><w n="90" lemma="tu">tu </w><w n="91">ja</w><w n="92">na</w><w n="93">na</w><w n="94">ma</w><w n="95">ra</w><w n="96">ṇa</w><w n="97">ra</w><w n="98">hi</w><w n="99" lemma="taiḥ">taiḥ </w><w n="100"></w><w n="101">pra</w><w n="102">vi</w><w n="103">bha</w><w n="104" lemma="kte">kte </w><w n="105">kū</w><w n="106">ṭa</w><w n="107" lemma="sthe">sthe </w><w n="108">pa</w><w n="109">ra</w><w n="110">smi</w><w n="111" lemma="nbra">n bra</w><w n="112">hma</w><w n="113" lemma="ṇi">ṇi </w><w n="114">ci</w><w n="115">dā</w><w n="116">naṃ</w><w n="117">da</w><w n="118">rū</w><w n="119" lemma="pe">pe </w><w n="120">sa</w><w n="121" lemma="rvaṃ">rvam </w><w n="122">e</w><w n="123" lemma="va">va </w><w n="124">ja</w><w n="125">ga</w><w n="126" lemma="tjā">j jā</w><w n="127">gra</w><w n="128">tsva</w><w n="129">pnā</w><w n="130"></w><w n="131">va</w><w n="132">sthā</w><w n="133">ga</w><w n="134" lemma="taṃ">taṃ </w><w n="135">mū</w><w n="136">rti</w><w n="137">kri</w><w n="138">yā</w><w n="139">vi</w><w n="140">va</w><w n="141">rta</w><w n="142">rū</w><w n="143" lemma="paṃ">paṃ </w><w n="144" lemma="sa">sa </w><w n="145">sṛ</w><w n="146" lemma="tsaṃ">tsam </w><w n="147"></w><w n="148">a</w><w n="149">nva</w><w n="150">yi</w><w n="151">ci</w><w n="152">tsā</w><w n="153">mā</w><w n="154">nya</w><w n="155">mā</w><w n="156" lemma="traṃ">traṃ </w><w n="157" lemma="tu">tu </w><w n="158">pa</w><w n="159">ra</w><w n="160">mā</w><w n="161" lemma="rtha">rtha </w><w n="162">i</w><w n="163" lemma="ti">ti </w><w n="164">si</w><w n="165" lemma="dhaṃ">ddhaṃ </w><w n="166">vi</w><w n="167">ru</w><w n="168" lemma="dhaṃ">ddham </w><w n="169">u</w><w n="170">pa</w><w n="171">la</w><w n="172">bhya</w><w n="173" lemma="ta">ta </w><w n="174">i</w><w n="175" lemma="ti">ti </w><w n="176">va</w><w n="177">da</w><w n="178" lemma="na">nn a</w><w n="179">vi</w><w n="180">dyā</w><w n="181" lemma="yāṃ">yāṃ </w><w n="182">vi</w><w n="183">ro</w><w n="184" lemma="dhaṃ">dham </w><w n="185"></w><w n="186">u</w><w n="187">pai</w><w n="188" lemma="ti">ti | </w><w n="189">e</w><w n="190">ta</w><w n="191" lemma="te">d e</w><w n="192" lemma="va">va </w><w n="193" lemma="hya">hy a</w><w n="194">vi</w><w n="195">dyā</w><w n="196" lemma="yāḥ">yāḥ </w><w n="197">sva</w><w n="198">rū</w><w n="199" lemma="paṃ">paṃ </w><w n="200">ya</w><w n="201"></w><w n="202" lemma="ta">d a</w><w n="203"></w><w n="204">nu</w><w n="205">pa</w><w n="206">pa</w><w n="207">dya</w><w n="208">mā</w><w n="209" lemma="naṃ">nam </w><w n="210">a</w><w n="211" lemma="pyā">py ā</w><w n="212"></w><w n="213">so</w><w n="214">pa</w><w n="215">ga</w><w n="216" lemma="maṃ">maṃ </w><w n="217">na</w><w n="218">ya</w><w n="219" lemma="ti">ti </w><w n="220">u</w><w n="221">pa</w><w n="222">la</w><w n="223">bdha</w><w n="224" lemma="tve">tve </w><w n="225">vi</w><w n="226">dyai</w><w n="227" lemma="va">va </w><w n="228">syā</w><w n="229" lemma="tta">t || ta</w><w n="230">smā</w><w n="231" lemma="ta">d a</w><w n="232">sa</w><w n="233">tya</w><w n="234">pra</w><w n="235">paṃ</w><w n="236">ca</w><w n="237">pra</w><w n="238">kā</w><w n="239">rā</w><w n="240">na</w><w n="241">śa</w><w n="242" lemma="ktiḥ">ktir </w><w n="243">bra</w><w n="244">hma</w><w n="245" lemma="ṇaḥ">ṇo </w><w n="246">nā</w><w n="247">di</w><w n="248">si</w><w n="249" lemma="dhā">ddhā </w><w n="250">grā</w><w n="251">hya</w><w n="252">grā</w><w n="253">ha</w><w n="254">ka</w><w n="255">yu</w><w n="256">ga</w><w n="257">la</w><w n="258">syā</w><w n="259">nu</w><w n="260">rū</w><w n="261" lemma="paṃ">pam </w><w n="262">u</w><w n="263">pa</w><w n="264"></w><w n="265">ra</w><w n="266">ca</w><w n="267" lemma="nā">nā </w><w n="268">ja</w><w n="269">ga</w><w n="270">lā</w><w n="271" lemma="dyaṃ">dyam </w><w n="272">ā</w><w n="273">ta</w><w n="274">no</w><w n="275">tī</w><w n="276" lemma="tya">ty a</w><w n="277">vi</w><w n="278">cā</w><w n="279">ri</w><w n="280">ta</w><w n="281">ra</w><w n="282">ma</w><w n="283">ṇī</w><w n="284" lemma="yāṃ">yām </w><w n="285">i</w><w n="286" lemma="māṃ">mām </w><w n="287">a</w><w n="288">pa</w><w n="289">na</w><w n="290">yaṃ</w><w n="291" lemma="ti">ti </w><w n="292">ta</w><w n="293">tva</w><w n="294">dṛ</w><w n="295" lemma="śaḥ">śaḥ ||</w>
</text></TEI>
<TEI n="O">
<text>
<w n="0">sthi</w><w n="1">ra</w><w n="2">tvā</w><w n="3">sthi</w><w n="4">ra</w><w n="5">tvā</w><w n="6">gra</w><w n="7">hā</w><w n="8">ve</w><w n="9">dā</w><w n="10"></w><w n="11">ni</w><w n="12">mi</w><w n="13" lemma="taḥ">ttas </w><w n="14" lemma="tu">tu </w><w n="15">bhe</w><w n="16" lemma="daḥ">daḥ </w><w n="17">a</w><w n="18">vi</w><w n="19">dyā</w><w n="20">pra</w><w n="21">vṛ</w><w n="22" lemma="ti">tti</w><w n="23">rū</w><w n="24">pa</w><w n="25">tvā</w><w n="26" lemma="tpu">t pu</w><w n="27" lemma="naḥ">nar </w><w n="28">a</w><w n="29"></w><w n="30">sa</w><w n="31">tya</w><w n="32">ta</w><w n="33" lemma="tā">tā </w><w n="34">sa</w><w n="35">ma</w><w n="36">nai</w><w n="37" lemma="va">va </w><w n="38">ke</w><w n="39">va</w><w n="40" lemma="laṃ">laṃ </w><w n="41"></w><w n="42">sa</w><w n="43" lemma="tyāṃ">tyām </w><w n="44">a</w><w n="45"></w><w n="46"></w><w n="47"></w><w n="48">vi</w><w n="49">dyā</w><w n="50" lemma="yāṃ">yām </w><w n="51">a</w><w n="52"></w><w n="53"></w><w n="54">pa</w><w n="55" lemma="raḥ">ro </w><w n="56">mo</w><w n="57" lemma="haḥ">haś </w><w n="58">ci</w><w n="59" lemma="cha">ccha</w><w n="60" lemma="kteḥ">kter </w><w n="61">ā</w><w n="62">pā</w><w n="63">ra</w><w n="64" lemma="kaḥ">ko </w><w n="65">ni</w><w n="66" lemma="drā">drā </w><w n="67">nā</w><w n="68" lemma="ma">ma </w><w n="69">ta</w><w n="70">dva</w><w n="71">śā</w><w n="72" lemma="ta">d a</w><w n="73">ttai</w><w n="74" lemma="va">va </w><w n="75" lemma="bhaḥ">bhaḥ </w><w n="76">ta</w><w n="77">tvā</w><w n="78">bhi</w><w n="79">mā</w><w n="80" lemma="ne">ne </w><w n="81">yā</w><w n="82">dṛ</w><w n="83" lemma="śāṃ">śāṃ </w><w n="84">pa</w><w n="85">ra</w><w n="86">mā</w><w n="87" lemma="rtha">rttha</w><w n="88">da</w><w n="89" lemma="śāṃ">śāṃ </w><w n="90" lemma="tu">tu </w><w n="91">ja</w><w n="92">na</w><w n="93"></w><w n="94">ma</w><w n="95">ra</w><w n="96">ṇa</w><w n="97">ra</w><w n="98">hi</w><w n="99" lemma="taiḥ">taiḥ </w><w n="100"></w><w n="101">pra</w><w n="102">vi</w><w n="103">bha</w><w n="104" lemma="kte">kte </w><w n="105">kū</w><w n="106">ṭa</w><w n="107" lemma="sthe">sthe </w><w n="108">pa</w><w n="109">ra</w><w n="110">smi</w><w n="111" lemma="nbra">n_ bra</w><w n="112">hma</w><w n="113" lemma="ṇi">ṇi </w><w n="114">ci</w><w n="115">dā</w><w n="116">naṃ</w><w n="117">da</w><w n="118">rū</w><w n="119" lemma="pe">pe </w><w n="120">sa</w><w n="121" lemma="rvaṃ">rvam </w><w n="122">e</w><w n="123" lemma="va">va </w><w n="124">jā</w><w n="125">ga</w><w n="126" lemma="tjā">j jā</w><w n="127">gra</w><w n="128">tsva</w><w n="129">pnā</w><w n="130">dya</w><w n="131">va</w><w n="132">sthā</w><w n="133">ga</w><w n="134" lemma="taṃ">taṃ </w><w n="135">mū</w><w n="136">rti</w><w n="137">kri</w><w n="138">yā</w><w n="139">vi</w><w n="140">va</w><w n="141">rta</w><w n="142">rū</w><w n="143" lemma="paṃ">paṃ </w><w n="144">saṃ</w><w n="145">sṛ</w><w n="146" lemma="tsaṃ">tsam </w><w n="147"></w><w n="148">a</w><w n="149">nva</w><w n="150">yi</w><w n="151">ci</w><w n="152">tsā</w><w n="153">mā</w><w n="154">nya</w><w n="155">mā</w><w n="156" lemma="traṃ">traṃ </w><w n="157" lemma="tu">tu </w><w n="158">pa</w><w n="159">ra</w><w n="160">mā</w><w n="161" lemma="rtha">rttha </w><w n="162" lemma="i">i </w><w n="163"></w><w n="164">si</w><w n="165" lemma="dhaṃ">ddhaṃ </w><w n="166">vi</w><w n="167">ru</w><w n="168" lemma="dhaṃ">ddham </w><w n="169">u</w><w n="170">pa</w><w n="171">la</w><w n="172">bhya</w><w n="173" lemma="ta">ta </w><w n="174">i</w><w n="175" lemma="ti">ti </w><w n="176">va</w><w n="177">da</w><w n="178" lemma="na">nn a</w><w n="179">vi</w><w n="180">dyā</w><w n="181" lemma="yāṃ">yāṃ </w><w n="182">vi</w><w n="183">ro</w><w n="184" lemma="dhaṃ">dham </w><w n="185">a</w><w n="186">bhyu</w><w n="187">pai</w><w n="188" lemma="ti">ti | </w><w n="189"></w><w n="190">ta</w><w n="191" lemma="de">de </w><w n="192"></w><w n="193" lemma="hya">hy a</w><w n="194">vi</w><w n="195">dyā</w><w n="196" lemma="yāḥ">yāḥ </w><w n="197">sva</w><w n="198">rū</w><w n="199" lemma="paṃ">paṃ </w><w n="200">ya</w><w n="201"></w><w n="202" lemma="ta">d a</w><w n="203"></w><w n="204">nu</w><w n="205">pa</w><w n="206">pa</w><w n="207">dya</w><w n="208">mā</w><w n="209" lemma="naṃ">nam </w><w n="210">a</w><w n="211" lemma="pyā">py ā</w><w n="212"></w><w n="213">so</w><w n="214">pa</w><w n="215">ga</w><w n="216" lemma="maṃ">maṃ </w><w n="217">na</w><w n="218">ya</w><w n="219" lemma="ti">ti </w><w n="220">u</w><w n="221">pa</w><w n="222" lemma="paṃ">pan</w><w n="223">na</w><w n="224" lemma="tve">tve </w><w n="225">vi</w><w n="226">dyai</w><w n="227" lemma="va">va </w><w n="228">syā</w><w n="229" lemma="tta">t_ ta</w><w n="230">smā</w><w n="231" lemma="ta">d a</w><w n="232">sa</w><w n="233">tya</w><w n="234">pra</w><w n="235">paṃ</w><w n="236">ca</w><w n="237">pra</w><w n="238">kā</w><w n="239">śa</w><w n="240">na</w><w n="241">śa</w><w n="242" lemma="kti">kti </w><w n="243">bra</w><w n="244">hma</w><w n="245" lemma="ṇaḥ">ṇo </w><w n="246">nā</w><w n="247">di</w><w n="248">si</w><w n="249" lemma="dhā">ddhā </w><w n="250">grā</w><w n="251">hya</w><w n="252">grā</w><w n="253">ha</w><w n="254">ka</w><w n="255">yu</w><w n="256">ga</w><w n="257">la</w><w n="258">sā</w><w n="259">nu</w><w n="260">rū</w><w n="261" lemma="paṃ">pam </w><w n="262">u</w><w n="263">pa</w><w n="264"></w><w n="265">ra</w><w n="266">ca</w><w n="267" lemma="yā">yā </w><w n="268">ja</w><w n="269">ga</w><w n="270">lā</w><w n="271" lemma="dyaṃ">dyam </w><w n="272">ā</w><w n="273">ta</w><w n="274">no</w><w n="275">tī</w><w n="276" lemma="tya">ty a</w><w n="277">vi</w><w n="278">cā</w><w n="279">ri</w><w n="280">ta</w><w n="281">ra</w><w n="282">ma</w><w n="283">ṇī</w><w n="284" lemma="yāṃ">yām </w><w n="285">i</w><w n="286" lemma="māṃ">mām </w><w n="287">a</w><w n="288">pa</w><w n="289">na</w><w n="290">yaṃ</w><w n="291" lemma="ti">ti </w><w n="292">ta</w><w n="293">tva</w><w n="294">dṛ</w><w n="295" lemma="śaḥ">śaḥ || || 18 || </w>
</text></TEI>
<TEI n="A">
<text>
<w n="0">svi</w><w n="1">ra</w><w n="2">tvā</w><w n="3">sthi</w><w n="4">ra</w><w n="5">tva</w><w n="6">gra</w><w n="7">hā</w><w n="8">ve</w><w n="9">dā</w><w n="10"></w><w n="11">ni</w><w n="12">mi</w><w n="13" lemma="taḥ">ttas </w><w n="14" lemma="tu">tu </w><w n="15">bhe</w><w n="16" lemma="daḥ">daḥ </w><w n="17">a</w><w n="18">vi</w><w n="19">dyā</w><w n="20">pra</w><w n="21">vṛ</w><w n="22" lemma="ti">tti</w><w n="23">rū</w><w n="24">pa</w><w n="25">tvā</w><w n="26" lemma="tpu">t_ pu</w><w n="27" lemma="naḥ">nar </w><w n="28">a</w><w n="29"></w><w n="30">sa</w><w n="31">tya</w><w n="32"></w><w n="33" lemma="jā">jā </w><w n="34">sa</w><w n="35">mā</w><w n="36">nai</w><w n="37" lemma="va">va </w><w n="38">ke</w><w n="39">va</w><w n="40" lemma="laṃ">laṃ </w><w n="41"></w><w n="42">sa</w><w n="43" lemma="tyāṃ">tyām </w><w n="44">a</w><w n="45"></w><w n="46"></w><w n="47"></w><w n="48">vi</w><w n="49" lemma="dyāṃ">dyām </w><w n="50"></w><w n="51">a</w><w n="52"></w><w n="53"></w><w n="54">pa</w><w n="55" lemma="raḥ">ro </w><w n="56">mo</w><w n="57" lemma="haḥ">haś </w><w n="58">ci</w><w n="59">cha</w><w n="60" lemma="kteḥ">kter </w><w n="61">ā</w><w n="62">vā</w><w n="63">ra</w><w n="64" lemma="kaḥ">ko </w><w n="65">ni</w><w n="66" lemma="drā">drā </w><w n="67">nā</w><w n="68" lemma="ma">ma </w><w n="69">ta</w><w n="70">da</w><w n="71">śā</w><w n="72" lemma="ta">d a</w><w n="73">trai</w><w n="74" lemma="va">va </w><w n="75">ma</w><w n="76">ta</w><w n="77">tvā</w><w n="78">bhi</w><w n="79">mā</w><w n="80" lemma="ne">ne </w><w n="81">rvā</w><w n="82">gdṛ</w><w n="83" lemma="śāṃ">śāṃ </w><w n="84">pa</w><w n="85">ra</w><w n="86">mā</w><w n="87">rtha</w><w n="88">dṛ</w><w n="89" lemma="śāṃ">śāṃ </w><w n="90" lemma="tu">tu </w><w n="91">ja</w><w n="92">na</w><w n="93">na</w><w n="94">ma</w><w n="95">ra</w><w n="96">ṇa</w><w n="97">ra</w><w n="98">hi</w><w n="99" lemma="taiḥ">taiḥ </w><w n="100"></w><w n="101">pra</w><w n="102">vi</w><w n="103">bha</w><w n="104" lemma="kte">kte </w><w n="105">kū</w><w n="106">ṭa</w><w n="107" lemma="sthe">sthe </w><w n="108">pa</w><w n="109">ra</w><w n="110">smi</w><w n="111" lemma="nbra">n bra</w><w n="112">hma</w><w n="113" lemma="ṇi">ṇi </w><w n="114">ci</w><w n="115">dā</w><w n="116">naṃ</w><w n="117">da</w><w n="118">rū</w><w n="119" lemma="pe">pe </w><w n="120">sa</w><w n="121" lemma="rvaṃ">rvam </w><w n="122">e</w><w n="123" lemma="va">va </w><w n="124">ja</w><w n="125">ga</w><w n="126" lemma="tjā">j jā</w><w n="127">gra</w><w n="128">tsva</w><w n="129">pnā</w><w n="130">dya</w><w n="131">va</w><w n="132">sthā</w><w n="133">ga</w><w n="134" lemma="taṃ">taṃ </w><w n="135">mū</w><w n="136">rti</w><w n="137">kri</w><w n="138">yā</w><w n="139">vi</w><w n="140">va</w><w n="141">rta</w><w n="142">rū</w><w n="143" lemma="paṃ">paṃ </w><w n="144" lemma="sa">sa </w><w n="145">sṛ</w><w n="146">tsa</w><w n="147" lemma="ptaṃ">ptam </w><w n="148">a</w><w n="149">ca</w><w n="150" lemma="yi">yi </w><w n="151">ci</w><w n="152">tsā</w><w n="153">mā</w><w n="154">nya</w><w n="155">mā</w><w n="156" lemma="traṃ">traṃ </w><w n="157" lemma="tu">tu </w><w n="158">pa</w><w n="159">ra</w><w n="160">mā</w><w n="161" lemma="rtha">rtha </w><w n="162">i</w><w n="163" lemma="ti">ti </w><w n="164">siṃ</w><w n="165" lemma="dha">ddha </w><w n="166">vi</w><w n="167">ru</w><w n="168" lemma="dheṃ">ddhem </w><w n="169">u</w><w n="170">pa</w><w n="171">la</w><w n="172">bhya</w><w n="173" lemma="ta">ta </w><w n="174">i</w><w n="175" lemma="ti">ti </w><w n="176">va</w><w n="177">da</w><w n="178" lemma="na">n__n a</w><w n="179">vi</w><w n="180">dyā</w><w n="181" lemma="yāṃ">yāṃ </w><w n="182">vi</w><w n="183">ro</w><w n="184" lemma="dhaṃ">dham </w><w n="185">a</w><w n="186">bhyu</w><w n="187">pai</w><w n="188" lemma="ti">ti </w><w n="189">e</w><w n="190">ta</w><w n="191" lemma="te">d e</w><w n="192" lemma="va">va </w><w n="193" lemma="tya">ty a</w><w n="194">vi</w><w n="195">dyā</w><w n="196" lemma="yāḥ">yāḥ </w><w n="197">sva</w><w n="198">rū</w><w n="199" lemma="paṃ">paṃ </w><w n="200">ya</w><w n="201"></w><w n="202" lemma="ta">d a</w><w n="203"></w><w n="204">nu</w><w n="205">pa</w><w n="206">pa</w><w n="207">dya</w><w n="208">mā</w><w n="209" lemma="naṃ">nam </w><w n="210">a</w><w n="211" lemma="pyā">py ā</w><w n="212"></w><w n="213">so</w><w n="214">pa</w><w n="215">ga</w><w n="216" lemma="maṃ">maṃ </w><w n="217">na</w><w n="218">ya</w><w n="219" lemma="ti">ti </w><w n="220">u</w><w n="221">pa</w><w n="222">pa</w><w n="223">la</w><w n="224" lemma="bdhe">bdhe </w><w n="225">vi</w><w n="226">dhai</w><w n="227" lemma="ya">ya </w><w n="228">syā</w><w n="229" lemma="tta">t_ ta</w><w n="230">smā</w><w n="231" lemma="ta">d a</w><w n="232">sa</w><w n="233">tya</w><w n="234">pra</w><w n="235">paṃ</w><w n="236">ca</w><w n="237">pra</w><w n="238">kāṃ</w><w n="239">śa</w><w n="240">na</w><w n="241">śa</w><w n="242" lemma="ktiḥ">ktir </w><w n="243">bra</w><w n="244">hma</w><w n="245" lemma="ṇaḥ">ṇo </w><w n="246">nā</w><w n="247">di</w><w n="248">si</w><w n="249" lemma="prā">prā </w><w n="250">grā</w><w n="251">hya</w><w n="252">grā</w><w n="253">ha</w><w n="254">ka</w><w n="255">yu</w><w n="256">ga</w><w n="257">la</w><w n="258">svā</w><w n="259">ḍa</w><w n="260">rū</w><w n="261" lemma="paṃ">pam </w><w n="262">u</w><w n="263">pa</w><w n="264"></w><w n="265">ra</w><w n="266">ca</w><w n="267" lemma="yā">yā </w><w n="268">ja</w><w n="269">ga</w><w n="270">lā</w><w n="271" lemma="dyaṃ">dyam </w><w n="272">ā</w><w n="273">ta</w><w n="274">no</w><w n="275">tī</w><w n="276" lemma="tya">ty a</w><w n="277">vi</w><w n="278">cā</w><w n="279">ri</w><w n="280">ta</w><w n="281">ra</w><w n="282">ma</w><w n="283">ṇī</w><w n="284" lemma="yāṃ">yām </w><w n="285">i</w><w n="286" lemma="māṃ">mām </w><w n="287">a</w><w n="288">pa</w><w n="289">na</w><w n="290">yaṃ</w><w n="291" lemma="ti">ti </w><w n="292">ta</w><w n="293">tva</w><w n="294">dṛ</w><w n="295" lemma="śaḥ">śaḥ </w>
</text></TEI>
<TEI n="V">
<text>
<w n="0">sthi</w><w n="1">ra</w><w n="2">tvā</w><w n="3">sthi</w><w n="4">ra</w><w n="5">tva</w><w n="6">gra</w><w n="7">hā</w><w n="8">ve</w><w n="9">dā</w><w n="10"></w><w n="11">ni</w><w n="12">mi</w><w n="13" lemma="taḥ">ttas </w><w n="14" lemma="tu">tu </w><w n="15">bhe</w><w n="16" lemma="daḥ">daḥ </w><w n="17">a</w><w n="18">vi</w><w n="19">dyā</w><w n="20">pra</w><w n="21">vṛ</w><w n="22">ti</w><w n="23">rū</w><w n="24">pa</w><w n="25">tvā</w><w n="26" lemma="tpu">t_ pu</w><w n="27" lemma="naḥ">nar </w><w n="28">a</w><w n="29"></w><w n="30">sa</w><w n="31">tya</w><w n="32"></w><w n="33" lemma="tā">tā </w><w n="34">sa</w><w n="35">mā</w><w n="36">nai</w><w n="37" lemma="va">va </w><w n="38">ke</w><w n="39">va</w><w n="40" lemma="laṃ">laṃ </w><w n="41"></w><w n="42">sa</w><w n="43" lemma="tyāṃ">tyām </w><w n="44">a</w><w n="45"></w><w n="46"></w><w n="47"></w><w n="48">vi</w><w n="49" lemma="dyāṃ">dyām </w><w n="50"></w><w n="51">a</w><w n="52"></w><w n="53"></w><w n="54">pa</w><w n="55" lemma="raḥ">ro </w><w n="56">mo</w><w n="57" lemma="haḥ">haś </w><w n="58">ci</w><w n="59">cha</w><w n="60" lemma="kteḥ">kter </w><w n="61">ā</w><w n="62">vā</w><w n="63">ra</w><w n="64" lemma="kaḥ">ko </w><w n="65">ni</w><w n="66" lemma="drā">drā </w><w n="67">nā</w><w n="68" lemma="ma">ma </w><w n="69">ta</w><w n="70">dva</w><w n="71">śā</w><w n="72" lemma="ta">d a</w><w n="73">trai</w><w n="74" lemma="va">va </w><w n="75">ma</w><w n="76">ta</w><w n="77">tvā</w><w n="78">bhi</w><w n="79">mā</w><w n="80" lemma="ne">ne </w><w n="81">rvā</w><w n="82">gdṛ</w><w n="83" lemma="śāṃ">śāṃ </w><w n="84">pa</w><w n="85">ra</w><w n="86">mā</w><w n="87">rtha</w><w n="88">dṛ</w><w n="89" lemma="śāṃ">śāṃ </w><w n="90" lemma="tuṃ">tuṃ </w><w n="91">ja</w><w n="92">na</w><w n="93">na</w><w n="94">ma</w><w n="95">ra</w><w n="96">ṇa</w><w n="97">ra</w><w n="98">hi</w><w n="99" lemma="taiḥ">taiḥ </w><w n="100"></w><w n="101">pra</w><w n="102">vi</w><w n="103">bha</w><w n="104" lemma="kte">kte </w><w n="105">kū</w><w n="106">ṭa</w><w n="107" lemma="sthe">sthe </w><w n="108">pa</w><w n="109">ra</w><w n="110">smi</w><w n="111" lemma="nbra">n bra</w><w n="112">hma</w><w n="113" lemma="ṇi">ṇi </w><w n="114">ci</w><w n="115">dā</w><w n="116">naṃ</w><w n="117">da</w><w n="118">rū</w><w n="119" lemma="pe">pe </w><w n="120">sa</w><w n="121" lemma="rvaṃ">rvam </w><w n="122">e</w><w n="123" lemma="va">va </w><w n="124">ja</w><w n="125">ga</w><w n="126" lemma="tjā">j jā</w><w n="127">gra</w><w n="128">tsva</w><w n="129">pnā</w><w n="130">ya</w><w n="131">va</w><w n="132">sthā</w><w n="133">gaṃ</w><w n="134" lemma="ta">ta </w><w n="135">mū</w><w n="136">rti</w><w n="137">kri</w><w n="138">yā</w><w n="139">vi</w><w n="140">va</w><w n="141">rta</w><w n="142">rū</w><w n="143" lemma="paṃ">paṃ </w><w n="144" lemma="sa">sa </w><w n="145">sṛ</w><w n="146">tsa</w><w n="147" lemma="praṃ">pram </w><w n="148">a</w><w n="149">nva</w><w n="150">yi</w><w n="151">ci</w><w n="152">tsā</w><w n="153">mā</w><w n="154">nya</w><w n="155">mā</w><w n="156" lemma="traṃ">traṃ </w><w n="157" lemma="tu">tu </w><w n="158">pa</w><w n="159">ra</w><w n="160">mā</w><w n="161" lemma="rtha">rtha </w><w n="162">i</w><w n="163" lemma="ti">ti </w><w n="164">si</w><w n="165" lemma="dhaṃ">ddhaṃ </w><w n="166">vi</w><w n="167">ru</w><w n="168" lemma="dhaṃ">ddhaṃm </w><w n="169">a</w><w n="170">pa</w><w n="171">la</w><w n="172">bhya</w><w n="173" lemma="ta">ta </w><w n="174">i</w><w n="175" lemma="ti">ti </w><w n="176">va</w><w n="177">da</w><w n="178" lemma="na">nn a</w><w n="179">vi</w><w n="180">dyā</w><w n="181" lemma="yāṃ">yāṃ </w><w n="182">vi</w><w n="183">ro</w><w n="184" lemma="dhaṃ">dham </w><w n="185">a</w><w n="186">bhyu</w><w n="187">pai</w><w n="188" lemma="ti">ti </w><w n="189">e</w><w n="190">ta</w><w n="191" lemma="te">d e</w><w n="192" lemma="va">va </w><w n="193" lemma="hya">hy a</w><w n="194">vi</w><w n="195">dyā</w><w n="196" lemma="yāḥ">yāḥ </w><w n="197">sva</w><w n="198">rū</w><w n="199" lemma="paṃ">paṃ </w><w n="200">ya</w><w n="201"></w><w n="202" lemma="ta">d a</w><w n="203"></w><w n="204">nu</w><w n="205">pa</w><w n="206">pa</w><w n="207">dya</w><w n="208">mā</w><w n="209" lemma="naṃ">nam </w><w n="210">a</w><w n="211" lemma="pyā">py ā</w><w n="212"></w><w n="213">so</w><w n="214">pa</w><w n="215">ga</w><w n="216" lemma="maṃ">maṃ </w><w n="217">na</w><w n="218">ya</w><w n="219" lemma="ti">ti </w><w n="220"></w><w n="221"></w><w n="222" lemma="paṃ">pam </w><w n="223"></w><w n="224"></w><w n="225"></w><w n="226"></w><w n="227"></w><w n="228"></w><w n="229"></w><w n="230"></w><w n="231"></w><w n="232"></w><w n="233"></w><w n="234"></w><w n="235"></w><w n="236"></w><w n="237"></w><w n="238"></w><w n="239"></w><w n="240"></w><w n="241"></w><w n="242"></w><w n="243"></w><w n="244"></w><w n="245"></w><w n="246"></w><w n="247"></w><w n="248"></w><w n="249"></w><w n="250"></w><w n="251"></w><w n="252"></w><w n="253"></w><w n="254"></w><w n="255"></w><w n="256"></w><w n="257"></w><w n="258"></w><w n="259"></w><w n="260"></w><w n="261"></w><w n="262">u</w><w n="263">pa</w><w n="264"></w><w n="265">ra</w><w n="266">ca</w><w n="267" lemma="yā">yā </w><w n="268">ja</w><w n="269">ga</w><w n="270">lā</w><w n="271" lemma="dyaṃ">dyam </w><w n="272">ā</w><w n="273">ta</w><w n="274">no</w><w n="275">tī</w><w n="276" lemma="tya">ty a</w><w n="277">vi</w><w n="278">cā</w><w n="279">ri</w><w n="280">ta</w><w n="281">ra</w><w n="282">ma</w><w n="283">ṇā</w><w n="284" lemma="yāṃ">yām </w><w n="285">i</w><w n="286" lemma="māṃ">mām </w><w n="287">a</w><w n="288">pa</w><w n="289">na</w><w n="290">yaṃ</w><w n="291" lemma="ti">ti </w><w n="292">ta</w><w n="293">tva</w><w n="294">dṛ</w><w n="295" lemma="śaḥ">śaḥ </w>
</text></TEI>
<TEI n="K">
<text>
<w n="0">sthi</w><w n="1">ra</w><w n="2">tvā</w><w n="3">sthi</w><w n="4">ra</w><w n="5">tva</w><w n="6">gra</w><w n="7">hā</w><w n="8">ve</w><w n="9">dā</w><w n="10"></w><w n="11">ni</w><w n="12">mi</w><w n="13" lemma="taḥ">ttas </w><w n="14" lemma="tu">tu </w><w n="15">bhe</w><w n="16" lemma="daḥ">daḥ </w><w n="17">a</w><w n="18">vi</w><w n="19">dyā</w><w n="20">pra</w><w n="21">vṛ</w><w n="22" lemma="ti">tti</w><w n="23">rū</w><w n="24">pa</w><w n="25">tvā</w><w n="26" lemma="tpu">t_ pu</w><w n="27" lemma="naḥ">nar </w><w n="28">a</w><w n="29"></w><w n="30">sa</w><w n="31">tya</w><w n="32"></w><w n="33" lemma="tā">tā </w><w n="34">sa</w><w n="35">mā</w><w n="36">nai</w><w n="37" lemma="va">va </w><w n="38">ke</w><w n="39">va</w><w n="40" lemma="laṃ">laṃ </w><w n="41"></w><w n="42">sa</w><w n="43" lemma="tyāṃ">tyām </w><w n="44">a</w><w n="45"></w><w n="46"></w><w n="47"></w><w n="48">vi</w><w n="49" lemma="dyāṃ">dyām </w><w n="50"></w><w n="51">a</w><w n="52"></w><w n="53"></w><w n="54">pa</w><w n="55" lemma="raḥ">ro </w><w n="56">mo</w><w n="57" lemma="haḥ">haś </w><w n="58">ci</w><w n="59">cha</w><w n="60" lemma="kteḥ">kter </w><w n="61">ā</w><w n="62">vā</w><w n="63">ra</w><w n="64" lemma="kaḥ">ko </w><w n="65">ni</w><w n="66" lemma="drā">drā </w><w n="67">nā</w><w n="68" lemma="ma">ma </w><w n="69">ta</w><w n="70">dva</w><w n="71">śā</w><w n="72" lemma="ta">d a</w><w n="73">trai</w><w n="74" lemma="va">va </w><w n="75">ma</w><w n="76">ta</w><w n="77">tvā</w><w n="78">bhi</w><w n="79">mā</w><w n="80" lemma="ne">ne </w><w n="81">rvā</w><w n="82">gdṛ</w><w n="83" lemma="śāṃ">śāṃ </w><w n="84">pa</w><w n="85">ra</w><w n="86">mā</w><w n="87">rtha</w><w n="88">dṛ</w><w n="89" lemma="śāṃ">śāṃ </w><w n="90" lemma="tuṃ">tuṃ </w><w n="91">ja</w><w n="92">na</w><w n="93">na</w><w n="94">ma</w><w n="95">ra</w><w n="96">ṇa</w><w n="97">ra</w><w n="98">hi</w><w n="99" lemma="taiḥ">taiḥ </w><w n="100"></w><w n="101">pra</w><w n="102">vi</w><w n="103">bha</w><w n="104" lemma="kte">kte </w><w n="105">kū</w><w n="106">ṭa</w><w n="107" lemma="sthe">sthe </w><w n="108">pa</w><w n="109">ra</w><w n="110">smi</w><w n="111" lemma="nbra">n bra</w><w n="112">hma</w><w n="113" lemma="ṇi">ṇi </w><w n="114">ci</w><w n="115">dā</w><w n="116">naṃ</w><w n="117">da</w><w n="118">rū</w><w n="119" lemma="pe">pe </w><w n="120">sa</w><w n="121" lemma="rvaṃ">rvam </w><w n="122">e</w><w n="123" lemma="va">va </w><w n="124">ja</w><w n="125">ga</w><w n="126" lemma="tjā">j jā</w><w n="127">gra</w><w n="128">tsva</w><w n="129">pnā</w><w n="130">dya</w><w n="131">va</w><w n="132">sthā</w><w n="133">gaṃ</w><w n="134" lemma="ta">ta </w><w n="135">mū</w><w n="136" lemma="rti">rtti</w><w n="137">kri</w><w n="138">yā</w><w n="139">vi</w><w n="140">va</w><w n="141">rta</w><w n="142">rū</w><w n="143" lemma="paṃ">paṃ </w><w n="144" lemma="sa">sa </w><w n="145">sṛ</w><w n="146">tsa</w><w n="147" lemma="praṃ">pram </w><w n="148">a</w><w n="149">nva</w><w n="150">yi</w><w n="151">ci</w><w n="152">tsā</w><w n="153">mā</w><w n="154">nya</w><w n="155">mā</w><w n="156" lemma="traṃ">traṃ </w><w n="157" lemma="tu">tu </w><w n="158">pa</w><w n="159">ra</w><w n="160">mā</w><w n="161" lemma="rtha">rtha </w><w n="162">i</w><w n="163" lemma="ti">ti </w><w n="164">si</w><w n="165" lemma="dhaṃ">ddhaṃ </w><w n="166">vi</w><w n="167">ru</w><w n="168" lemma="dhaṃ">ddham </w><w n="169">a</w><w n="170">pa</w><w n="171">la</w><w n="172">bhya</w><w n="173" lemma="ta">ta </w><w n="174">i</w><w n="175" lemma="ti">ti </w><w n="176">va</w><w n="177">da</w><w n="178" lemma="na">nn a</w><w n="179">vi</w><w n="180">dyā</w><w n="181" lemma="yāṃ">yāṃ </w><w n="182">vi</w><w n="183">ro</w><w n="184" lemma="dhaṃ">dham </w><w n="185">a</w><w n="186">bhyu</w><w n="187">pai</w><w n="188" lemma="ti">ti </w><w n="189">e</w><w n="190">ta</w><w n="191" lemma="te">d e</w><w n="192" lemma="va">va </w><w n="193" lemma="hya">hy a</w><w n="194">vi</w><w n="195">dyā</w><w n="196" lemma="yāḥ">yāḥ </w><w n="197">sva</w><w n="198">rū</w><w n="199" lemma="paṃ">paṃ </w><w n="200">ya</w><w n="201"></w><w n="202" lemma="ta">d a</w><w n="203"></w><w n="204">nu</w><w n="205">pa</w><w n="206">pa</w><w n="207">dya</w><w n="208">mā</w><w n="209" lemma="naṃ">nam </w><w n="210">a</w><w n="211" lemma="pyā">py ā</w><w n="212"></w><w n="213">so</w><w n="214">pa</w><w n="215">ga</w><w n="216" lemma="maṃ">maṃ </w><w n="217">na</w><w n="218">ya</w><w n="219" lemma="ti">ti </w><w n="220">u</w><w n="221">pa</w><w n="222" lemma="paṃ">pan</w><w n="223">na</w><w n="224" lemma="cce">cce </w><w n="225">vi</w><w n="226">dyai</w><w n="227" lemma="va">va </w><w n="228">styā</w><w n="229" lemma="tta">t_ ta</w><w n="230">smā</w><w n="231" lemma="ta">d a</w><w n="232">sa</w><w n="233">tya</w><w n="234">pra</w><w n="235">paṃ</w><w n="236">ca</w><w n="237">pra</w><w n="238">kā</w><w n="239">śa</w><w n="240">na</w><w n="241">śa</w><w n="242" lemma="ktiḥ">ktir </w><w n="243">bra</w><w n="244">hma</w><w n="245" lemma="ṇaḥ">ṇo </w><w n="246">nā</w><w n="247">di</w><w n="248">si</w><w n="249" lemma="dhā">ddhā </w><w n="250">grā</w><w n="251">hya</w><w n="252">grā</w><w n="253">ha</w><w n="254">ka</w><w n="255">yu</w><w n="256">ga</w><w n="257">la</w><w n="258">svā</w><w n="259">nu</w><w n="260">rū</w><w n="261" lemma="paṃ">pam </w><w n="262">u</w><w n="263">pa</w><w n="264"></w><w n="265">ra</w><w n="266">ca</w><w n="267" lemma="yā">yā </w><w n="268">ja</w><w n="269">ga</w><w n="270">lā</w><w n="271" lemma="dyaṃ">dyam </w><w n="272">ā</w><w n="273">ta</w><w n="274">no</w><w n="275">tī</w><w n="276" lemma="tya">ty a</w><w n="277">vi</w><w n="278">cā</w><w n="279">ri</w><w n="280">ta</w><w n="281">ra</w><w n="282">ma</w><w n="283">ṇā</w><w n="284" lemma="yāṃ">yām </w><w n="285">i</w><w n="286" lemma="māṃ">mām </w><w n="287">a</w><w n="288">pa</w><w n="289">na</w><w n="290">yaṃ</w><w n="291" lemma="ti">ti </w><w n="292">ta</w><w n="293">tva</w><w n="294">dṛ</w><w n="295" lemma="śaḥ">śaḥ || </w>
</text></TEI>
<TEI n="D">
<text>
<w n="0">sthi</w><w n="1">ra</w><w n="2">tvā</w><w n="3">sthi</w><w n="4">ra</w><w n="5">tva</w><w n="6">gra</w><w n="7">hā</w><w n="8">ve</w><w n="9">dā</w><w n="10"></w><w n="11">ni</w><w n="12">mi</w><w n="13" lemma="taḥ">ttas </w><w n="14" lemma="tu">tu </w><w n="15">bhe</w><w n="16" lemma="daḥ">daḥ </w><w n="17">a</w><w n="18">vi</w><w n="19">dyā</w><w n="20">pra</w><w n="21">vṛ</w><w n="22" lemma="ti">tti</w><w n="23">rū</w><w n="24">pa</w><w n="25">tvā</w><w n="26" lemma="tpu">t_ pu</w><w n="27" lemma="naḥ">nar </w><w n="28">a</w><w n="29"></w><w n="30">sa</w><w n="31">tya</w><w n="32"></w><w n="33" lemma="tā">tā </w><w n="34">sa</w><w n="35">mā</w><w n="36">nai</w><w n="37" lemma="va">va </w><w n="38">ke</w><w n="39">va</w><w n="40" lemma="laṃ">laṃ </w><w n="41"></w><w n="42">sa</w><w n="43" lemma="tyāṃ">tyām </w><w n="44">a</w><w n="45"></w><w n="46"></w><w n="47"></w><w n="48">vi</w><w n="49" lemma="dyāṃ">dyām </w><w n="50"></w><w n="51">a</w><w n="52"></w><w n="53"></w><w n="54">pa</w><w n="55" lemma="raḥ">ro </w><w n="56">mo</w><w n="57" lemma="haḥ">haś </w><w n="58">ci</w><w n="59">cha</w><w n="60" lemma="kteḥ">kter </w><w n="61">ā</w><w n="62">vā</w><w n="63">ra</w><w n="64" lemma="kaḥ">ko </w><w n="65">ni</w><w n="66" lemma="drā">drā </w><w n="67">nā</w><w n="68" lemma="ma">ma </w><w n="69">ta</w><w n="70">dva</w><w n="71">śā</w><w n="72" lemma="ta">d a</w><w n="73">trai</w><w n="74" lemma="va">va </w><w n="75">ma</w><w n="76">ta</w><w n="77">tvā</w><w n="78">bhi</w><w n="79">mā</w><w n="80" lemma="ne">ne </w><w n="81">rvā</w><w n="82">gdṛ</w><w n="83" lemma="śāṃ">śāṃ </w><w n="84">pa</w><w n="85">ra</w><w n="86">mā</w><w n="87">rtha</w><w n="88">dṛ</w><w n="89" lemma="śāṃ">śāṃ </w><w n="90" lemma="tu">tu </w><w n="91">ja</w><w n="92">na</w><w n="93">na</w><w n="94">ma</w><w n="95">ra</w><w n="96">ṇa</w><w n="97">ra</w><w n="98">hi</w><w n="99" lemma="taiḥ">taiḥ </w><w n="100"></w><w n="101">pra</w><w n="102">vi</w><w n="103">bha</w><w n="104" lemma="kte">kte </w><w n="105">kū</w><w n="106">ṭa</w><w n="107" lemma="sthe">sthe </w><w n="108">pa</w><w n="109">ra</w><w n="110">smi</w><w n="111" lemma="nbra">n bra</w><w n="112">hma</w><w n="113" lemma="ṇi">ṇi </w><w n="114">ci</w><w n="115">dā</w><w n="116">naṃ</w><w n="117">da</w><w n="118">rū</w><w n="119" lemma="pe">pe </w><w n="120">sa</w><w n="121" lemma="rvaṃ">rvam </w><w n="122">e</w><w n="123" lemma="va">va </w><w n="124">ja</w><w n="125">ga</w><w n="126" lemma="tjā">j jā</w><w n="127">gra</w><w n="128">tsva</w><w n="129">pnā</w><w n="130">dya</w><w n="131">va</w><w n="132">sthā</w><w n="133">ga</w><w n="134" lemma="taṃ">taṃ </w><w n="135">mū</w><w n="136" lemma="rti">rtti</w><w n="137">kri</w><w n="138">yā</w><w n="139">vi</w><w n="140">va</w><w n="141">rta</w><w n="142">rū</w><w n="143" lemma="paṃ">paṃ </w><w n="144" lemma="sa">sa </w><w n="145">sṛ</w><w n="146">tsa</w><w n="147" lemma="praṃ">pram </w><w n="148">a</w><w n="149">nva</w><w n="150">yi</w><w n="151">ci</w><w n="152">tsā</w><w n="153">mā</w><w n="154">nya</w><w n="155">mā</w><w n="156" lemma="traṃ">traṃ </w><w n="157" lemma="tu">tu </w><w n="158">pa</w><w n="159">ra</w><w n="160">mā</w><w n="161" lemma="rtha">rtha </w><w n="162">i</w><w n="163" lemma="ti">ti </w><w n="164">si</w><w n="165" lemma="dhaṃ">ddhaṃ </w><w n="166">vi</w><w n="167">ru</w><w n="168" lemma="dhaṃ">ddham </w><w n="169">u</w><w n="170">pa</w><w n="171">la</w><w n="172">bhya</w><w n="173" lemma="ta">ta </w><w n="174">i</w><w n="175" lemma="ti">ti </w><w n="176">va</w><w n="177">da</w><w n="178" lemma="na">nn a</w><w n="179">vi</w><w n="180">dyā</w><w n="181" lemma="yāṃ">yāṃ </w><w n="182">vi</w><w n="183">ro</w><w n="184" lemma="dhaṃ">dham </w><w n="185">a</w><w n="186">bhyu</w><w n="187">pai</w><w n="188" lemma="ti">ti </w><w n="189">e</w><w n="190">ta</w><w n="191" lemma="te">d e</w><w n="192" lemma="va">va </w><w n="193" lemma="hya">hy a</w><w n="194">vi</w><w n="195">dyā</w><w n="196" lemma="yāḥ">yāḥ </w><w n="197">sva</w><w n="198">rū</w><w n="199" lemma="paṃ">paṃ </w><w n="200">ya</w><w n="201"></w><w n="202" lemma="ta">d a</w><w n="203"></w><w n="204">nu</w><w n="205">pa</w><w n="206">pa</w><w n="207">dya</w><w n="208">mā</w><w n="209" lemma="naṃ">nam </w><w n="210">a</w><w n="211" lemma="pyā">py ā</w><w n="212"></w><w n="213">so</w><w n="214">pa</w><w n="215">ga</w><w n="216" lemma="maṃ">maṃ </w><w n="217">na</w><w n="218">ya</w><w n="219" lemma="ti">ti </w><w n="220">u</w><w n="221">pa</w><w n="222" lemma="paṃ">pan</w><w n="223">na</w><w n="224" lemma="cce">cce </w><w n="225">vi</w><w n="226">dyai</w><w n="227" lemma="va">va </w><w n="228">syā</w><w n="229" lemma="tta">t ta</w><w n="230">smā</w><w n="231" lemma="ta">d a</w><w n="232">sa</w><w n="233">tya</w><w n="234">pra</w><w n="235">paṃ</w><w n="236">ca</w><w n="237">pra</w><w n="238">kā</w><w n="239">śa</w><w n="240">na</w><w n="241">śa</w><w n="242" lemma="ktiḥ">ktir </w><w n="243">bra</w><w n="244">hma</w><w n="245" lemma="ṇaḥ">ṇo </w><w n="246">nā</w><w n="247">di</w><w n="248">si</w><w n="249" lemma="dhā">ddhā </w><w n="250">grā</w><w n="251">hya</w><w n="252">grā</w><w n="253">ha</w><w n="254">ka</w><w n="255">yu</w><w n="256">ga</w><w n="257">la</w><w n="258">svā</w><w n="259">nu</w><w n="260">rū</w><w n="261" lemma="paṃ">pam </w><w n="262">u</w><w n="263">pa</w><w n="264"></w><w n="265">ra</w><w n="266">ca</w><w n="267" lemma="yā">yā </w><w n="268">ja</w><w n="269" lemma="gaṃ">gan</w><w n="270">nā</w><w n="271" lemma="ṭyaṃ">ṭyam </w><w n="272">ā</w><w n="273">ta</w><w n="274">no</w><w n="275">tī</w><w n="276" lemma="tya">ty a</w><w n="277">vi</w><w n="278">cā</w><w n="279">ri</w><w n="280">ta</w><w n="281">ra</w><w n="282">ma</w><w n="283">ṇī</w><w n="284" lemma="yāṃ">yām </w><w n="285">i</w><w n="286" lemma="māṃ">mām </w><w n="287">a</w><w n="288">pa</w><w n="289">na</w><w n="290">yaṃ</w><w n="291" lemma="ti">ti </w><w n="292">ta</w><w n="293">tva</w><w n="294">dṛ</w><w n="295" lemma="śaḥ">śaḥ || </w>
</text></TEI>
</teiCorpus>
