<?xml version="1.0" encoding="UTF-8"?>
<teiCorpus xmlns="http://www.tei-c.org/ns/1.0">

<TEI n="GV">
<text>
<w n="0"></w><w n="1"></w><w n="2"></w><w n="3"></w><w n="4"></w><w n="5"></w><w n="6"></w><w n="7"></w><w n="8"></w><w n="9"></w><w n="10"></w><w n="11"></w><w n="12"></w><w n="13"></w><w n="14"></w><w n="15"></w><w n="16"></w><w n="17"></w><w n="18"></w><w n="19"></w><w n="20"></w><w n="21"></w><w n="22"></w><w n="23"></w><w n="24"></w><w n="25"></w><w n="26"></w><w n="27"></w><w n="28"></w><w n="29"></w><w n="30"></w><w n="31"></w><w n="32"></w><w n="33"></w><w n="34"></w><w n="35"></w><w n="36"></w><w n="37"></w><w n="38"></w><w n="39"></w><w n="40"></w><w n="41"></w><w n="42"></w><w n="43"></w><w n="44"></w><w n="45"></w><w n="46"></w><w n="47"></w><w n="48"></w><w n="49"></w><w n="50"></w><w n="51"></w><w n="52"></w><w n="53"></w><w n="54"></w><w n="55"></w><w n="56"></w><w n="57"></w><w n="58"></w><w n="59"></w><w n="60"></w><w n="61"></w><w n="62"></w><w n="63"></w><w n="64"></w><w n="65"></w><w n="66"></w><w n="67"></w><w n="68"></w><w n="69"></w><w n="70"></w><w n="71"></w><w n="72"></w><w n="73"></w><w n="74"></w><w n="75"></w><w n="76"></w><w n="77"></w><w n="78"></w><w n="79"></w><w n="80"></w><w n="81"></w><w n="82"></w><w n="83"></w><w n="84"></w><w n="85"></w><w n="86"></w><w n="87"></w><w n="88"></w><w n="89"></w><w n="90"></w><w n="91"></w><w n="92"></w><w n="93"></w><w n="94"></w><w n="95"></w><w n="96"></w><w n="97"></w><w n="98"></w><w n="99"></w><w n="100"></w><w n="101"></w><w n="102"></w><w n="103"></w><w n="104"></w><w n="105"></w><w n="106"></w><w n="107"></w><w n="108"></w><w n="109"></w><w n="110"></w><w n="111"></w><w n="112"></w><w n="113"></w><w n="114"></w><w n="115"></w><w n="116"></w><w n="117"></w><w n="118"></w><w n="119"></w><w n="120"></w><w n="121"></w><w n="122"></w><w n="123"></w><w n="124"></w><w n="125"></w><w n="126"></w><w n="127"></w><w n="128"></w><w n="129"></w><w n="130"></w><w n="131"></w><w n="132"></w><w n="133"></w><w n="134"></w><w n="135"></w><w n="136"></w><w n="137"></w><w n="138"></w><w n="139"></w><w n="140"></w><w n="141"></w><w n="142"></w><w n="143"></w><w n="144"></w><w n="145"></w><w n="146"></w><w n="147"></w><w n="148"></w><w n="149"></w><w n="150"></w><w n="151"></w><w n="152"></w><w n="153"></w><w n="154"></w><w n="155"></w><w n="156"></w><w n="157"></w><w n="158"></w><w n="159"></w><w n="160"></w><w n="161"></w><w n="162"></w><w n="163"></w><w n="164"></w><w n="165"></w><w n="166"></w><w n="167"></w><w n="168"></w><w n="169"></w><w n="170"></w><w n="171"></w><w n="172"></w><w n="173"></w><w n="174"></w><w n="175"></w><w n="176"></w><w n="177"></w><w n="178"></w><w n="179"></w><w n="180"></w><w n="181"></w><w n="182"></w><w n="183"></w><w n="184"></w><w n="185"></w><w n="186"></w><w n="187"></w><w n="188"></w><w n="189"></w><w n="190"></w><w n="191"></w><w n="192"></w><w n="193"></w><w n="194"></w><w n="195"></w><w n="196"></w><w n="197"></w><w n="198"></w><w n="199"></w><w n="200"></w><w n="201"></w><w n="202"></w><w n="203"></w><w n="204"></w><w n="205"></w><w n="206"></w><w n="207"></w><w n="208"></w><w n="209"></w><w n="210"></w><w n="211"></w><w n="212"></w><w n="213"></w><w n="214"></w><w n="215"></w><w n="216"></w><w n="217"></w><w n="218"></w>
</text></TEI>
<TEI n="CT">
<text>
<w n="0">i</w><w n="1" lemma="ha">ha </w><w n="2">sa</w><w n="3">rva</w><w n="4">śa</w><w n="5">bdā</w><w n="6" lemma="nāṃ">nāṃ </w><w n="7">pā</w><w n="8">ra</w><w n="9" lemma="mā">mā-</w><w n="10">rthi</w><w n="11" lemma="ka">ka </w><w n="12"></w><w n="13"></w><w n="14"></w><w n="15"></w><w n="16"></w><w n="17"></w><w n="18"></w><w n="19"></w><w n="20"></w><w n="21"></w><w n="22"></w><w n="23"></w><w n="24"></w><w n="25"></w><w n="26"></w><w n="27"></w><w n="28"></w><w n="29"></w><w n="30">ni</w><w n="31">hi</w><w n="32">ta</w><w n="33"></w><w n="34">pa</w><w n="35">dā</w><w n="36" lemma="nāṃ">nāṃ </w><w n="37">ta</w><w n="38">drū</w><w n="39">po</w><w n="40" lemma="lliṃ">lliṅ</w><w n="41">ga</w><w n="42" lemma="naṃ">naṃ </w><w n="43"></w><w n="44">vya</w><w n="45">va</w><w n="46">hā</w><w n="47" lemma="re">re </w><w n="48">sa</w><w n="49">mā</w><w n="50">la</w><w n="51">kṣya</w><w n="52" lemma="te">te | </w><w n="53">u</w><w n="54">pā</w><w n="55">dhī</w><w n="56" lemma="nāṃ">nāṃ </w><w n="57">cā</w><w n="58">ga</w><w n="59" lemma="mā">mā-</w><w n="60">pā</w><w n="61">ya</w><w n="62"></w><w n="63">va</w><w n="64">śa</w><w n="65"></w><w n="66">vi</w><w n="67">dhu</w><w n="68">ri</w><w n="69">ta</w><w n="70">ni</w><w n="71">ja</w><w n="72">sva</w><w n="73">rū</w><w n="74">pā</w><w n="75" lemma="ṇāṃ">ṇām </w><w n="76"></w><w n="77"></w><w n="78">a</w><w n="79">rthi</w><w n="80" lemma="sā">sā-</w><w n="81">rtha</w><w n="82">sa</w><w n="83">mā</w><w n="84">śā</w><w n="85">pū</w><w n="86">ra</w><w n="87">ṇa</w><w n="88">pra</w><w n="89">ti</w><w n="90">ha</w><w n="91">ta</w><w n="92">śa</w><w n="93">kti</w><w n="94">tvā</w><w n="95" lemma="nna">n na </w><w n="96">tā</w><w n="97">va</w><w n="98" lemma="tye">ty e</w><w n="99" lemma="va">va </w><w n="100">pa</w><w n="101">rya</w><w n="102">va</w><w n="103">sā</w><w n="104" lemma="naṃ">nam </w><w n="105">i</w><w n="106" lemma="tyu">ty u</w><w n="107">pa</w><w n="108">la</w><w n="109">kṣi</w><w n="110">ta</w><w n="111">rū</w><w n="112">pa</w><w n="113">pṛ</w><w n="114">ṣṭha</w><w n="115">pā</w><w n="116">ti</w><w n="117" lemma="naḥ">naḥ </w><w n="118" lemma="śa">śa-</w><w n="119" lemma="bdā">bdā </w><w n="120">vya</w><w n="121">va</w><w n="122">sthā</w><w n="123" lemma="pyaṃ">pyan</w><w n="124" lemma="te">te | </w><w n="125" lemma="a">a </w><w n="126"></w><w n="127"></w><w n="128"></w><w n="129"></w><w n="130"></w><w n="131"></w><w n="132"></w><w n="133"></w><w n="134"></w><w n="135"></w><w n="136"></w><w n="137"></w><w n="138"></w><w n="139">a</w><w n="140"></w><w n="141"></w><w n="142"></w><w n="143"></w><w n="144"></w><w n="145">sā</w><w n="146" lemma="raṃ">ram </w><w n="147">a</w><w n="148" lemma="rthe">rthe </w><w n="149">pra</w><w n="150">vṛ</w><w n="151"></w><w n="152" lemma="tiḥ">ttiḥ </w><w n="153">a</w><w n="154">va</w><w n="155">dhṛ</w><w n="156" lemma="tiḥ">tiś </w><w n="157">cā</w><w n="158">kā</w><w n="159">ra</w><w n="160">dvā</w><w n="161">re</w><w n="162" lemma="ṇa">ṇa </w><w n="163">ni</w><w n="164" lemma="rā">rā-</w><w n="165">kā</w><w n="166">ra</w><w n="167" lemma="sya">sya </w><w n="168">bu</w><w n="169" lemma="dhyu">ddhyu</w><w n="170">pā</w><w n="171">ro</w><w n="172">hā</w><w n="173">yo</w><w n="174">gā</w><w n="175" lemma="tya">t_ ya</w><w n="176">thā</w><w n="177">pra</w><w n="178" lemma="tya">tya-</w><w n="179"></w><w n="180" lemma="yaḥ">yas </w><w n="181" lemma="tva">tv a</w><w n="182">bhe</w><w n="183">dā</w><w n="184">va</w><w n="185">sā</w><w n="186">ya</w><w n="187" lemma="sya">sya </w><w n="188">bā</w><w n="189">dhya</w><w n="190">mā</w><w n="191">na</w><w n="192">tvā</w><w n="193" lemma="ta">d a</w><w n="194">nu</w><w n="195" lemma="yā">yā-</w><w n="196" lemma="yya">yy a</w><w n="197" lemma="bhiṃ">bhin</w><w n="198" lemma="naṃ">nam </w><w n="199">e</w><w n="200" lemma="va">va </w><w n="201">rū</w><w n="202" lemma="paṃ">paṃ </w><w n="203">pa</w><w n="204">ra</w><w n="205">mā</w><w n="206">rtha</w><w n="207" lemma="taḥ">tas </w><w n="208">ta</w><w n="209" lemma="te">d e</w><w n="210" lemma="va">va </w><w n="211">bra</w><w n="212">hma</w><w n="213" lemma="rū">rū-</w><w n="214" lemma="paṃ">paṃ </w><w n="215">sa</w><w n="216" lemma="tyaṃ">tyam&#183;</w><w n="217"></w><w n="218"></w>
</text></TEI>
<TEI n="T">
<text>
<w n="0">i</w><w n="1" lemma="ha">ha </w><w n="2">sa</w><w n="3" lemma="rva">rvva</w><w n="4">śa</w><w n="5">bdā</w><w n="6" lemma="nāṃ">nāṃ </w><w n="7">pā</w><w n="8">ra</w><w n="9">mā</w><w n="10" lemma="rthi">rtthi</w><w n="11" lemma="kaṃ">kan </w><w n="12">ta</w><w n="13" lemma="tvaṃ">tvaṃ </w><w n="14">sā</w><w n="15">kṣā</w><w n="16" lemma="tspra">t_ spra</w><w n="17" lemma="ṣṭuṃ">ṣṭum </w><w n="18">a</w><w n="19">śa</w><w n="20">ktā</w><w n="21" lemma="nāṃ">nām </w><w n="22">a</w><w n="23">ne</w><w n="24">ko</w><w n="25">pā</w><w n="26">dhi</w><w n="27">vi</w><w n="28">ṣa</w><w n="29">ya</w><w n="30">ni</w><w n="31">hi</w><w n="32">ta</w><w n="33"></w><w n="34">pa</w><w n="35">dā</w><w n="36">nā</w><w n="37" lemma="nta">n ta</w><w n="38">drū</w><w n="39">po</w><w n="40">lliṃ</w><w n="41">ga</w><w n="42" lemma="naṃ">naṃ </w><w n="43"></w><w n="44">vya</w><w n="45">va</w><w n="46">hā</w><w n="47" lemma="re">re </w><w n="48">sa</w><w n="49">mā</w><w n="50">la</w><w n="51">kṣya</w><w n="52" lemma="te">te </w><w n="53">u</w><w n="54">pā</w><w n="55">dhī</w><w n="56" lemma="nāṃ">nāñ </w><w n="57">cā</w><w n="58">ga</w><w n="59">mā</w><w n="60">pā</w><w n="61">ya</w><w n="62"></w><w n="63">va</w><w n="64">śa</w><w n="65"></w><w n="66">vi</w><w n="67">dhu</w><w n="68">ri</w><w n="69">ta</w><w n="70">ni</w><w n="71">ja</w><w n="72">sva</w><w n="73">rū</w><w n="74">pā</w><w n="75" lemma="ṇāṃ">ṇām </w><w n="76"></w><w n="77"></w><w n="78">a</w><w n="79" lemma="rthi">rtthi</w><w n="80">sā</w><w n="81" lemma="rtha">rttha</w><w n="82">sa</w><w n="83">mā</w><w n="84">śā</w><w n="85">pū</w><w n="86">ra</w><w n="87">ṇa</w><w n="88">pra</w><w n="89">ti</w><w n="90">ha</w><w n="91">ta</w><w n="92">śa</w><w n="93">kti</w><w n="94">tvā</w><w n="95" lemma="nna">n na </w><w n="96">tā</w><w n="97">va</w><w n="98" lemma="tye">ty e</w><w n="99" lemma="va">va </w><w n="100">pa</w><w n="101" lemma="rya">ryya</w><w n="102">va</w><w n="103">sā</w><w n="104" lemma="naṃ">nam </w><w n="105">i</w><w n="106" lemma="tyu">ty u</w><w n="107">pa</w><w n="108">la</w><w n="109">kṣi</w><w n="110">ta</w><w n="111">rū</w><w n="112">pa</w><w n="113">pṛ</w><w n="114">ṣṭha</w><w n="115">pā</w><w n="116">ti</w><w n="117" lemma="naḥ">naś </w><w n="118">śa</w><w n="119" lemma="bdā">bdā </w><w n="120">vya</w><w n="121">va</w><w n="122">sthā</w><w n="123" lemma="pyaṃ">pyan</w><w n="124" lemma="te">te </w><w n="125">a</w><w n="126">va</w><w n="127">dhṛ</w><w n="128">ta</w><w n="129">rū</w><w n="130">pa</w><w n="131">ni</w><w n="132">ve</w><w n="133">śi</w><w n="134">tvā</w><w n="135" lemma="tca">c ca </w><w n="136">śa</w><w n="137">bdā</w><w n="138" lemma="nāṃ">nām </w><w n="139">a</w><w n="140">va</w><w n="141">dhā</w><w n="142">ra</w><w n="143">ṇā</w><w n="144">nu</w><w n="145">sā</w><w n="146" lemma="raṃ">ram </w><w n="147">a</w><w n="148" lemma="rthe">rtthe </w><w n="149">pra</w><w n="150">vṛ</w><w n="151"></w><w n="152" lemma="tiḥ">ttiḥ </w><w n="153">a</w><w n="154">va</w><w n="155">dhṛ</w><w n="156" lemma="tiḥ">tiś </w><w n="157">cā</w><w n="158">kā</w><w n="159">ra</w><w n="160">dvā</w><w n="161">re</w><w n="162" lemma="ṇa">ṇa </w><w n="163">ni</w><w n="164">rā</w><w n="165">kā</w><w n="166">ra</w><w n="167" lemma="sya">sya </w><w n="168">bu</w><w n="169" lemma="dhyu">ddhyu</w><w n="170">pā</w><w n="171">ro</w><w n="172">hā</w><w n="173">yo</w><w n="174">gā</w><w n="175" lemma="tya">t_ ya</w><w n="176">thā</w><w n="177">pra</w><w n="178">tya</w><w n="179"></w><w n="180" lemma="yaṃ">yañ </w><w n="181" lemma="ca">ca </w><w n="182">bhe</w><w n="183">dā</w><w n="184">va</w><w n="185">sā</w><w n="186">ya</w><w n="187" lemma="sya">sya </w><w n="188">bā</w><w n="189" lemma="dhya">ddhya</w><w n="190">mā</w><w n="191">na</w><w n="192">tvā</w><w n="193" lemma="ta">d a</w><w n="194">nu</w><w n="195">yā</w><w n="196" lemma="yya">yy a</w><w n="197" lemma="bhiṃ">bhin</w><w n="198" lemma="naṃ">nam </w><w n="199">e</w><w n="200" lemma="va">va </w><w n="201">rū</w><w n="202" lemma="paṃ">paṃ </w><w n="203">pa</w><w n="204">ra</w><w n="205">mā</w><w n="206" lemma="rtha">rttha</w><w n="207" lemma="taḥ">tas </w><w n="208">ta</w><w n="209" lemma="te">d e</w><w n="210" lemma="va">va </w><w n="211">bra</w><w n="212">hma</w><w n="213">rū</w><w n="214" lemma="paṃ">paṃ </w><w n="215">sa</w><w n="216" lemma="tyaṃ">tyaṃ </w><w n="217"></w><w n="218"></w>
</text></TEI>
<TEI n="H">
<text>
<w n="0">i</w><w n="1" lemma="ha">ha </w><w n="2">sa</w><w n="3">rva</w><w n="4">śa</w><w n="5">bdā</w><w n="6" lemma="nāṃ">nāṃ </w><w n="7">pā</w><w n="8">ra</w><w n="9">mā</w><w n="10">rthi</w><w n="11" lemma="kaṃ">kaṃ </w><w n="12">ta</w><w n="13" lemma="tvaṃ">tvaṃ | </w><w n="14"></w><w n="15"></w><w n="16">spra</w><w n="17" lemma="ṣṭuṃ">ṣṭum </w><w n="18">a</w><w n="19">śa</w><w n="20">ktā</w><w n="21" lemma="nāṃ">nām </w><w n="22">a</w><w n="23">ne</w><w n="24">kā</w><w n="25">pā</w><w n="26">dhi</w><w n="27">vi</w><w n="28">ṣa</w><w n="29">ya</w><w n="30">ni</w><w n="31">hi</w><w n="32">ta</w><w n="33"></w><w n="34">pa</w><w n="35">dā</w><w n="36" lemma="nāṃ">nāṃ </w><w n="37">ta</w><w n="38">drū</w><w n="39">po</w><w n="40">lliṃ</w><w n="41">ga</w><w n="42" lemma="naṃ">naṃ </w><w n="43"></w><w n="44">vya</w><w n="45">va</w><w n="46">hā</w><w n="47" lemma="re">re </w><w n="48">sa</w><w n="49">mā</w><w n="50">tma</w><w n="51">kṣya</w><w n="52" lemma="te">te | </w><w n="53">u</w><w n="54">pā</w><w n="55">dhī</w><w n="56" lemma="nāṃ">nāṃ </w><w n="57">cā</w><w n="58">ga</w><w n="59">mā</w><w n="60">pā</w><w n="61">ya</w><w n="62"></w><w n="63">va</w><w n="64">śa</w><w n="65"></w><w n="66">vi</w><w n="67">dhu</w><w n="68">ri</w><w n="69">ta</w><w n="70">ni</w><w n="71">ja</w><w n="72">sva</w><w n="73">rū</w><w n="74">pā</w><w n="75" lemma="ṇā">ṇā </w><w n="76">sā</w><w n="77">kṣā</w><w n="78" lemma="nma">t_ ma</w><w n="79">rthi</w><w n="80">sā</w><w n="81">rtha</w><w n="82">sa</w><w n="83">mā</w><w n="84">śā</w><w n="85">pū</w><w n="86">ra</w><w n="87">ṇa</w><w n="88">pra</w><w n="89">ti</w><w n="90">ha</w><w n="91">ta</w><w n="92">śa</w><w n="93">kti</w><w n="94">tvā</w><w n="95" lemma="nna">n na </w><w n="96">tā</w><w n="97">va</w><w n="98" lemma="tye">ty e</w><w n="99" lemma="va">va </w><w n="100">pa</w><w n="101">rya</w><w n="102">va</w><w n="103">sā</w><w n="104" lemma="naṃ">nam </w><w n="105">i</w><w n="106" lemma="tyu">ty u</w><w n="107">pa</w><w n="108">la</w><w n="109">kṣi</w><w n="110">ta</w><w n="111">rū</w><w n="112">pa</w><w n="113">pṛ</w><w n="114">ṣṭa</w><w n="115">pā</w><w n="116">ti</w><w n="117" lemma="naḥ">naḥ </w><w n="118">śa</w><w n="119" lemma="bdā">bdā </w><w n="120">vya</w><w n="121">va</w><w n="122">sthā</w><w n="123">pyaṃ</w><w n="124" lemma="te">te | </w><w n="125">a</w><w n="126">va</w><w n="127">dhṛ</w><w n="128">ta</w><w n="129">rū</w><w n="130">pa</w><w n="131">ni</w><w n="132">ve</w><w n="133">śi</w><w n="134">tvā</w><w n="135" lemma="tca">c ca </w><w n="136">śa</w><w n="137">bdā</w><w n="138" lemma="nāṃ">nām </w><w n="139">a</w><w n="140">va</w><w n="141">dhā</w><w n="142">ra</w><w n="143">ṇa</w><w n="144">nu</w><w n="145">sā</w><w n="146" lemma="raṃ">ram </w><w n="147">a</w><w n="148" lemma="rthe">rthe </w><w n="149">pra</w><w n="150">ti</w><w n="151">pa</w><w n="152" lemma="tiḥ">ttiḥ | </w><w n="153">a</w><w n="154">va</w><w n="155">dhṛ</w><w n="156" lemma="tiḥ">tiś </w><w n="157">cā</w><w n="158">kā</w><w n="159">ra</w><w n="160">dvā</w><w n="161">re</w><w n="162" lemma="ṇa">ṇa </w><w n="163">ni</w><w n="164">rā</w><w n="165">kā</w><w n="166">ra</w><w n="167" lemma="sya">sya </w><w n="168">bu</w><w n="169" lemma="dhyu">ddhyu</w><w n="170">pā</w><w n="171">ro</w><w n="172">hā</w><w n="173">yo</w><w n="174">gā</w><w n="175" lemma="tya">d ya</w><w n="176">thā</w><w n="177">pra</w><w n="178">tya</w><w n="179"></w><w n="180" lemma="yaṃ">yaṃ </w><w n="181" lemma="ca">ca </w><w n="182">bhe</w><w n="183">dā</w><w n="184">va</w><w n="185">sā</w><w n="186">ya</w><w n="187" lemma="sya">sya </w><w n="188">bā</w><w n="189">dhya</w><w n="190">mā</w><w n="191">na</w><w n="192">tvā</w><w n="193" lemma="ta">d a</w><w n="194">nu</w><w n="195">yā</w><w n="196" lemma="yya">yy a</w><w n="197" lemma="bhiṃ">bhin</w><w n="198" lemma="naṃ">nam </w><w n="199">e</w><w n="200" lemma="va">va </w><w n="201">rū</w><w n="202" lemma="paṃ">paṃ </w><w n="203">pa</w><w n="204">ra</w><w n="205">mā</w><w n="206">rtha</w><w n="207" lemma="taḥ">tas </w><w n="208">ta</w><w n="209" lemma="te">d e</w><w n="210" lemma="va">va </w><w n="211">bra</w><w n="212">hma</w><w n="213">rū</w><w n="214" lemma="paṃ">paṃ </w><w n="215">sa</w><w n="216" lemma="tyaṃ">tyaṃ </w><w n="217"></w><w n="218"></w>
</text></TEI>
<TEI n="P">
<text>
<w n="0">i</w><w n="1" lemma="ha">ha </w><w n="2">sa</w><w n="3">rva</w><w n="4">śa</w><w n="5">bdā</w><w n="6" lemma="nāṃ">nāṃ </w><w n="7">pā</w><w n="8">ra</w><w n="9">mā</w><w n="10">rthi</w><w n="11" lemma="kaṃ">kaṃ </w><w n="12">ta</w><w n="13" lemma="tvaṃ">tvaṃ </w><w n="14">sā</w><w n="15">kṣā</w><w n="16" lemma="tspra">t spra</w><w n="17" lemma="ṣṭu">ṣṭu2</w><w n="18" lemma="bha">bh a</w><w n="19">śa</w><w n="20">bdā</w><w n="21" lemma="nāṃ">nām </w><w n="22">a</w><w n="23">ne</w><w n="24">ko</w><w n="25">pā</w><w n="26">dhi</w><w n="27">vi</w><w n="28">ṣa</w><w n="29">ya</w><w n="30">ni</w><w n="31">hi</w><w n="32">ta</w><w n="33"></w><w n="34">pa</w><w n="35">dā</w><w n="36" lemma="nāṃ">nāṃ </w><w n="37">ta</w><w n="38">drū</w><w n="39">pā</w><w n="40">liṃ</w><w n="41">gā</w><w n="42" lemma="nāṃ">nāṃ </w><w n="43"></w><w n="44">vya</w><w n="45">va</w><w n="46">hā</w><w n="47" lemma="re">re </w><w n="48">sa</w><w n="49">mā</w><w n="50">la</w><w n="51" lemma="kṣya">kṣya </w><w n="52"></w><w n="53">u</w><w n="54">pā</w><w n="55">dhī</w><w n="56" lemma="nāṃ">nāṃ </w><w n="57">cā</w><w n="58">ga</w><w n="59">mā</w><w n="60">pā</w><w n="61" lemma="ya">ya </w><w n="62">e</w><w n="63" lemma="va">va </w><w n="64">śa</w><w n="65">bda</w><w n="66">vi</w><w n="67" lemma="dhuḥ">dhur </w><w n="68">i</w><w n="69" lemma="ti">ti </w><w n="70">ni</w><w n="71">ja</w><w n="72">sva</w><w n="73">rū</w><w n="74">pā</w><w n="75" lemma="ṇāṃ">ṇām </w><w n="76"></w><w n="77"></w><w n="78">a</w><w n="79">rthi</w><w n="80">sā</w><w n="81">rtha</w><w n="82">sa</w><w n="83">mā</w><w n="84">śā</w><w n="85">pū</w><w n="86">ra</w><w n="87">ṇa</w><w n="88">pra</w><w n="89" lemma="ti">ti|</w><w n="90">ha</w><w n="91">ta</w><w n="92">śa</w><w n="93">kti</w><w n="94">tvā</w><w n="95" lemma="nna">n na </w><w n="96">tā</w><w n="97">va</w><w n="98" lemma="tye">ty e</w><w n="99" lemma="va">va </w><w n="100">pa</w><w n="101">rya</w><w n="102">va</w><w n="103">sā</w><w n="104" lemma="naṃ">nam </w><w n="105">i</w><w n="106" lemma="tyu">ty u</w><w n="107">pa</w><w n="108">la</w><w n="109">kṣi</w><w n="110">ta</w><w n="111">rū</w><w n="112">pa</w><w n="113">pṛ</w><w n="114">ṣṭha</w><w n="115">pā</w><w n="116">ti</w><w n="117" lemma="taḥ">taḥ </w><w n="118">śa</w><w n="119" lemma="bda">bda </w><w n="120">vya</w><w n="121">va</w><w n="122">sthā</w><w n="123">pyaṃ</w><w n="124" lemma="te">te </w><w n="125">a</w><w n="126">va</w><w n="127">dhū</w><w n="128">ta</w><w n="129">rū</w><w n="130">pa</w><w n="131">ni</w><w n="132">ve</w><w n="133">śi</w><w n="134">tvā</w><w n="135" lemma="tca">c ca </w><w n="136">śa</w><w n="137">bdā</w><w n="138" lemma="nāṃ">nām </w><w n="139">a</w><w n="140">va</w><w n="141">dhā</w><w n="142">ra</w><w n="143">ṇā</w><w n="144">nu</w><w n="145">sā</w><w n="146">ra</w><w n="147" lemma="mye">mye </w><w n="148" lemma="rthe">rthe </w><w n="149">pra</w><w n="150">ti</w><w n="151">pa</w><w n="152" lemma="tiḥ">ttiḥ </w><w n="153">a</w><w n="154">va</w><w n="155">dhṛ</w><w n="156">ti</w><w n="157">svā</w><w n="158">kā</w><w n="159">ra</w><w n="160">dvā</w><w n="161">re</w><w n="162" lemma="ṇa">ṇa </w><w n="163">ni</w><w n="164">rā</w><w n="165">kā</w><w n="166">ra</w><w n="167" lemma="sya">sya </w><w n="168">bu</w><w n="169">dhyu</w><w n="170">pā</w><w n="171">ro</w><w n="172">hā</w><w n="173">yo</w><w n="174">gā</w><w n="175" lemma="tya">t ya</w><w n="176">thā</w><w n="177">pra</w><w n="178">tya</w><w n="179"></w><w n="180" lemma="yaṃ">yaṃ </w><w n="181" lemma="ca">ca </w><w n="182">bhe</w><w n="183">dā</w><w n="184">va</w><w n="185">sā</w><w n="186">ya</w><w n="187" lemma="sya">sya </w><w n="188">bā</w><w n="189">dhya</w><w n="190">mā</w><w n="191">na</w><w n="192">tvā</w><w n="193" lemma="ta">d a</w><w n="194">nu</w><w n="195">pā</w><w n="196" lemma="dhya">dhy a</w><w n="197" lemma="bhiṃ">bhin</w><w n="198" lemma="naṃ">nam </w><w n="199">e</w><w n="200" lemma="va">va </w><w n="201">rū</w><w n="202" lemma="paṃ">paṃ </w><w n="203">pa</w><w n="204">ra</w><w n="205">mā</w><w n="206">rtha</w><w n="207" lemma="taḥ">tas </w><w n="208">ta</w><w n="209" lemma="te">d e</w><w n="210" lemma="va">va </w><w n="211">bra</w><w n="212">hma</w><w n="213">rū</w><w n="214" lemma="paṃ">paṃ </w><w n="215">sa</w><w n="216" lemma="tyaṃ">tyaṃ </w><w n="217">sa</w><w n="218" lemma="tyaṃ">tyaṃ </w>
</text></TEI>
<TEI n="M">
<text>
<w n="0" lemma="i">|| i</w><w n="1" lemma="ha">ha </w><w n="2">sa</w><w n="3">rva</w><w n="4">śa</w><w n="5">bdā</w><w n="6" lemma="nāṃ">nāṃ </w><w n="7">pā</w><w n="8">ra</w><w n="9">mā</w><w n="10">rthi</w><w n="11" lemma="tkaṃ">tkaṃ </w><w n="12">ta</w><w n="13" lemma="tvaṃ">tvaṃ </w><w n="14">sā</w><w n="15">kṣā</w><w n="16" lemma="tspra">t spra</w><w n="17" lemma="ṣṭuṃ">ṣṭum </w><w n="18">a</w><w n="19">śa</w><w n="20">ktā</w><w n="21" lemma="nāṃ">nām </w><w n="22">a</w><w n="23">ne</w><w n="24">ko</w><w n="25">pā</w><w n="26">dhi</w><w n="27">vi</w><w n="28">ṣa</w><w n="29">ya</w><w n="30">ni</w><w n="31">hi</w><w n="32">ta</w><w n="33"></w><w n="34">pa</w><w n="35">dā</w><w n="36" lemma="nāṃ">nāṃ </w><w n="37">ta</w><w n="38">drū</w><w n="39">pā</w><w n="40">lliṃ</w><w n="41">gā</w><w n="42" lemma="nāṃ">nāṃ </w><w n="43"></w><w n="44">vya</w><w n="45">va</w><w n="46">hā</w><w n="47" lemma="re">re </w><w n="48">sa</w><w n="49">mā</w><w n="50">la</w><w n="51" lemma="kṣya">kṣya </w><w n="52"></w><w n="53">u</w><w n="54">pā</w><w n="55">dhī</w><w n="56" lemma="nāṃ">nāṃ </w><w n="57">cā</w><w n="58">ga</w><w n="59">mā</w><w n="60">pā</w><w n="61" lemma="ya">ya </w><w n="62">e</w><w n="63" lemma="va">va </w><w n="64">śa</w><w n="65">bda</w><w n="66">vi</w><w n="67" lemma="dhuḥ">dhur </w><w n="68">i</w><w n="69" lemma="ti">ti </w><w n="70">ni</w><w n="71">ja</w><w n="72">sva</w><w n="73">rū</w><w n="74">pā</w><w n="75" lemma="ṇāṃ">ṇām </w><w n="76"></w><w n="77"></w><w n="78">a</w><w n="79">rthi</w><w n="80">sā</w><w n="81">rtha</w><w n="82">sa</w><w n="83">mā</w><w n="84">śā</w><w n="85">pū</w><w n="86">ra</w><w n="87">ṇa</w><w n="88">pra</w><w n="89">ti</w><w n="90">ha</w><w n="91">ta</w><w n="92">śa</w><w n="93">kti</w><w n="94">tvā</w><w n="95" lemma="nna">n na </w><w n="96">tā</w><w n="97">va</w><w n="98" lemma="tye">ty e</w><w n="99" lemma="va">va </w><w n="100">pa</w><w n="101">rya</w><w n="102">va</w><w n="103">sā</w><w n="104" lemma="naṃ">nam </w><w n="105">i</w><w n="106" lemma="tyu">ty u</w><w n="107">pa</w><w n="108">la</w><w n="109">kṣi</w><w n="110">ta</w><w n="111">rū</w><w n="112">pa</w><w n="113">pṛ</w><w n="114">ṣṭha</w><w n="115">pā</w><w n="116">ti</w><w n="117" lemma="naḥ">naḥ </w><w n="118">śa</w><w n="119" lemma="bdā">bdā </w><w n="120">vya</w><w n="121">va</w><w n="122">sthā</w><w n="123">pyaṃ</w><w n="124" lemma="te">te | </w><w n="125">a</w><w n="126">va</w><w n="127">dhṛ</w><w n="128">ta</w><w n="129">rū</w><w n="130">pa</w><w n="131">ni</w><w n="132">ve</w><w n="133">śi</w><w n="134">tvā</w><w n="135" lemma="tca">c ca </w><w n="136">śa</w><w n="137">bdā</w><w n="138" lemma="nāṃ">nām </w><w n="139">a</w><w n="140">va</w><w n="141">dhā</w><w n="142">ra</w><w n="143">ṇā</w><w n="144" lemma="ttu">t tu </w><w n="145">sā</w><w n="146" lemma="mye">mye </w><w n="147"></w><w n="148" lemma="rthe">rthe </w><w n="149">pra</w><w n="150">ti</w><w n="151">pa</w><w n="152" lemma="tiḥ">ttiḥ | </w><w n="153">a</w><w n="154">va</w><w n="155">dhṛ</w><w n="156">ti</w><w n="157">svā</w><w n="158">kā</w><w n="159">ra</w><w n="160">dvā</w><w n="161">re</w><w n="162" lemma="ṇa">ṇa </w><w n="163">ni</w><w n="164">rā</w><w n="165">kā</w><w n="166">ra</w><w n="167" lemma="sya">sya </w><w n="168">bu</w><w n="169">dhyu</w><w n="170">pā</w><w n="171">ro</w><w n="172">hā</w><w n="173">yo</w><w n="174">gā</w><w n="175" lemma="tya">t | ya</w><w n="176">thā</w><w n="177">prā</w><w n="178">tya</w><w n="179"></w><w n="180" lemma="yaṃ">yaṃ </w><w n="181" lemma="ca">ca </w><w n="182">bhe</w><w n="183">dā</w><w n="184">va</w><w n="185">sā</w><w n="186">ya</w><w n="187" lemma="sya">sya </w><w n="188">bā</w><w n="189">dhya</w><w n="190">mā</w><w n="191">na</w><w n="192">tvā</w><w n="193" lemma="ta">d a</w><w n="194">nu</w><w n="195">pā</w><w n="196" lemma="dhya">dhy a</w><w n="197" lemma="bhiṃ">bhin</w><w n="198" lemma="naṃ">nam </w><w n="199">e</w><w n="200" lemma="va">va </w><w n="201">rū</w><w n="202" lemma="paṃ">paṃ | </w><w n="203">pa</w><w n="204">ra</w><w n="205">mā</w><w n="206">rtha</w><w n="207" lemma="taḥ">tas </w><w n="208">ta</w><w n="209" lemma="te">d e</w><w n="210" lemma="va">va </w><w n="211">bra</w><w n="212">hma</w><w n="213">rū</w><w n="214" lemma="paṃ">paṃ </w><w n="215">sa</w><w n="216" lemma="tyaṃ">tyaṃ | </w><w n="217"></w><w n="218"></w>
</text></TEI>
<TEI n="G2">
<text>
<w n="0">i</w><w n="1" lemma="ha">ha </w><w n="2">sa</w><w n="3">rva</w><w n="4">śa</w><w n="5">bdā</w><w n="6" lemma="nāṃ">nāṃ </w><w n="7">pa</w><w n="8">ra</w><w n="9">mā</w><w n="10">rthi</w><w n="11" lemma="kaṃ">kaṃ </w><w n="12">ta</w><w n="13" lemma="tvaṃ">tvaṃ </w><w n="14">sā</w><w n="15">kṣā</w><w n="16" lemma="tpra">t pra</w><w n="17" lemma="ṣṭaṃ">ṣṭam </w><w n="18">a</w><w n="19">śa</w><w n="20">ktā</w><w n="21" lemma="nāṃ">nāṃ </w><w n="22">a</w><w n="23">ne</w><w n="24">ko</w><w n="25">pā</w><w n="26">dhi</w><w n="27">vi</w><w n="28">ṣa</w><w n="29">ya</w><w n="30">ni</w><w n="31">hi</w><w n="32">ta</w><w n="33"></w><w n="34">pa</w><w n="35">dā</w><w n="36" lemma="nāṃ">nāṃ </w><w n="37">ta</w><w n="38">drū</w><w n="39">pā</w><w n="40">liṃ</w><w n="41">ga</w><w n="42" lemma="naṃ">naṃ </w><w n="43"></w><w n="44">vya</w><w n="45">va</w><w n="46">hā</w><w n="47" lemma="re">re </w><w n="48">sa</w><w n="49">mā</w><w n="50">la</w><w n="51">kṣya</w><w n="52" lemma="te">te </w><w n="53">u</w><w n="54">pā</w><w n="55">dhī</w><w n="56" lemma="nāṃ">nāṃ </w><w n="57">vā</w><w n="58">ga</w><w n="59">mā</w><w n="60">pā</w><w n="61">ya</w><w n="62"></w><w n="63">va</w><w n="64">śa</w><w n="65"></w><w n="66">vi</w><w n="67">dhu</w><w n="68">ri</w><w n="69" lemma="taṃ">tam </w><w n="70">i</w><w n="71">la</w><w n="72">sva</w><w n="73">rū</w><w n="74">pā</w><w n="75" lemma="ṇāṃ">ṇām </w><w n="76"></w><w n="77"></w><w n="78">a</w><w n="79">vi</w><w n="80">sā</w><w n="81">rtha</w><w n="82">sa</w><w n="83">mā</w><w n="84">sā</w><w n="85">pū</w><w n="86">ra</w><w n="87">ṇa</w><w n="88">pra</w><w n="89">ti</w><w n="90">ha</w><w n="91">ta</w><w n="92">śa</w><w n="93" lemma="ktiḥ">ktiḥ || </w><w n="94">vā</w><w n="95" lemma="nna">n na </w><w n="96">tā</w><w n="97">va</w><w n="98" lemma="tye">ty e</w><w n="99" lemma="va">va </w><w n="100">pa</w><w n="101">rya</w><w n="102">va</w><w n="103">sā</w><w n="104" lemma="naṃ">nam </w><w n="105">i</w><w n="106" lemma="tyu">ty u</w><w n="107">pa</w><w n="108">la</w><w n="109">kṣi</w><w n="110">ta</w><w n="111"></w><w n="112"></w><w n="113">pṛ</w><w n="114">cha</w><w n="115">pā</w><w n="116">ti</w><w n="117" lemma="naḥ">naḥ || </w><w n="118">śa</w><w n="119" lemma="bdā">bdā </w><w n="120">vya</w><w n="121">va</w><w n="122">sthā</w><w n="123">pya</w><w n="124" lemma="ne">ne </w><w n="125">a</w><w n="126">va</w><w n="127">vṛ</w><w n="128">ta</w><w n="129">rū</w><w n="130">pa</w><w n="131">ni</w><w n="132">ve</w><w n="133">śi</w><w n="134">tvā</w><w n="135" lemma="tca">c ca </w><w n="136">śa</w><w n="137">bdā</w><w n="138" lemma="nāṃ">nām </w><w n="139">a</w><w n="140">va</w><w n="141">dhā</w><w n="142">ra</w><w n="143">ṇā</w><w n="144">nu</w><w n="145">sā</w><w n="146" lemma="raṃ">ram </w><w n="147">a</w><w n="148" lemma="rthe">rthe </w><w n="149">pra</w><w n="150">kṛ</w><w n="151"></w><w n="152" lemma="ti">ti </w><w n="153">a</w><w n="154">va</w><w n="155">dhṛ</w><w n="156" lemma="tiḥ">tiś </w><w n="157">cā</w><w n="158">kā</w><w n="159">ra</w><w n="160">dva</w><w n="161">ri</w><w n="162" lemma="ṇa">ṇa </w><w n="163">ni</w><w n="164">rā</w><w n="165">kā</w><w n="166">ra</w><w n="167" lemma="sya">sya </w><w n="168">vu</w><w n="169">kṛ</w><w n="170">yā</w><w n="171">ro</w><w n="172">hā</w><w n="173">yo</w><w n="174">gā</w><w n="175" lemma="tya">t_ ya</w><w n="176">thā</w><w n="177">pra</w><w n="178">tya</w><w n="179">tya</w><w n="180" lemma="yaṃ">yaṃ </w><w n="181"></w><w n="182">bhe</w><w n="183">dā</w><w n="184">va</w><w n="185">sā</w><w n="186">ya</w><w n="187" lemma="sya">sya </w><w n="188">bā</w><w n="189">dhya</w><w n="190">mā</w><w n="191">na</w><w n="192">tvā</w><w n="193" lemma="ta">d a</w><w n="194">nu</w><w n="195">yā</w><w n="196" lemma="yya">yy a</w><w n="197">bhi</w><w n="198" lemma="tvaṃ">tvam </w><w n="199">e</w><w n="200" lemma="va">va </w><w n="201">rū</w><w n="202" lemma="paṃ">paṃ </w><w n="203">pa</w><w n="204">ra</w><w n="205">mā</w><w n="206" lemma="rthaḥ">rthaḥ || </w><w n="207"></w><w n="208">ta</w><w n="209" lemma="te">d e</w><w n="210" lemma="va">va </w><w n="211">bra</w><w n="212">hma</w><w n="213">rū</w><w n="214" lemma="paṃ">paṃ </w><w n="215">sa</w><w n="216" lemma="tyaṃ">tyam | </w><w n="217"></w><w n="218"></w>
</text></TEI>
<TEI n="G1">
<text>
<w n="0">i</w><w n="1" lemma="ha">ha </w><w n="2">sa</w><w n="3">rva</w><w n="4">śa</w><w n="5">bdā</w><w n="6" lemma="nāṃ">nāṃ </w><w n="7">pa</w><w n="8">ra</w><w n="9">mā</w><w n="10">rthi</w><w n="11" lemma="kaṃ">kaṃ </w><w n="12">ta</w><w n="13" lemma="tvaṃ">tvaṃ </w><w n="14">sā</w><w n="15">kṣā</w><w n="16" lemma="tpra">t pra</w><w n="17" lemma="ṣṭaṃ">ṣṭam </w><w n="18">a</w><w n="19">śa</w><w n="20">ktā</w><w n="21" lemma="nāṃ">nāṃ </w><w n="22">a</w><w n="23">ne</w><w n="24">ko</w><w n="25">pā</w><w n="26">dhi</w><w n="27">vi</w><w n="28">ṣa</w><w n="29">ya</w><w n="30">ni</w><w n="31">hi</w><w n="32">ta</w><w n="33"></w><w n="34">pa</w><w n="35">dā</w><w n="36" lemma="nāṃ">nāṃ </w><w n="37">ta</w><w n="38">drū</w><w n="39">pā</w><w n="40">liṃ</w><w n="41">ga</w><w n="42" lemma="naṃ">naṃ </w><w n="43"></w><w n="44">vya</w><w n="45">va</w><w n="46">hā</w><w n="47" lemma="re">re </w><w n="48">sa</w><w n="49">mā</w><w n="50">la</w><w n="51">kṣya</w><w n="52" lemma="te">te </w><w n="53">u</w><w n="54">pā</w><w n="55">dhī</w><w n="56" lemma="nāṃ">nāṃ </w><w n="57">vā</w><w n="58">ga</w><w n="59">mā</w><w n="60">pā</w><w n="61">ya</w><w n="62"></w><w n="63">va</w><w n="64">śa</w><w n="65"></w><w n="66">vi</w><w n="67">dhu</w><w n="68">ri</w><w n="69" lemma="taṃ">tam </w><w n="70">i</w><w n="71">la</w><w n="72">sva</w><w n="73">rū</w><w n="74">pā</w><w n="75" lemma="ṇāṃ">ṇām </w><w n="76"></w><w n="77"></w><w n="78">a</w><w n="79">vi</w><w n="80">sā</w><w n="81">rtha</w><w n="82">sa</w><w n="83">mā</w><w n="84">sā</w><w n="85">pū</w><w n="86">ra</w><w n="87">ṇa</w><w n="88">pra</w><w n="89">ti</w><w n="90">ha</w><w n="91">ta</w><w n="92">śa</w><w n="93" lemma="ktiḥ">ktiḥ || </w><w n="94">vā</w><w n="95" lemma="nna">n na </w><w n="96">tā</w><w n="97">va</w><w n="98" lemma="tye">ty e</w><w n="99" lemma="va">va </w><w n="100">pa</w><w n="101">rya</w><w n="102">va</w><w n="103">sā</w><w n="104" lemma="naṃ">nam </w><w n="105">i</w><w n="106" lemma="tyu">ty u</w><w n="107">pa</w><w n="108">la</w><w n="109">kṣi</w><w n="110">ta</w><w n="111"></w><w n="112"></w><w n="113">pṛ</w><w n="114">cha</w><w n="115">pā</w><w n="116">ti</w><w n="117" lemma="naḥ">naḥ || </w><w n="118">śa</w><w n="119" lemma="bdā">bdā </w><w n="120">vya</w><w n="121">va</w><w n="122">sthā</w><w n="123">pya</w><w n="124" lemma="ne">ne </w><w n="125">a</w><w n="126">va</w><w n="127">vṛ</w><w n="128">ta</w><w n="129">rū</w><w n="130">pa</w><w n="131">ni</w><w n="132">ve</w><w n="133">śi</w><w n="134">tvā</w><w n="135" lemma="tca">c ca </w><w n="136">śa</w><w n="137">bdā</w><w n="138" lemma="nāṃ">nām </w><w n="139">a</w><w n="140">va</w><w n="141">dhā</w><w n="142">ra</w><w n="143">ṇā</w><w n="144">nu</w><w n="145">sā</w><w n="146" lemma="raṃ">ram </w><w n="147">a</w><w n="148" lemma="rthe">rthe </w><w n="149">pra</w><w n="150">kṛ</w><w n="151"></w><w n="152" lemma="ti">ti </w><w n="153">a</w><w n="154">va</w><w n="155">dhṛ</w><w n="156" lemma="tiḥ">tiś </w><w n="157" lemma="ca">ca </w><w n="158">kā</w><w n="159">ra</w><w n="160">dvā</w><w n="161">re</w><w n="162" lemma="ṇa">ṇa </w><w n="163">ni</w><w n="164">rā</w><w n="165">kā</w><w n="166">ra</w><w n="167" lemma="sya">sya </w><w n="168">vu</w><w n="169">kṛ</w><w n="170">yā</w><w n="171">ro</w><w n="172">hā</w><w n="173">yo</w><w n="174">gā</w><w n="175" lemma="tya">t_ ya</w><w n="176">thā</w><w n="177">pra</w><w n="178">tya</w><w n="179">tya</w><w n="180" lemma="yaṃ">yaṃ </w><w n="181"></w><w n="182">bhe</w><w n="183">dā</w><w n="184">va</w><w n="185">sā</w><w n="186">ya</w><w n="187" lemma="sya">sya </w><w n="188">bā</w><w n="189">dhya</w><w n="190">mā</w><w n="191">na</w><w n="192">tvā</w><w n="193" lemma="ta">d a</w><w n="194">nu</w><w n="195">yā</w><w n="196" lemma="yya">yy a</w><w n="197">bhi</w><w n="198" lemma="tvaṃ">tvam </w><w n="199">e</w><w n="200" lemma="va">va </w><w n="201">rū</w><w n="202" lemma="paṃ">paṃ </w><w n="203">pa</w><w n="204">ra</w><w n="205">mā</w><w n="206" lemma="rthaḥ">rthaḥ || </w><w n="207"></w><w n="208">ta</w><w n="209" lemma="te">d e</w><w n="210" lemma="va">va </w><w n="211">bra</w><w n="212">hma</w><w n="213">rū</w><w n="214" lemma="paṃ">paṃ </w><w n="215">sa</w><w n="216" lemma="tyaṃ">tyam | </w><w n="217"></w><w n="218"></w>
</text></TEI>
<TEI n="L">
<text>
<w n="0">i</w><w n="1" lemma="ha">ha </w><w n="2">sa</w><w n="3">rva</w><w n="4">śa</w><w n="5">bdā</w><w n="6" lemma="nāṃ">nāṃ </w><w n="7">pa</w><w n="8">ra</w><w n="9">mā</w><w n="10">rthi</w><w n="11" lemma="kaṃ">kaṃ </w><w n="12">ta</w><w n="13" lemma="tvaṃ">tvaṃ </w><w n="14">sā</w><w n="15">kṣā</w><w n="16" lemma="tspra">t spra</w><w n="17" lemma="ṣṭuṃ">ṣṭum </w><w n="18">a</w><w n="19">śa</w><w n="20">ktā</w><w n="21" lemma="nāṃ">nāṃ </w><w n="22">a</w><w n="23">ne</w><w n="24">ko</w><w n="25">pā</w><w n="26">dhi</w><w n="27">vi</w><w n="28">ṣa</w><w n="29">ya</w><w n="30">vi</w><w n="31">hi</w><w n="32">ta</w><w n="33"></w><w n="34">pa</w><w n="35">dā</w><w n="36" lemma="nāṃ">nāṃ </w><w n="37">ta</w><w n="38">drū</w><w n="39">pā</w><w n="40">liṃ</w><w n="41">ga</w><w n="42" lemma="naṃ">naṃ </w><w n="43"></w><w n="44">vya</w><w n="45">va</w><w n="46">hā</w><w n="47" lemma="re">re </w><w n="48">sa</w><w n="49">mā</w><w n="50">la</w><w n="51">kṣya</w><w n="52" lemma="te">te </w><w n="53">u</w><w n="54">pā</w><w n="55">dhī</w><w n="56" lemma="nāṃ">nāṃ </w><w n="57">vā</w><w n="58">ga</w><w n="59">mā</w><w n="60">pā</w><w n="61">ya</w><w n="62"></w><w n="63">va</w><w n="64">śa</w><w n="65"></w><w n="66">vi</w><w n="67">dhu</w><w n="68">ri</w><w n="69">ta</w><w n="70">ni</w><w n="71">ja</w><w n="72">sva</w><w n="73">rū</w><w n="74">pā</w><w n="75" lemma="ṇāṃ">ṇām </w><w n="76"></w><w n="77"></w><w n="78">a</w><w n="79">rthi</w><w n="80">sā</w><w n="81">rtha</w><w n="82">sa</w><w n="83">mā</w><w n="84">śā</w><w n="85">pū</w><w n="86">ra</w><w n="87">ṇa</w><w n="88">pra</w><w n="89">ti</w><w n="90">ha</w><w n="91">ta</w><w n="92">śa</w><w n="93">kti</w><w n="94">tvā</w><w n="95" lemma="nna">n na </w><w n="96">tā</w><w n="97">va</w><w n="98" lemma="tye">ty e</w><w n="99" lemma="va">va </w><w n="100">pa</w><w n="101">rya</w><w n="102">va</w><w n="103">sā</w><w n="104" lemma="naṃ">nam </w><w n="105">i</w><w n="106" lemma="tyu">ty u</w><w n="107">pa</w><w n="108">la</w><w n="109">kṣi</w><w n="110">ta</w><w n="111"></w><w n="112"></w><w n="113">pṛ</w><w n="114">ṣṭha</w><w n="115">pā</w><w n="116">ti</w><w n="117" lemma="naḥ">naḥ </w><w n="118">śa</w><w n="119" lemma="bdā">bdā </w><w n="120">vya</w><w n="121">va</w><w n="122">sthā</w><w n="123">pa</w><w n="124" lemma="ne">ne </w><w n="125">a</w><w n="126">va</w><w n="127">dhṛ</w><w n="128">ta</w><w n="129">rū</w><w n="130">pa</w><w n="131">ni</w><w n="132">ve</w><w n="133">śi</w><w n="134">tvā</w><w n="135" lemma="tca">c ca </w><w n="136">śa</w><w n="137">bdā</w><w n="138" lemma="nāṃ">nām </w><w n="139">a</w><w n="140">va</w><w n="141">dhā</w><w n="142">ra</w><w n="143">ṇā</w><w n="144">nu</w><w n="145">sā</w><w n="146" lemma="raṃ">ram </w><w n="147">a</w><w n="148" lemma="rthe">rthe </w><w n="149">pra</w><w n="150">kṛ</w><w n="151"></w><w n="152" lemma="ti">ti </w><w n="153">a</w><w n="154">va</w><w n="155">dhṛ</w><w n="156" lemma="tiḥ">tiś </w><w n="157">cā</w><w n="158">kā</w><w n="159">ra</w><w n="160">dvā</w><w n="161">re</w><w n="162" lemma="ṇa">ṇa </w><w n="163">ni</w><w n="164">rā</w><w n="165">kā</w><w n="166">ra</w><w n="167" lemma="sya">sya </w><w n="168">bu</w><w n="169" lemma="dhyu">ddhyu</w><w n="170">pā</w><w n="171">ro</w><w n="172">hā</w><w n="173">yo</w><w n="174">gā</w><w n="175" lemma="tya">d ya</w><w n="176">thā</w><w n="177">pra</w><w n="178">tya</w><w n="179"></w><w n="180" lemma="yaṃ">yaṃ </w><w n="181"></w><w n="182">bhe</w><w n="183">dā</w><w n="184">va</w><w n="185">sā</w><w n="186">ya</w><w n="187" lemma="sya">sya </w><w n="188">bā</w><w n="189">dhya</w><w n="190">mā</w><w n="191">na</w><w n="192">tvā</w><w n="193" lemma="ta">d a</w><w n="194">nu</w><w n="195">pā</w><w n="196" lemma="yya">yy a</w><w n="197" lemma="bhiṃ">bhin</w><w n="198" lemma="naṃ">nam </w><w n="199">e</w><w n="200" lemma="va">va </w><w n="201">rū</w><w n="202" lemma="paṃ">paṃ </w><w n="203">pa</w><w n="204">ra</w><w n="205">mā</w><w n="206" lemma="rthaḥ">rthaḥ || </w><w n="207"></w><w n="208">ta</w><w n="209" lemma="te">d e</w><w n="210" lemma="va">va </w><w n="211">bra</w><w n="212">hma</w><w n="213">rū</w><w n="214" lemma="paṃ">paṃ </w><w n="215">sa</w><w n="216" lemma="tyaṃ">tyaṃ || </w><w n="217"></w><w n="218"></w>
</text></TEI>
<TEI n="O">
<text>
<w n="0">i</w><w n="1" lemma="ha">ha </w><w n="2">sa</w><w n="3">rva</w><w n="4">śa</w><w n="5">bdā</w><w n="6" lemma="nāṃ">nāṃ </w><w n="7">pā</w><w n="8">ra</w><w n="9">mā</w><w n="10" lemma="rthi">rtthi</w><w n="11" lemma="kaṃ">kaṃ </w><w n="12">ta</w><w n="13" lemma="tvaṃ">tvaṃ </w><w n="14">sā</w><w n="15">kṣā</w><w n="16" lemma="tspra">t spra</w><w n="17" lemma="ṣṭuṃ">ṣṭum </w><w n="18">a</w><w n="19">śa</w><w n="20">ktā</w><w n="21" lemma="nāṃ">nāṃ </w><w n="22">a</w><w n="23">ne</w><w n="24">ko</w><w n="25">pā</w><w n="26">dhi</w><w n="27">vi</w><w n="28">ṣa</w><w n="29">ya</w><w n="30">ni</w><w n="31">hi</w><w n="32">tā</w><w n="33" lemma="nāṃ">nāṃ </w><w n="34">pa</w><w n="35">dā</w><w n="36" lemma="nāṃ">nāṃ </w><w n="37">ta</w><w n="38">drū</w><w n="39">pā</w><w n="40">liṃ</w><w n="41">ga</w><w n="42" lemma="naṃ">naṃ </w><w n="43"></w><w n="44">vya</w><w n="45">va</w><w n="46">hā</w><w n="47" lemma="re">re </w><w n="48">sa</w><w n="49">mā</w><w n="50">la</w><w n="51">kṣya</w><w n="52" lemma="te">te </w><w n="53">u</w><w n="54">pā</w><w n="55">dhī</w><w n="56" lemma="nāṃ">nāṃ </w><w n="57">cā</w><w n="58">ga</w><w n="59">mā</w><w n="60">pā</w><w n="61">ya</w><w n="62"></w><w n="63">va</w><w n="64">śa</w><w n="65"></w><w n="66">vi</w><w n="67">dhu</w><w n="68">ri</w><w n="69">ta</w><w n="70">ni</w><w n="71">ja</w><w n="72">sva</w><w n="73">rū</w><w n="74">pā</w><w n="75" lemma="ṇāṃ">ṇām </w><w n="76"></w><w n="77"></w><w n="78">a</w><w n="79" lemma="rthi">rtthi</w><w n="80">sā</w><w n="81" lemma="rtha">rttha</w><w n="82">sa</w><w n="83">mā</w><w n="84">śā</w><w n="85">pū</w><w n="86">ra</w><w n="87">ṇa</w><w n="88">pra</w><w n="89">ti</w><w n="90">ha</w><w n="91">ta</w><w n="92">śa</w><w n="93">kti</w><w n="94">tvā</w><w n="95" lemma="nna">n na </w><w n="96">tā</w><w n="97">va</w><w n="98" lemma="tye">ty e</w><w n="99" lemma="va">va </w><w n="100">pa</w><w n="101">rya</w><w n="102">va</w><w n="103">sā</w><w n="104" lemma="naṃ">nam </w><w n="105">i</w><w n="106" lemma="tyu">ty u</w><w n="107">pa</w><w n="108">la</w><w n="109">kṣi</w><w n="110">ta</w><w n="111"></w><w n="112"></w><w n="113">pṛ</w><w n="114">ṣṭha</w><w n="115">pā</w><w n="116">ti</w><w n="117" lemma="naḥ">naḥ </w><w n="118">śa</w><w n="119" lemma="bdā">bdā </w><w n="120">vya</w><w n="121">va</w><w n="122">sthā</w><w n="123">pyaṃ</w><w n="124" lemma="te">te </w><w n="125">a</w><w n="126">va</w><w n="127">dhṛ</w><w n="128">ta</w><w n="129">rū</w><w n="130">pa</w><w n="131">ni</w><w n="132">ve</w><w n="133">śi</w><w n="134">tvā</w><w n="135" lemma="tca">c ca </w><w n="136">śa</w><w n="137">bdā</w><w n="138" lemma="nāṃ">nām </w><w n="139">a</w><w n="140">va</w><w n="141">dhā</w><w n="142">ra</w><w n="143">ṇā</w><w n="144">nu</w><w n="145">sā</w><w n="146" lemma="raṃ">ram </w><w n="147">a</w><w n="148" lemma="rthe">rtthe </w><w n="149">pra</w><w n="150">kṛ</w><w n="151"></w><w n="152" lemma="ti">ti </w><w n="153">a</w><w n="154">va</w><w n="155">dhṛ</w><w n="156" lemma="tiḥ">tiś </w><w n="157">cā</w><w n="158">kā</w><w n="159">ra</w><w n="160">dvā</w><w n="161">re</w><w n="162" lemma="ṇa">ṇa </w><w n="163">ni</w><w n="164">rā</w><w n="165">kā</w><w n="166">ra</w><w n="167" lemma="sya">sya </w><w n="168">bu</w><w n="169" lemma="dhyu">ddhyu</w><w n="170">pā</w><w n="171">ro</w><w n="172">hā</w><w n="173">yo</w><w n="174">gā</w><w n="175" lemma="tya">t_ ya</w><w n="176">thā</w><w n="177">pra</w><w n="178">tya</w><w n="179"></w><w n="180" lemma="yaṃ">yaṃ </w><w n="181"></w><w n="182">bhe</w><w n="183">dā</w><w n="184">va</w><w n="185">sā</w><w n="186">ya</w><w n="187" lemma="sya">sya </w><w n="188">bā</w><w n="189">dhya</w><w n="190">mā</w><w n="191">na</w><w n="192">tvā</w><w n="193" lemma="tu">t_ u</w><w n="194"></w><w n="195">pā</w><w n="196">dhya</w><w n="197" lemma="bhiṃ">bhin</w><w n="198" lemma="naṃ">nam </w><w n="199">e</w><w n="200" lemma="va">va </w><w n="201">rū</w><w n="202" lemma="paṃ">paṃ </w><w n="203">pa</w><w n="204">ra</w><w n="205">mā</w><w n="206" lemma="rthaḥ">rtthaḥ </w><w n="207"></w><w n="208">ta</w><w n="209" lemma="te">d e</w><w n="210" lemma="va">va </w><w n="211">bra</w><w n="212">hma</w><w n="213">rū</w><w n="214" lemma="paṃ">paṃ </w><w n="215">sa</w><w n="216" lemma="tyaṃ">tyaṃ | </w><w n="217"></w><w n="218"></w>
</text></TEI>
<TEI n="A">
<text>
<w n="0">i</w><w n="1" lemma="ha">ha </w><w n="2">sa</w><w n="3">rva</w><w n="4">śa</w><w n="5">bdā</w><w n="6" lemma="nāṃ">nāṃ </w><w n="7">pā</w><w n="8">ra</w><w n="9">mā</w><w n="10">rthi</w><w n="11" lemma="kaṃ">kaṃ </w><w n="12">ta</w><w n="13" lemma="tvaṃ">tvaṃ </w><w n="14">sā</w><w n="15">kṣyā</w><w n="16" lemma="tspra">t spra</w><w n="17" lemma="ṣṭuṃ">ṣṭum </w><w n="18">a</w><w n="19">śa</w><w n="20">ktā</w><w n="21" lemma="nāṃ">nāṃ </w><w n="22">a</w><w n="23">ne</w><w n="24">ko</w><w n="25">pā</w><w n="26">dhi</w><w n="27">vi</w><w n="28">ṣa</w><w n="29">ya</w><w n="30">ni</w><w n="31">hi</w><w n="32">ta</w><w n="33"></w><w n="34">pa</w><w n="35">dā</w><w n="36" lemma="nāṃ">nāṃ </w><w n="37">ta</w><w n="38">drū</w><w n="39">pā</w><w n="40">liṃ</w><w n="41">ga</w><w n="42" lemma="naṃ">naṃ </w><w n="43"></w><w n="44">vya</w><w n="45">va</w><w n="46">hā</w><w n="47" lemma="re">re </w><w n="48">sa</w><w n="49">mā</w><w n="50">la</w><w n="51">kṣya</w><w n="52" lemma="te">te </w><w n="53">u</w><w n="54">pā</w><w n="55">dhā</w><w n="56" lemma="nāṃ">nāṃ </w><w n="57">cā</w><w n="58">ga</w><w n="59">mā</w><w n="60">pā</w><w n="61">ya</w><w n="62"></w><w n="63">va</w><w n="64">śa</w><w n="65"></w><w n="66">vi</w><w n="67">dhu</w><w n="68">ri</w><w n="69">ta</w><w n="70">ni</w><w n="71">ja</w><w n="72">sva</w><w n="73">rū</w><w n="74">pā</w><w n="75" lemma="ṇāṃ">ṇām </w><w n="76"></w><w n="77"></w><w n="78">a</w><w n="79">rthi</w><w n="80">sā</w><w n="81">rtha</w><w n="82">sa</w><w n="83">mā</w><w n="84">śā</w><w n="85">pū</w><w n="86">ra</w><w n="87">ṇa</w><w n="88">pra</w><w n="89">ti</w><w n="90">ha</w><w n="91">ta</w><w n="92">śa</w><w n="93">kti</w><w n="94">tvā</w><w n="95" lemma="nnaṃ">n naṃ </w><w n="96">nā</w><w n="97">va</w><w n="98" lemma="tye">ty e</w><w n="99" lemma="va">va </w><w n="100">pa</w><w n="101">rya</w><w n="102">va</w><w n="103">sā</w><w n="104" lemma="naṃ">nam </w><w n="105">i</w><w n="106" lemma="tyu">ty u</w><w n="107">pa</w><w n="108">la</w><w n="109">kṣi</w><w n="110">ta</w><w n="111">rū</w><w n="112">pa</w><w n="113">pṛ</w><w n="114">ṣṭa</w><w n="115">vā</w><w n="116">ti</w><w n="117" lemma="naḥ">naḥ </w><w n="118">śa</w><w n="119" lemma="bdā">bdā </w><w n="120">vya</w><w n="121">va</w><w n="122">sthā</w><w n="123">pyaṃ</w><w n="124" lemma="te">te </w><w n="125">a</w><w n="126">va</w><w n="127">dhṛ</w><w n="128">ta</w><w n="129">rū</w><w n="130">pa</w><w n="131">ni</w><w n="132">ve</w><w n="133">śi</w><w n="134">tvā</w><w n="135" lemma="tca">c ca </w><w n="136">śa</w><w n="137">bdā</w><w n="138" lemma="nāṃ">nām </w><w n="139">a</w><w n="140">va</w><w n="141">dhā</w><w n="142">ra</w><w n="143">ṇā</w><w n="144">nu</w><w n="145">sā</w><w n="146" lemma="raṃ">ram </w><w n="147">a</w><w n="148" lemma="rthe">rthe </w><w n="149">pra</w><w n="150">kṛ</w><w n="151"></w><w n="152" lemma="ti">ti </w><w n="153">a</w><w n="154">va</w><w n="155">dhṛ</w><w n="156" lemma="tiḥ">tiś </w><w n="157">cā</w><w n="158">kā</w><w n="159">ra</w><w n="160">dvā</w><w n="161">re</w><w n="162" lemma="ṇa">ṇa </w><w n="163">ni</w><w n="164">rā</w><w n="165">kā</w><w n="166">ra</w><w n="167" lemma="sya">sya </w><w n="168">bu</w><w n="169" lemma="dhyu">ddhyu</w><w n="170">pā</w><w n="171">ro</w><w n="172">hā</w><w n="173">yo</w><w n="174">gā</w><w n="175" lemma="tya">t_ ya</w><w n="176">thā</w><w n="177">pra</w><w n="178">tya</w><w n="179"></w><w n="180" lemma="yaṃ">yaṃ </w><w n="181"></w><w n="182">bhe</w><w n="183">dā</w><w n="184">va</w><w n="185">sā</w><w n="186">ya</w><w n="187" lemma="sya">sya </w><w n="188">bā</w><w n="189">dhya</w><w n="190">mā</w><w n="191">na</w><w n="192">tvā</w><w n="193" lemma="ta">d a</w><w n="194">nu</w><w n="195">yā</w><w n="196" lemma="yya">yy a</w><w n="197" lemma="bhiṃ">bhin</w><w n="198" lemma="naṃ">nam </w><w n="199">e</w><w n="200" lemma="va">va </w><w n="201">rū</w><w n="202" lemma="paṃ">paṃ </w><w n="203">pa</w><w n="204">ra</w><w n="205">mā</w><w n="206">rtha</w><w n="207" lemma="taḥ">taḥ </w><w n="208">ta</w><w n="209" lemma="te">d e</w><w n="210" lemma="va">va </w><w n="211">bra</w><w n="212">hma</w><w n="213">rū</w><w n="214" lemma="paṃ">paṃ </w><w n="215">sa</w><w n="216" lemma="tyaṃ">tyaṃ </w><w n="217"></w><w n="218"></w>
</text></TEI>
<TEI n="V">
<text>
<w n="0">i</w><w n="1" lemma="ha">ha </w><w n="2">sa</w><w n="3">rva</w><w n="4">śa</w><w n="5">bdā</w><w n="6" lemma="nāṃ">nāṃ </w><w n="7">pa</w><w n="8">ra</w><w n="9">mā</w><w n="10">rthi</w><w n="11" lemma="kaṃ">kaṃ </w><w n="12">ta</w><w n="13" lemma="tra">tra </w><w n="14">sā</w><w n="15">kṣā</w><w n="16" lemma="tspra">t spra</w><w n="17" lemma="ṣṭuṃ">ṣṭum </w><w n="18">a</w><w n="19">śa</w><w n="20">ktā</w><w n="21" lemma="nāṃ">nāṃ </w><w n="22">a</w><w n="23">ne</w><w n="24">ko</w><w n="25">pā</w><w n="26">dhi</w><w n="27">vi</w><w n="28">ṣa</w><w n="29">ya</w><w n="30">ni</w><w n="31">hi</w><w n="32">ta</w><w n="33"></w><w n="34">pa</w><w n="35">dā</w><w n="36" lemma="nāṃ">nāṃ </w><w n="37">ta</w><w n="38">dbha</w><w n="39">yā</w><w n="40">liṃ</w><w n="41">ga</w><w n="42" lemma="naṃ">naṃ </w><w n="43" lemma="na">na </w><w n="44">vya</w><w n="45">va</w><w n="46">hā</w><w n="47" lemma="re">re </w><w n="48">sa</w><w n="49">mā</w><w n="50">la</w><w n="51">kṣya</w><w n="52" lemma="te">te </w><w n="53">u</w><w n="54">pā</w><w n="55">dhā</w><w n="56" lemma="nāṃ">nāṃ </w><w n="57">cā</w><w n="58">ga</w><w n="59">mā</w><w n="60">pā</w><w n="61">ya</w><w n="62"></w><w n="63">va</w><w n="64">śa</w><w n="65"></w><w n="66">vi</w><w n="67">dhu</w><w n="68">ri</w><w n="69">ta</w><w n="70">ni</w><w n="71">ja</w><w n="72">sva</w><w n="73">rū</w><w n="74">pā</w><w n="75" lemma="ṇāṃ">ṇām </w><w n="76"></w><w n="77"></w><w n="78">a</w><w n="79">rthi</w><w n="80">sā</w><w n="81">rtha</w><w n="82">sa</w><w n="83">mā</w><w n="84">śā</w><w n="85">sa</w><w n="86">ra</w><w n="87"></w><w n="88">pra</w><w n="89">ti</w><w n="90">ha</w><w n="91">ta</w><w n="92">śa</w><w n="93">kti</w><w n="94">tvā</w><w n="95" lemma="nna">n na </w><w n="96">tā</w><w n="97">va</w><w n="98" lemma="tye">ty e</w><w n="99" lemma="va">va </w><w n="100">pa</w><w n="101">rya</w><w n="102">va</w><w n="103">sā</w><w n="104" lemma="naṃ">nam </w><w n="105">i</w><w n="106" lemma="tyu">ty u</w><w n="107">pa</w><w n="108">la</w><w n="109">kṣi</w><w n="110">ta</w><w n="111">rū</w><w n="112">pa</w><w n="113">pṛ</w><w n="114">ṣṭa</w><w n="115">pā</w><w n="116">ti</w><w n="117" lemma="naḥ">naḥ </w><w n="118">śa</w><w n="119" lemma="bdā">bdā </w><w n="120">vya</w><w n="121">va</w><w n="122">sthā</w><w n="123">pyaṃ</w><w n="124" lemma="te">te </w><w n="125">a</w><w n="126">va</w><w n="127">dhṛ</w><w n="128">ta</w><w n="129">rū</w><w n="130">pa</w><w n="131">ni</w><w n="132">ve</w><w n="133">śi</w><w n="134">tvā</w><w n="135" lemma="tca">c ca </w><w n="136">śa</w><w n="137">bdā</w><w n="138" lemma="nāṃ">nām </w><w n="139">a</w><w n="140">va</w><w n="141">dhā</w><w n="142">ra</w><w n="143">ṇā</w><w n="144">nu</w><w n="145">sā</w><w n="146" lemma="raṃ">ram </w><w n="147">a</w><w n="148" lemma="rthe">rthe </w><w n="149">pra</w><w n="150">kṛ</w><w n="151"></w><w n="152" lemma="ti">ti </w><w n="153">a</w><w n="154">va</w><w n="155">dhṛ</w><w n="156" lemma="tiḥ">ti&#166;ś </w><w n="157">cā</w><w n="158">kā</w><w n="159">ra</w><w n="160">dvā</w><w n="161">re</w><w n="162" lemma="ṇa">ṇa </w><w n="163">ni</w><w n="164">rā</w><w n="165">kā</w><w n="166">ra</w><w n="167" lemma="sya">sya </w><w n="168">nu</w><w n="169">dhyu</w><w n="170">pā</w><w n="171">ro</w><w n="172">hā</w><w n="173">yo</w><w n="174">gā</w><w n="175" lemma="tya">t_ ya</w><w n="176">thā</w><w n="177">pra</w><w n="178">tya</w><w n="179"></w><w n="180" lemma="yaṃ">yaṃ </w><w n="181"></w><w n="182">bhe</w><w n="183">dā</w><w n="184">va</w><w n="185">sā</w><w n="186">ya</w><w n="187" lemma="sya">sya </w><w n="188">ba</w><w n="189">dhya</w><w n="190">mā</w><w n="191">na</w><w n="192">tvā</w><w n="193" lemma="ta">d a</w><w n="194">nu</w><w n="195">yā</w><w n="196" lemma="yya">yy a</w><w n="197">bhi</w><w n="198" lemma="vaṃ">vam </w><w n="199">e</w><w n="200" lemma="va">va </w><w n="201">rū</w><w n="202" lemma="paṃ">paṃ </w><w n="203">pa</w><w n="204">ra</w><w n="205">mā</w><w n="206">rtha</w><w n="207" lemma="taḥ">taḥ </w><w n="208">ta</w><w n="209" lemma="te">d e</w><w n="210" lemma="va">va </w><w n="211">bra</w><w n="212">hma</w><w n="213">rū</w><w n="214" lemma="paṃ">paṃ </w><w n="215">sa</w><w n="216" lemma="tyaṃ">tyaṃ </w><w n="217"></w><w n="218"></w>
</text></TEI>
<TEI n="K">
<text>
<w n="0">i</w><w n="1" lemma="ha">ha </w><w n="2">sa</w><w n="3">rva</w><w n="4">śa</w><w n="5">bdā</w><w n="6" lemma="nāṃ">nāṃ </w><w n="7">pa</w><w n="8">ra</w><w n="9">mā</w><w n="10">rthi</w><w n="11" lemma="kaṃ">kaṃ </w><w n="12">ta</w><w n="13" lemma="tva">tva </w><w n="14">sā</w><w n="15">kṣā</w><w n="16" lemma="tspra">t spra</w><w n="17" lemma="ṣṭuṃ">ṣṭum </w><w n="18">a</w><w n="19">śa</w><w n="20">ktā</w><w n="21" lemma="nāṃ">nāṃ </w><w n="22">a</w><w n="23">ne</w><w n="24">ko</w><w n="25">pā</w><w n="26">dhi</w><w n="27">vi</w><w n="28">ṣa</w><w n="29">ya</w><w n="30">ni</w><w n="31">hi</w><w n="32">ta</w><w n="33"></w><w n="34">pa</w><w n="35">dā</w><w n="36" lemma="nāṃ">nāṃ </w><w n="37">ta</w><w n="38">dbha</w><w n="39">yā</w><w n="40">liṃ</w><w n="41">ga</w><w n="42" lemma="naṃ">naṃ </w><w n="43"></w><w n="44">vya</w><w n="45">va</w><w n="46">hā</w><w n="47" lemma="re">re </w><w n="48">sa</w><w n="49">mā</w><w n="50">la</w><w n="51">kṣya</w><w n="52" lemma="te">te | </w><w n="53">u</w><w n="54">pā</w><w n="55">dhā</w><w n="56" lemma="nāṃ">nāṃ </w><w n="57">cā</w><w n="58">ga</w><w n="59">mā</w><w n="60">pā</w><w n="61">ya</w><w n="62"></w><w n="63">va</w><w n="64">śa</w><w n="65"></w><w n="66">vi</w><w n="67">dhu</w><w n="68">ri</w><w n="69">ta</w><w n="70">ni</w><w n="71">ja</w><w n="72">sva</w><w n="73">rū</w><w n="74">pā</w><w n="75" lemma="ṇāṃ">ṇām </w><w n="76"></w><w n="77"></w><w n="78">a</w><w n="79">rthi</w><w n="80">sā</w><w n="81">rtha</w><w n="82">sa</w><w n="83">mā</w><w n="84">śā</w><w n="85">sa</w><w n="86">ra</w><w n="87">ṇa</w><w n="88">pra</w><w n="89">ti</w><w n="90">ha</w><w n="91">ta</w><w n="92">śa</w><w n="93">kti</w><w n="94">tvā</w><w n="95" lemma="nna">n na </w><w n="96">tā</w><w n="97">va</w><w n="98" lemma="tye">ty e</w><w n="99" lemma="va">va </w><w n="100">pa</w><w n="101">rya</w><w n="102">va</w><w n="103">sā</w><w n="104" lemma="naṃ">nam </w><w n="105">i</w><w n="106" lemma="tyu">ty u</w><w n="107">pa</w><w n="108">la</w><w n="109">kṣi</w><w n="110">ta</w><w n="111">rū</w><w n="112">pa</w><w n="113">pṛ</w><w n="114">ṣṭa</w><w n="115">pā</w><w n="116">ti</w><w n="117" lemma="naḥ">naḥ </w><w n="118">śa</w><w n="119" lemma="bdā">bdā </w><w n="120">vya</w><w n="121">va</w><w n="122">sthā</w><w n="123">pyaṃ</w><w n="124" lemma="te">te </w><w n="125">a</w><w n="126">va</w><w n="127">dhṛ</w><w n="128">ta</w><w n="129">rū</w><w n="130">pa</w><w n="131">ni</w><w n="132">ve</w><w n="133">śi</w><w n="134">tvā</w><w n="135" lemma="tca">c ca </w><w n="136">śa</w><w n="137">bdā</w><w n="138" lemma="nāṃ">nām </w><w n="139">a</w><w n="140">va</w><w n="141">dhā</w><w n="142">ra</w><w n="143">ṇā</w><w n="144">nu</w><w n="145">sā</w><w n="146" lemma="raṃ">ram </w><w n="147">a</w><w n="148" lemma="rthe">rthe </w><w n="149">pra</w><w n="150">kṛ</w><w n="151"></w><w n="152" lemma="ti">ti </w><w n="153">a</w><w n="154">va</w><w n="155">dhṛ</w><w n="156" lemma="tiḥ">tiś </w><w n="157">cā</w><w n="158">kā</w><w n="159">ra</w><w n="160">dvā</w><w n="161">re</w><w n="162" lemma="ṇa">ṇa </w><w n="163">ni</w><w n="164">rā</w><w n="165">kā</w><w n="166">ra</w><w n="167" lemma="sya">sya </w><w n="168">nu</w><w n="169">dhyu</w><w n="170">pā</w><w n="171">ro</w><w n="172">hā</w><w n="173">yo</w><w n="174">gā</w><w n="175" lemma="tya">t_ ya</w><w n="176">thā</w><w n="177">pra</w><w n="178">tya</w><w n="179"></w><w n="180" lemma="yaṃ">yaṃ </w><w n="181"></w><w n="182">bhe</w><w n="183">dā</w><w n="184">va</w><w n="185">sā</w><w n="186">ya</w><w n="187" lemma="sya">sya </w><w n="188">ba</w><w n="189">dhya</w><w n="190">mā</w><w n="191">na</w><w n="192">tvā</w><w n="193" lemma="ta">d a</w><w n="194">nu</w><w n="195">yā</w><w n="196" lemma="yya">yy a</w><w n="197">bhi</w><w n="198" lemma="vaṃ">vam </w><w n="199">e</w><w n="200" lemma="va">va </w><w n="201">rū</w><w n="202" lemma="paṃ">paṃ </w><w n="203">pa</w><w n="204">ra</w><w n="205">mā</w><w n="206">rtha</w><w n="207" lemma="taḥ">taḥ </w><w n="208">ta</w><w n="209" lemma="te">d e</w><w n="210" lemma="va">va </w><w n="211">bra</w><w n="212">hma</w><w n="213">rū</w><w n="214" lemma="paṃ">paṃ </w><w n="215">sa</w><w n="216" lemma="tyaṃ">tyaṃ </w><w n="217"></w><w n="218"></w>
</text></TEI>
<TEI n="D">
<text>
<w n="0" lemma="i">|| i</w><w n="1" lemma="ha">ha </w><w n="2">sa</w><w n="3">rva</w><w n="4">śa</w><w n="5">bdā</w><w n="6" lemma="nāṃ">nāṃ </w><w n="7">pā</w><w n="8">ra</w><w n="9">mā</w><w n="10">rthi</w><w n="11" lemma="kaṃ">kaṃ </w><w n="12">ta</w><w n="13" lemma="tvaṃ">tvaṃ </w><w n="14">sā</w><w n="15">kṣā</w><w n="16" lemma="tspra">t spra</w><w n="17" lemma="ṣṭuṃ">ṣṭum </w><w n="18">a</w><w n="19">śa</w><w n="20">ktā</w><w n="21" lemma="nāṃ">nāṃ </w><w n="22">a</w><w n="23">ne</w><w n="24">ko</w><w n="25">pā</w><w n="26">dhi</w><w n="27">vi</w><w n="28">ṣa</w><w n="29">ya</w><w n="30">ni</w><w n="31">hi</w><w n="32">ta</w><w n="33"></w><w n="34">pa</w><w n="35">dā</w><w n="36" lemma="nāṃ">nāṃ </w><w n="37">ta</w><w n="38">drū</w><w n="39">pā</w><w n="40">liṃ</w><w n="41">ga</w><w n="42" lemma="naṃ">naṃ </w><w n="43"></w><w n="44">vya</w><w n="45">va</w><w n="46">hā</w><w n="47" lemma="re">re </w><w n="48">sa</w><w n="49">mā</w><w n="50">la</w><w n="51">kṣya</w><w n="52" lemma="te">te </w><w n="53">u</w><w n="54">pā</w><w n="55">dhī</w><w n="56" lemma="nāṃ">nāṃ </w><w n="57">cā</w><w n="58">ga</w><w n="59">mā</w><w n="60">pā</w><w n="61">ya</w><w n="62"></w><w n="63">va</w><w n="64">śa</w><w n="65"></w><w n="66">vi</w><w n="67">dhu</w><w n="68">ri</w><w n="69">ta</w><w n="70">ni</w><w n="71">ja</w><w n="72">sva</w><w n="73">rū</w><w n="74">pā</w><w n="75" lemma="ṇāṃ">ṇām </w><w n="76"></w><w n="77"></w><w n="78">a</w><w n="79">rthi</w><w n="80">sā</w><w n="81">rtha</w><w n="82">sa</w><w n="83">mā</w><w n="84">śā</w><w n="85">pū</w><w n="86">ra</w><w n="87">ṇa</w><w n="88">pra</w><w n="89">ti</w><w n="90">ha</w><w n="91">ta</w><w n="92">śa</w><w n="93">kti</w><w n="94">tvā</w><w n="95" lemma="nna">n na </w><w n="96">tā</w><w n="97">va</w><w n="98" lemma="tye">ty e</w><w n="99" lemma="va">va </w><w n="100">pa</w><w n="101">rya</w><w n="102">va</w><w n="103">sā</w><w n="104" lemma="naṃ">nam </w><w n="105">i</w><w n="106" lemma="tyu">ty u</w><w n="107">pa</w><w n="108">la</w><w n="109">kṣi</w><w n="110">ta</w><w n="111">rū</w><w n="112">pa</w><w n="113">pṛ</w><w n="114">ṣṭha</w><w n="115">pā</w><w n="116">ti</w><w n="117" lemma="naḥ">naḥ </w><w n="118">śa</w><w n="119" lemma="bdā">bdā </w><w n="120">vya</w><w n="121">va</w><w n="122">sthā</w><w n="123">pyaṃ</w><w n="124" lemma="te">te </w><w n="125">a</w><w n="126">va</w><w n="127">dhṛ</w><w n="128">ta</w><w n="129">rū</w><w n="130">pa</w><w n="131">ni</w><w n="132">ve</w><w n="133">śi</w><w n="134">tvā</w><w n="135" lemma="tca">c ca </w><w n="136">śa</w><w n="137">bdā</w><w n="138" lemma="nāṃ">nām </w><w n="139">a</w><w n="140">va</w><w n="141">dhā</w><w n="142">ra</w><w n="143">ṇā</w><w n="144">nu</w><w n="145">sā</w><w n="146" lemma="raṃ">ram </w><w n="147">a</w><w n="148" lemma="rthe">rthe </w><w n="149">pra</w><w n="150">kṛ</w><w n="151"></w><w n="152" lemma="ti">ti </w><w n="153">a</w><w n="154">va</w><w n="155">dhṛ</w><w n="156" lemma="tiḥ">tiś </w><w n="157">cā</w><w n="158">kā</w><w n="159">ra</w><w n="160">dvā</w><w n="161">re</w><w n="162" lemma="ṇa">ṇa </w><w n="163">ni</w><w n="164">rā</w><w n="165">kā</w><w n="166">ra</w><w n="167" lemma="sya">sya </w><w n="168">bu</w><w n="169" lemma="dhyu">ddhyu</w><w n="170">pā</w><w n="171">ro</w><w n="172">hā</w><w n="173">yo</w><w n="174">gā</w><w n="175" lemma="tya">t_ ya</w><w n="176">thā</w><w n="177">pra</w><w n="178">tya</w><w n="179"></w><w n="180" lemma="yaṃ">yaṃ </w><w n="181"></w><w n="182">bhe</w><w n="183">dā</w><w n="184">va</w><w n="185">sā</w><w n="186">ya</w><w n="187" lemma="sya">sya </w><w n="188">bā</w><w n="189">dhya</w><w n="190">mā</w><w n="191">na</w><w n="192">tvā</w><w n="193" lemma="ta">d a</w><w n="194">nu</w><w n="195">yā</w><w n="196" lemma="yya">yy a</w><w n="197" lemma="bhiṃ">bhin</w><w n="198" lemma="naṃ">nam </w><w n="199">e</w><w n="200" lemma="va">va </w><w n="201">rū</w><w n="202" lemma="paṃ">paṃ </w><w n="203">pa</w><w n="204">ra</w><w n="205">mā</w><w n="206">rtha</w><w n="207" lemma="taḥ">taḥ </w><w n="208">ta</w><w n="209" lemma="te">d e</w><w n="210" lemma="va">va </w><w n="211">bra</w><w n="212">hma</w><w n="213">rū</w><w n="214" lemma="paṃ">paṃ </w><w n="215">sa</w><w n="216" lemma="tyaṃ">tyaṃ | </w><w n="217"></w><w n="218"></w>
</text></TEI>
</teiCorpus>
