<?xml version="1.0" encoding="UTF-8"?>
<teiCorpus xmlns="http://www.tei-c.org/ns/1.0">

<TEI n="GV">
<text>
<w n="0"></w><w n="1"></w><w n="2"></w><w n="3"></w><w n="4"></w><w n="5"></w><w n="6"></w><w n="7"></w><w n="8"></w><w n="9"></w><w n="10"></w><w n="11"></w><w n="12"></w><w n="13"></w><w n="14"></w><w n="15"></w><w n="16"></w><w n="17"></w><w n="18"></w><w n="19"></w><w n="20"></w><w n="21"></w><w n="22"></w><w n="23"></w><w n="24"></w><w n="25"></w><w n="26"></w><w n="27"></w><w n="28"></w><w n="29"></w><w n="30"></w><w n="31"></w><w n="32"></w><w n="33"></w><w n="34"></w><w n="35"></w><w n="36"></w><w n="37"></w><w n="38"></w><w n="39"></w><w n="40"></w><w n="41"></w><w n="42"></w><w n="43"></w><w n="44"></w><w n="45"></w><w n="46"></w><w n="47"></w><w n="48"></w><w n="49"></w><w n="50"></w><w n="51"></w><w n="52"></w><w n="53"></w><w n="54"></w><w n="55"></w><w n="56"></w><w n="57"></w><w n="58"></w><w n="59"></w><w n="60"></w><w n="61"></w><w n="62"></w><w n="63"></w><w n="64"></w><w n="65"></w><w n="66"></w><w n="67"></w><w n="68"></w><w n="69"></w><w n="70"></w><w n="71"></w><w n="72"></w><w n="73"></w><w n="74"></w><w n="75"></w><w n="76"></w><w n="77"></w><w n="78"></w><w n="79"></w><w n="80"></w><w n="81"></w><w n="82"></w><w n="83"></w><w n="84"></w><w n="85"></w><w n="86"></w><w n="87"></w><w n="88"></w><w n="89"></w><w n="90"></w><w n="91"></w><w n="92"></w><w n="93"></w><w n="94"></w><w n="95"></w><w n="96"></w><w n="97"></w><w n="98"></w><w n="99"></w><w n="100"></w><w n="101"></w><w n="102"></w><w n="103"></w><w n="104"></w><w n="105"></w><w n="106"></w><w n="107"></w><w n="108"></w><w n="109"></w><w n="110"></w><w n="111"></w><w n="112"></w><w n="113"></w><w n="114"></w><w n="115"></w><w n="116"></w><w n="117"></w><w n="118"></w><w n="119"></w><w n="120"></w><w n="121"></w><w n="122"></w><w n="123"></w><w n="124"></w><w n="125"></w><w n="126"></w><w n="127"></w><w n="128"></w><w n="129"></w><w n="130"></w><w n="131"></w><w n="132"></w><w n="133"></w><w n="134"></w><w n="135"></w><w n="136"></w><w n="137"></w><w n="138"></w><w n="139"></w><w n="140"></w><w n="141"></w><w n="142"></w><w n="143"></w><w n="144"></w><w n="145"></w><w n="146"></w><w n="147"></w><w n="148"></w><w n="149"></w><w n="150"></w><w n="151"></w><w n="152"></w><w n="153"></w><w n="154"></w><w n="155"></w><w n="156"></w><w n="157"></w><w n="158"></w>
</text></TEI>
<TEI n="CT">
<text>
<w n="0">na</w><w n="1" lemma="nu">nu </w><w n="2"></w><w n="3" lemma="ca">ca </w><w n="4">ru</w><w n="5">ca</w><w n="6">kā</w><w n="7"></w><w n="8" lemma="dau">dau </w><w n="9">pra</w><w n="10">kṛ</w><w n="11">tya</w><w n="12" lemma="nva">nva-</w><w n="13" lemma="yaḥ">yo '</w><w n="14">va</w><w n="15">dhā</w><w n="16">rya</w><w n="17" lemma="ta">ta </w><w n="18">e</w><w n="19" lemma="va">va&#183; </w><w n="20">i</w><w n="21">hā</w><w n="22" lemma="pi">pi </w><w n="23">va</w><w n="24">stū</w><w n="25" lemma="nā">nā </w><w n="26">jñā</w><w n="27">ya</w><w n="28">mā</w><w n="29">na</w><w n="30">tve</w><w n="31" lemma="na">na </w><w n="32">sa</w><w n="33">tvā</w><w n="34" lemma="tjñā">t_ jñā</w><w n="35">na</w><w n="36" lemma="sya">sya </w><w n="37">vai</w><w n="38">ka</w><w n="39">lpi</w><w n="40">kā</w><w n="41">kā</w><w n="42">rā</w><w n="43"></w><w n="44">na</w><w n="45">va</w><w n="46">sthā</w><w n="47">nā</w><w n="48" lemma="nni">n ni-</w><w n="49">rā</w><w n="50">kā</w><w n="51">ra</w><w n="52">śu</w><w n="53" lemma="dha">ddha</w><w n="54">saṃ</w><w n="55" lemma="viṃ">vin</w><w n="56">mā</w><w n="57">trā</w><w n="58">nu</w><w n="59">ga</w><w n="60">ma</w><w n="61" lemma="sya">sya </w><w n="62">sva</w><w n="63">saṃ</w><w n="64">vi</w><w n="65"></w><w n="66">tsi</w><w n="67" lemma="dha">ddha-</w><w n="68">tvā</w><w n="69" lemma="ta">d a</w><w n="70">do</w><w n="71" lemma="ṣaḥ">ṣaḥ || </w><w n="72">na</w><w n="73" lemma="nu">nu </w><w n="74">vi</w><w n="75">śe</w><w n="76">ṣa</w><w n="77">ṇo</w><w n="78">pa</w><w n="79">ra</w><w n="80" lemma="ktaṃ">ktaṃ </w><w n="81"></w><w n="82"></w><w n="83"></w><w n="84">bhi</w><w n="85">dhā</w><w n="86"></w><w n="87"></w><w n="88"></w><w n="89"></w><w n="90"></w><w n="91"></w><w n="92"></w><w n="93"></w><w n="94"></w><w n="95"></w><w n="96"></w><w n="97"></w><w n="98"></w><w n="99"></w><w n="100" lemma="ne">ne </w><w n="101" lemma="kā">kā </w><w n="102">kṣa</w><w n="103" lemma="tiḥ">tiḥ </w><w n="104" lemma="na">na </w><w n="105">kā</w><w n="106">ci</w><w n="107" lemma="tke">t ke</w><w n="108">va</w><w n="109" lemma="laṃ">lam </w><w n="110">u</w><w n="111">pā</w><w n="112">dhi</w><w n="113" lemma="ṣve">ṣv e</w><w n="114">vā</w><w n="115" lemma="tra">tra </w><w n="116"></w><w n="117">tā</w><w n="118">tpa</w><w n="119">rya</w><w n="120">dṛ</w><w n="121"></w><w n="122" lemma="ṣṭyā">ṣṭyā </w><w n="123">pa</w><w n="124">da</w><w n="125" lemma="baṃ">ban</w><w n="126" lemma="dhaḥ">dho </w><w n="127">ni</w><w n="128">vā</w><w n="129">rya</w><w n="130" lemma="te">te | </w><w n="131">gu</w><w n="132">ṇa</w><w n="133">tve</w><w n="134" lemma="na">na </w><w n="135" lemma="tva">tv a</w><w n="136">bhi</w><w n="137">dhā</w><w n="138" lemma="naṃ">nam </w><w n="139">a</w><w n="140" lemma="stu">stu | </w><w n="141" lemma="na">na </w><w n="142" lemma="ca">ca </w><w n="143" lemma="tā">tā-</w><w n="144">va</w><w n="145" lemma="tye">ty e</w><w n="146" lemma="va">va </w><w n="147">vi</w><w n="148" lemma="śrāṃ">śrān</w><w n="149" lemma="tiḥ">tir </w><w n="150">i</w><w n="151" lemma="ti">ti </w><w n="152">dra</w><w n="153">vya</w><w n="154">ni</w><w n="155">ṣṭha</w><w n="156">tā</w><w n="157">si</w><w n="158" lemma="dhiḥ">ddhiḥ | </w>
</text></TEI>
<TEI n="T">
<text>
<w n="0">na</w><w n="1" lemma="nu">nu </w><w n="2"></w><w n="3" lemma="ca">ca </w><w n="4">ru</w><w n="5">ca</w><w n="6">kā</w><w n="7"></w><w n="8" lemma="dau">dau </w><w n="9">pra</w><w n="10">kṛ</w><w n="11">tya</w><w n="12">nva</w><w n="13" lemma="yaḥ">yo </w><w n="14">va</w><w n="15">dhā</w><w n="16" lemma="rya">ryya</w><w n="17" lemma="ta">ta </w><w n="18">e</w><w n="19" lemma="va">va </w><w n="20">i</w><w n="21">hā</w><w n="22" lemma="pi">pi </w><w n="23">va</w><w n="24">stū</w><w n="25" lemma="nāṃ">nāṃ </w><w n="26">jñā</w><w n="27">ya</w><w n="28">mā</w><w n="29">na</w><w n="30">tve</w><w n="31" lemma="na">na </w><w n="32">sa</w><w n="33" lemma="tvā">tvā </w><w n="34">jñā</w><w n="35">na</w><w n="36" lemma="sya">sya </w><w n="37">vai</w><w n="38">ka</w><w n="39">lpi</w><w n="40">kā</w><w n="41">kā</w><w n="42">rā</w><w n="43"></w><w n="44">na</w><w n="45">va</w><w n="46">sthā</w><w n="47">nā</w><w n="48" lemma="nni">n ni</w><w n="49">rā</w><w n="50">kā</w><w n="51">ra</w><w n="52">śu</w><w n="53" lemma="dha">ddha</w><w n="54">saṃ</w><w n="55" lemma="viṃ">vin</w><w n="56">mā</w><w n="57">trā</w><w n="58">nu</w><w n="59">ga</w><w n="60">ma</w><w n="61" lemma="sya">sya </w><w n="62">sva</w><w n="63">saṃ</w><w n="64">vi</w><w n="65"></w><w n="66">tsi</w><w n="67" lemma="dha">ddha</w><w n="68">tvā</w><w n="69" lemma="ta">d a</w><w n="70">do</w><w n="71" lemma="ṣaḥ">ṣaḥ </w><w n="72">na</w><w n="73" lemma="nu">nu </w><w n="74">vi</w><w n="75">śe</w><w n="76">ṣa</w><w n="77">ṇo</w><w n="78">pa</w><w n="79">ra</w><w n="80" lemma="ktaṃ">ktaṃ </w><w n="81">vi</w><w n="82">śe</w><w n="83">ṣyā</w><w n="84">bhi</w><w n="85">dhā</w><w n="86" lemma="naṃ">naṃ </w><w n="87">yu</w><w n="88" lemma="ktaṃ">ktam </w><w n="89">i</w><w n="90" lemma="tyu">ty u</w><w n="91">pa</w><w n="92">sa</w><w n="93" lemma="rja">rjja</w><w n="94">nī</w><w n="95">bhū</w><w n="96">ta</w><w n="97">syā</w><w n="98">bhi</w><w n="99">dhā</w><w n="100" lemma="ne">ne </w><w n="101" lemma="kā">kā </w><w n="102">kṣa</w><w n="103" lemma="tiḥ">tiḥ </w><w n="104" lemma="na">na </w><w n="105">kā</w><w n="106">ci</w><w n="107" lemma="tke">t_ ke</w><w n="108">va</w><w n="109" lemma="laṃ">lam </w><w n="110">u</w><w n="111">pā</w><w n="112">dhi</w><w n="113" lemma="ṣve">ṣv e</w><w n="114">vā</w><w n="115" lemma="tra">tra </w><w n="116"></w><w n="117">tā</w><w n="118" lemma="tpa">t_pa</w><w n="119" lemma="rya">ryya</w><w n="120">dṛ</w><w n="121"></w><w n="122" lemma="ṣṭyā">ṣṭyā </w><w n="123">pa</w><w n="124">da</w><w n="125" lemma="baṃ">ban</w><w n="126" lemma="dhaḥ">dho </w><w n="127">ni</w><w n="128">vā</w><w n="129" lemma="rya">ryya</w><w n="130" lemma="te">te </w><w n="131">gu</w><w n="132">ṇa</w><w n="133">tve</w><w n="134" lemma="na">na </w><w n="135" lemma="tva">tv a</w><w n="136">bhi</w><w n="137">dhā</w><w n="138" lemma="naṃ">nam </w><w n="139">a</w><w n="140" lemma="stu">stu </w><w n="141" lemma="na">na </w><w n="142" lemma="ca">ca </w><w n="143">tā</w><w n="144">va</w><w n="145" lemma="tye">ty e</w><w n="146" lemma="va">va </w><w n="147">vi</w><w n="148" lemma="śrāṃ">śrān</w><w n="149" lemma="tiḥ">tir </w><w n="150">i</w><w n="151" lemma="ti">ti </w><w n="152">dra</w><w n="153">vya</w><w n="154">ni</w><w n="155">ṣṭha</w><w n="156">tā</w><w n="157">si</w><w n="158" lemma="dhiḥ">ddhiḥ </w>
</text></TEI>
<TEI n="H">
<text>
<w n="0">na</w><w n="1" lemma="nu">nu </w><w n="2">ru</w><w n="3">ca</w><w n="4"></w><w n="5"></w><w n="6">kā</w><w n="7"></w><w n="8" lemma="dau">dau </w><w n="9">pra</w><w n="10">kṛ</w><w n="11">tya</w><w n="12">nva</w><w n="13" lemma="yaḥ">yo </w><w n="14">va</w><w n="15">dhā</w><w n="16">rya</w><w n="17" lemma="ta">ta </w><w n="18">e</w><w n="19" lemma="va">va | </w><w n="20">i</w><w n="21">hā</w><w n="22" lemma="pi">pi </w><w n="23">va</w><w n="24">stū</w><w n="25" lemma="nāṃ">nāṃ </w><w n="26">jñā</w><w n="27">ya</w><w n="28">mā</w><w n="29">na</w><w n="30">tve</w><w n="31" lemma="na">na </w><w n="32">sa</w><w n="33">tvā</w><w n="34" lemma="tjñā">j jñā</w><w n="35">na</w><w n="36" lemma="sya">sya </w><w n="37">vai</w><w n="38">ka</w><w n="39">lpi</w><w n="40">kā</w><w n="41">kā</w><w n="42">rā</w><w n="43"></w><w n="44">na</w><w n="45">va</w><w n="46">sthā</w><w n="47">nā</w><w n="48" lemma="nni">n ni</w><w n="49">rā</w><w n="50">kā</w><w n="51">ra</w><w n="52">śu</w><w n="53" lemma="dha">ddha</w><w n="54">saṃ</w><w n="55" lemma="viṃ">vin</w><w n="56">mā</w><w n="57">trā</w><w n="58">nu</w><w n="59">ga</w><w n="60">ma</w><w n="61" lemma="sya">sya </w><w n="62">sva</w><w n="63">saṃ</w><w n="64">vi</w><w n="65"></w><w n="66">tsi</w><w n="67" lemma="dha">ddha</w><w n="68">tvā</w><w n="69" lemma="ta">d a</w><w n="70">do</w><w n="71" lemma="ṣaḥ">ṣaḥ | </w><w n="72">na</w><w n="73" lemma="nu">nu </w><w n="74">vi</w><w n="75">śe</w><w n="76">ṣa</w><w n="77">ṇo</w><w n="78">pa</w><w n="79">ra</w><w n="80" lemma="ktaṃ">ktaṃ </w><w n="81">vi</w><w n="82">śe</w><w n="83">ṣyā</w><w n="84">bhi</w><w n="85">dhā</w><w n="86" lemma="naṃ">naṃ </w><w n="87">yu</w><w n="88" lemma="ktaṃ">ktam </w><w n="89">i</w><w n="90" lemma="tyu">ty u</w><w n="91">pa</w><w n="92">sa</w><w n="93">rja</w><w n="94">nī</w><w n="95">bhū</w><w n="96">ta</w><w n="97">syā</w><w n="98">bhi</w><w n="99">dhā</w><w n="100" lemma="ne">ne </w><w n="101" lemma="kā">kā </w><w n="102">kṣa</w><w n="103" lemma="tiḥ">tiḥ || </w><w n="104" lemma="na">na </w><w n="105">kā</w><w n="106">ci</w><w n="107" lemma="tke">t_ ke</w><w n="108">va</w><w n="109" lemma="laṃ">lam </w><w n="110">u</w><w n="111">pā</w><w n="112">dhi</w><w n="113">ṣṭe</w><w n="114">vā</w><w n="115" lemma="tra">tra </w><w n="116"></w><w n="117">tā</w><w n="118">tpa</w><w n="119">rya</w><w n="120">dṛ</w><w n="121">ṣṭvāṃ</w><w n="122" lemma="ṣṭyā">ṣṭyā </w><w n="123">pa</w><w n="124" lemma="daṃ">daṃ </w><w n="125">baṃ</w><w n="126" lemma="dhaḥ">dho </w><w n="127">ni</w><w n="128">vā</w><w n="129">rya</w><w n="130" lemma="te">te | </w><w n="131">gu</w><w n="132">ṇa</w><w n="133">tve</w><w n="134" lemma="na">na </w><w n="135" lemma="tva">tv a</w><w n="136">bhi</w><w n="137">dhā</w><w n="138" lemma="naṃ">nam </w><w n="139">a</w><w n="140" lemma="stu">stu </w><w n="141" lemma="na">na </w><w n="142" lemma="ca">ca </w><w n="143">tā</w><w n="144">va</w><w n="145" lemma="tye">ty e</w><w n="146" lemma="va">va </w><w n="147">vi</w><w n="148">śrāṃ</w><w n="149" lemma="tiḥ">tir </w><w n="150">i</w><w n="151" lemma="ti">ti </w><w n="152">dra</w><w n="153">vya</w><w n="154">ni</w><w n="155">ṣṭa</w><w n="156">tā</w><w n="157">si</w><w n="158" lemma="dhiḥ">ddhiḥ | </w>
</text></TEI>
<TEI n="P">
<text>
<w n="0">na</w><w n="1" lemma="nu">nu </w><w n="2">ru</w><w n="3">ca</w><w n="4"></w><w n="5"></w><w n="6">kā</w><w n="7"></w><w n="8" lemma="dau">dau </w><w n="9">pra</w><w n="10">kṛ</w><w n="11">tya</w><w n="12">nva</w><w n="13" lemma="yaḥ">yo </w><w n="14">va</w><w n="15">dhā</w><w n="16">rya</w><w n="17" lemma="tẽ">te e</w><w n="18"></w><w n="19" lemma="vaṃ">vam </w><w n="20">i</w><w n="21">hā</w><w n="22" lemma="pi">pi </w><w n="23">va</w><w n="24">stu</w><w n="25" lemma="nāṃ">nāṃ </w><w n="26">jñā</w><w n="27">ya</w><w n="28">mā</w><w n="29">na</w><w n="30">tve</w><w n="31" lemma="na">na </w><w n="32">sa</w><w n="33">tvā</w><w n="34" lemma="tjñā">t jñā</w><w n="35">na</w><w n="36" lemma="sya">sya </w><w n="37">vai</w><w n="38">ka</w><w n="39">lpi</w><w n="40">kā</w><w n="41">kā</w><w n="42">ra</w><w n="43">syā</w><w n="44">na</w><w n="45">va</w><w n="46">sthā</w><w n="47" lemma="nā">nā </w><w n="48">ni</w><w n="49">rā</w><w n="50">kā</w><w n="51">ra</w><w n="52">śu</w><w n="53" lemma="dha">ddha</w><w n="54">saṃ</w><w n="55" lemma="viṃ">vin</w><w n="56">mā</w><w n="57">trā</w><w n="58">nu</w><w n="59">ga</w><w n="60">ma</w><w n="61" lemma="sya">sya </w><w n="62">sva</w><w n="63">saṃ</w><w n="64">vi</w><w n="65">ta</w><w n="66">si</w><w n="67" lemma="dha">ddha</w><w n="68">tvā</w><w n="69" lemma="ta">d a</w><w n="70">do</w><w n="71" lemma="ṣaḥ">ṣaḥ </w><w n="72">na</w><w n="73" lemma="nu">nu </w><w n="74">vi</w><w n="75">śe</w><w n="76">ṣa</w><w n="77">ṇo</w><w n="78">pa</w><w n="79">ra</w><w n="80" lemma="ktaṃ">ktaṃ </w><w n="81">vi</w><w n="82">śe</w><w n="83">ṣyā</w><w n="84">bhi</w><w n="85">dhā</w><w n="86">na</w><w n="87">yu</w><w n="88" lemma="ktaṃ">ktam </w><w n="89">i</w><w n="90" lemma="tyu">ty u</w><w n="91">pa</w><w n="92">sa</w><w n="93" lemma="rja">rjja</w><w n="94">nī</w><w n="95">bhū</w><w n="96">ta</w><w n="97">syā</w><w n="98">bhi</w><w n="99">dhā</w><w n="100" lemma="ne">ne </w><w n="101" lemma="kā">kā </w><w n="102">kṣa</w><w n="103" lemma="tiḥ">tiḥ </w><w n="104" lemma="na">na </w><w n="105"></w><w n="106"></w><w n="107">ke</w><w n="108">va</w><w n="109" lemma="laṃ">lam </w><w n="110">u</w><w n="111">pā</w><w n="112">dhi</w><w n="113" lemma="ṣve">ṣv e</w><w n="114">vā</w><w n="115">trā</w><w n="116" lemma="pi">pi </w><w n="117">tā</w><w n="118">tpa</w><w n="119" lemma="ryaṃ">ryaṃ </w><w n="120">dṛ</w><w n="121"></w><w n="122" lemma="ṣṭvā">ṣṭvā </w><w n="123">pa</w><w n="124">da</w><w n="125">baṃ</w><w n="126" lemma="dhaḥ">dho </w><w n="127">ni</w><w n="128">vā</w><w n="129">rya</w><w n="130" lemma="te">te </w><w n="131">gu</w><w n="132">ṇa</w><w n="133">tve</w><w n="134" lemma="na">na </w><w n="135" lemma="tva">tv a</w><w n="136">bhi</w><w n="137">dhā</w><w n="138" lemma="naṃ">nam </w><w n="139">a</w><w n="140" lemma="stu">stu </w><w n="141" lemma="na">na </w><w n="142" lemma="ca">ca </w><w n="143">tā</w><w n="144">va</w><w n="145" lemma="tye">ty e</w><w n="146" lemma="va">va </w><w n="147">vi</w><w n="148">śrāṃ</w><w n="149" lemma="tiḥ">tir </w><w n="150">i</w><w n="151" lemma="ti">ti </w><w n="152">dra</w><w n="153">vya</w><w n="154">ni</w><w n="155">ṣṭa</w><w n="156">tā</w><w n="157">si</w><w n="158" lemma="dhiḥ">ddhiḥ </w>
</text></TEI>
<TEI n="M">
<text>
<w n="0">na</w><w n="1" lemma="nu">nu </w><w n="2">ru</w><w n="3">ca</w><w n="4"></w><w n="5"></w><w n="6">kā</w><w n="7"></w><w n="8" lemma="dau">dau </w><w n="9">pra</w><w n="10">kṛ</w><w n="11">tya</w><w n="12">nva</w><w n="13" lemma="yaḥ">yo </w><w n="14">va</w><w n="15">dhā</w><w n="16">rya</w><w n="17" lemma="tẽ">te | e</w><w n="18"></w><w n="19" lemma="vaṃ">vam </w><w n="20">i</w><w n="21">hā</w><w n="22" lemma="pi">pi </w><w n="23">va</w><w n="24">stū</w><w n="25" lemma="nāṃ">nāṃ </w><w n="26">jñā</w><w n="27">ya</w><w n="28">mā</w><w n="29">na</w><w n="30">tve</w><w n="31" lemma="na">na </w><w n="32">sa</w><w n="33">tvā</w><w n="34" lemma="tjñā">t | jñā</w><w n="35">na</w><w n="36" lemma="sya">sya </w><w n="37">vai</w><w n="38">ka</w><w n="39">lpi</w><w n="40">kā</w><w n="41">kā</w><w n="42">ra</w><w n="43">syā</w><w n="44">na</w><w n="45">va</w><w n="46">sthā</w><w n="47">nā</w><w n="48" lemma="nni">n ni</w><w n="49">rā</w><w n="50">kā</w><w n="51">ra</w><w n="52">śu</w><w n="53" lemma="dha">ddha</w><w n="54">saṃ</w><w n="55" lemma="viṃ">vin</w><w n="56">mā</w><w n="57">trā</w><w n="58">nu</w><w n="59">ga</w><w n="60">ma</w><w n="61" lemma="sya">sya </w><w n="62">sva</w><w n="63">saṃ</w><w n="64">vi</w><w n="65"></w><w n="66" lemma="tsi">t_si</w><w n="67" lemma="dha">ddha</w><w n="68">tvā</w><w n="69" lemma="ta">d a</w><w n="70">do</w><w n="71" lemma="ṣaḥ">ṣaḥ | </w><w n="72">na</w><w n="73" lemma="nu">nu </w><w n="74">vi</w><w n="75">śe</w><w n="76">ṣa</w><w n="77">ṇo</w><w n="78">pa</w><w n="79">ra</w><w n="80" lemma="ktaṃ">ktaṃ </w><w n="81">vi</w><w n="82">śe</w><w n="83">ṣyā</w><w n="84">bhi</w><w n="85">dhā</w><w n="86" lemma="naṃ">naṃ </w><w n="87">yu</w><w n="88" lemma="ktaṃ">ktam </w><w n="89">i</w><w n="90" lemma="tyu">ty u</w><w n="91">pa</w><w n="92">sa</w><w n="93">rja</w><w n="94">nī</w><w n="95">bhū</w><w n="96">ta</w><w n="97">syā</w><w n="98">bhi</w><w n="99">dhā</w><w n="100" lemma="ne">ne </w><w n="101" lemma="kā">kā </w><w n="102">kṣa</w><w n="103" lemma="tiḥ">tiḥ | </w><w n="104" lemma="na">na </w><w n="105"></w><w n="106"></w><w n="107">ke</w><w n="108">va</w><w n="109" lemma="laṃ">lam </w><w n="110">u</w><w n="111">pā</w><w n="112">dhi</w><w n="113" lemma="ṣve">ṣv e</w><w n="114">vā</w><w n="115">trā</w><w n="116" lemma="pi">pi </w><w n="117">tā</w><w n="118">tpa</w><w n="119" lemma="ryaṃ">ryaṃ | </w><w n="120">dṛ</w><w n="121"></w><w n="122" lemma="ṣṭvā">ṣṭvā </w><w n="123">pa</w><w n="124">da</w><w n="125">baṃ</w><w n="126" lemma="dhaḥ">dho </w><w n="127">ni</w><w n="128">vā</w><w n="129">rya</w><w n="130" lemma="te">te | </w><w n="131">gu</w><w n="132">ṇa</w><w n="133">tve</w><w n="134" lemma="na">na </w><w n="135" lemma="tva">tv a</w><w n="136">bhi</w><w n="137">dhā</w><w n="138" lemma="naṃ">nam </w><w n="139">a</w><w n="140" lemma="stu">stu | </w><w n="141" lemma="na">na </w><w n="142" lemma="ca">ca </w><w n="143">tā</w><w n="144">va</w><w n="145" lemma="tye">ty e</w><w n="146" lemma="va">va </w><w n="147">vi</w><w n="148">śrāṃ</w><w n="149" lemma="tiḥ">tir </w><w n="150">i</w><w n="151" lemma="ti">ti </w><w n="152">dra</w><w n="153">vya</w><w n="154">ni</w><w n="155">ṣṭha</w><w n="156">tā</w><w n="157">si</w><w n="158" lemma="dhiḥ">ddhiḥ | </w>
</text></TEI>
<TEI n="G2">
<text>
<w n="0">na</w><w n="1" lemma="nu">nu </w><w n="2"></w><w n="3" lemma="va">va </w><w n="4"></w><w n="5"></w><w n="6">kā</w><w n="7">ryā</w><w n="8" lemma="dau">dau </w><w n="9">pra</w><w n="10">kṛ</w><w n="11">tya</w><w n="12">nva</w><w n="13" lemma="yaḥ">yo </w><w n="14">va</w><w n="15">dhā</w><w n="16">rya</w><w n="17" lemma="ta">ta </w><w n="18">pra</w><w n="19" lemma="va">va </w><w n="20">i</w><w n="21">hā</w><w n="22" lemma="pi">pi </w><w n="23">va</w><w n="24">stū</w><w n="25" lemma="nāṃ">nāṃ </w><w n="26">jā</w><w n="27">ya</w><w n="28">mā</w><w n="29">na</w><w n="30">tve</w><w n="31" lemma="na">na </w><w n="32">sa</w><w n="33">tvā</w><w n="34" lemma="tjñā">t_ jñā</w><w n="35">na</w><w n="36" lemma="sya">sya </w><w n="37">vai</w><w n="38">ka</w><w n="39">lpi</w><w n="40">kā</w><w n="41"></w><w n="42">rā</w><w n="43"></w><w n="44">va</w><w n="45">va</w><w n="46">sthā</w><w n="47" lemma="nāṃ">nām </w><w n="48">i</w><w n="49">rā</w><w n="50">kā</w><w n="51">ra</w><w n="52">śu</w><w n="53" lemma="dha">ddha</w><w n="54">saṃ</w><w n="55" lemma="viṃ">vin</w><w n="56">mā</w><w n="57">trā</w><w n="58">nu</w><w n="59">ga</w><w n="60">ma</w><w n="61" lemma="sya">sya </w><w n="62">sva</w><w n="63">saṃ</w><w n="64">vi</w><w n="65"></w><w n="66">tsi</w><w n="67" lemma="dha">ddha</w><w n="68">tvā</w><w n="69" lemma="ta">d a</w><w n="70">śe</w><w n="71" lemma="ṣaḥ">ṣaḥ </w><w n="72">na</w><w n="73" lemma="nu">nu </w><w n="74">vi</w><w n="75">śe</w><w n="76">ṣa</w><w n="77">ṇo</w><w n="78">pa</w><w n="79">ra</w><w n="80" lemma="ktaṃ">ktaṃ </w><w n="81">vi</w><w n="82">śe</w><w n="83">ṣyā</w><w n="84">bhi</w><w n="85">dhā</w><w n="86" lemma="naṃ">nam </w><w n="87"></w><w n="88"></w><w n="89">i</w><w n="90" lemma="tyu">ty u</w><w n="91">pa</w><w n="92">sa</w><w n="93">rja</w><w n="94">nī</w><w n="95">bhū</w><w n="96">ta</w><w n="97">syā</w><w n="98">ri</w><w n="99">bhā</w><w n="100" lemma="naṃ">naṃ </w><w n="101" lemma="kā">kā </w><w n="102">kṣa</w><w n="103" lemma="tiḥ">tiḥ </w><w n="104" lemma="na">na </w><w n="105">kā</w><w n="106">vi</w><w n="107" lemma="tke">t ke</w><w n="108">va</w><w n="109" lemma="laṃ">lam </w><w n="110">u</w><w n="111">pā</w><w n="112" lemma="dhiḥ">dhir </w><w n="113">vya</w><w n="114">vā</w><w n="115" lemma="tra">tra </w><w n="116"></w><w n="117">tā</w><w n="118">tpa</w><w n="119">rya</w><w n="120">dṛ</w><w n="121"></w><w n="122" lemma="ṣṭyā">ṣṭyā </w><w n="123">pa</w><w n="124">da</w><w n="125">baṃ</w><w n="126" lemma="dhaḥ">dho </w><w n="127">ni</w><w n="128">vā</w><w n="129">rya</w><w n="130" lemma="te">te </w><w n="131">gu</w><w n="132">ṇa</w><w n="133">tve</w><w n="134" lemma="na">na </w><w n="135" lemma="tva">tv a</w><w n="136">bhi</w><w n="137">dhā</w><w n="138" lemma="naṃ">nam </w><w n="139">a</w><w n="140" lemma="stu">stu </w><w n="141" lemma="na">na </w><w n="142"></w><w n="143">tī</w><w n="144">va</w><w n="145" lemma="tye">ty e</w><w n="146" lemma="va">va </w><w n="147">vi</w><w n="148">śrāṃ</w><w n="149" lemma="tiḥ">tir </w><w n="150">i</w><w n="151" lemma="ti">ti </w><w n="152">dra</w><w n="153">vya</w><w n="154">ni</w><w n="155"></w><w n="156"></w><w n="157">si</w><w n="158" lemma="dhiḥ">ddhiḥ </w>
</text></TEI>
<TEI n="G1">
<text>
<w n="0">tvā</w><w n="1"></w><w n="2"></w><w n="3"></w><w n="4"></w><w n="5"></w><w n="6"></w><w n="7"></w><w n="8"></w><w n="9"></w><w n="10"></w><w n="11"></w><w n="12"></w><w n="13"></w><w n="14"></w><w n="15"></w><w n="16"></w><w n="17"></w><w n="18"></w><w n="19"></w><w n="20"></w><w n="21"></w><w n="22"></w><w n="23"></w><w n="24"></w><w n="25"></w><w n="26"></w><w n="27"></w><w n="28"></w><w n="29"></w><w n="30"></w><w n="31"></w><w n="32"></w><w n="33"></w><w n="34" lemma="tjñā">t_ jñā</w><w n="35">na</w><w n="36" lemma="sya">sya </w><w n="37">vai</w><w n="38">ka</w><w n="39">lpi</w><w n="40">kā</w><w n="41"></w><w n="42">rā</w><w n="43"></w><w n="44">va</w><w n="45">va</w><w n="46">sthā</w><w n="47" lemma="nāṃ">nām </w><w n="48">i</w><w n="49">rā</w><w n="50">kā</w><w n="51">ra</w><w n="52">śu</w><w n="53" lemma="dha">ddha</w><w n="54">saṃ</w><w n="55" lemma="viṃ">vin</w><w n="56">mā</w><w n="57">trā</w><w n="58">nu</w><w n="59">ga</w><w n="60">ma</w><w n="61" lemma="sya">sya </w><w n="62">sva</w><w n="63">saṃ</w><w n="64">vi</w><w n="65"></w><w n="66">tsi</w><w n="67" lemma="dha">ddha</w><w n="68">tvā</w><w n="69" lemma="ta">d a</w><w n="70">śe</w><w n="71" lemma="ṣaḥ">ṣaḥ || </w><w n="72">na</w><w n="73" lemma="nu">nu </w><w n="74">vi</w><w n="75">śe</w><w n="76">ṣa</w><w n="77">ṇo</w><w n="78">pa</w><w n="79">ra</w><w n="80" lemma="ktaṃ">ktaṃ </w><w n="81">vi</w><w n="82">śe</w><w n="83">ṣyā</w><w n="84">bhi</w><w n="85">dhā</w><w n="86" lemma="naṃ">nam </w><w n="87"></w><w n="88"></w><w n="89">i</w><w n="90" lemma="tyu">ty u</w><w n="91">pa</w><w n="92">sa</w><w n="93">rja</w><w n="94">nī</w><w n="95">bhū</w><w n="96">ta</w><w n="97">syā</w><w n="98">ri</w><w n="99">bhā</w><w n="100" lemma="naṃ">naṃ </w><w n="101">ka</w><w n="102">kṣya</w><w n="103" lemma="tiḥ">tiḥ || </w><w n="104" lemma="na">na </w><w n="105">kā</w><w n="106">vi</w><w n="107" lemma="tke">t ke</w><w n="108">va</w><w n="109" lemma="laṃ">lam </w><w n="110">u</w><w n="111">pā</w><w n="112" lemma="dhiḥ">dhir </w><w n="113">vya</w><w n="114">vā</w><w n="115" lemma="tra">tra </w><w n="116"></w><w n="117">tā</w><w n="118">tpa</w><w n="119">rya</w><w n="120">dṛ</w><w n="121"></w><w n="122" lemma="ṣṭyā">ṣṭyā </w><w n="123">pa</w><w n="124">da</w><w n="125">baṃ</w><w n="126" lemma="dhaḥ">dho </w><w n="127">ni</w><w n="128">vā</w><w n="129">rya</w><w n="130" lemma="te">te </w><w n="131">gu</w><w n="132">ṇa</w><w n="133">tve</w><w n="134" lemma="na">na </w><w n="135" lemma="tva">tv a</w><w n="136">bhi</w><w n="137">dhā</w><w n="138" lemma="naṃ">nam </w><w n="139">a</w><w n="140" lemma="stu">stu </w><w n="141" lemma="na">na </w><w n="142"></w><w n="143">tī</w><w n="144">va</w><w n="145" lemma="tye">ty e</w><w n="146" lemma="va">va </w><w n="147">vi</w><w n="148">śrāṃ</w><w n="149" lemma="tiḥ">tir </w><w n="150">i</w><w n="151" lemma="ti">ti </w><w n="152" lemma="dra">dra-</w><w n="153">vya</w><w n="154">ni</w><w n="155"></w><w n="156"></w><w n="157">si</w><w n="158" lemma="dhiḥ">ddhiḥ </w>
</text></TEI>
<TEI n="L">
<text>
<w n="0">na</w><w n="1" lemma="nu">nu </w><w n="2"></w><w n="3" lemma="ca">ca </w><w n="4"></w><w n="5"></w><w n="6">kā</w><w n="7">ryā</w><w n="8" lemma="dau">dau </w><w n="9">pra</w><w n="10">kṛ</w><w n="11">tya</w><w n="12">nva</w><w n="13" lemma="yaḥ">yo </w><w n="14">va</w><w n="15">dhā</w><w n="16">rya</w><w n="17" lemma="ta">ta </w><w n="18">e</w><w n="19" lemma="va">va </w><w n="20">i</w><w n="21">hā</w><w n="22" lemma="pi">pi </w><w n="23">va</w><w n="24">stū</w><w n="25" lemma="nāṃ">nāṃ </w><w n="26">jñā</w><w n="27">ya</w><w n="28">mā</w><w n="29">na</w><w n="30">tve</w><w n="31" lemma="na">na </w><w n="32">sa</w><w n="33">tvā</w><w n="34" lemma="tjñā">t || jñā</w><w n="35">na</w><w n="36" lemma="sya">sya </w><w n="37">vai</w><w n="38">ka</w><w n="39">lpi</w><w n="40">kā</w><w n="41"></w><w n="42">rā</w><w n="43"></w><w n="44">na</w><w n="45">va</w><w n="46">sthā</w><w n="47">nā</w><w n="48" lemma="nni">n ni</w><w n="49">rā</w><w n="50">kā</w><w n="51">ra</w><w n="52">śu</w><w n="53" lemma="dha">ddha</w><w n="54">saṃ</w><w n="55" lemma="viṃ">vin</w><w n="56">mā</w><w n="57">trā</w><w n="58">nu</w><w n="59">ga</w><w n="60">ma</w><w n="61" lemma="sya">sya </w><w n="62">sva</w><w n="63">saṃ</w><w n="64">vi</w><w n="65"></w><w n="66">tsi</w><w n="67" lemma="dha">ddha</w><w n="68">tvā</w><w n="69" lemma="ta">d a</w><w n="70">śe</w><w n="71" lemma="ṣaḥ">ṣaḥ || </w><w n="72">na</w><w n="73" lemma="nu">nu </w><w n="74">vi</w><w n="75">śe</w><w n="76">ṣa</w><w n="77">ṇo</w><w n="78">pa</w><w n="79">ra</w><w n="80" lemma="ktaṃ">ktaṃ </w><w n="81">vi</w><w n="82">śe</w><w n="83">ṣyā</w><w n="84">bhi</w><w n="85">dhā</w><w n="86" lemma="naṃ">nam </w><w n="87"></w><w n="88"></w><w n="89">i</w><w n="90" lemma="tyu">ty u</w><w n="91">pa</w><w n="92">sa</w><w n="93">rja</w><w n="94">nī</w><w n="95">bhū</w><w n="96">ta</w><w n="97">syā</w><w n="98">bhi</w><w n="99">dhā</w><w n="100" lemma="naṃ">naṃ </w><w n="101" lemma="kā">kā </w><w n="102">kṣa</w><w n="103" lemma="tiḥ">tiḥ | </w><w n="104" lemma="na">na </w><w n="105">kā</w><w n="106">ci</w><w n="107" lemma="tke">t ke</w><w n="108">va</w><w n="109" lemma="laṃ">lam </w><w n="110">u</w><w n="111">pā</w><w n="112">dhi</w><w n="113" lemma="ṣve">ṣv e</w><w n="114">vā</w><w n="115" lemma="tra">tra </w><w n="116"></w><w n="117">tā</w><w n="118">tpa</w><w n="119">rya</w><w n="120">dṛ</w><w n="121"></w><w n="122" lemma="ṣṭyā">ṣṭyā </w><w n="123">pa</w><w n="124">da</w><w n="125">baṃ</w><w n="126" lemma="dhaḥ">dho </w><w n="127">ni</w><w n="128">vā</w><w n="129">rya</w><w n="130" lemma="te">te </w><w n="131">gu</w><w n="132">ṇa</w><w n="133">tve</w><w n="134" lemma="na">na </w><w n="135" lemma="tva">tv a</w><w n="136">bhi</w><w n="137">dhā</w><w n="138" lemma="naṃ">nam </w><w n="139">a</w><w n="140" lemma="stu">stu </w><w n="141" lemma="na">na </w><w n="142"></w><w n="143">tā</w><w n="144">va</w><w n="145" lemma="tye">ty e</w><w n="146" lemma="va">va </w><w n="147">vi</w><w n="148">śrāṃ</w><w n="149" lemma="tiḥ">tir </w><w n="150">i</w><w n="151" lemma="ti">ti </w><w n="152">dra</w><w n="153">vya</w><w n="154"></w><w n="155"></w><w n="156"></w><w n="157">si</w><w n="158" lemma="dhiḥ">ddhiḥ </w>
</text></TEI>
<TEI n="O">
<text>
<w n="0">na</w><w n="1" lemma="nu">nu </w><w n="2"></w><w n="3" lemma="ca">ca </w><w n="4"></w><w n="5"></w><w n="6">kā</w><w n="7">ryā</w><w n="8" lemma="dau">dau </w><w n="9">pra</w><w n="10">kṛ</w><w n="11">tya</w><w n="12">nva</w><w n="13" lemma="yaḥ">yo </w><w n="14">va</w><w n="15">dhā</w><w n="16">rya</w><w n="17" lemma="ta">ta </w><w n="18">e</w><w n="19" lemma="va">va </w><w n="20">i</w><w n="21">hā</w><w n="22" lemma="pi">pi </w><w n="23">va</w><w n="24">stū</w><w n="25" lemma="nāṃ">nāṃ </w><w n="26">jā</w><w n="27">ya</w><w n="28">mā</w><w n="29">na</w><w n="30">tve</w><w n="31" lemma="na">na </w><w n="32">sa</w><w n="33">tvā</w><w n="34" lemma="tjñā">t_ jñā</w><w n="35">na</w><w n="36" lemma="sya">sya </w><w n="37">vai</w><w n="38">ka</w><w n="39">lpi</w><w n="40">kā</w><w n="41">kā</w><w n="42">rā</w><w n="43"></w><w n="44">na</w><w n="45">va</w><w n="46">sthā</w><w n="47">nā</w><w n="48" lemma="nni">n ni</w><w n="49">rā</w><w n="50">kā</w><w n="51">ra</w><w n="52">śu</w><w n="53" lemma="dha">ddha</w><w n="54">saṃ</w><w n="55" lemma="viṃ">vin</w><w n="56">mā</w><w n="57">trā</w><w n="58">nu</w><w n="59">ga</w><w n="60">ma</w><w n="61" lemma="sya">sya </w><w n="62">sva</w><w n="63">saṃ</w><w n="64">vi</w><w n="65"></w><w n="66">tsi</w><w n="67" lemma="dha">ddha</w><w n="68">tvā</w><w n="69" lemma="ta">d a</w><w n="70">śe</w><w n="71" lemma="ṣaḥ">ṣaḥ </w><w n="72" lemma="na">na </w><w n="73" lemma="tu">tu </w><w n="74">vi</w><w n="75">śe</w><w n="76">ṣa</w><w n="77">ṇo</w><w n="78">pa</w><w n="79">ra</w><w n="80" lemma="ktaṃ">ktaṃ </w><w n="81">vi</w><w n="82">śe</w><w n="83">ṣyā</w><w n="84">bhi</w><w n="85">dhā</w><w n="86" lemma="naṃ">nam </w><w n="87"></w><w n="88"></w><w n="89">i</w><w n="90" lemma="tyu">ty u</w><w n="91">pa</w><w n="92">sa</w><w n="93">rja</w><w n="94">nī</w><w n="95">bhū</w><w n="96">ta</w><w n="97">syā</w><w n="98">bhi</w><w n="99">dhā</w><w n="100" lemma="naṃ">naṃ </w><w n="101" lemma="kā">kā </w><w n="102">kṣa</w><w n="103" lemma="tiḥ">tiḥ </w><w n="104" lemma="na">na </w><w n="105">kā</w><w n="106">ci</w><w n="107" lemma="tke">t ke</w><w n="108">va</w><w n="109" lemma="laṃ">lam </w><w n="110">u</w><w n="111">pā</w><w n="112">dhi</w><w n="113" lemma="ṣve">ṣv e</w><w n="114">vā</w><w n="115" lemma="tra">tra </w><w n="116"></w><w n="117">tā</w><w n="118">tpa</w><w n="119">rya</w><w n="120">dṛ</w><w n="121"></w><w n="122" lemma="ṣṭyā">ṣṭyā </w><w n="123">pa</w><w n="124">da</w><w n="125">baṃ</w><w n="126" lemma="dhaḥ">dho </w><w n="127">ni</w><w n="128">vā</w><w n="129">rya</w><w n="130" lemma="te">te </w><w n="131">gu</w><w n="132">ṇa</w><w n="133">tve</w><w n="134" lemma="na">na </w><w n="135" lemma="tva">tv a</w><w n="136">bhi</w><w n="137">dhā</w><w n="138" lemma="naṃ">nam </w><w n="139">a</w><w n="140" lemma="stu">stu </w><w n="141" lemma="na">na </w><w n="142"></w><w n="143">tā</w><w n="144">va</w><w n="145" lemma="tye">ty e</w><w n="146" lemma="va">va </w><w n="147">vi</w><w n="148">śrāṃ</w><w n="149" lemma="tiḥ">tir </w><w n="150">i</w><w n="151" lemma="ti">ti </w><w n="152">dra</w><w n="153">vya</w><w n="154"></w><w n="155"></w><w n="156"></w><w n="157">si</w><w n="158" lemma="dhiḥ">ddhiḥ | </w>
</text></TEI>
<TEI n="A">
<text>
<w n="0">na</w><w n="1" lemma="nu">nu </w><w n="2"></w><w n="3" lemma="ca">ca </w><w n="4"></w><w n="5"></w><w n="6">kā</w><w n="7">ryā</w><w n="8" lemma="dau">dau </w><w n="9">pra</w><w n="10">kṛ</w><w n="11">tya</w><w n="12">ca</w><w n="13" lemma="yaḥ">yo </w><w n="14">va</w><w n="15">dhā</w><w n="16">rya</w><w n="17" lemma="ta">ta </w><w n="18">e</w><w n="19" lemma="va">va </w><w n="20">i</w><w n="21">hā</w><w n="22" lemma="pi">pi </w><w n="23">va</w><w n="24">stū</w><w n="25" lemma="nāṃ">nāṃ </w><w n="26">jā</w><w n="27">ya</w><w n="28">mā</w><w n="29">na</w><w n="30">tve</w><w n="31" lemma="na">na </w><w n="32">sa</w><w n="33" lemma="tvā">ttvā</w><w n="34" lemma="tjñā">t_ jñā</w><w n="35">na</w><w n="36" lemma="sya">sya </w><w n="37">vai</w><w n="38" lemma="ka">ka&#166;</w><w n="39">lpi</w><w n="40">kā</w><w n="41">kā</w><w n="42">rā</w><w n="43"></w><w n="44">na</w><w n="45">va</w><w n="46">sthā</w><w n="47">nā</w><w n="48" lemma="nni">n ni</w><w n="49">rā</w><w n="50">kā</w><w n="51">ra</w><w n="52">śu</w><w n="53" lemma="dha">ddha</w><w n="54">saṃ</w><w n="55" lemma="viṃ">vin</w><w n="56">mā</w><w n="57">trā</w><w n="58">nu</w><w n="59">ga</w><w n="60">ma</w><w n="61" lemma="sya">sya </w><w n="62">sva</w><w n="63">saṃ</w><w n="64">vi</w><w n="65"></w><w n="66">tsi</w><w n="67" lemma="dha">ddha</w><w n="68">tvā</w><w n="69" lemma="ta">d a</w><w n="70">do</w><w n="71" lemma="ṣaḥ">ṣaḥ </w><w n="72">na</w><w n="73" lemma="nu">nu </w><w n="74">vi</w><w n="75">śe</w><w n="76">ṣa</w><w n="77">ṇo</w><w n="78">pa</w><w n="79">ra</w><w n="80" lemma="ktaṃ">ktaṃ </w><w n="81">vi</w><w n="82">śe</w><w n="83">ṣyā</w><w n="84">bhi</w><w n="85">dhā</w><w n="86" lemma="naṃ">nam </w><w n="87"></w><w n="88"></w><w n="89">i</w><w n="90" lemma="tyu">ty u</w><w n="91">pa</w><w n="92">sa</w><w n="93">rja</w><w n="94">nī</w><w n="95">bhū</w><w n="96">ta</w><w n="97">syā</w><w n="98">bhi</w><w n="99">dhā</w><w n="100" lemma="ne">ne </w><w n="101" lemma="kā">kā </w><w n="102">kṣa</w><w n="103" lemma="ti">ti </w><w n="104" lemma="na">na </w><w n="105">kā</w><w n="106">ci</w><w n="107" lemma="tke">t ke</w><w n="108">va</w><w n="109" lemma="laṃ">lam </w><w n="110">u</w><w n="111">pā</w><w n="112">dhi</w><w n="113">ṣṭe</w><w n="114">vā</w><w n="115" lemma="tra">tra </w><w n="116"></w><w n="117">tā</w><w n="118">tpa</w><w n="119">rya</w><w n="120">dṛ</w><w n="121"></w><w n="122" lemma="ṣṭyā">ṣṭyā </w><w n="123">pa</w><w n="124">da</w><w n="125">baṃ</w><w n="126" lemma="dhaḥ">dho </w><w n="127">ni</w><w n="128">vā</w><w n="129">rya</w><w n="130" lemma="te">te </w><w n="131">gu</w><w n="132">ṇa</w><w n="133">tve</w><w n="134" lemma="na">na </w><w n="135" lemma="tva">tv a</w><w n="136">bhi</w><w n="137">dhā</w><w n="138" lemma="naṃ">nam </w><w n="139">a</w><w n="140" lemma="stu">stu </w><w n="141" lemma="na">na </w><w n="142"></w><w n="143">tā</w><w n="144">va</w><w n="145" lemma="tye">ty e</w><w n="146" lemma="va">va </w><w n="147">vi</w><w n="148">śrāṃ</w><w n="149" lemma="tiḥ">tir </w><w n="150">i</w><w n="151" lemma="ti">ti </w><w n="152">dra</w><w n="153">vya</w><w n="154">ni</w><w n="155">ṣṭa</w><w n="156">tā</w><w n="157">si</w><w n="158" lemma="dhiḥ">ddhiḥ </w>
</text></TEI>
<TEI n="V">
<text>
<w n="0">na</w><w n="1" lemma="nu">nu </w><w n="2"></w><w n="3" lemma="va">va </w><w n="4"></w><w n="5"></w><w n="6">kā</w><w n="7">ryā</w><w n="8" lemma="dau">dau </w><w n="9" lemma="pra">pra&#166;</w><w n="10">kṛ</w><w n="11">tya</w><w n="12">nva</w><w n="13" lemma="yaḥ">yo </w><w n="14">va</w><w n="15">dhā</w><w n="16">rya</w><w n="17" lemma="ta">ta </w><w n="18">e</w><w n="19" lemma="va">va </w><w n="20">i</w><w n="21">hā</w><w n="22" lemma="pi">pi </w><w n="23">va</w><w n="24">stū</w><w n="25" lemma="nāṃ">nāṃ </w><w n="26">jā</w><w n="27">ya</w><w n="28">mā</w><w n="29">na</w><w n="30">tve</w><w n="31" lemma="na">na </w><w n="32">ma</w><w n="33">tvā</w><w n="34" lemma="tjñā">t_ jñā</w><w n="35">na</w><w n="36" lemma="sya">sya </w><w n="37">vai</w><w n="38">ka</w><w n="39">lpi</w><w n="40">kā</w><w n="41">kā</w><w n="42">rā</w><w n="43"></w><w n="44">na</w><w n="45">va</w><w n="46">sthā</w><w n="47">nā</w><w n="48" lemma="nni">n ni</w><w n="49">rā</w><w n="50">kā</w><w n="51">ra</w><w n="52">śu</w><w n="53" lemma="dha">ddha</w><w n="54">saṃ</w><w n="55" lemma="viṃ">vin</w><w n="56">mā</w><w n="57">trā</w><w n="58">nu</w><w n="59">ga</w><w n="60">ma</w><w n="61" lemma="sya">sya </w><w n="62">sva</w><w n="63">saṃ</w><w n="64">vi</w><w n="65"></w><w n="66">tsi</w><w n="67" lemma="dha">ddha</w><w n="68">tvā</w><w n="69" lemma="ta">d a</w><w n="70">do</w><w n="71" lemma="ṣaḥ">ṣaḥ </w><w n="72">na</w><w n="73" lemma="nu">nu </w><w n="74">vi</w><w n="75">śe</w><w n="76">ṣa</w><w n="77">ṇo</w><w n="78">pa</w><w n="79">ra</w><w n="80" lemma="ktaṃ">ktaṃ </w><w n="81">vi</w><w n="82">śe</w><w n="83">ṣyā</w><w n="84">bhi</w><w n="85">dhā</w><w n="86" lemma="naṃ">nam </w><w n="87"></w><w n="88"></w><w n="89">i</w><w n="90" lemma="tyu">ty u</w><w n="91">pa</w><w n="92">sa</w><w n="93">rja</w><w n="94">nā</w><w n="95">bhū</w><w n="96">ta</w><w n="97">syā</w><w n="98">bhi</w><w n="99">dhā</w><w n="100" lemma="ne">ne </w><w n="101" lemma="kā">kā </w><w n="102">kṣa</w><w n="103" lemma="tiḥ">tiḥ </w><w n="104" lemma="na">na </w><w n="105">kā</w><w n="106">ci</w><w n="107" lemma="tke">t ke</w><w n="108">va</w><w n="109" lemma="laṃ">lam </w><w n="110">u</w><w n="111">pā</w><w n="112">dhi</w><w n="113" lemma="ṣve">ṣv e</w><w n="114">vā</w><w n="115" lemma="tra">tra </w><w n="116"></w><w n="117">tā</w><w n="118">tpa</w><w n="119">rya</w><w n="120">dṛ</w><w n="121"></w><w n="122" lemma="ṣṭyā">ṣṭyā </w><w n="123">pa</w><w n="124">da</w><w n="125">baṃ</w><w n="126" lemma="dhaḥ">dho </w><w n="127">ni</w><w n="128">vā</w><w n="129">rya</w><w n="130" lemma="te">te </w><w n="131">gu</w><w n="132">ṇa</w><w n="133">tve</w><w n="134" lemma="na">na </w><w n="135" lemma="tva">tv a</w><w n="136">vi</w><w n="137">dhā</w><w n="138" lemma="naṃ">nam </w><w n="139">a</w><w n="140" lemma="stu">stu </w><w n="141" lemma="na">na </w><w n="142"></w><w n="143">tā</w><w n="144">va</w><w n="145" lemma="tye">ty e</w><w n="146" lemma="va">va </w><w n="147">vi</w><w n="148">śrāṃ</w><w n="149" lemma="tiḥ">tir </w><w n="150">i</w><w n="151" lemma="ti">ti </w><w n="152">dra</w><w n="153">vya</w><w n="154">ni</w><w n="155">mu</w><w n="156">tā</w><w n="157">si</w><w n="158" lemma="dhiḥ">ddhiḥ </w>
</text></TEI>
<TEI n="K">
<text>
<w n="0">na</w><w n="1" lemma="nu">nu </w><w n="2"></w><w n="3" lemma="va">va </w><w n="4"></w><w n="5"></w><w n="6">kā</w><w n="7">ryā</w><w n="8" lemma="dau">dau </w><w n="9">pra</w><w n="10">kṛ</w><w n="11">tya</w><w n="12">nva</w><w n="13" lemma="yaḥ">yo </w><w n="14">va</w><w n="15">dhā</w><w n="16">rya</w><w n="17" lemma="ta">ta </w><w n="18">e</w><w n="19" lemma="va">va </w><w n="20">i</w><w n="21">hā</w><w n="22" lemma="pi">pi </w><w n="23">va</w><w n="24">stū</w><w n="25" lemma="nāṃ">nāṃ </w><w n="26">jā</w><w n="27">ya</w><w n="28">mā</w><w n="29">na</w><w n="30">tve</w><w n="31" lemma="na">na </w><w n="32">sa</w><w n="33">tvā</w><w n="34" lemma="tjñā">t_ jñā</w><w n="35">na</w><w n="36" lemma="sya">sya </w><w n="37">vai</w><w n="38">ka</w><w n="39">lpi</w><w n="40">kā</w><w n="41">kā</w><w n="42">rā</w><w n="43"></w><w n="44">na</w><w n="45">va</w><w n="46">sthā</w><w n="47">nā</w><w n="48" lemma="nni">n ni</w><w n="49">rā</w><w n="50">kā</w><w n="51">ra</w><w n="52">śu</w><w n="53" lemma="dha">ddha</w><w n="54">saṃ</w><w n="55" lemma="viṃ">vin</w><w n="56">mā</w><w n="57">trā</w><w n="58">nu</w><w n="59">ga</w><w n="60">ma</w><w n="61" lemma="sya">sya </w><w n="62">sva</w><w n="63">saṃ</w><w n="64">vi</w><w n="65"></w><w n="66">tsi</w><w n="67" lemma="dha">ddha</w><w n="68">tvā</w><w n="69" lemma="ta">d a</w><w n="70">do</w><w n="71" lemma="ṣaḥ">ṣaḥ </w><w n="72">na</w><w n="73" lemma="nu">nu </w><w n="74">vi</w><w n="75">śe</w><w n="76">ṣa</w><w n="77">ṇo</w><w n="78">pa</w><w n="79">ra</w><w n="80" lemma="ktaṃ">ktaṃ </w><w n="81">vi</w><w n="82">śe</w><w n="83">ṣyā</w><w n="84">bhi</w><w n="85">dhā</w><w n="86" lemma="naṃ">nam </w><w n="87"></w><w n="88"></w><w n="89">i</w><w n="90" lemma="tyu">ty u</w><w n="91">pa</w><w n="92">sa</w><w n="93">rja</w><w n="94">nā</w><w n="95">bhū</w><w n="96">ta</w><w n="97">syā</w><w n="98">bhi</w><w n="99">dhā</w><w n="100" lemma="ne">ne </w><w n="101" lemma="kā">kā </w><w n="102">kṣa</w><w n="103" lemma="tiḥ">tiḥ </w><w n="104" lemma="na">na </w><w n="105">kā</w><w n="106">ci</w><w n="107" lemma="tke">t ke</w><w n="108">va</w><w n="109" lemma="laṃ">lam </w><w n="110">u</w><w n="111">pā</w><w n="112">dhi</w><w n="113" lemma="ṣve">ṣv e</w><w n="114">vā</w><w n="115" lemma="tra">tra </w><w n="116"></w><w n="117">tā</w><w n="118">tpa</w><w n="119">rya</w><w n="120">dṛ</w><w n="121"></w><w n="122" lemma="ṣṭyā">ṣṭyā </w><w n="123">pa</w><w n="124">da</w><w n="125">baṃ</w><w n="126" lemma="dhaḥ">dho </w><w n="127">ni</w><w n="128">vā</w><w n="129">rya</w><w n="130" lemma="te">te | </w><w n="131">gu</w><w n="132">ṇa</w><w n="133">tve</w><w n="134" lemma="na">na </w><w n="135" lemma="tva">tv a</w><w n="136">ni</w><w n="137">dhā</w><w n="138" lemma="naṃ">nam </w><w n="139">a</w><w n="140" lemma="stu">stu </w><w n="141" lemma="na">na </w><w n="142"></w><w n="143">tā</w><w n="144">va</w><w n="145" lemma="tye">ty e</w><w n="146" lemma="va">va </w><w n="147">vi</w><w n="148">śrāṃ</w><w n="149" lemma="tiḥ">tir </w><w n="150">i</w><w n="151" lemma="ti">ti </w><w n="152">dra</w><w n="153">vya</w><w n="154">ni</w><w n="155">mu</w><w n="156">tā</w><w n="157">si</w><w n="158" lemma="dhiḥ">ddhiḥ </w>
</text></TEI>
<TEI n="D">
<text>
<w n="0">na</w><w n="1" lemma="nu">nu </w><w n="2"></w><w n="3" lemma="ca">ca </w><w n="4"></w><w n="5"></w><w n="6">kā</w><w n="7">ryā</w><w n="8" lemma="dau">dau </w><w n="9">pra</w><w n="10">kṛ</w><w n="11">tya</w><w n="12">nva</w><w n="13" lemma="yaḥ">yo </w><w n="14">va</w><w n="15">dhā</w><w n="16">rya</w><w n="17" lemma="ta">ta </w><w n="18">e</w><w n="19" lemma="va">va </w><w n="20">i</w><w n="21">hā</w><w n="22" lemma="pi">pi </w><w n="23">va</w><w n="24">stū</w><w n="25" lemma="nāṃ">nāṃ </w><w n="26">jñā</w><w n="27">ya</w><w n="28">mā</w><w n="29">na</w><w n="30">tve</w><w n="31" lemma="na">na </w><w n="32">sa</w><w n="33" lemma="tvā">ttvā</w><w n="34" lemma="tjñā">t_ jñā</w><w n="35">na</w><w n="36" lemma="sya">sya </w><w n="37">vai</w><w n="38">ka</w><w n="39">lpi</w><w n="40">kā</w><w n="41">kā</w><w n="42">rā</w><w n="43"></w><w n="44">na</w><w n="45">va</w><w n="46">sthā</w><w n="47">nā</w><w n="48" lemma="nni">n ni</w><w n="49">rā</w><w n="50">kā</w><w n="51">ra</w><w n="52">śu</w><w n="53" lemma="dha">ddha</w><w n="54">saṃ</w><w n="55" lemma="viṃ">vin</w><w n="56">mā</w><w n="57">trā</w><w n="58">nu</w><w n="59">ga</w><w n="60">ma</w><w n="61" lemma="sya">sya </w><w n="62">sva</w><w n="63">saṃ</w><w n="64">vi</w><w n="65"></w><w n="66">tsi</w><w n="67" lemma="dha">ddha</w><w n="68">tvā</w><w n="69" lemma="ta">d a</w><w n="70">do</w><w n="71" lemma="ṣaḥ">ṣaḥ </w><w n="72">na</w><w n="73" lemma="nu">nu </w><w n="74">vi</w><w n="75">śe</w><w n="76">ṣa</w><w n="77">ṇo</w><w n="78">pa</w><w n="79">ra</w><w n="80" lemma="ktaṃ">ktaṃ </w><w n="81">vi</w><w n="82">śe</w><w n="83">ṣyā</w><w n="84">bhi</w><w n="85">dhā</w><w n="86" lemma="naṃ">nam </w><w n="87"></w><w n="88"></w><w n="89">i</w><w n="90" lemma="tyu">ty u</w><w n="91">pa</w><w n="92">sa</w><w n="93">rja</w><w n="94">nī</w><w n="95">bhū</w><w n="96">ta</w><w n="97">syā</w><w n="98">bhi</w><w n="99">dhā</w><w n="100" lemma="ne">ne </w><w n="101" lemma="kā">kā </w><w n="102">kṣa</w><w n="103" lemma="tiḥ">tiḥ </w><w n="104" lemma="na">na </w><w n="105">kā</w><w n="106">ci</w><w n="107" lemma="tke">t ke</w><w n="108">va</w><w n="109" lemma="laṃ">lam </w><w n="110">u</w><w n="111">pā</w><w n="112">dhi</w><w n="113" lemma="ṣve">ṣv e</w><w n="114">vā</w><w n="115" lemma="tra">tra </w><w n="116"></w><w n="117">tā</w><w n="118">tpa</w><w n="119">rya</w><w n="120">dṛ</w><w n="121"></w><w n="122" lemma="ṣṭyā">ṣṭyā </w><w n="123">pa</w><w n="124">da</w><w n="125">baṃ</w><w n="126" lemma="dhaḥ">dho </w><w n="127">ni</w><w n="128">vā</w><w n="129">rya</w><w n="130" lemma="te">te | </w><w n="131">gu</w><w n="132">ṇa</w><w n="133">tve</w><w n="134" lemma="na">na </w><w n="135" lemma="tva">tv a</w><w n="136">bhi</w><w n="137">dhā</w><w n="138" lemma="naṃ">nam </w><w n="139">a</w><w n="140" lemma="stu">stu </w><w n="141" lemma="na">na </w><w n="142"></w><w n="143">tā</w><w n="144">va</w><w n="145" lemma="tye">ty e</w><w n="146" lemma="va">va </w><w n="147">vi</w><w n="148">śrāṃ</w><w n="149" lemma="tiḥ">tir </w><w n="150">i</w><w n="151" lemma="ti">ti </w><w n="152">dra</w><w n="153">vya</w><w n="154">ni</w><w n="155">ṣṭha</w><w n="156">tā</w><w n="157">si</w><w n="158" lemma="dhiḥ">ddhiḥ </w>
</text></TEI>
</teiCorpus>
