<?xml version="1.0" encoding="UTF-8"?>
<teiCorpus xmlns="http://www.tei-c.org/ns/1.0">

<TEI n="GV">
<text>
<w n="0"></w><w n="1"></w><w n="2"></w><w n="3"></w><w n="4"></w><w n="5"></w><w n="6"></w><w n="7"></w><w n="8"></w><w n="9"></w><w n="10"></w><w n="11"></w><w n="12"></w><w n="13"></w><w n="14"></w><w n="15"></w><w n="16"></w><w n="17"></w><w n="18"></w><w n="19"></w><w n="20"></w><w n="21"></w><w n="22"></w><w n="23"></w><w n="24"></w><w n="25"></w><w n="26"></w><w n="27"></w><w n="28"></w><w n="29"></w><w n="30"></w><w n="31"></w><w n="32"></w><w n="33"></w><w n="34"></w><w n="35"></w><w n="36"></w><w n="37"></w><w n="38"></w><w n="39"></w><w n="40"></w><w n="41"></w><w n="42"></w><w n="43"></w><w n="44"></w><w n="45"></w><w n="46"></w><w n="47"></w><w n="48"></w><w n="49"></w><w n="50"></w><w n="51"></w><w n="52"></w><w n="53"></w><w n="54"></w><w n="55"></w><w n="56"></w><w n="57"></w><w n="58"></w><w n="59"></w><w n="60"></w><w n="61"></w><w n="62"></w><w n="63"></w><w n="64"></w><w n="65"></w><w n="66"></w><w n="67"></w><w n="68"></w>
</text></TEI>
<TEI n="CT">
<text>
<w n="0">i</w><w n="1" lemma="ha">ha </w><w n="2" lemma="tu">tu </w><w n="3">pā</w><w n="4">ra</w><w n="5">mā</w><w n="6">rtha</w><w n="7" lemma="kaṃ">kaṃ </w><w n="8"></w><w n="9"></w><w n="10">ni</w><w n="11">rū</w><w n="12" lemma="pya">pya-</w><w n="13" lemma="te">te | </w><w n="14">ta</w><w n="15" lemma="thā">thā </w><w n="16" lemma="hyā">hy ā</w><w n="17"></w><w n="18">tmā</w><w n="19">dvai</w><w n="20">ta</w><w n="21">vā</w><w n="22">di</w><w n="23" lemma="bhiḥ">bhir </w><w n="24">ā</w><w n="25">tma</w><w n="26">śa</w><w n="27">bde</w><w n="28" lemma="na">na </w><w n="29"></w><w n="30"></w><w n="31"></w><w n="32"></w><w n="33"></w><w n="34"></w><w n="35"></w><w n="36"></w><w n="37"></w><w n="38"></w><w n="39"></w><w n="40"></w><w n="41" lemma="naṃ">naṃ </w><w n="42"></w><w n="43"></w><w n="44"></w><w n="45"></w><w n="46"></w><w n="47"></w><w n="48">dra</w><w n="49" lemma="vyaṃ">vyaṃ </w><w n="50">pa</w><w n="51">dā</w><w n="52" lemma="nāṃ">nām </w><w n="53">a</w><w n="54" lemma="rtha">rtha </w><w n="55">i</w><w n="56" lemma="ti">ti </w><w n="57">te</w><w n="58" lemma="ṣāṃ">ṣāṃ </w><w n="59">da</w><w n="60">rśa</w><w n="61" lemma="naṃ">nam </w><w n="62" lemma="i">i-</w><w n="63">hai</w><w n="64" lemma="va">va </w><w n="65">va</w><w n="66">kṣya</w><w n="67">mā</w><w n="68" lemma="ṇaṃ">ṇaṃ </w>
</text></TEI>
<TEI n="T">
<text>
<w n="0">i</w><w n="1" lemma="ha">ha </w><w n="2" lemma="tu">tu </w><w n="3">pā</w><w n="4">ra</w><w n="5">mā</w><w n="6" lemma="rthi">rtthi</w><w n="7">ka</w><w n="8"></w><w n="9"></w><w n="10" lemma="nni">n ni</w><w n="11">rū</w><w n="12">pya</w><w n="13" lemma="te">te </w><w n="14">ta</w><w n="15" lemma="thā">thā </w><w n="16" lemma="hyā">hy ā</w><w n="17"></w><w n="18">tmā</w><w n="19">dvai</w><w n="20">ta</w><w n="21">vā</w><w n="22">di</w><w n="23" lemma="bhiḥ">bhir </w><w n="24">ā</w><w n="25">tma</w><w n="26">śa</w><w n="27">bde</w><w n="28" lemma="na">na </w><w n="29" lemma="ta">ta </w><w n="30">dra</w><w n="31" lemma="vyaṃ">vyam </w><w n="32">u</w><w n="33" lemma="ktaṃ">ktaṃ </w><w n="34">ā</w><w n="35">tmai</w><w n="36" lemma="va">va </w><w n="37" lemma="hyu">hy u</w><w n="38">pā</w><w n="39">dhi</w><w n="40" lemma="bhiṃ">bhin</w><w n="41" lemma="naṃ">naṃ </w><w n="42">pra</w><w n="43">ti</w><w n="44">bhā</w><w n="45">sa</w><w n="46">mā</w><w n="47">na</w><w n="48" lemma="ndra">n dra</w><w n="49" lemma="vyaṃ">vyaṃ </w><w n="50">pa</w><w n="51">dā</w><w n="52" lemma="nāṃ">nām </w><w n="53">a</w><w n="54" lemma="rtha">rttha </w><w n="55">i</w><w n="56" lemma="ti">ti </w><w n="57">te</w><w n="58">ṣā</w><w n="59" lemma="nda">n da</w><w n="60">rśa</w><w n="61" lemma="naṃ">nam </w><w n="62">i</w><w n="63">hai</w><w n="64" lemma="va">va </w><w n="65">va</w><w n="66">kṣya</w><w n="67">mā</w><w n="68" lemma="ṇaṃ">ṇaṃ </w>
</text></TEI>
<TEI n="H">
<text>
<w n="0">i</w><w n="1" lemma="ha">ha </w><w n="2" lemma="tu">tu </w><w n="3">pā</w><w n="4">ra</w><w n="5">mā</w><w n="6">rthi</w><w n="7" lemma="kaṃ">kaṃ </w><w n="8">dra</w><w n="9" lemma="vyaṃ">vyaṃ </w><w n="10">ni</w><w n="11">rū</w><w n="12">pya</w><w n="13" lemma="te">te | </w><w n="14">ta</w><w n="15" lemma="thā">thā </w><w n="16" lemma="hyā">hy ā</w><w n="17"></w><w n="18">tmā</w><w n="19">dvai</w><w n="20">ta</w><w n="21">vā</w><w n="22">di</w><w n="23" lemma="bhiḥ">bhir </w><w n="24">ā</w><w n="25">tma</w><w n="26">śa</w><w n="27">bde</w><w n="28" lemma="na">na </w><w n="29"></w><w n="30">dra</w><w n="31" lemma="vyaṃ">vyam </w><w n="32">u</w><w n="33" lemma="ktaṃ">ktaṃ | </w><w n="34">ā</w><w n="35">tmai</w><w n="36" lemma="va">va </w><w n="37" lemma="hyu">hy u</w><w n="38">pā</w><w n="39">dhi</w><w n="40" lemma="bhiṃ">bhin</w><w n="41" lemma="naṃ">naṃ </w><w n="42">pra</w><w n="43">ti</w><w n="44">bhā</w><w n="45">sa</w><w n="46">mā</w><w n="47" lemma="naṃ">naṃ </w><w n="48">dra</w><w n="49" lemma="vyaṃ">vyaṃ </w><w n="50">pa</w><w n="51">dā</w><w n="52" lemma="nāṃ">nām </w><w n="53">a</w><w n="54" lemma="rtha">rtha </w><w n="55">i</w><w n="56" lemma="ti">ti </w><w n="57">te</w><w n="58" lemma="ṣāṃ">ṣāṃ </w><w n="59">da</w><w n="60">rśa</w><w n="61" lemma="naṃ">naṃ </w><w n="62">i</w><w n="63">hai</w><w n="64" lemma="va">va </w><w n="65">va</w><w n="66">kṣya</w><w n="67">mā</w><w n="68" lemma="ṇa">ṇa </w>
</text></TEI>
<TEI n="P">
<text>
<w n="0">i</w><w n="1" lemma="ha">ha </w><w n="2" lemma="tu">tu </w><w n="3">pā</w><w n="4">ra</w><w n="5">mā</w><w n="6">rthi</w><w n="7" lemma="kaṃ">kaṃ </w><w n="8">dra</w><w n="9" lemma="vya">vya </w><w n="10">ni</w><w n="11">rū</w><w n="12">pya</w><w n="13" lemma="te">te </w><w n="14">ta</w><w n="15" lemma="thā">thā </w><w n="16" lemma="hi">hi </w><w n="17">ā</w><w n="18">tmā</w><w n="19">dvai</w><w n="20">ta</w><w n="21">vā</w><w n="22">di</w><w n="23" lemma="bhiḥ">bhir </w><w n="24">ā</w><w n="25">tma</w><w n="26">śa</w><w n="27">bde</w><w n="28" lemma="na">na </w><w n="29" lemma="ta">ta </w><w n="30">dra</w><w n="31" lemma="vyaṃ">vyam </w><w n="32">u</w><w n="33" lemma="ktaṃ">ktaṃ </w><w n="34">jā</w><w n="35">tmai</w><w n="36" lemma="va">va </w><w n="37" lemma="hyu">hy u</w><w n="38">pā</w><w n="39">dhi</w><w n="40" lemma="bhiṃ">bhin</w><w n="41" lemma="naṃ">naṃ </w><w n="42">pra</w><w n="43">ti</w><w n="44">bhā</w><w n="45">sa</w><w n="46">mā</w><w n="47" lemma="naṃ">naṃ </w><w n="48">dra</w><w n="49" lemma="vyaṃ">vyaṃ </w><w n="50">pā</w><w n="51">dā</w><w n="52" lemma="nāṃ">nām </w><w n="53">a</w><w n="54" lemma="rtha">rtha </w><w n="55">i</w><w n="56" lemma="ti">ti </w><w n="57">te</w><w n="58" lemma="ṣāṃ">ṣāṃ </w><w n="59">da</w><w n="60">rśa</w><w n="61" lemma="naṃ">naṃ </w><w n="62">i</w><w n="63">hai</w><w n="64" lemma="va">va </w><w n="65">va</w><w n="66">kṣya</w><w n="67">mā</w><w n="68" lemma="ṇaṃ">ṇaṃ </w>
</text></TEI>
<TEI n="M">
<text>
<w n="0">i</w><w n="1" lemma="ha">ha </w><w n="2" lemma="tu">tu </w><w n="3">pā</w><w n="4">ra</w><w n="5">mā</w><w n="6">rthi</w><w n="7" lemma="kaṃ">kaṃ </w><w n="8">dra</w><w n="9" lemma="vyaṃ">vyaṃ </w><w n="10">ni</w><w n="11">rū</w><w n="12">pya</w><w n="13" lemma="te">te | </w><w n="14" lemma="ta">ta&#166;</w><w n="15" lemma="thā">thā </w><w n="16" lemma="hi">hi | </w><w n="17">ā</w><w n="18">tmā</w><w n="19">dvai</w><w n="20">ta</w><w n="21">vā</w><w n="22">di</w><w n="23" lemma="bhiḥ">bhir </w><w n="24">ā</w><w n="25">tma</w><w n="26">śa</w><w n="27">bde</w><w n="28" lemma="na">na </w><w n="29">ta</w><w n="30" lemma="tdra">d dra</w><w n="31" lemma="vyaṃ">vyam </w><w n="32">u</w><w n="33" lemma="ktaṃ">ktaṃ | </w><w n="34">ā</w><w n="35">tmai</w><w n="36" lemma="va">va </w><w n="37" lemma="hyu">hy u</w><w n="38">pā</w><w n="39">dhi</w><w n="40" lemma="bhiṃ">bhin</w><w n="41" lemma="naṃ">naṃ </w><w n="42">pra</w><w n="43">ti</w><w n="44">bhā</w><w n="45">sa</w><w n="46">mā</w><w n="47" lemma="naṃ">naṃ </w><w n="48">dra</w><w n="49" lemma="vyaṃ">vyaṃ </w><w n="50">pā</w><w n="51">dā</w><w n="52" lemma="nāṃ">nām </w><w n="53">a</w><w n="54" lemma="rtha">rtha </w><w n="55">i</w><w n="56" lemma="ti">ti </w><w n="57">te</w><w n="58" lemma="ṣāṃ">ṣāṃ </w><w n="59">da</w><w n="60">rśa</w><w n="61" lemma="naṃ">naṃ | </w><w n="62">i</w><w n="63">hai</w><w n="64" lemma="va">va </w><w n="65">va</w><w n="66">kṣya</w><w n="67">mā</w><w n="68">ṇaṃ</w>
</text></TEI>
<TEI n="G2">
<text>
<w n="0">i</w><w n="1" lemma="ha">ha </w><w n="2" lemma="tu">tu </w><w n="3">pā</w><w n="4">ra</w><w n="5">mā</w><w n="6">rthi</w><w n="7" lemma="kaṃ">kaṃ </w><w n="8">dra</w><w n="9" lemma="vyaṃ">vyaṃ </w><w n="10">ni</w><w n="11">rū</w><w n="12">pya</w><w n="13" lemma="te">te </w><w n="14">ta</w><w n="15" lemma="thā">thā </w><w n="16" lemma="hi">hi </w><w n="17">ā</w><w n="18">tmā</w><w n="19">dvai</w><w n="20">ta</w><w n="21">vā</w><w n="22">di</w><w n="23" lemma="bhiḥ">bhir </w><w n="24">ā</w><w n="25">tma</w><w n="26">śa</w><w n="27">bde</w><w n="28" lemma="na">na </w><w n="29" lemma="ta">ta </w><w n="30">dra</w><w n="31">vya</w><w n="32">yu</w><w n="33" lemma="ktaṃ">ktam </w><w n="34">ā</w><w n="35">tmai</w><w n="36" lemma="va">va </w><w n="37" lemma="hyu">hy u</w><w n="38">pā</w><w n="39">dhi</w><w n="40" lemma="bhiṃ">bhin</w><w n="41" lemma="naṃ">naṃ </w><w n="42">pra</w><w n="43">gti</w><w n="44">bhā</w><w n="45">sa</w><w n="46">mā</w><w n="47" lemma="naṃ">naṃ </w><w n="48">dra</w><w n="49" lemma="vyaṃ">vyaṃ </w><w n="50">pa</w><w n="51">dā</w><w n="52" lemma="nāṃ">nām </w><w n="53">a</w><w n="54" lemma="rtha">rtha </w><w n="55">i</w><w n="56" lemma="ti">ti </w><w n="57">ne</w><w n="58" lemma="ṣāṃ">ṣāṃ </w><w n="59">da</w><w n="60">rśa</w><w n="61" lemma="naṃ">nam </w><w n="62">i</w><w n="63">hai</w><w n="64" lemma="va">va </w><w n="65">va</w><w n="66">kṣa</w><w n="67">mā</w><w n="68" lemma="ṇaṃ">ṇaṃ </w>
</text></TEI>
<TEI n="G1">
<text>
<w n="0">i</w><w n="1" lemma="ha">ha </w><w n="2" lemma="tu">tu </w><w n="3">pā</w><w n="4">ra</w><w n="5">mā</w><w n="6">rthi</w><w n="7" lemma="kaṃ">kaṃ </w><w n="8">dra</w><w n="9" lemma="vyaṃ">vyaṃ </w><w n="10">ni</w><w n="11">rū</w><w n="12">pya</w><w n="13" lemma="te">te </w><w n="14">ta</w><w n="15" lemma="thā">thā </w><w n="16" lemma="hi">hi </w><w n="17">ā</w><w n="18">tmā</w><w n="19">dvai</w><w n="20">ta</w><w n="21">vā</w><w n="22">di</w><w n="23" lemma="bhiḥ">bhir </w><w n="24">ā</w><w n="25">tma</w><w n="26">śa</w><w n="27">bde</w><w n="28" lemma="na">na </w><w n="29" lemma="ta">ta </w><w n="30" lemma="dra">dra-</w><w n="31">vya</w><w n="32">yu</w><w n="33" lemma="ktaṃ">ktam </w><w n="34">ā</w><w n="35">tmai</w><w n="36" lemma="va">va </w><w n="37" lemma="hyu">hy u</w><w n="38">pā</w><w n="39">dhi</w><w n="40" lemma="bhiṃ">bhin</w><w n="41" lemma="naṃ">naṃ </w><w n="42">pra</w><w n="43">gti</w><w n="44">bhā</w><w n="45">sa</w><w n="46">mā</w><w n="47" lemma="naṃ">naṃ </w><w n="48">dra</w><w n="49" lemma="vyaṃ">vyaṃ </w><w n="50">pa</w><w n="51">dā</w><w n="52" lemma="nāṃ">nām </w><w n="53">a</w><w n="54" lemma="rtha">rtha </w><w n="55">i</w><w n="56" lemma="ti">ti </w><w n="57">ne</w><w n="58" lemma="ṣāṃ">ṣāṃ </w><w n="59">da</w><w n="60">rśa</w><w n="61" lemma="naṃ">nam </w><w n="62">i</w><w n="63">hai</w><w n="64" lemma="va">va </w><w n="65">va</w><w n="66">kṣa</w><w n="67">mā</w><w n="68" lemma="ṇaṃ">ṇaṃ </w>
</text></TEI>
<TEI n="L">
<text>
<w n="0">i</w><w n="1" lemma="ha">ha </w><w n="2" lemma="tu">tu </w><w n="3">pā</w><w n="4">ra</w><w n="5">mā</w><w n="6">rthi</w><w n="7" lemma="kaṃ">kaṃ </w><w n="8">dra</w><w n="9" lemma="vyaṃ">vyaṃ </w><w n="10">ni</w><w n="11">rū</w><w n="12">pya</w><w n="13" lemma="te">te </w><w n="14">ta</w><w n="15" lemma="thā">thā </w><w n="16" lemma="hi">hi | </w><w n="17">ā</w><w n="18">tmā</w><w n="19">dvai</w><w n="20">ta</w><w n="21">vā</w><w n="22">di</w><w n="23" lemma="bhiḥ">bhir </w><w n="24">ā</w><w n="25">tma</w><w n="26">śa</w><w n="27">bde</w><w n="28" lemma="na">na </w><w n="29">ta</w><w n="30" lemma="tdra">d dra</w><w n="31">vya</w><w n="32">yu</w><w n="33" lemma="ktaṃ">ktam </w><w n="34">ā</w><w n="35">tmai</w><w n="36" lemma="va">va </w><w n="37" lemma="hyu">hy u</w><w n="38">pā</w><w n="39">dhi</w><w n="40" lemma="bhiṃ">bhin</w><w n="41" lemma="naṃ">naṃ </w><w n="42">pra</w><w n="43">ti</w><w n="44">bhā</w><w n="45">sa</w><w n="46">mā</w><w n="47" lemma="naṃ">naṃ </w><w n="48">dra</w><w n="49" lemma="vyaṃ">vyaṃ </w><w n="50">pa</w><w n="51">dā</w><w n="52" lemma="nāṃ">nām </w><w n="53">a</w><w n="54" lemma="rtha">rtha </w><w n="55">i</w><w n="56" lemma="ti">ti </w><w n="57">te</w><w n="58" lemma="ṣāṃ">ṣāṃ </w><w n="59">da</w><w n="60">rśa</w><w n="61" lemma="naṃ">nam </w><w n="62">i</w><w n="63">hai</w><w n="64" lemma="va">va </w><w n="65">va</w><w n="66">kṣya</w><w n="67">mā</w><w n="68" lemma="ṇaṃ">ṇaṃ </w>
</text></TEI>
<TEI n="O">
<text>
<w n="0">i</w><w n="1" lemma="ha">ha </w><w n="2" lemma="tu">tu </w><w n="3">pā</w><w n="4">ra</w><w n="5">mā</w><w n="6" lemma="rthi">rtthi</w><w n="7" lemma="kaṃ">kaṃ </w><w n="8">dra</w><w n="9" lemma="vyaṃ">vyaṃ </w><w n="10">ni</w><w n="11">rū</w><w n="12">pya</w><w n="13" lemma="te">te | </w><w n="14">ta</w><w n="15" lemma="thā">thā </w><w n="16" lemma="hi">hi | </w><w n="17">ā</w><w n="18">tmā</w><w n="19">dvai</w><w n="20">ta</w><w n="21">vā</w><w n="22">di</w><w n="23" lemma="bhiḥ">bhir </w><w n="24">ā</w><w n="25">tma</w><w n="26">śa</w><w n="27">bde</w><w n="28" lemma="na">na </w><w n="29">ta</w><w n="30" lemma="tdra">d dra</w><w n="31">vya</w><w n="32">yu</w><w n="33" lemma="ktaṃ">ktam </w><w n="34">ā</w><w n="35">tmai</w><w n="36" lemma="va">va </w><w n="37" lemma="hyu">hy u</w><w n="38">pā</w><w n="39">dhi</w><w n="40" lemma="bhiṃ">bhin</w><w n="41" lemma="naṃ">naṃ </w><w n="42">pra</w><w n="43">ti</w><w n="44">bhā</w><w n="45">sa</w><w n="46">mā</w><w n="47" lemma="naṃ">naṃ </w><w n="48">dra</w><w n="49" lemma="vyaṃ">vyaṃ </w><w n="50">pa</w><w n="51">dā</w><w n="52" lemma="nāṃ">nām </w><w n="53">a</w><w n="54" lemma="rtha">rttha </w><w n="55">i</w><w n="56" lemma="ti">ti </w><w n="57">te</w><w n="58" lemma="ṣāṃ">ṣāṃ </w><w n="59">da</w><w n="60">rśa</w><w n="61" lemma="naṃ">nam </w><w n="62">i</w><w n="63">hai</w><w n="64" lemma="va">va </w><w n="65">va</w><w n="66">kṣya</w><w n="67">mā</w><w n="68" lemma="ṇaṃ">ṇaṃ </w>
</text></TEI>
<TEI n="A">
<text>
<w n="0">i</w><w n="1" lemma="ha">ha </w><w n="2" lemma="tu">tu </w><w n="3">pā</w><w n="4">ra</w><w n="5">mā</w><w n="6">rthi</w><w n="7" lemma="kaṃ">kaṃ </w><w n="8">dra</w><w n="9" lemma="vyaṃ">vyaṃ </w><w n="10">ni</w><w n="11">rū</w><w n="12">pya</w><w n="13" lemma="te">te </w><w n="14">ta</w><w n="15" lemma="thā">thā </w><w n="16" lemma="hi">hi </w><w n="17">ā</w><w n="18">tmā</w><w n="19">dvai</w><w n="20">ta</w><w n="21">vā</w><w n="22">di</w><w n="23" lemma="bhiḥ">bhir </w><w n="24">ā</w><w n="25">tma</w><w n="26">śa</w><w n="27">bde</w><w n="28" lemma="na">na </w><w n="29" lemma="ta">ta </w><w n="30">dra</w><w n="31" lemma="vyaṃ">vyam </w><w n="32">u</w><w n="33" lemma="ktaṃ">ktam </w><w n="34">ā</w><w n="35">tmai</w><w n="36" lemma="va">va </w><w n="37" lemma="hyu">hy u</w><w n="38">pā</w><w n="39">dhi</w><w n="40" lemma="bhiṃ">bhin</w><w n="41" lemma="naṃ">naṃ </w><w n="42">pra</w><w n="43">ti</w><w n="44">bhā</w><w n="45">sa</w><w n="46">mā</w><w n="47" lemma="naṃ">naṃ </w><w n="48">dra</w><w n="49" lemma="vyaṃ">vyaṃ </w><w n="50">pa</w><w n="51">dā</w><w n="52" lemma="nāṃ">nām </w><w n="53">a</w><w n="54" lemma="rtha">rtha </w><w n="55">i</w><w n="56" lemma="ti">ti </w><w n="57">te</w><w n="58" lemma="ṣāṃ">ṣāṃ </w><w n="59">da</w><w n="60">rśa</w><w n="61" lemma="naṃ">nam </w><w n="62">i</w><w n="63">hai</w><w n="64" lemma="va">va </w><w n="65">va</w><w n="66">kṣya</w><w n="67">mā</w><w n="68" lemma="ṇaṃ">ṇaṃ </w>
</text></TEI>
<TEI n="V">
<text>
<w n="0">i</w><w n="1" lemma="ha">ha </w><w n="2" lemma="tu">tu </w><w n="3">pā</w><w n="4">ra</w><w n="5">mā</w><w n="6">rthi</w><w n="7" lemma="kaṃ">kaṃ </w><w n="8">dra</w><w n="9" lemma="vyaṃ">vyaṃ </w><w n="10">ni</w><w n="11">rū</w><w n="12">pya</w><w n="13" lemma="te">te </w><w n="14">ta</w><w n="15" lemma="thā">thā </w><w n="16" lemma="hi">hi </w><w n="17">ā</w><w n="18">tmā</w><w n="19">dvai</w><w n="20">ta</w><w n="21">vā</w><w n="22">di</w><w n="23" lemma="bhiḥ">bhir </w><w n="24">ā</w><w n="25">tma</w><w n="26">śa</w><w n="27">bde</w><w n="28" lemma="na">na </w><w n="29">ta</w><w n="30" lemma="tdra">d dra</w><w n="31">vya</w><w n="32">yu</w><w n="33" lemma="ktaṃ">ktam </w><w n="34">ā</w><w n="35">tmai</w><w n="36" lemma="va">va </w><w n="37" lemma="hyu">hy u</w><w n="38">pā</w><w n="39">dhi</w><w n="40" lemma="bhiṃ">bhin</w><w n="41" lemma="naṃ">naṃ </w><w n="42">pra</w><w n="43">ti</w><w n="44">bhā</w><w n="45">sa</w><w n="46">mā</w><w n="47" lemma="naṃ">naṃ </w><w n="48">dra</w><w n="49" lemma="vya">vya </w><w n="50">pa</w><w n="51">dā</w><w n="52" lemma="nāṃ">nām </w><w n="53">a</w><w n="54" lemma="rtha">rtha </w><w n="55">i</w><w n="56" lemma="ti">ti </w><w n="57">te</w><w n="58" lemma="ṣāṃ">ṣāṃ </w><w n="59">da</w><w n="60">rśa</w><w n="61" lemma="naṃ">nam </w><w n="62">i</w><w n="63">hai</w><w n="64" lemma="va">va </w><w n="65">va</w><w n="66">kṣya</w><w n="67">mā</w><w n="68" lemma="ṇaṃ">ṇaṃ </w>
</text></TEI>
<TEI n="K">
<text>
<w n="0">i</w><w n="1" lemma="ha">ha </w><w n="2" lemma="tu">tu </w><w n="3">pā</w><w n="4">ra</w><w n="5">mā</w><w n="6">rthi</w><w n="7" lemma="kaṃ">kaṃ </w><w n="8">dra</w><w n="9" lemma="vyaṃ">vyaṃ </w><w n="10">ni</w><w n="11">rū</w><w n="12">pya</w><w n="13" lemma="te">te | </w><w n="14">ta</w><w n="15" lemma="thā">thā </w><w n="16" lemma="hi">hi </w><w n="17">ā</w><w n="18">tmā</w><w n="19">dvai</w><w n="20">ta</w><w n="21">vā</w><w n="22">di</w><w n="23" lemma="bhiḥ">bhir </w><w n="24">ā</w><w n="25">tma</w><w n="26">śa</w><w n="27">bde</w><w n="28" lemma="na">na </w><w n="29">ta</w><w n="30" lemma="tdra">d dra</w><w n="31">vya</w><w n="32">yu</w><w n="33" lemma="ktaṃ">ktam </w><w n="34">ā</w><w n="35">tmai</w><w n="36" lemma="va">va </w><w n="37" lemma="hyu">hy u</w><w n="38">pā</w><w n="39">dhi</w><w n="40" lemma="bhiṃ">bhin</w><w n="41" lemma="naṃ">naṃ </w><w n="42">pra</w><w n="43">ti</w><w n="44">bhā</w><w n="45">sa</w><w n="46">mā</w><w n="47" lemma="naṃ">naṃ </w><w n="48">dra</w><w n="49" lemma="vya">vya </w><w n="50">pa</w><w n="51">dā</w><w n="52" lemma="nāṃ">nām </w><w n="53">a</w><w n="54" lemma="rtha">rtha </w><w n="55">i</w><w n="56" lemma="ti">ti </w><w n="57">te</w><w n="58" lemma="ṣāṃ">ṣāṃ </w><w n="59">da</w><w n="60">rśa</w><w n="61" lemma="naṃ">nam </w><w n="62">i</w><w n="63">hai</w><w n="64" lemma="va">va </w><w n="65">va</w><w n="66">kṣya</w><w n="67">mā</w><w n="68" lemma="ṇaṃ">ṇaṃ </w>
</text></TEI>
<TEI n="D">
<text>
<w n="0">i</w><w n="1" lemma="ha">ha </w><w n="2" lemma="tu">tu </w><w n="3">pā</w><w n="4">ra</w><w n="5">mā</w><w n="6">rthi</w><w n="7" lemma="kaṃ">kaṃ </w><w n="8">dra</w><w n="9" lemma="vyaṃ">vyaṃ </w><w n="10">ni</w><w n="11">rū</w><w n="12">pya</w><w n="13" lemma="te">te | </w><w n="14">ta</w><w n="15" lemma="thā">thā </w><w n="16" lemma="hi">hi </w><w n="17">ā</w><w n="18">tmā</w><w n="19">dvai</w><w n="20">ta</w><w n="21">vā</w><w n="22">di</w><w n="23" lemma="bhiḥ">bhir </w><w n="24">ā</w><w n="25">tma</w><w n="26">śa</w><w n="27">bde</w><w n="28" lemma="na">na </w><w n="29">ta</w><w n="30" lemma="tdra">d dra</w><w n="31" lemma="vyaṃ">vyam </w><w n="32">u</w><w n="33" lemma="ktaṃ">ktam </w><w n="34">ā</w><w n="35">tmai</w><w n="36" lemma="va">va </w><w n="37" lemma="hyu">hy u</w><w n="38">pā</w><w n="39">dhi</w><w n="40" lemma="bhiṃ">bhin</w><w n="41" lemma="naṃ">naṃ </w><w n="42">pra</w><w n="43">ti</w><w n="44">bhā</w><w n="45">sa</w><w n="46">mā</w><w n="47" lemma="naṃ">naṃ </w><w n="48">dra</w><w n="49" lemma="vyaṃ">vyaṃ </w><w n="50">pa</w><w n="51">dā</w><w n="52" lemma="nāṃ">nām </w><w n="53">a</w><w n="54" lemma="rtha">rtha </w><w n="55">i</w><w n="56" lemma="ti">ti </w><w n="57">te</w><w n="58" lemma="ṣāṃ">ṣāṃ </w><w n="59">da</w><w n="60">rśa</w><w n="61" lemma="naṃ">nam </w><w n="62">i</w><w n="63">hai</w><w n="64" lemma="va">va </w><w n="65">va</w><w n="66">kṣya</w><w n="67">mā</w><w n="68" lemma="ṇaṃ">ṇaṃ </w>
</text></TEI>
</teiCorpus>
