<?xml version="1.0" encoding="UTF-8"?>
<teiCorpus xmlns="http://www.tei-c.org/ns/1.0">

<TEI n="GV">
<text>
<w n="0"></w><w n="1"></w><w n="2"></w><w n="3"></w><w n="4"></w><w n="5"></w><w n="6"></w><w n="7"></w><w n="8"></w><w n="9"></w><w n="10"></w><w n="11"></w><w n="12"></w><w n="13"></w><w n="14"></w><w n="15"></w><w n="16"></w><w n="17"></w><w n="18"></w><w n="19"></w><w n="20"></w><w n="21"></w><w n="22"></w><w n="23"></w><w n="24"></w><w n="25"></w><w n="26"></w><w n="27"></w><w n="28"></w><w n="29"></w><w n="30"></w><w n="31"></w><w n="32"></w><w n="33"></w><w n="34"></w><w n="35"></w><w n="36"></w><w n="37"></w><w n="38"></w><w n="39"></w><w n="40"></w><w n="41"></w><w n="42"></w><w n="43"></w><w n="44"></w><w n="45"></w><w n="46"></w><w n="47"></w><w n="48"></w><w n="49"></w><w n="50"></w><w n="51"></w>
</text></TEI>
<TEI n="CT">
<text>
<w n="0" lemma="ye">ye </w><w n="1"></w><w n="2">ta</w><w n="3" lemma="rhyā">rhy ā</w><w n="4">kā</w><w n="5">ra</w><w n="6">mā</w><w n="7">tra</w><w n="8">ni</w><w n="9">ve</w><w n="10">śi</w><w n="11" lemma="naḥ">naḥ </w><w n="12" lemma="saṃ">san</w><w n="13">ni</w><w n="14">ve</w><w n="15">śā</w><w n="16">di</w><w n="17" lemma="śa">śa-</w><w n="18" lemma="bdāḥ">bdās </w><w n="19" lemma="te">te </w><w n="20">dha</w><w n="21">rma</w><w n="22">mā</w><w n="23" lemma="traṃ">tram </w><w n="24">a</w><w n="25">bhi</w><w n="26">da</w><w n="27" lemma="dhyuḥ">dhyur </w><w n="28">i</w><w n="29" lemma="ti">ti </w><w n="30"></w><w n="31">sā</w><w n="32">rva</w><w n="33">tri</w><w n="34" lemma="kī">kī </w><w n="35">dra</w><w n="36">vya</w><w n="37">pa</w><w n="38">dā</w><w n="39">rtha</w><w n="40"></w><w n="41">vya</w><w n="42">va</w><w n="43" lemma="sthā">sthā </w><w n="44">vi</w><w n="45">śī</w><w n="46">rye</w><w n="47">te</w><w n="48" lemma="tyā">ty ā</w><w n="49" lemma="śaṃ">śaṅ</w><w n="50">kyā</w><w n="51" lemma="ha">ha&#8212;</w>
</text></TEI>
<TEI n="T">
<text>
<w n="0" lemma="ye">ye </w><w n="1"></w><w n="2">ta</w><w n="3" lemma="rhyā">rhy ā</w><w n="4">kā</w><w n="5">ra</w><w n="6">mā</w><w n="7">tra</w><w n="8">ni</w><w n="9">ve</w><w n="10">śi</w><w n="11" lemma="naḥ">nas </w><w n="12" lemma="saṃ">san</w><w n="13">ni</w><w n="14">ve</w><w n="15">śā</w><w n="16">di</w><w n="17">śa</w><w n="18" lemma="bdāḥ">bdās </w><w n="19" lemma="te">te </w><w n="20">dha</w><w n="21" lemma="rma">rmma</w><w n="22">mā</w><w n="23" lemma="traṃ">tram </w><w n="24">a</w><w n="25">bhi</w><w n="26">da</w><w n="27" lemma="dhyuḥ">ddhyur </w><w n="28">i</w><w n="29" lemma="ti">ti </w><w n="30"></w><w n="31">sā</w><w n="32" lemma="rva">rvva</w><w n="33">tri</w><w n="34" lemma="kī">kī </w><w n="35">dra</w><w n="36">vya</w><w n="37">pa</w><w n="38">dā</w><w n="39" lemma="rtha">rttha</w><w n="40"></w><w n="41">vya</w><w n="42">va</w><w n="43" lemma="sthā">sthā </w><w n="44">vi</w><w n="45">śī</w><w n="46" lemma="rye">ryye</w><w n="47">te</w><w n="48" lemma="tyā">ty ā</w><w n="49">śaṃ</w><w n="50">kyā</w><w n="51" lemma="ha">ha | </w>
</text></TEI>
<TEI n="H">
<text>
<w n="0">ya</w><w n="1" lemma="naṃ">naṃ </w><w n="2">ta</w><w n="3" lemma="rhyā">rhy ā</w><w n="4">kā</w><w n="5">ra</w><w n="6">mā</w><w n="7">tra</w><w n="8">ni</w><w n="9">ve</w><w n="10">śi</w><w n="11" lemma="naḥ">naḥ </w><w n="12" lemma="saṃ">san</w><w n="13">ni</w><w n="14">ve</w><w n="15">śā</w><w n="16">di</w><w n="17">śa</w><w n="18" lemma="bdāḥ">bdās </w><w n="19" lemma="te">te </w><w n="20">dha</w><w n="21">rma</w><w n="22">mā</w><w n="23" lemma="traṃ">tram </w><w n="24">a</w><w n="25">bhi</w><w n="26" lemma="daḥ">daṣ</w><w n="27" lemma="kaḥ">kar </w><w n="28">i</w><w n="29" lemma="ti">ti </w><w n="30"></w><w n="31">sā</w><w n="32">rva</w><w n="33">tri</w><w n="34" lemma="kī">kī </w><w n="35">dra</w><w n="36">vya</w><w n="37">pa</w><w n="38">dā</w><w n="39">rtha</w><w n="40" lemma="sya">sya </w><w n="41">vya</w><w n="42">va</w><w n="43" lemma="sthā">sthā </w><w n="44">vi</w><w n="45">śī</w><w n="46">rya</w><w n="47">te</w><w n="48" lemma="tyā">ty ā</w><w n="49">śaṃ</w><w n="50">kyā</w><w n="51" lemma="ha">ha || </w>
</text></TEI>
<TEI n="P">
<text>
<w n="0">ye</w><w n="1" lemma="na">na </w><w n="2">ta</w><w n="3" lemma="rhyā">rhy ā</w><w n="4">kā</w><w n="5">ra</w><w n="6">mā</w><w n="7">tra</w><w n="8">ni</w><w n="9">ve</w><w n="10">śi</w><w n="11" lemma="naḥ">naḥ </w><w n="12" lemma="saṃ">san</w><w n="13">ni</w><w n="14">ve</w><w n="15">śā</w><w n="16">di</w><w n="17">śa</w><w n="18" lemma="bdāḥ">bdās </w><w n="19" lemma="te">te </w><w n="20">dha</w><w n="21">rma</w><w n="22">mā</w><w n="23" lemma="traṃ">tram </w><w n="24">a</w><w n="25">bhi</w><w n="26">da</w><w n="27" lemma="dhyuḥ">dhyur </w><w n="28">i</w><w n="29" lemma="ti">ti </w><w n="30" lemma="na">na </w><w n="31">sā</w><w n="32">rva</w><w n="33">tri</w><w n="34" lemma="kī">kī </w><w n="35">dra</w><w n="36">vya</w><w n="37">pa</w><w n="38">dā</w><w n="39">rtha</w><w n="40"></w><w n="41">vya</w><w n="42">va</w><w n="43">sthā</w><w n="44">bhi</w><w n="45">dhī</w><w n="46">ya</w><w n="47">te</w><w n="48" lemma="tyā">ty ā</w><w n="49">śaṃ</w><w n="50">kyā</w><w n="51">ha</w>
</text></TEI>
<TEI n="M">
<text>
<w n="0">ye</w><w n="1" lemma="na">na </w><w n="2">ta</w><w n="3" lemma="rhyā">rhy ā</w><w n="4">kā</w><w n="5">ra</w><w n="6">mā</w><w n="7">tra</w><w n="8">ni</w><w n="9">ve</w><w n="10">śi</w><w n="11" lemma="naḥ">naḥ </w><w n="12" lemma="saṃ">san</w><w n="13">ni</w><w n="14">ve</w><w n="15">śā</w><w n="16">di</w><w n="17">śa</w><w n="18" lemma="bdāḥ">bdās </w><w n="19" lemma="te">te </w><w n="20">dha</w><w n="21">rma</w><w n="22">mā</w><w n="23" lemma="traṃ">tram </w><w n="24">a</w><w n="25">bhi</w><w n="26">da</w><w n="27" lemma="dhyuḥ">dhyur </w><w n="28">i</w><w n="29" lemma="ti">ti </w><w n="30" lemma="na">na </w><w n="31">sā</w><w n="32">rva</w><w n="33">tri</w><w n="34" lemma="kī">kī | </w><w n="35">dra</w><w n="36">vya</w><w n="37">pa</w><w n="38">dā</w><w n="39">rtha</w><w n="40"></w><w n="41">vya</w><w n="42">va</w><w n="43">sthā</w><w n="44">bhi</w><w n="45">dhī</w><w n="46">ye</w><w n="47">te</w><w n="48" lemma="tyā">ty ā</w><w n="49">śaṃ</w><w n="50">kyā</w><w n="51" lemma="ha">ha || </w>
</text></TEI>
<TEI n="G2">
<text>
<w n="0" lemma="tye">tye </w><w n="1"></w><w n="2">ta</w><w n="3" lemma="hyāṃ">hy āṃ</w><w n="4">kā</w><w n="5">ra</w><w n="6">mā</w><w n="7">ga</w><w n="8">ni</w><w n="9">rve</w><w n="10">śa</w><w n="11" lemma="taḥ">taḥ || </w><w n="12">eṃ</w><w n="13">ni</w><w n="14">ve</w><w n="15">śā</w><w n="16">ri</w><w n="17">śa</w><w n="18" lemma="bdā">bdā || </w><w n="19" lemma="te">te </w><w n="20">dha</w><w n="21">rma</w><w n="22">mā</w><w n="23" lemma="traṃ">tram </w><w n="24">a</w><w n="25">bhi</w><w n="26">da</w><w n="27" lemma="dhyuḥ">dhyuḥ || </w><w n="28">i</w><w n="29" lemma="ti">ti </w><w n="30"></w><w n="31">sā</w><w n="32">va</w><w n="33">rtri</w><w n="34" lemma="kī">kī </w><w n="35">dra</w><w n="36">vya</w><w n="37">pa</w><w n="38">dā</w><w n="39">rtha</w><w n="40"></w><w n="41">vya</w><w n="42">va</w><w n="43">sthā</w><w n="44">vi</w><w n="45">śī</w><w n="46">ryo</w><w n="47" lemma="ta">ta </w><w n="48" lemma="tyā">ty ā</w><w n="49">śaṃ</w><w n="50">kyā</w><w n="51" lemma="ha">ha | </w>
</text></TEI>
<TEI n="G1">
<text>
<w n="0" lemma="tye">tye </w><w n="1"></w><w n="2">ta</w><w n="3" lemma="hyāṃ">hy āṃ</w><w n="4">kā</w><w n="5">ra</w><w n="6">mā</w><w n="7">ga</w><w n="8">ni</w><w n="9">rve</w><w n="10">śa</w><w n="11" lemma="taḥ">taḥ || </w><w n="12">eṃ</w><w n="13">ni</w><w n="14">ve</w><w n="15">śā</w><w n="16">ri</w><w n="17">śa</w><w n="18" lemma="bdā">bdā </w><w n="19" lemma="te">te </w><w n="20">dha</w><w n="21">rma</w><w n="22">mā</w><w n="23" lemma="traṃ">tram </w><w n="24">a</w><w n="25">bhi</w><w n="26">da</w><w n="27" lemma="dhyuḥ">dhyuḥ || </w><w n="28">i</w><w n="29" lemma="ti">ti </w><w n="30"></w><w n="31">sā</w><w n="32">va</w><w n="33">rtri</w><w n="34" lemma="kī">kī </w><w n="35">dra</w><w n="36">vya</w><w n="37">pa</w><w n="38">dā</w><w n="39">rtha</w><w n="40"></w><w n="41">vya</w><w n="42">va</w><w n="43">sthā</w><w n="44">vi</w><w n="45">śī</w><w n="46">ryo</w><w n="47" lemma="ta">ta </w><w n="48" lemma="tyā">ty ā</w><w n="49">śaṃ</w><w n="50">kyā</w><w n="51" lemma="ha">ha | </w>
</text></TEI>
<TEI n="L">
<text>
<w n="0" lemma="ye">ye </w><w n="1"></w><w n="2">ta</w><w n="3" lemma="rhyā">rhy ā</w><w n="4">kā</w><w n="5">ra</w><w n="6">mā</w><w n="7">tra</w><w n="8">ni</w><w n="9">rve</w><w n="10">śa</w><w n="11" lemma="taḥ">taḥ </w><w n="12">saṃ</w><w n="13">ni</w><w n="14">ve</w><w n="15">śā</w><w n="16">di</w><w n="17">śa</w><w n="18" lemma="bdāḥ">bdās </w><w n="19" lemma="te">te </w><w n="20">dha</w><w n="21">rma</w><w n="22">mā</w><w n="23" lemma="traṃ">tram </w><w n="24">a</w><w n="25">bhi</w><w n="26">da</w><w n="27" lemma="dhyuḥ">dhyuḥ || </w><w n="28">i</w><w n="29" lemma="ti">ti </w><w n="30"></w><w n="31">sā</w><w n="32">rva</w><w n="33">tri</w><w n="34" lemma="kī">kī </w><w n="35">dra</w><w n="36">vya</w><w n="37">pa</w><w n="38">dā</w><w n="39">rtha</w><w n="40"></w><w n="41">vya</w><w n="42">va</w><w n="43" lemma="sthā">sthā </w><w n="44">vi</w><w n="45">śī</w><w n="46">rye</w><w n="47">te</w><w n="48" lemma="tyā">ty ā</w><w n="49">śaṃ</w><w n="50">kyā</w><w n="51" lemma="ha">ha | </w>
</text></TEI>
<TEI n="O">
<text>
<w n="0" lemma="ye">ye </w><w n="1"></w><w n="2">ta</w><w n="3" lemma="rhyā">rhy ā</w><w n="4">kā</w><w n="5">ra</w><w n="6">mā</w><w n="7">tra</w><w n="8">ni</w><w n="9">rde</w><w n="10">śa</w><w n="11" lemma="taḥ">taḥ </w><w n="12" lemma="saṃ">san</w><w n="13">ni</w><w n="14">ve</w><w n="15">śā</w><w n="16">di</w><w n="17">śa</w><w n="18" lemma="bdāḥ">bdāḥ </w><w n="19" lemma="te">te </w><w n="20">dha</w><w n="21">rma</w><w n="22">mā</w><w n="23" lemma="traṃ">tram </w><w n="24">a</w><w n="25">bhi</w><w n="26">da</w><w n="27" lemma="dhyuḥ">dhyuḥ | </w><w n="28">i</w><w n="29" lemma="ti">ti </w><w n="30"></w><w n="31">sā</w><w n="32">rva</w><w n="33">tri</w><w n="34" lemma="kī">kī </w><w n="35">dra</w><w n="36">vya</w><w n="37">pa</w><w n="38">dā</w><w n="39" lemma="rtha">rttha</w><w n="40"></w><w n="41">vya</w><w n="42">va</w><w n="43" lemma="sthā">sthā </w><w n="44">vi</w><w n="45">śī</w><w n="46">rye</w><w n="47">te</w><w n="48" lemma="tyā">ty ā</w><w n="49">śaṃ</w><w n="50">kyā</w><w n="51" lemma="ha">ha || </w>
</text></TEI>
<TEI n="A">
<text>
<w n="0" lemma="ye">ye </w><w n="1"></w><w n="2">ta</w><w n="3" lemma="rhyā">rhy ā</w><w n="4">kā</w><w n="5">ra</w><w n="6">mā</w><w n="7">tra</w><w n="8">ni</w><w n="9">rde</w><w n="10">śa</w><w n="11" lemma="taḥ">taḥ </w><w n="12">saṃ</w><w n="13">ti</w><w n="14">ve</w><w n="15">śā</w><w n="16">di</w><w n="17">śa</w><w n="18" lemma="bdāḥ">bdāḥ </w><w n="19" lemma="te">te </w><w n="20">dha</w><w n="21">rma</w><w n="22">mā</w><w n="23" lemma="traṃ">tram </w><w n="24">a</w><w n="25">bhi</w><w n="26">da</w><w n="27" lemma="dhyuḥ">dhyuḥ </w><w n="28">i</w><w n="29" lemma="ti">ti </w><w n="30"></w><w n="31">sā</w><w n="32">rva</w><w n="33">tri</w><w n="34" lemma="kī">kī </w><w n="35">dra</w><w n="36">vya</w><w n="37">pa</w><w n="38">dā</w><w n="39">rtha</w><w n="40"></w><w n="41">vya</w><w n="42">va</w><w n="43" lemma="sthā">sthā </w><w n="44">vi</w><w n="45">śī</w><w n="46">rye</w><w n="47">te</w><w n="48" lemma="tyā">ty ā</w><w n="49">śaṃ</w><w n="50">kyā</w><w n="51" lemma="ha">ha || </w>
</text></TEI>
<TEI n="V">
<text>
<w n="0" lemma="rya">rya </w><w n="1"></w><w n="2">ta</w><w n="3" lemma="rhyā">rhy ā</w><w n="4">kā</w><w n="5">ra</w><w n="6">mā</w><w n="7">tra</w><w n="8">ni</w><w n="9">rde</w><w n="10">śa</w><w n="11" lemma="taḥ">taḥ </w><w n="12">saṃ</w><w n="13">ni</w><w n="14">ve</w><w n="15">śā</w><w n="16">di</w><w n="17">śa</w><w n="18" lemma="bdāḥ">bdāḥ </w><w n="19" lemma="te">te </w><w n="20">dha</w><w n="21">rma</w><w n="22">mā</w><w n="23" lemma="traṃ">tram </w><w n="24">a</w><w n="25">bhi</w><w n="26">da</w><w n="27" lemma="dhyuḥ">dhyuḥ </w><w n="28">i</w><w n="29" lemma="ti">ti </w><w n="30"></w><w n="31">sā</w><w n="32">rva</w><w n="33">tri</w><w n="34" lemma="kā">kā </w><w n="35">dra</w><w n="36">vya</w><w n="37">pa</w><w n="38">dā</w><w n="39">rtha</w><w n="40"></w><w n="41">vya</w><w n="42">va</w><w n="43" lemma="sthā">sthā </w><w n="44">vi</w><w n="45">śā</w><w n="46">rye</w><w n="47">te</w><w n="48" lemma="tyā">ty ā</w><w n="49">śaṃ</w><w n="50">kyā</w><w n="51" lemma="ha">ha </w>
</text></TEI>
<TEI n="K">
<text>
<w n="0" lemma="rya">rya </w><w n="1"></w><w n="2">ta</w><w n="3" lemma="rhyā">rhy ā</w><w n="4">kā</w><w n="5">ra</w><w n="6">mā</w><w n="7">tra</w><w n="8">ni</w><w n="9">rde</w><w n="10">śa</w><w n="11" lemma="taḥ">taḥ </w><w n="12">saṃ</w><w n="13">ni</w><w n="14">ve</w><w n="15">śā</w><w n="16">di</w><w n="17">śa</w><w n="18" lemma="bdāḥ">bdāḥ </w><w n="19" lemma="te">te </w><w n="20">dha</w><w n="21">rma</w><w n="22">mā</w><w n="23" lemma="traṃ">tram </w><w n="24">a</w><w n="25">bhi</w><w n="26">da</w><w n="27" lemma="dhyuḥ">dhyuḥ </w><w n="28">i</w><w n="29" lemma="ti">ti </w><w n="30"></w><w n="31">sā</w><w n="32">rva</w><w n="33">tri</w><w n="34" lemma="kā">kā </w><w n="35">dra</w><w n="36">vya</w><w n="37">pa</w><w n="38">dā</w><w n="39">rtha</w><w n="40"></w><w n="41">vya</w><w n="42">va</w><w n="43" lemma="sthā">sthā </w><w n="44">vi</w><w n="45">śā</w><w n="46">rye</w><w n="47">te</w><w n="48" lemma="tyā">ty ā</w><w n="49">śaṃ</w><w n="50">kyā</w><w n="51" lemma="ha">ha || </w>
</text></TEI>
<TEI n="D">
<text>
<w n="0" lemma="ye">ye </w><w n="1"></w><w n="2">ta</w><w n="3" lemma="rhyā">rhy ā</w><w n="4">kā</w><w n="5">ra</w><w n="6">mā</w><w n="7">tra</w><w n="8">ni</w><w n="9">rde</w><w n="10">śa</w><w n="11" lemma="naḥ">naḥ </w><w n="12">saṃ</w><w n="13">ni</w><w n="14">ve</w><w n="15">śā</w><w n="16">di</w><w n="17">śa</w><w n="18" lemma="bdāḥ">bdāḥ </w><w n="19" lemma="te">te </w><w n="20">dha</w><w n="21">rma</w><w n="22">mā</w><w n="23" lemma="traṃ">tram </w><w n="24">a</w><w n="25">bhi</w><w n="26">da</w><w n="27" lemma="dhyuḥ">dhyuḥ | </w><w n="28">i</w><w n="29" lemma="ti">ti </w><w n="30"></w><w n="31">sā</w><w n="32">rva</w><w n="33">tri</w><w n="34" lemma="kī">kī </w><w n="35">dra</w><w n="36">vya</w><w n="37">pa</w><w n="38">dā</w><w n="39">rtha</w><w n="40"></w><w n="41">vya</w><w n="42">va</w><w n="43" lemma="sthā">sthā </w><w n="44">vi</w><w n="45">śī</w><w n="46">rye</w><w n="47">te</w><w n="48" lemma="tyā">ty ā</w><w n="49">śaṃ</w><w n="50">kyā</w><w n="51" lemma="ha">ha || </w>
</text></TEI>
</teiCorpus>
