<?xml version="1.0" encoding="UTF-8"?>
<teiCorpus xmlns="http://www.tei-c.org/ns/1.0">

<TEI n="GV">
<text>
<w n="0">da</w><w n="1">rśa</w><w n="2">na</w><w n="3">śa</w><w n="4">bde</w><w n="5" lemma="na">na </w><w n="6" lemma="ca">ca </w><w n="7">pra</w><w n="8">dhā</w><w n="9">na</w><w n="10">kri</w><w n="11">yā</w><w n="12">ni</w><w n="13" lemma="rde">rdde</w><w n="14">śe</w><w n="15">nai</w><w n="16">ka</w><w n="17"></w><w n="18">kri</w><w n="19" lemma="yā">yā </w><w n="20">ta</w><w n="21"></w><w n="22">syā</w><w n="23">kṣe</w><w n="24">pe</w><w n="25" lemma="kṣā">kṣā </w><w n="26"></w><w n="27">sā</w><w n="28">dhya</w><w n="29">sva</w><w n="30">bhā</w><w n="31" lemma="vaḥ">vaḥ </w><w n="32">kri</w><w n="33">yā</w><w n="34">vi</w><w n="35">va</w><w n="36" lemma="rto">rto </w><w n="37" lemma="pyu">py u</w><w n="38" lemma="ktaḥ">ktaḥ | </w><w n="39">kā</w><w n="40">ra</w><w n="41">ṇa</w><w n="42">śa</w><w n="43">ktya</w><w n="44">va</w><w n="45" lemma="chiṃ">chin</w><w n="46" lemma="nā">nā </w><w n="47" lemma="hi">hi </w><w n="48">kri</w><w n="49">yā</w><w n="50">vi</w><w n="51">va</w><w n="52" lemma="rtā">rtā </w><w n="53">di</w><w n="54">va</w><w n="55">śa</w><w n="56">ta</w><w n="57">yā</w><w n="58">va</w><w n="59" lemma="chiṃ">chin</w><w n="60">na</w><w n="61" lemma="sya">sya </w><w n="62">mū</w><w n="63" lemma="rtiḥ">rtir </w><w n="64">vi</w><w n="65">va</w><w n="66" lemma="rta">rta </w><w n="67">i</w><w n="68" lemma="ti">ti </w><w n="69"></w><w n="70"></w><w n="71"></w><w n="72"></w><w n="73">vi</w><w n="74">va</w><w n="75">rta</w><w n="76">rū</w><w n="77" lemma="paṃ">paṃ </w><w n="78">vi</w><w n="79" lemma="śvaṃ">śvaṃ </w><w n="80">pra</w><w n="81">ti</w><w n="82">pā</w><w n="83">di</w><w n="84" lemma="taṃ">taṃ | </w>
</text></TEI>
<TEI n="CT">
<text>
<w n="0">da</w><w n="1">rśa</w><w n="2">na</w><w n="3">śa</w><w n="4">bde</w><w n="5" lemma="na">na </w><w n="6" lemma="ca">ca </w><w n="7">pra</w><w n="8">dhā</w><w n="9">na</w><w n="10">kri</w><w n="11">yā</w><w n="12">ni</w><w n="13">rde</w><w n="14" lemma="śa">śa-</w><w n="15">ke</w><w n="16" lemma="na">na </w><w n="17"></w><w n="18">kri</w><w n="19" lemma="yāṃ">yān</w><w n="20">ta</w><w n="21">ra</w><w n="22">syā</w><w n="23"></w><w n="24">kṣe</w><w n="25">pā</w><w n="26"></w><w n="27" lemma="tsā">t_ sā</w><w n="28">dhya</w><w n="29">sva</w><w n="30">bhā</w><w n="31" lemma="va">va-</w><w n="32">kri</w><w n="33">yā</w><w n="34">vi</w><w n="35">va</w><w n="36" lemma="rto">rto </w><w n="37" lemma="pyu">py u</w><w n="38" lemma="ktaṃ">ktam | </w><w n="39">kā</w><w n="40">la</w><w n="41"></w><w n="42">śa</w><w n="43">ktya</w><w n="44">va</w><w n="45" lemma="chiṃ">cchin</w><w n="46" lemma="no">no '</w><w n="47" lemma="pi">pi </w><w n="48">kri</w><w n="49">yā</w><w n="50">vi</w><w n="51">va</w><w n="52" lemma="rta">rtaḥ </w><w n="53">i</w><w n="54"></w><w n="55" lemma="tyu">ty u</w><w n="56">kta</w><w n="57"></w><w n="58">va</w><w n="59" lemma="chiṃ">cchin</w><w n="60" lemma="noḥ">noś </w><w n="61" lemma="ca">ca </w><w n="62">mū</w><w n="63">rti</w><w n="64" lemma="vi">vi-</w><w n="65">va</w><w n="66" lemma="rta">rta </w><w n="67">i</w><w n="68" lemma="ti">ti </w><w n="69">mū</w><w n="70">rti</w><w n="71">kri</w><w n="72">yā</w><w n="73">vi</w><w n="74">va</w><w n="75">rta</w><w n="76">rū</w><w n="77" lemma="paṃ">paṃ </w><w n="78">vi</w><w n="79" lemma="śvaṃ">śvaṃ </w><w n="80">pra</w><w n="81" lemma="ti">ti-</w><w n="82">pā</w><w n="83">di</w><w n="84" lemma="taṃ">tam | </w>
</text></TEI>
<TEI n="T">
<text>
<w n="0">da</w><w n="1">rśa</w><w n="2">na</w><w n="3">śa</w><w n="4">bde</w><w n="5" lemma="na">na </w><w n="6" lemma="ca">ca </w><w n="7">pra</w><w n="8">dhā</w><w n="9">na</w><w n="10">kri</w><w n="11">yā</w><w n="12">ni</w><w n="13" lemma="rde">rdde</w><w n="14">śa</w><w n="15">ke</w><w n="16" lemma="na">na </w><w n="17"></w><w n="18">kri</w><w n="19" lemma="yāṃ">yān</w><w n="20">ta</w><w n="21">ra</w><w n="22">syā</w><w n="23"></w><w n="24" lemma="pyā">py ā</w><w n="25">kṣe</w><w n="26">pā</w><w n="27" lemma="tsā">t_ sā</w><w n="28" lemma="dhya">ddhya</w><w n="29">sva</w><w n="30">bhā</w><w n="31">va</w><w n="32">kri</w><w n="33">yā</w><w n="34">vi</w><w n="35">va</w><w n="36" lemma="rto">rtto </w><w n="37" lemma="pyu">py u</w><w n="38" lemma="ktaḥ">ktaḥ </w><w n="39">kā</w><w n="40">la</w><w n="41"></w><w n="42">śa</w><w n="43">ktya</w><w n="44">va</w><w n="45" lemma="chiṃ">cśin</w><w n="46" lemma="naḥ">no </w><w n="47" lemma="hi">hi </w><w n="48">kri</w><w n="49">yā</w><w n="50">vi</w><w n="51">va</w><w n="52" lemma="rtaḥ">rttaḥ </w><w n="53">di</w><w n="54"></w><w n="55" lemma="khśa">k_cha</w><w n="56">ktya</w><w n="57"></w><w n="58">va</w><w n="59" lemma="chiṃ">cśin</w><w n="60" lemma="naḥ">naś </w><w n="61" lemma="ca">ca </w><w n="62">mū</w><w n="63" lemma="rti">rtti</w><w n="64">vi</w><w n="65">va</w><w n="66" lemma="rta">rtta </w><w n="67">i</w><w n="68" lemma="ti">ti </w><w n="69">mū</w><w n="70" lemma="rti">rtti</w><w n="71">kri</w><w n="72">yā</w><w n="73">vi</w><w n="74">va</w><w n="75" lemma="rta">rtta</w><w n="76">rū</w><w n="77" lemma="paṃ">paṃ </w><w n="78">vi</w><w n="79" lemma="śvaṃ">śvaṃ </w><w n="80">pra</w><w n="81">ti</w><w n="82">pā</w><w n="83">di</w><w n="84" lemma="taṃ">taṃ </w>
</text></TEI>
<TEI n="H">
<text>
<w n="0">da</w><w n="1">rśa</w><w n="2">na</w><w n="3">śa</w><w n="4">bde</w><w n="5" lemma="na">na </w><w n="6" lemma="ca">ca </w><w n="7">pra</w><w n="8">dhā</w><w n="9">na</w><w n="10">kri</w><w n="11">yā</w><w n="12">ni</w><w n="13">rde</w><w n="14">śa</w><w n="15">ke</w><w n="16" lemma="na">na </w><w n="17" lemma="ca">ca </w><w n="18">kri</w><w n="19">ya</w><w n="20">ta</w><w n="21"></w><w n="22">syā</w><w n="23"></w><w n="24">kṣe</w><w n="25">pā</w><w n="26"></w><w n="27" lemma="tsā">t sā</w><w n="28">dhya</w><w n="29">sva</w><w n="30">bhā</w><w n="31">va</w><w n="32">kri</w><w n="33">yā</w><w n="34">vi</w><w n="35">va</w><w n="36" lemma="rto">rtto </w><w n="37" lemma="pyu">py u</w><w n="38" lemma="ktaḥ">ktaḥ | </w><w n="39">kā</w><w n="40">la</w><w n="41"></w><w n="42">śa</w><w n="43">ktya</w><w n="44">va</w><w n="45" lemma="chiṃ">chin</w><w n="46" lemma="naḥ">no </w><w n="47" lemma="hi">hi </w><w n="48">kri</w><w n="49">yā</w><w n="50">vi</w><w n="51">va</w><w n="52" lemma="rtaḥ">rtto </w><w n="53">di</w><w n="54"></w><w n="55" lemma="khśa">k_śa</w><w n="56">ktya</w><w n="57"></w><w n="58">va</w><w n="59" lemma="chiṃ">chin</w><w n="60">na</w><w n="61" lemma="sya">sya </w><w n="62">mū</w><w n="63" lemma="rtiḥ">rttir </w><w n="64">vi</w><w n="65">va</w><w n="66" lemma="rta">rtta </w><w n="67">i</w><w n="68" lemma="ti">ti </w><w n="69">mū</w><w n="70" lemma="rti">rtti</w><w n="71">kri</w><w n="72">yā</w><w n="73">vi</w><w n="74">va</w><w n="75" lemma="rta">rtta</w><w n="76">rū</w><w n="77" lemma="paṃ">paṃ </w><w n="78">vi</w><w n="79" lemma="śvaṃ">śvaṃ </w><w n="80">pra</w><w n="81">ti</w><w n="82">pā</w><w n="83">di</w><w n="84" lemma="taṃ">taṃ | </w>
</text></TEI>
<TEI n="P">
<text>
<w n="0">da</w><w n="1">rśa</w><w n="2">na</w><w n="3">śa</w><w n="4">bde</w><w n="5" lemma="na">na </w><w n="6" lemma="ca">ca </w><w n="7">pra</w><w n="8">dhā</w><w n="9">na</w><w n="10">kri</w><w n="11">yā</w><w n="12" lemma="ni">ni|</w><w n="13" lemma="rde">rdde</w><w n="14">śe</w><w n="15">nai</w><w n="16">ka</w><w n="17"></w><w n="18">kri</w><w n="19" lemma="yāṃ">yān</w><w n="20">ta</w><w n="21"></w><w n="22">syā</w><w n="23">kṣe</w><w n="24">pe</w><w n="25" lemma="kṣā">kṣā </w><w n="26"></w><w n="27">sā</w><w n="28">dhya</w><w n="29">sva</w><w n="30">bhā</w><w n="31" lemma="vaḥ">vaḥ </w><w n="32">kri</w><w n="33">yā</w><w n="34">vi</w><w n="35">va</w><w n="36" lemma="rto">rtto </w><w n="37" lemma="pyu">py u</w><w n="38" lemma="ktaḥ">ktaḥ </w><w n="39">kā</w><w n="40">ra</w><w n="41">ṇa</w><w n="42">śa</w><w n="43">ktya</w><w n="44">va</w><w n="45" lemma="chiṃ">cchin</w><w n="46" lemma="nā">nā </w><w n="47" lemma="hi">hi </w><w n="48">kri</w><w n="49">yā</w><w n="50">vi</w><w n="51">va</w><w n="52" lemma="rtā">rtā </w><w n="53">di</w><w n="54">va</w><w n="55">śa</w><w n="56">ta</w><w n="57">yā</w><w n="58">va</w><w n="59" lemma="chiṃ">cchin</w><w n="60">na</w><w n="61" lemma="sya">sya </w><w n="62">mū</w><w n="63" lemma="rtiḥ">rttir </w><w n="64">vi</w><w n="65">va</w><w n="66" lemma="rta">rta </w><w n="67">i</w><w n="68" lemma="ti">ti </w><w n="69"></w><w n="70"></w><w n="71"></w><w n="72"></w><w n="73">vi</w><w n="74">va</w><w n="75">rta</w><w n="76">rū</w><w n="77" lemma="paṃ">paṃ </w><w n="78">vi</w><w n="79" lemma="śvaṃ">śvaṃ </w><w n="80">pra</w><w n="81">ti</w><w n="82">pā</w><w n="83">di</w><w n="84" lemma="taṃ">taṃ </w>
</text></TEI>
<TEI n="M">
<text>
<w n="0">da</w><w n="1">rśa</w><w n="2">na</w><w n="3">śa</w><w n="4">bde</w><w n="5" lemma="na">na </w><w n="6" lemma="ca">ca </w><w n="7">pra</w><w n="8">dhā</w><w n="9">na</w><w n="10">kri</w><w n="11">yā</w><w n="12">ni</w><w n="13">rde</w><w n="14">śe</w><w n="15">nai</w><w n="16">ka</w><w n="17"></w><w n="18">kri</w><w n="19">yāṃ</w><w n="20">ta</w><w n="21"></w><w n="22">syā</w><w n="23">kṣe</w><w n="24">pe</w><w n="25" lemma="kṣā">kṣā </w><w n="26"></w><w n="27">sā</w><w n="28">dhya</w><w n="29">sva</w><w n="30">bhā</w><w n="31" lemma="vaḥ">vaḥ </w><w n="32">kri</w><w n="33">yā</w><w n="34">vi</w><w n="35">va</w><w n="36" lemma="rto">rtto </w><w n="37" lemma="pyu">py u</w><w n="38" lemma="ktaḥ">ktaḥ | </w><w n="39">kā</w><w n="40">ra</w><w n="41">ṇa</w><w n="42">śa</w><w n="43">ktya</w><w n="44">va</w><w n="45" lemma="chiṃ">chin</w><w n="46" lemma="nā">nā </w><w n="47" lemma="hi">hi </w><w n="48">kri</w><w n="49">yā</w><w n="50">vi</w><w n="51">va</w><w n="52" lemma="rtā">rttā </w><w n="53">di</w><w n="54">va</w><w n="55">śa</w><w n="56">kyā</w><w n="57"></w><w n="58">va</w><w n="59" lemma="chiṃ">chin</w><w n="60">na</w><w n="61" lemma="sya">sya </w><w n="62">mū</w><w n="63" lemma="rtiḥ">rttir </w><w n="64">vi</w><w n="65">va</w><w n="66" lemma="rta">rtta </w><w n="67">i</w><w n="68" lemma="ti">ti </w><w n="69">mū</w><w n="70" lemma="rta">rtta</w><w n="71">kri</w><w n="72">yā</w><w n="73">vi</w><w n="74">va</w><w n="75" lemma="rta">rtta</w><w n="76">rū</w><w n="77" lemma="paṃ">paṃ </w><w n="78">vi</w><w n="79" lemma="śvaṃ">śvaṃ </w><w n="80">pra</w><w n="81">ti</w><w n="82">pā</w><w n="83">di</w><w n="84" lemma="taṃ">taṃ | </w>
</text></TEI>
<TEI n="G2">
<text>
<w n="0">da</w><w n="1">rśa</w><w n="2">na</w><w n="3">śa</w><w n="4">bde</w><w n="5" lemma="na">na </w><w n="6" lemma="va">va </w><w n="7">pra</w><w n="8">dhā</w><w n="9">na</w><w n="10">kri</w><w n="11">yā</w><w n="12">ni</w><w n="13">rde</w><w n="14">śa</w><w n="15">ke</w><w n="16" lemma="na">na </w><w n="17"></w><w n="18">kri</w><w n="19">yāṃ</w><w n="20">ta</w><w n="21">ra</w><w n="22">syā</w><w n="23"></w><w n="24">pe</w><w n="25">kṣyā</w><w n="26"></w><w n="27" lemma="tsa">t sa</w><w n="28">dhya</w><w n="29">sva</w><w n="30">bhā</w><w n="31">va</w><w n="32">kri</w><w n="33">yā</w><w n="34">vi</w><w n="35">va</w><w n="36" lemma="rto">rtto </w><w n="37" lemma="pyu">py u</w><w n="38" lemma="ktaḥ">ktaḥ </w><w n="39">kā</w><w n="40">la</w><w n="41"></w><w n="42">śa</w><w n="43">ktya</w><w n="44">va</w><w n="45" lemma="chiṃ">chin</w><w n="46">nā</w><w n="47" lemma="di">di </w><w n="48">kri</w><w n="49">yā</w><w n="50">vi</w><w n="51">va</w><w n="52" lemma="rtaḥ">rttaḥ || </w><w n="53">di</w><w n="54">va</w><w n="55" lemma="śa">śa-</w><w n="56">ktya</w><w n="57"></w><w n="58">va</w><w n="59" lemma="chiṃ">chin</w><w n="60">naṃ</w><w n="61" lemma="sya">sya </w><w n="62">mū</w><w n="63" lemma="rti">rtti</w><w n="64">vi</w><w n="65">va</w><w n="66" lemma="rtya">rttya </w><w n="67">i</w><w n="68" lemma="ti">ti </w><w n="69">mū</w><w n="70" lemma="rti">rtti</w><w n="71">kri</w><w n="72">yā</w><w n="73">vi</w><w n="74">va</w><w n="75" lemma="rta">rtta</w><w n="76">rū</w><w n="77" lemma="paṃ">paṃ </w><w n="78">vi</w><w n="79" lemma="śvaṃ">śvaṃ </w><w n="80">pra</w><w n="81">ti</w><w n="82">pā</w><w n="83">diṃ</w><w n="84" lemma="ta">ta | </w>
</text></TEI>
<TEI n="G1">
<text>
<w n="0">da</w><w n="1">rśa</w><w n="2">na</w><w n="3">śa</w><w n="4">bde</w><w n="5" lemma="na">na </w><w n="6" lemma="va">va </w><w n="7">pra</w><w n="8">dhā</w><w n="9">na</w><w n="10">kri</w><w n="11">yā</w><w n="12">ni</w><w n="13">rde</w><w n="14">śa</w><w n="15">ke</w><w n="16" lemma="na">na </w><w n="17"></w><w n="18">kri</w><w n="19">yāṃ</w><w n="20">ta</w><w n="21">ra</w><w n="22">syā</w><w n="23"></w><w n="24">pe</w><w n="25">kṣyā</w><w n="26"></w><w n="27" lemma="tsa">t sa</w><w n="28">dhya</w><w n="29">sva</w><w n="30">bhā</w><w n="31">va</w><w n="32">kri</w><w n="33">yā</w><w n="34">vi</w><w n="35">va</w><w n="36" lemma="rto">rtto </w><w n="37" lemma="pyu">py u</w><w n="38" lemma="ktaḥ">ktaḥ || </w><w n="39">kā</w><w n="40">la</w><w n="41"></w><w n="42">śa</w><w n="43">ktya</w><w n="44">va</w><w n="45" lemma="chiṃ">chin</w><w n="46">nā</w><w n="47" lemma="di">di </w><w n="48">kri</w><w n="49">yā</w><w n="50">vi</w><w n="51">va</w><w n="52" lemma="rtaḥ">rttaḥ || </w><w n="53">di</w><w n="54">va</w><w n="55">śa</w><w n="56">ktya</w><w n="57"></w><w n="58">va</w><w n="59" lemma="chiṃ">chin</w><w n="60">naṃ</w><w n="61" lemma="sya">sya </w><w n="62">mū</w><w n="63" lemma="rti">rtti</w><w n="64">vi</w><w n="65">va</w><w n="66" lemma="rtya">rttya </w><w n="67">i</w><w n="68" lemma="ti">ti </w><w n="69">mū</w><w n="70">rti</w><w n="71">kri</w><w n="72">yā</w><w n="73">vi</w><w n="74">va</w><w n="75" lemma="rta">rtta</w><w n="76">rū</w><w n="77" lemma="paṃ">paṃ </w><w n="78">vi</w><w n="79" lemma="śvaṃ">śvaṃ </w><w n="80">pra</w><w n="81">ti</w><w n="82">pā</w><w n="83">diṃ</w><w n="84" lemma="ta">ta |</w>
</text></TEI>
<TEI n="L">
<text>
<w n="0">da</w><w n="1">rśa</w><w n="2">na</w><w n="3">śa</w><w n="4">bde</w><w n="5" lemma="na">na </w><w n="6" lemma="ca">ca </w><w n="7">pra</w><w n="8">dhā</w><w n="9">na</w><w n="10">kri</w><w n="11">yā</w><w n="12">ni</w><w n="13">rde</w><w n="14">śa</w><w n="15">ke</w><w n="16" lemma="na">na </w><w n="17"></w><w n="18">kri</w><w n="19">yāṃ</w><w n="20">ta</w><w n="21">ra</w><w n="22">syā</w><w n="23"></w><w n="24">pe</w><w n="25">kṣā</w><w n="26"></w><w n="27" lemma="tsā">t sā</w><w n="28">dhya</w><w n="29"></w><w n="30"></w><w n="31"></w><w n="32">kri</w><w n="33" lemma="yā">yā&#166;</w><w n="34">vi</w><w n="35">va</w><w n="36" lemma="rto">rto </w><w n="37" lemma="pyu">py u</w><w n="38" lemma="ktaḥ">ktaḥ </w><w n="39">kā</w><w n="40">la</w><w n="41"></w><w n="42">śa</w><w n="43">ktyu</w><w n="44">va</w><w n="45" lemma="chiṃ">chin</w><w n="46" lemma="nā">nā </w><w n="47" lemma="hi">hi </w><w n="48">kri</w><w n="49">yā</w><w n="50">vi</w><w n="51">va</w><w n="52" lemma="rtaḥ">rtaḥ || </w><w n="53">di</w><w n="54">va</w><w n="55">śa</w><w n="56">ktya</w><w n="57"></w><w n="58">va</w><w n="59" lemma="chiṃ">chin</w><w n="60">na</w><w n="61" lemma="sya">sya </w><w n="62">mū</w><w n="63">rti</w><w n="64">vi</w><w n="65">va</w><w n="66" lemma="rta">rta </w><w n="67">i</w><w n="68" lemma="ti">ti </w><w n="69">mū</w><w n="70">rti</w><w n="71">kri</w><w n="72" lemma="yā">yā&#166;</w><w n="73">vi</w><w n="74">va</w><w n="75">rta</w><w n="76">rū</w><w n="77" lemma="paṃ">paṃ </w><w n="78">vi</w><w n="79" lemma="śvaṃ">śvaṃ </w><w n="80">pra</w><w n="81">ti</w><w n="82">pā</w><w n="83">di</w><w n="84" lemma="taṃ">taṃ ||</w>
</text></TEI>
<TEI n="O">
<text>
<w n="0">da</w><w n="1">rśa</w><w n="2">na</w><w n="3">śa</w><w n="4">bde</w><w n="5" lemma="na">na </w><w n="6" lemma="ca">ca </w><w n="7">pra</w><w n="8">dhā</w><w n="9">na</w><w n="10">kri</w><w n="11">yā</w><w n="12">ni</w><w n="13" lemma="rde">rdde</w><w n="14">śa</w><w n="15">ke</w><w n="16" lemma="na">na </w><w n="17"></w><w n="18">kri</w><w n="19">yāṃ</w><w n="20">ta</w><w n="21">ra</w><w n="22">syā</w><w n="23"></w><w n="24">pe</w><w n="25">kṣa</w><w n="26">ṇā</w><w n="27" lemma="tsā">t sā</w><w n="28">dhya</w><w n="29">sva</w><w n="30">bhā</w><w n="31">va</w><w n="32">kri</w><w n="33">yā</w><w n="34">vi</w><w n="35">va</w><w n="36" lemma="rto">rto </w><w n="37" lemma="pyu">py u</w><w n="38" lemma="ktaḥ">ktaḥ </w><w n="39">kā</w><w n="40">la</w><w n="41"></w><w n="42">śa</w><w n="43">ktya</w><w n="44">va</w><w n="45" lemma="chiṃ">cchin</w><w n="46" lemma="nā">nā </w><w n="47" lemma="hi">hi </w><w n="48">kri</w><w n="49">yā</w><w n="50">vi</w><w n="51">va</w><w n="52" lemma="rtaḥ">rtaḥ </w><w n="53">di</w><w n="54">va</w><w n="55">śa</w><w n="56">ktya</w><w n="57"></w><w n="58">va</w><w n="59" lemma="chiṃ">cchin</w><w n="60">na</w><w n="61" lemma="sya">sya </w><w n="62">mū</w><w n="63" lemma="rtiḥ">rtir </w><w n="64">vi</w><w n="65">va</w><w n="66" lemma="rta">rta </w><w n="67">i</w><w n="68" lemma="ti">ti </w><w n="69">mū</w><w n="70">rti</w><w n="71">kri</w><w n="72">yā</w><w n="73">vi</w><w n="74">va</w><w n="75">rta</w><w n="76">rū</w><w n="77" lemma="paṃ">paṃ </w><w n="78">vi</w><w n="79" lemma="śvaṃ">śvaṃ </w><w n="80">pra</w><w n="81">ti</w><w n="82">pā</w><w n="83">di</w><w n="84" lemma="taṃ">taṃ | </w>
</text></TEI>
<TEI n="A">
<text>
<w n="0">da</w><w n="1">rśa</w><w n="2">na</w><w n="3">śa</w><w n="4">bde</w><w n="5" lemma="na">na </w><w n="6" lemma="ca">ca </w><w n="7">pra</w><w n="8">dhā</w><w n="9">na</w><w n="10">kri</w><w n="11">yā</w><w n="12">ni</w><w n="13" lemma="rde">rdde</w><w n="14">śa</w><w n="15" lemma="kaṃ">kaṃ </w><w n="16" lemma="na">na </w><w n="17"></w><w n="18">kri</w><w n="19">pṭāṃ</w><w n="20">ta</w><w n="21">ra</w><w n="22">syā</w><w n="23"></w><w n="24">pe</w><w n="25">kṣāṃ</w><w n="26"></w><w n="27" lemma="tsā">t sā</w><w n="28">dhya</w><w n="29">sva</w><w n="30">bhā</w><w n="31">va</w><w n="32">kri</w><w n="33">yā</w><w n="34">vi</w><w n="35">va</w><w n="36" lemma="rtau">rtau </w><w n="37" lemma="pyu">py u</w><w n="38" lemma="ktaḥ">ktaḥ </w><w n="39">kā</w><w n="40">la</w><w n="41"></w><w n="42">śa</w><w n="43">ktya</w><w n="44">va</w><w n="45" lemma="chiṃ">chin</w><w n="46" lemma="nā">nā </w><w n="47" lemma="hi">hi </w><w n="48">kri</w><w n="49">yā</w><w n="50">vi</w><w n="51">va</w><w n="52" lemma="rtaḥ">rttaḥ </w><w n="53">di</w><w n="54"></w><w n="55" lemma="khśa">k_śa</w><w n="56">ktya</w><w n="57"></w><w n="58">va</w><w n="59" lemma="chiṃ">chin</w><w n="60">na</w><w n="61" lemma="sya">sya </w><w n="62">mū</w><w n="63" lemma="rti">rtti</w><w n="64">vi</w><w n="65">va</w><w n="66" lemma="rta">rtta </w><w n="67">i</w><w n="68" lemma="ti">ti </w><w n="69">mū</w><w n="70" lemma="rti">rtti</w><w n="71">kri</w><w n="72">yā</w><w n="73">vi</w><w n="74">va</w><w n="75" lemma="rta">rtta</w><w n="76">rū</w><w n="77" lemma="paṃ">paṃ </w><w n="78">vi</w><w n="79" lemma="śvaṃ">śvaṃ </w><w n="80">pra</w><w n="81">ti</w><w n="82">pā</w><w n="83">di</w><w n="84" lemma="taṃ">taṃ </w>
</text></TEI>
<TEI n="V">
<text>
<w n="0">pra</w><w n="1"></w><w n="2"></w><w n="3"></w><w n="4"></w><w n="5"></w><w n="6"></w><w n="7"></w><w n="8">dhā</w><w n="9">na</w><w n="10">kri</w><w n="11">yā</w><w n="12">ni</w><w n="13">rde</w><w n="14">śa</w><w n="15">ke</w><w n="16" lemma="na">na </w><w n="17"></w><w n="18">kri</w><w n="19">yāṃ</w><w n="20">ta</w><w n="21">ra</w><w n="22">syā</w><w n="23"></w><w n="24">pe</w><w n="25">kṣā</w><w n="26"></w><w n="27" lemma="tsā">t sā</w><w n="28">dhya</w><w n="29">sva</w><w n="30">bhā</w><w n="31">va</w><w n="32">kri</w><w n="33">yā</w><w n="34">vi</w><w n="35">va</w><w n="36" lemma="rto">rto </w><w n="37" lemma="pyu">py u</w><w n="38" lemma="ktaḥ">ktaḥ </w><w n="39">kā</w><w n="40">la</w><w n="41"></w><w n="42">śa</w><w n="43">ktya</w><w n="44">va</w><w n="45" lemma="chiṃ">chin</w><w n="46" lemma="nā">nā </w><w n="47" lemma="hi">hi </w><w n="48">kri</w><w n="49">yā</w><w n="50">vi</w><w n="51">va</w><w n="52" lemma="rtaḥ">rtaḥ </w><w n="53">di</w><w n="54"></w><w n="55" lemma="khśa">k_śa</w><w n="56">ktya</w><w n="57"></w><w n="58">va</w><w n="59" lemma="chiṃ">chin</w><w n="60">na</w><w n="61" lemma="sya">sya </w><w n="62">mū</w><w n="63">rti</w><w n="64">vi</w><w n="65">va</w><w n="66" lemma="rta">rta </w><w n="67">i</w><w n="68" lemma="ti">ti </w><w n="69">mū</w><w n="70">rti</w><w n="71">kri</w><w n="72">yā</w><w n="73">vi</w><w n="74">va</w><w n="75">rta</w><w n="76">rū</w><w n="77" lemma="paṃ">paṃ </w><w n="78">vi</w><w n="79" lemma="śvaṃ">śvaṃ </w><w n="80">pra</w><w n="81">ti</w><w n="82">pā</w><w n="83">di</w><w n="84" lemma="taṃ">taṃ </w>
</text></TEI>
<TEI n="K">
<text>
<w n="0">da</w><w n="1">rśa</w><w n="2">na</w><w n="3">śa</w><w n="4">bde</w><w n="5" lemma="na">na </w><w n="6" lemma="ca">ca </w><w n="7">pra</w><w n="8">dhā</w><w n="9">na</w><w n="10">kri</w><w n="11">yā</w><w n="12">ni</w><w n="13">rde</w><w n="14">śa</w><w n="15">ke</w><w n="16" lemma="na">na </w><w n="17"></w><w n="18">kri</w><w n="19">yāṃ</w><w n="20">ta</w><w n="21">ra</w><w n="22">syā</w><w n="23"></w><w n="24">pe</w><w n="25">kṣā</w><w n="26"></w><w n="27" lemma="tsā">t sā</w><w n="28">dhya</w><w n="29">sva</w><w n="30">bhā</w><w n="31">va</w><w n="32">kri</w><w n="33">yā</w><w n="34">vi</w><w n="35">va</w><w n="36" lemma="rto">rtto </w><w n="37" lemma="pyu">py u</w><w n="38" lemma="ktaḥ">ktaḥ </w><w n="39">kā</w><w n="40">la</w><w n="41"></w><w n="42">śa</w><w n="43">ktya</w><w n="44">va</w><w n="45" lemma="chiṃ">chin</w><w n="46" lemma="nā">nā </w><w n="47" lemma="hi">hi </w><w n="48">kri</w><w n="49">yā</w><w n="50">vi</w><w n="51">va</w><w n="52" lemma="rtaḥ">rtaḥ </w><w n="53">di</w><w n="54"></w><w n="55" lemma="khśa">k_śa</w><w n="56">ktya</w><w n="57"></w><w n="58">va</w><w n="59" lemma="chiṃ">chin</w><w n="60">na</w><w n="61" lemma="sya">sya </w><w n="62">mū</w><w n="63">rti</w><w n="64">vi</w><w n="65">va</w><w n="66" lemma="rta">rtta </w><w n="67">i</w><w n="68" lemma="ti">ti </w><w n="69">mū</w><w n="70" lemma="rti">rtti</w><w n="71">kri</w><w n="72">yā</w><w n="73">vi</w><w n="74">va</w><w n="75">rta</w><w n="76">rū</w><w n="77" lemma="paṃ">paṃ </w><w n="78">vi</w><w n="79" lemma="śvaṃ">śvaṃ </w><w n="80">pra</w><w n="81">ti</w><w n="82">pā</w><w n="83">di</w><w n="84" lemma="taṃ">taṃ | </w>
</text></TEI>
<TEI n="D">
<text>
<w n="0">da</w><w n="1">rśa</w><w n="2">na</w><w n="3">śa</w><w n="4">bde</w><w n="5" lemma="na">na </w><w n="6" lemma="ca">ca </w><w n="7">pra</w><w n="8">dhā</w><w n="9">na</w><w n="10">kri</w><w n="11">yā</w><w n="12">ni</w><w n="13">rde</w><w n="14">śa</w><w n="15">ke</w><w n="16" lemma="na">na </w><w n="17"></w><w n="18">kri</w><w n="19">yāṃ</w><w n="20">ta</w><w n="21">ra</w><w n="22">syā</w><w n="23"></w><w n="24">pe</w><w n="25">kṣā</w><w n="26"></w><w n="27" lemma="tsā">t sā</w><w n="28">dhya</w><w n="29">sva</w><w n="30">bhā</w><w n="31">va</w><w n="32">kri</w><w n="33">yā</w><w n="34">vi</w><w n="35">va</w><w n="36" lemma="rto">rto </w><w n="37" lemma="pyu">py u</w><w n="38" lemma="ktaḥ">ktaḥ </w><w n="39">kā</w><w n="40">la</w><w n="41"></w><w n="42">śa</w><w n="43">ktya</w><w n="44">va</w><w n="45" lemma="chiṃ">chin</w><w n="46" lemma="nā">nā </w><w n="47" lemma="hi">hi </w><w n="48">kri</w><w n="49">yā</w><w n="50">vi</w><w n="51">va</w><w n="52" lemma="rtaḥ">rtaḥ </w><w n="53">di</w><w n="54"></w><w n="55" lemma="khśa">k_śa</w><w n="56">ktya</w><w n="57"></w><w n="58">va</w><w n="59" lemma="chiṃ">chin</w><w n="60">na</w><w n="61" lemma="sya">sya </w><w n="62">mū</w><w n="63" lemma="rti">rtti</w><w n="64">vi</w><w n="65">va</w><w n="66" lemma="rta">rtta </w><w n="67">i</w><w n="68" lemma="ti">ti </w><w n="69">mū</w><w n="70" lemma="rti">rtti</w><w n="71">kri</w><w n="72">yā</w><w n="73">vi</w><w n="74">va</w><w n="75">rta</w><w n="76">rū</w><w n="77" lemma="paṃ">paṃ </w><w n="78">vi</w><w n="79" lemma="śvaṃ">śvaṃ </w><w n="80">pra</w><w n="81">ti</w><w n="82">pā</w><w n="83">di</w><w n="84" lemma="taṃ">taṃ | </w>
</text></TEI>
</teiCorpus>
