<?xml version="1.0" encoding="UTF-8"?>
<teiCorpus xmlns="http://www.tei-c.org/ns/1.0">

<TEI n="GV">
<text>
<w n="0" lemma="vā">|| vā</w><w n="1">cya</w><w n="2">vā</w><w n="3">ca</w><w n="4">ka</w><w n="5">saṃ</w><w n="6">baṃ</w><w n="7">dhā</w><w n="8" lemma="nāṃ">nāṃ </w><w n="9"></w><w n="10">bhā</w><w n="11">va</w><w n="12" lemma="taḥ">to </w><w n="13">dva</w><w n="14">ya</w><w n="15">rū</w><w n="16">pa</w><w n="17" lemma="to">to </w><w n="18">ta</w><w n="19" lemma="tra">tra </w><w n="20" lemma="hyāṃ">hy āṃ</w><w n="21">ta</w><w n="22">ra</w><w n="23" lemma="taḥ">taḥ </w><w n="24"></w><w n="25">śru</w><w n="26">tya</w><w n="27">rtha</w><w n="28">śa</w><w n="29" lemma="kti">kti </w><w n="30">saṃ</w><w n="31">sṛ</w><w n="32">jye</w><w n="33" lemma="te">te </w><w n="34">i</w><w n="35" lemma="ti">ti </w><w n="36">vi</w><w n="37">va</w><w n="38">rta</w><w n="39">da</w><w n="40">śā</w><w n="41" lemma="yāṃ">yāṃ </w><w n="42">śru</w><w n="43">tya</w><w n="44">rtha</w><w n="45">śā</w><w n="46">khā</w><w n="47">tma</w><w n="48" lemma="nā">nā </w><w n="49">ta</w><w n="50">syai</w><w n="51" lemma="va">va </w><w n="52">vi</w><w n="53">kā</w><w n="54">sā</w><w n="55" lemma="tvā">d vā</w><w n="56">cya</w><w n="57">vā</w><w n="58">ca</w><w n="59">ka</w><w n="60">rū</w><w n="61">pa</w><w n="62">ta</w><w n="63" lemma="yā">yā </w><w n="64">bhe</w><w n="65">da</w><w n="66">va</w><w n="67">ttā</w><w n="68" lemma="sau">sau </w><w n="69">jñā</w><w n="70">na</w><w n="71">jñe</w><w n="72"></w><w n="73"></w><w n="74"></w><w n="75"></w><w n="76">yai</w><w n="77"></w><w n="78"></w><w n="79"></w><w n="80"></w><w n="81" lemma="vaṃ">vaṃ </w><w n="82">vi</w><w n="83">dhaṃ</w><w n="84"></w><w n="85" lemma="ti">ti </w><w n="86">vra</w><w n="87">hmāṃ</w><w n="88"></w><w n="89" lemma="ḍa">ḍa </w><w n="90">e</w><w n="91" lemma="va">va </w><w n="92"></w><w n="93">pra</w><w n="94">paṃ</w><w n="95"></w><w n="96"></w><w n="97" lemma="caṃ">cam </w><w n="98">a</w><w n="99" lemma="rtho">rtho </w><w n="100">smā</w><w n="101" lemma="bhi">bhi </w><w n="102">ni</w><w n="103">rṇī</w><w n="104" lemma="ta">ta </w><w n="105">i</w><w n="106" lemma="ti">ti </w><w n="107">ta</w><w n="108" lemma="ta">ta </w><w n="109">e</w><w n="110">vā</w><w n="111">ca</w><w n="112">dhā</w><w n="113" lemma="ryaṃ">ryaṃ | </w>
</text></TEI>
<TEI n="CT">
<text>
<w n="0">vā</w><w n="1">cya</w><w n="2">vā</w><w n="3">ca</w><w n="4">ka</w><w n="5" lemma="saṃ">sam</w><w n="6" lemma="baṃ">ban</w><w n="7">dhā</w><w n="8" lemma="nāṃ">nāṃ </w><w n="9"></w><w n="10">bhā</w><w n="11">va</w><w n="12" lemma="taḥ">to </w><w n="13">dva</w><w n="14">ya</w><w n="15">rū</w><w n="16">pa</w><w n="17" lemma="tā">tā </w><w n="18">ta</w><w n="19" lemma="tra">tra </w><w n="20" lemma="hyāṃ">hy ān</w><w n="21">ta</w><w n="22" lemma="re">re </w><w n="23">ta</w><w n="24" lemma="tve">tve </w><w n="25">śru</w><w n="26" lemma="tya">tya-</w><w n="27">rtha</w><w n="28">śa</w><w n="29" lemma="ktī">ktī </w><w n="30">saṃ</w><w n="31">sṛ</w><w n="32">jye</w><w n="33" lemma="te">te </w><w n="34">i</w><w n="35" lemma="ti">ti </w><w n="36"></w><w n="37">va</w><w n="38">rta</w><w n="39">da</w><w n="40">śā</w><w n="41" lemma="yāṃ">yāṃ </w><w n="42">śru</w><w n="43">tya</w><w n="44" lemma="rtha">rtha-</w><w n="45">śā</w><w n="46">khā</w><w n="47">tma</w><w n="48" lemma="nā">nā </w><w n="49">ta</w><w n="50">syai</w><w n="51" lemma="va">va </w><w n="52">vi</w><w n="53">kā</w><w n="54">sā</w><w n="55" lemma="tvā">d vā</w><w n="56">cya</w><w n="57">vā</w><w n="58">ca</w><w n="59">ka</w><w n="60">rū</w><w n="61">pa</w><w n="62">ta</w><w n="63" lemma="yā">yā </w><w n="64">bhe</w><w n="65">dā</w><w n="66">va</w><w n="67">bhā</w><w n="68" lemma="saḥ">so </w><w n="69">jñā</w><w n="70">na</w><w n="71">jñe</w><w n="72"></w><w n="73"></w><w n="74"></w><w n="75"></w><w n="76">ya</w><w n="77">rū</w><w n="78">pa</w><w n="79">ta</w><w n="80">ye</w><w n="81" lemma="vā">vā-</w><w n="82">vi</w><w n="83">dye</w><w n="84"></w><w n="85" lemma="ti">ti </w><w n="86">bra</w><w n="87">hma</w><w n="88" lemma="kāṃ">kāṇ</w><w n="89" lemma="ḍa">ḍa </w><w n="90">e</w><w n="91" lemma="va">va </w><w n="92">sa</w><w n="93">pra</w><w n="94" lemma="paṃ">pañ</w><w n="95" lemma="caṃ">cam </w><w n="96">a</w><w n="97" lemma="yaṃ">yam </w><w n="98">a</w><w n="99" lemma="rtho">rtho '-</w><w n="100">smā</w><w n="101" lemma="bhiḥ">bhir </w><w n="102">ni</w><w n="103">rṇī</w><w n="104" lemma="ta">ta </w><w n="105">i</w><w n="106" lemma="ti">ti </w><w n="107">ta</w><w n="108" lemma="ta">ta </w><w n="109">e</w><w n="110">vā</w><w n="111">va</w><w n="112">dhā</w><w n="113" lemma="ryaṃ">ryam | </w>
</text></TEI>
<TEI n="T">
<text>
<w n="0">vā</w><w n="1">cya</w><w n="2">vā</w><w n="3">ca</w><w n="4">ka</w><w n="5">saṃ</w><w n="6" lemma="baṃ">ban</w><w n="7">dhā</w><w n="8" lemma="nāṃ">nāṃ </w><w n="9"></w><w n="10">bhā</w><w n="11">va</w><w n="12" lemma="taḥ">to </w><w n="13">dva</w><w n="14">ya</w><w n="15">rū</w><w n="16">pa</w><w n="17" lemma="tā">tā </w><w n="18">ta</w><w n="19" lemma="tra">tra </w><w n="20" lemma="hyāṃ">hy ān</w><w n="21">ta</w><w n="22" lemma="re">re </w><w n="23">ta</w><w n="24" lemma="tve">tve </w><w n="25">śru</w><w n="26">tya</w><w n="27" lemma="rtha">rttha</w><w n="28">śa</w><w n="29" lemma="ktī">ktī </w><w n="30">saṃ</w><w n="31">sṛ</w><w n="32">jye</w><w n="33" lemma="te">te </w><w n="34">i</w><w n="35" lemma="ti">ti </w><w n="36">vi</w><w n="37">va</w><w n="38" lemma="rta">rtta</w><w n="39">da</w><w n="40">śā</w><w n="41" lemma="yāṃ">yāṃ </w><w n="42">śru</w><w n="43">tya</w><w n="44" lemma="rtha">rttha</w><w n="45">śā</w><w n="46">khā</w><w n="47">tma</w><w n="48" lemma="nā">nā </w><w n="49">ta</w><w n="50">sye</w><w n="51" lemma="va">va </w><w n="52">vi</w><w n="53">kā</w><w n="54">sā</w><w n="55" lemma="tvā">d vā</w><w n="56">cya</w><w n="57">vā</w><w n="58">ca</w><w n="59">ka</w><w n="60">rū</w><w n="61">pa</w><w n="62">ta</w><w n="63" lemma="yā">yā </w><w n="64">bhe</w><w n="65">dā</w><w n="66">va</w><w n="67">bhā</w><w n="68" lemma="saḥ">so </w><w n="69">jñā</w><w n="70">na</w><w n="71">jñe</w><w n="72">ya</w><w n="73">rū</w><w n="74">pa</w><w n="75">ta</w><w n="76">yai</w><w n="77"></w><w n="78"></w><w n="79"></w><w n="80"></w><w n="81">vā</w><w n="82">vi</w><w n="83">dye</w><w n="84"></w><w n="85" lemma="ti">ti </w><w n="86">bra</w><w n="87">hma</w><w n="88" lemma="kāṃ">kāṇ</w><w n="89" lemma="ḍa">ḍa </w><w n="90">e</w><w n="91" lemma="va">va </w><w n="92">sa</w><w n="93">pra</w><w n="94" lemma="paṃ">pañ</w><w n="95" lemma="caṃ">cam </w><w n="96">a</w><w n="97" lemma="yaṃ">yam </w><w n="98">a</w><w n="99" lemma="rtho">rttho </w><w n="100">smā</w><w n="101" lemma="bhiḥ">bhir </w><w n="102" lemma="ni">nni</w><w n="103" lemma="rṇī">rṇṇī</w><w n="104" lemma="ta">ta </w><w n="105">i</w><w n="106" lemma="ti">ti </w><w n="107">ta</w><w n="108" lemma="ta">ta </w><w n="109">e</w><w n="110">vā</w><w n="111">va</w><w n="112">dhā</w><w n="113" lemma="ryaṃ">ryyaṃ </w>
</text></TEI>
<TEI n="H">
<text>
<w n="0">vā</w><w n="1">cya</w><w n="2">vā</w><w n="3">ca</w><w n="4">ka</w><w n="5">saṃ</w><w n="6">baṃ</w><w n="7">dhā</w><w n="8" lemma="nāṃ">nām </w><w n="9">a</w><w n="10">bhā</w><w n="11">va</w><w n="12" lemma="te">te </w><w n="13">dva</w><w n="14">ya</w><w n="15">rū</w><w n="16">pa</w><w n="17" lemma="tā">tā | </w><w n="18">ta</w><w n="19" lemma="tra">tra </w><w n="20" lemma="hyāṃ">hy āṃ</w><w n="21">ta</w><w n="22" lemma="re">re </w><w n="23">ta</w><w n="24" lemma="tve">ttve </w><w n="25">sa</w><w n="26" lemma="tya">ty a</w><w n="27">rtha</w><w n="28">śa</w><w n="29" lemma="ktī">ktī </w><w n="30">saṃ</w><w n="31">sṛ</w><w n="32">che</w><w n="33" lemma="te">te </w><w n="34">i</w><w n="35" lemma="ti">ti </w><w n="36">vi</w><w n="37">va</w><w n="38">rbha</w><w n="39">da</w><w n="40">śā</w><w n="41" lemma="yāṃ">yāṃ </w><w n="42">śru</w><w n="43">tya</w><w n="44">rtha</w><w n="45">śā</w><w n="46">khā</w><w n="47">tma</w><w n="48" lemma="nā">nā </w><w n="49">ta</w><w n="50">syai</w><w n="51" lemma="va">va </w><w n="52">vi</w><w n="53">kā</w><w n="54">rā</w><w n="55" lemma="tvā">d vā</w><w n="56">cya</w><w n="57">vā</w><w n="58">ca</w><w n="59">ka</w><w n="60">rū</w><w n="61">pa</w><w n="62">ta</w><w n="63" lemma="yā">yā </w><w n="64">bhe</w><w n="65">dā</w><w n="66">va</w><w n="67">bhā</w><w n="68" lemma="se">se </w><w n="69">jñā</w><w n="70">na</w><w n="71">jñe</w><w n="72"></w><w n="73"></w><w n="74"></w><w n="75"></w><w n="76">ya</w><w n="77">rū</w><w n="78">pa</w><w n="79">ta</w><w n="80">ye</w><w n="81">vā</w><w n="82">vi</w><w n="83">dye</w><w n="84"></w><w n="85" lemma="ti">ti </w><w n="86">bra</w><w n="87" lemma="hmā">ṃhmā</w><w n="88">kāṃ</w><w n="89" lemma="ḍa">ḍa </w><w n="90">e</w><w n="91" lemma="va">va </w><w n="92">sa</w><w n="93">pra</w><w n="94">paṃ</w><w n="95" lemma="caṃ">cam </w><w n="96">a</w><w n="97" lemma="yaṃ">yam </w><w n="98">a</w><w n="99" lemma="rtho">rtho </w><w n="100">smā</w><w n="101" lemma="bhiḥ">bhir </w><w n="102">ni</w><w n="103">rṇī</w><w n="104" lemma="ta">ta </w><w n="105">i</w><w n="106" lemma="ti">ti </w><w n="107">ta</w><w n="108" lemma="ta">ta </w><w n="109">e</w><w n="110">vā</w><w n="111">va</w><w n="112">dhā</w><w n="113" lemma="ryaṃ">ryaṃ | </w>
</text></TEI>
<TEI n="P">
<text>
<w n="0" lemma="vā">| vā</w><w n="1">cya</w><w n="2">vā</w><w n="3">ca</w><w n="4">ka</w><w n="5">saṃ</w><w n="6">baṃ</w><w n="7">dhā</w><w n="8" lemma="nāṃ">nāṃ </w><w n="9"></w><w n="10">bhā</w><w n="11">va</w><w n="12" lemma="taḥ">to </w><w n="13">dva</w><w n="14">ya</w><w n="15">rū</w><w n="16">pa</w><w n="17" lemma="to">to </w><w n="18">ta</w><w n="19" lemma="tra">tra </w><w n="20" lemma="hyāṃ">hy āṃ</w><w n="21">ta</w><w n="22">ra</w><w n="23" lemma="taḥ">taḥ </w><w n="24"></w><w n="25">śru</w><w n="26">tya</w><w n="27">rtha</w><w n="28">śa</w><w n="29" lemma="kti">kti </w><w n="30">saṃ</w><w n="31">sṛ</w><w n="32">jye</w><w n="33" lemma="te">te </w><w n="34">i</w><w n="35" lemma="ti">ti </w><w n="36">vi</w><w n="37">va</w><w n="38">rta</w><w n="39">da</w><w n="40">śā</w><w n="41" lemma="yāṃ">yāṃ </w><w n="42">śru</w><w n="43">tya</w><w n="44">rtha</w><w n="45">śā</w><w n="46">khā</w><w n="47">tma</w><w n="48" lemma="nā">nā </w><w n="49">ta</w><w n="50">syai</w><w n="51" lemma="va">va </w><w n="52">vi</w><w n="53">kā</w><w n="54">sā</w><w n="55" lemma="tvā">d vā</w><w n="56">cya</w><w n="57">vā</w><w n="58">ca</w><w n="59">ka</w><w n="60">rū</w><w n="61">pa</w><w n="62">ta</w><w n="63" lemma="yā">yā </w><w n="64">bhe</w><w n="65">da</w><w n="66">va</w><w n="67">tā</w><w n="68" lemma="sau">sau </w><w n="69">jñā</w><w n="70">na</w><w n="71">jñe</w><w n="72"></w><w n="73"></w><w n="74"></w><w n="75"></w><w n="76">yai</w><w n="77"></w><w n="78"></w><w n="79"></w><w n="80"></w><w n="81" lemma="vaṃ">vaṃ </w><w n="82">vi</w><w n="83">dhaṃ</w><w n="84"></w><w n="85" lemma="ti">ti </w><w n="86">bra</w><w n="87">hmāṃ</w><w n="88"></w><w n="89" lemma="ḍa">ḍa </w><w n="90">e</w><w n="91" lemma="va">va </w><w n="92"></w><w n="93">pra</w><w n="94">paṃ</w><w n="95"></w><w n="96"></w><w n="97" lemma="caṃ">cam </w><w n="98">a</w><w n="99" lemma="rtho">rtho </w><w n="100">smā</w><w n="101" lemma="bhi">bhi </w><w n="102">ni</w><w n="103">rṇī</w><w n="104" lemma="ta">ta </w><w n="105">i</w><w n="106" lemma="ti">ti </w><w n="107">ta</w><w n="108" lemma="ta">ta </w><w n="109">e</w><w n="110">vā</w><w n="111">ca</w><w n="112">dhā</w><w n="113" lemma="ryaṃ">ryaṃ </w>
</text></TEI>
<TEI n="M">
<text>
<w n="0" lemma="vā">|| vā</w><w n="1">cya</w><w n="2">vā</w><w n="3">ca</w><w n="4">ka</w><w n="5">saṃ</w><w n="6">baṃ</w><w n="7">dhā</w><w n="8" lemma="nāṃ">nāṃ </w><w n="9"></w><w n="10">bhā</w><w n="11">va</w><w n="12" lemma="taḥ">to </w><w n="13">dva</w><w n="14">ya</w><w n="15">rū</w><w n="16">pa</w><w n="17" lemma="to">to </w><w n="18">ta</w><w n="19" lemma="tra">tra </w><w n="20" lemma="hyāṃ">hy āṃ</w><w n="21" lemma="ta">ta&#166;</w><w n="22">ra</w><w n="23" lemma="taḥ">taḥ </w><w n="24"></w><w n="25">śru</w><w n="26">tya</w><w n="27">rtha</w><w n="28">śa</w><w n="29" lemma="ktī">ktī </w><w n="30">saṃ</w><w n="31">sṛ</w><w n="32">jye</w><w n="33" lemma="te">te </w><w n="34">i</w><w n="35" lemma="ti">ti </w><w n="36">vi</w><w n="37">va</w><w n="38" lemma="rta">rtta</w><w n="39">da</w><w n="40">śā</w><w n="41" lemma="yāṃ">yāṃ </w><w n="42">śru</w><w n="43">tya</w><w n="44">rtha</w><w n="45">śā</w><w n="46">khā</w><w n="47">tma</w><w n="48" lemma="nā">nā </w><w n="49">ta</w><w n="50">syai</w><w n="51" lemma="va">va </w><w n="52">vi</w><w n="53">kā</w><w n="54">sā</w><w n="55" lemma="tvā">d vā</w><w n="56">cya</w><w n="57">vā</w><w n="58">ca</w><w n="59">ka</w><w n="60">rū</w><w n="61">pa</w><w n="62">ta</w><w n="63" lemma="yā">yā </w><w n="64">bhe</w><w n="65">da</w><w n="66">va</w><w n="67">ttā</w><w n="68" lemma="sau">sau </w><w n="69">jñā</w><w n="70">na</w><w n="71">jñe</w><w n="72"></w><w n="73"></w><w n="74"></w><w n="75"></w><w n="76">yai</w><w n="77"></w><w n="78"></w><w n="79"></w><w n="80"></w><w n="81" lemma="vaṃ">vaṃ </w><w n="82">vi</w><w n="83">dhe</w><w n="84"></w><w n="85" lemma="ti">ti </w><w n="86">bra</w><w n="87">hmāṃ</w><w n="88"></w><w n="89" lemma="ḍa">ḍa </w><w n="90">e</w><w n="91" lemma="vaṃ">vaṃ </w><w n="92"></w><w n="93">pra</w><w n="94">paṃ</w><w n="95"></w><w n="96"></w><w n="97" lemma="caṃ">cam </w><w n="98">a</w><w n="99" lemma="rtho">rtho </w><w n="100">smā</w><w n="101" lemma="bhiḥ">bhir </w><w n="102">ni</w><w n="103">rṇī</w><w n="104" lemma="ta">ta </w><w n="105">i</w><w n="106" lemma="ti">ti </w><w n="107">ta</w><w n="108" lemma="ta">ta </w><w n="109">e</w><w n="110">vā</w><w n="111">va</w><w n="112">dhā</w><w n="113" lemma="ryaṃ">ryaṃ | </w>
</text></TEI>
<TEI n="G2">
<text>
<w n="0">vā</w><w n="1">cya</w><w n="2">vā</w><w n="3">va</w><w n="4">ka</w><w n="5">saṃ</w><w n="6">baṃ</w><w n="7">dhā</w><w n="8" lemma="nā">nā </w><w n="9"></w><w n="10">sā</w><w n="11">va</w><w n="12" lemma="taḥ">to </w><w n="13">dva</w><w n="14">ya</w><w n="15">rū</w><w n="16">pa</w><w n="17" lemma="to">to </w><w n="18">ta</w><w n="19" lemma="tra">tra </w><w n="20">sāṃ</w><w n="21">ta</w><w n="22" lemma="ro">ro </w><w n="23">ta</w><w n="24">tva</w><w n="25">śru</w><w n="26">tya</w><w n="27">rtha</w><w n="28">śa</w><w n="29" lemma="ktī">ktī </w><w n="30">saṃ</w><w n="31">sṛ</w><w n="32">jye</w><w n="33" lemma="te">te </w><w n="34">i</w><w n="35" lemma="ti">ti </w><w n="36">vi</w><w n="37">va</w><w n="38" lemma="rta">rtta</w><w n="39">da</w><w n="40">śā</w><w n="41" lemma="yāṃ">yāṃ </w><w n="42">śru</w><w n="43">tya</w><w n="44">rtha</w><w n="45">śā</w><w n="46">khā</w><w n="47">tma</w><w n="48" lemma="nā">nā </w><w n="49">ta</w><w n="50">syai</w><w n="51" lemma="va">va </w><w n="52">vi</w><w n="53">kā</w><w n="54">sā</w><w n="55" lemma="tvā">d vā</w><w n="56">vya</w><w n="57">vā</w><w n="58">va</w><w n="59"></w><w n="60" lemma="krū">k_rū</w><w n="61">pa</w><w n="62">ta</w><w n="63" lemma="yā">yā </w><w n="64">bhe</w><w n="65">dā</w><w n="66">va</w><w n="67">bhā</w><w n="68" lemma="sau">sau </w><w n="69">jñā</w><w n="70">na</w><w n="71">jñe</w><w n="72"></w><w n="73"></w><w n="74"></w><w n="75"></w><w n="76">yai</w><w n="77"></w><w n="78"></w><w n="79"></w><w n="80"></w><w n="81">vā</w><w n="82">vi</w><w n="83">dye</w><w n="84">te</w><w n="85" lemma="ti">ti </w><w n="86">bra</w><w n="87">hma</w><w n="88">kāṃ</w><w n="89" lemma="ḍa">ḍa </w><w n="90">e</w><w n="91" lemma="va">va </w><w n="92"></w><w n="93">pra</w><w n="94">paṃ</w><w n="95">ca</w><w n="96"></w><w n="97" lemma="yaṃ">yam </w><w n="98">a</w><w n="99" lemma="rthoṃ">rtho m</w><w n="100">mā</w><w n="101" lemma="bhi">bhi </w><w n="102">vi</w><w n="103">rṇo</w><w n="104" lemma="ta">ta </w><w n="105">i</w><w n="106" lemma="mi">mi </w><w n="107">ta</w><w n="108" lemma="ta">ta </w><w n="109">e</w><w n="110">vā</w><w n="111">va</w><w n="112">dhā</w><w n="113" lemma="yāṃ">yāṃ </w>
</text></TEI>
<TEI n="G1">
<text>
<w n="0">vā</w><w n="1">cya</w><w n="2">vā</w><w n="3">va</w><w n="4">ka</w><w n="5">saṃ</w><w n="6">baṃ</w><w n="7">dhā</w><w n="8" lemma="nā">nā </w><w n="9"></w><w n="10">sā</w><w n="11">va</w><w n="12" lemma="taḥ">to </w><w n="13">dva</w><w n="14">ya</w><w n="15">rū</w><w n="16">pa</w><w n="17" lemma="to">to </w><w n="18">ta</w><w n="19" lemma="tra">tra </w><w n="20">sāṃ</w><w n="21">ta</w><w n="22" lemma="ro">ro </w><w n="23">ta</w><w n="24">tva</w><w n="25">śru</w><w n="26">tya</w><w n="27">rtha</w><w n="28">śa</w><w n="29" lemma="ktī">ktī </w><w n="30">saṃ</w><w n="31">sa</w><w n="32">jye</w><w n="33" lemma="te">te </w><w n="34">i</w><w n="35" lemma="ti">ti </w><w n="36">vi</w><w n="37">va</w><w n="38" lemma="rta">rtta</w><w n="39">da</w><w n="40">śā</w><w n="41" lemma="yāṃ">yāṃ </w><w n="42">śru</w><w n="43">tya</w><w n="44">rtha</w><w n="45">śā</w><w n="46">khā</w><w n="47">tma</w><w n="48" lemma="nā">nā </w><w n="49">ta</w><w n="50">syai</w><w n="51" lemma="va">va </w><w n="52">vi</w><w n="53">kā</w><w n="54">sā</w><w n="55" lemma="tvā">d vā</w><w n="56">vya</w><w n="57">vā</w><w n="58" lemma="va">va-</w><w n="59"></w><w n="60" lemma="krū">k_rū</w><w n="61">pa</w><w n="62">ta</w><w n="63" lemma="yā">yā </w><w n="64">bhe</w><w n="65">dā</w><w n="66">va</w><w n="67">bhā</w><w n="68" lemma="sau">sau </w><w n="69">jñā</w><w n="70">na</w><w n="71">jñe</w><w n="72"></w><w n="73"></w><w n="74"></w><w n="75"></w><w n="76">yai</w><w n="77"></w><w n="78"></w><w n="79"></w><w n="80"></w><w n="81">vā</w><w n="82">vi</w><w n="83">dye</w><w n="84">te</w><w n="85" lemma="ti">ti </w><w n="86">bra</w><w n="87">hma</w><w n="88">kāṃ</w><w n="89" lemma="ḍa">ḍa </w><w n="90">e</w><w n="91" lemma="va">va </w><w n="92"></w><w n="93">pra</w><w n="94">paṃ</w><w n="95">ca</w><w n="96"></w><w n="97" lemma="yaṃ">yam </w><w n="98">a</w><w n="99" lemma="rthoṃ">rtho m</w><w n="100">mā</w><w n="101" lemma="bhi">bhi </w><w n="102">vi</w><w n="103">rṇo</w><w n="104" lemma="ta">ta </w><w n="105">i</w><w n="106" lemma="mi">mi </w><w n="107">ta</w><w n="108" lemma="ta">ta </w><w n="109">e</w><w n="110">vā</w><w n="111">va</w><w n="112">dhā</w><w n="113" lemma="yāṃ">yāṃ </w>
</text></TEI>
<TEI n="L">
<text>
<w n="0">vā</w><w n="1">cya</w><w n="2">vā</w><w n="3">ca</w><w n="4">ka</w><w n="5">saṃ</w><w n="6">baṃ</w><w n="7">dhā</w><w n="8" lemma="nā">nā </w><w n="9"></w><w n="10">bhā</w><w n="11">va</w><w n="12" lemma="taḥ">to </w><w n="13">dva</w><w n="14">ya</w><w n="15">rū</w><w n="16">pa</w><w n="17" lemma="to">to </w><w n="18">ta</w><w n="19" lemma="tra">tra </w><w n="20" lemma="hyāṃ">hy āṃ</w><w n="21">ta</w><w n="22" lemma="re">re </w><w n="23">ta</w><w n="24">tva</w><w n="25">śru</w><w n="26">tya</w><w n="27">rtha</w><w n="28">śa</w><w n="29" lemma="ktī">ktī </w><w n="30">saṃ</w><w n="31">sṛ</w><w n="32">jye</w><w n="33" lemma="ta">ta </w><w n="34">i</w><w n="35" lemma="ti">ti </w><w n="36">vi</w><w n="37">va</w><w n="38">rta</w><w n="39">da</w><w n="40">śā</w><w n="41" lemma="yāṃ">yāṃ </w><w n="42">śru</w><w n="43">tya</w><w n="44">rtha</w><w n="45">śā</w><w n="46">khā</w><w n="47">tma</w><w n="48" lemma="nā">nā </w><w n="49" lemma="ta">ta&#166;</w><w n="50">syai</w><w n="51" lemma="va">va </w><w n="52">vi</w><w n="53">kā</w><w n="54">sā</w><w n="55" lemma="tvā">d vā</w><w n="56">cya</w><w n="57">vā</w><w n="58">ca</w><w n="59">ka</w><w n="60">rū</w><w n="61">pa</w><w n="62">ta</w><w n="63" lemma="yā">yā </w><w n="64">bhe</w><w n="65">dā</w><w n="66">va</w><w n="67">sā</w><w n="68" lemma="yau">yau </w><w n="69">jñā</w><w n="70">na</w><w n="71">jñe</w><w n="72"></w><w n="73"></w><w n="74"></w><w n="75"></w><w n="76">yai</w><w n="77"></w><w n="78"></w><w n="79"></w><w n="80"></w><w n="81">va</w><w n="82">bhi</w><w n="83">dye</w><w n="84"></w><w n="85" lemma="ti">ti </w><w n="86">bra</w><w n="87">hma</w><w n="88">kāṃ</w><w n="89" lemma="ḍa">ḍa </w><w n="90">e</w><w n="91" lemma="va">va </w><w n="92"></w><w n="93">pra</w><w n="94">paṃ</w><w n="95" lemma="caḥ">co </w><w n="96"></w><w n="97" lemma="yaṃ">yam </w><w n="98">a</w><w n="99" lemma="rtho">rtho </w><w n="100" lemma="smā">smā&#166;</w><w n="101" lemma="bhiḥ">bhir </w><w n="102">ni</w><w n="103">rṇī</w><w n="104" lemma="ta">ta </w><w n="105">i</w><w n="106" lemma="ti">ti </w><w n="107">ta</w><w n="108" lemma="ta">ta </w><w n="109">e</w><w n="110">vā</w><w n="111">va</w><w n="112">dhā</w><w n="113" lemma="ryaṃ">ryaṃ || </w>
</text></TEI>
<TEI n="O">
<text>
<w n="0">vā</w><w n="1">cya</w><w n="2">vā</w><w n="3">ca</w><w n="4">ka</w><w n="5">saṃ</w><w n="6">baṃ</w><w n="7">dhā</w><w n="8" lemma="nāṃ">nāṃ </w><w n="9"></w><w n="10">bhā</w><w n="11">va</w><w n="12" lemma="taḥ">to </w><w n="13">dva</w><w n="14">ya</w><w n="15">rū</w><w n="16">pa</w><w n="17" lemma="to">to </w><w n="18">ta</w><w n="19" lemma="tra">tra </w><w n="20" lemma="hyāṃ">hy āṃ</w><w n="21">ta</w><w n="22" lemma="re">re </w><w n="23">ta</w><w n="24">tva</w><w n="25">śru</w><w n="26">tya</w><w n="27" lemma="rtha">rttha</w><w n="28">śa</w><w n="29" lemma="ktī">ktī </w><w n="30">saṃ</w><w n="31">sṛ</w><w n="32">jye</w><w n="33" lemma="te">te </w><w n="34">i</w><w n="35" lemma="ti">ti </w><w n="36">vi</w><w n="37">va</w><w n="38">rta</w><w n="39">da</w><w n="40">śā</w><w n="41" lemma="yāṃ">yāṃ </w><w n="42">śru</w><w n="43">tya</w><w n="44" lemma="rtha">rttha</w><w n="45">śā</w><w n="46">khā</w><w n="47">tma</w><w n="48" lemma="nā">nā </w><w n="49">ta</w><w n="50">syai</w><w n="51" lemma="va">va </w><w n="52">vi</w><w n="53">kā</w><w n="54">sā</w><w n="55" lemma="tvā">d vā</w><w n="56">cya</w><w n="57">vā</w><w n="58">ca</w><w n="59">ka</w><w n="60">rū</w><w n="61">pa</w><w n="62">ta</w><w n="63" lemma="yā">yā </w><w n="64">bhe</w><w n="65">dā</w><w n="66">va</w><w n="67">bhā</w><w n="68" lemma="sau">sau </w><w n="69">jñā</w><w n="70">na</w><w n="71">jñe</w><w n="72"></w><w n="73"></w><w n="74"></w><w n="75"></w><w n="76">yai</w><w n="77"></w><w n="78"></w><w n="79"></w><w n="80"></w><w n="81">vā</w><w n="82">vi</w><w n="83">dye</w><w n="84"></w><w n="85" lemma="ti">ti </w><w n="86">bra</w><w n="87">hma</w><w n="88">kāṃ</w><w n="89" lemma="ḍa">ḍa </w><w n="90">e</w><w n="91">vo</w><w n="92"></w><w n="93"></w><w n="94"></w><w n="95"></w><w n="96"></w><w n="97" lemma="yaṃ">yam </w><w n="98">a</w><w n="99" lemma="rtho">rttho </w><w n="100">smā</w><w n="101" lemma="bhiḥ">bhir </w><w n="102">ni</w><w n="103">rṇī</w><w n="104" lemma="ta">ta </w><w n="105">i</w><w n="106" lemma="ti">ti </w><w n="107">ta</w><w n="108" lemma="ta">ta </w><w n="109">e</w><w n="110">vā</w><w n="111">va</w><w n="112">dhā</w><w n="113" lemma="ryaṃ">ryaṃ | </w>
</text></TEI>
<TEI n="A">
<text>
<w n="0">vā</w><w n="1">yya</w><w n="2">vā</w><w n="3">ca</w><w n="4">ka</w><w n="5">saṃ</w><w n="6">baṃ</w><w n="7">dhā</w><w n="8" lemma="nā">nā </w><w n="9"></w><w n="10">bhā</w><w n="11">va</w><w n="12" lemma="taḥ">to </w><w n="13">dva</w><w n="14">ya</w><w n="15">rū</w><w n="16">pa</w><w n="17" lemma="tā">tā </w><w n="18">ta</w><w n="19" lemma="tra">tra </w><w n="20" lemma="hyāṃ">hy āṃ</w><w n="21">ta</w><w n="22" lemma="re">re </w><w n="23">ta</w><w n="24">tva</w><w n="25">śru</w><w n="26">tya</w><w n="27">rtha</w><w n="28">śa</w><w n="29" lemma="ktī">ktī </w><w n="30">saṃ</w><w n="31">sṛ</w><w n="32">jye</w><w n="33" lemma="te">te </w><w n="34">i</w><w n="35" lemma="ti">ti </w><w n="36">vi</w><w n="37">va</w><w n="38">rta</w><w n="39">da</w><w n="40">śā</w><w n="41" lemma="yāṃ">yāṃ </w><w n="42">śru</w><w n="43">tya</w><w n="44">rtha</w><w n="45">śā</w><w n="46">khā</w><w n="47">tma</w><w n="48" lemma="nā">nā </w><w n="49">ta</w><w n="50">syai</w><w n="51" lemma="va">va </w><w n="52">vi</w><w n="53">kā</w><w n="54">sā</w><w n="55" lemma="tvā">d vā</w><w n="56">cya</w><w n="57">vā</w><w n="58">ca</w><w n="59">ka</w><w n="60">rū</w><w n="61">pa</w><w n="62">ta</w><w n="63" lemma="yā">yā </w><w n="64">bhe</w><w n="65">dā</w><w n="66">va</w><w n="67">bhā</w><w n="68" lemma="sau">sau | </w><w n="69">jñā</w><w n="70">na</w><w n="71">jñe</w><w n="72"></w><w n="73"></w><w n="74"></w><w n="75"></w><w n="76">yai</w><w n="77"></w><w n="78"></w><w n="79"></w><w n="80"></w><w n="81">vā</w><w n="82">vi</w><w n="83">dye</w><w n="84"></w><w n="85" lemma="ti">ti </w><w n="86">bra</w><w n="87">hma</w><w n="88">kāṃ</w><w n="89" lemma="ḍa">ḍa </w><w n="90">e</w><w n="91" lemma="va">va </w><w n="92"></w><w n="93">pra</w><w n="94">paṃ</w><w n="95">ce</w><w n="96">nā</w><w n="97" lemma="yaṃ">yam </w><w n="98">a</w><w n="99" lemma="rtho">rtho </w><w n="100">smā</w><w n="101" lemma="bhiḥ">bhir </w><w n="102">ne</w><w n="103">rṇo</w><w n="104" lemma="ta">ta </w><w n="105">i</w><w n="106" lemma="ti">ti </w><w n="107">ta</w><w n="108" lemma="ta">ta </w><w n="109">e</w><w n="110">vā</w><w n="111">va</w><w n="112">dhā</w><w n="113" lemma="ryaṃ">ryaṃ </w>
</text></TEI>
<TEI n="V">
<text>
<w n="0">vā</w><w n="1">cya</w><w n="2">vā</w><w n="3">ca</w><w n="4">ka</w><w n="5">saṃ</w><w n="6">baṃ</w><w n="7">dhā</w><w n="8" lemma="nā">nā </w><w n="9"></w><w n="10">bhā</w><w n="11">va</w><w n="12" lemma="taḥ">to </w><w n="13">dva</w><w n="14">ya</w><w n="15">rū</w><w n="16">pa</w><w n="17" lemma="tā">tā </w><w n="18">ta</w><w n="19" lemma="tra">tra </w><w n="20" lemma="hyāṃ">hy āṃ</w><w n="21">ta</w><w n="22" lemma="re">re </w><w n="23">ta</w><w n="24">tva</w><w n="25">yu</w><w n="26">jya</w><w n="27">rtha</w><w n="28">śa</w><w n="29" lemma="ktī">ktī </w><w n="30">saṃ</w><w n="31">sa</w><w n="32">jye</w><w n="33" lemma="te">te </w><w n="34">i</w><w n="35" lemma="ti">ti </w><w n="36">vi</w><w n="37">va</w><w n="38">rta</w><w n="39">da</w><w n="40">śā</w><w n="41" lemma="yāṃ">yāṃ </w><w n="42">śru</w><w n="43">tya</w><w n="44">rtha</w><w n="45">śā</w><w n="46">khā</w><w n="47">tma</w><w n="48" lemma="nā">nā </w><w n="49">ta</w><w n="50">syai</w><w n="51" lemma="va">va </w><w n="52">vi</w><w n="53">kā</w><w n="54">sā</w><w n="55" lemma="tvā">d vā</w><w n="56">cya</w><w n="57">vā</w><w n="58">ca</w><w n="59">ka</w><w n="60">rū</w><w n="61">pa</w><w n="62">ta</w><w n="63" lemma="yā">yā </w><w n="64">bhe</w><w n="65">dā</w><w n="66">va</w><w n="67">bhā</w><w n="68" lemma="sau">sau </w><w n="69">jñā</w><w n="70">na</w><w n="71">jñe</w><w n="72"></w><w n="73"></w><w n="74"></w><w n="75"></w><w n="76">yai</w><w n="77"></w><w n="78"></w><w n="79"></w><w n="80"></w><w n="81">vā</w><w n="82">vi</w><w n="83">dye</w><w n="84"></w><w n="85" lemma="ti">ti </w><w n="86">bra</w><w n="87">hma</w><w n="88">kāṃ</w><w n="89" lemma="ḍa">ḍa </w><w n="90">e</w><w n="91" lemma="va">va </w><w n="92"></w><w n="93">pra</w><w n="94">paṃ</w><w n="95">ce</w><w n="96">nā</w><w n="97" lemma="yaṃ">yam </w><w n="98">a</w><w n="99" lemma="rtho">rtho </w><w n="100">smā</w><w n="101" lemma="bhiḥ">bhir </w><w n="102">ni</w><w n="103">rṇā</w><w n="104" lemma="ta">ta </w><w n="105">i</w><w n="106" lemma="ti">ti </w><w n="107">ta</w><w n="108" lemma="ta">ta </w><w n="109">e</w><w n="110">vā</w><w n="111">va</w><w n="112">dhā</w><w n="113" lemma="ryaṃ">ryaṃ </w>
</text></TEI>
<TEI n="K">
<text>
<w n="0">vā</w><w n="1">cya</w><w n="2">vā</w><w n="3">ca</w><w n="4">ka</w><w n="5">saṃ</w><w n="6">baṃ</w><w n="7">dhā</w><w n="8" lemma="nā">nā </w><w n="9"></w><w n="10">bhā</w><w n="11">va</w><w n="12" lemma="taḥ">to </w><w n="13">dva</w><w n="14">ya</w><w n="15">rū</w><w n="16">pa</w><w n="17" lemma="tā">tā </w><w n="18">ta</w><w n="19" lemma="tra">tra </w><w n="20" lemma="hyāṃ">hy āṃ</w><w n="21">ta</w><w n="22" lemma="re">re </w><w n="23">ta</w><w n="24">tva</w><w n="25">yu</w><w n="26">jya</w><w n="27">rtha</w><w n="28">śa</w><w n="29" lemma="ktī">ktī </w><w n="30">saṃ</w><w n="31">sa</w><w n="32">jye</w><w n="33" lemma="te">te </w><w n="34">i</w><w n="35" lemma="ti">ti </w><w n="36">vi</w><w n="37">va</w><w n="38">rta</w><w n="39">da</w><w n="40">śā</w><w n="41" lemma="yāṃ">yāṃ </w><w n="42">śru</w><w n="43">tya</w><w n="44">rtha</w><w n="45">śā</w><w n="46">khā</w><w n="47">tma</w><w n="48" lemma="nā">nā </w><w n="49">ta</w><w n="50">syai</w><w n="51" lemma="va">va </w><w n="52">vi</w><w n="53">kā</w><w n="54">sā</w><w n="55" lemma="tvā">d vā</w><w n="56">cya</w><w n="57">vā</w><w n="58">ca</w><w n="59">ka</w><w n="60">rū</w><w n="61">pa</w><w n="62">ta</w><w n="63" lemma="yā">yā </w><w n="64">bhe</w><w n="65">dā</w><w n="66">va</w><w n="67">bhā</w><w n="68" lemma="sau">sau </w><w n="69">jñā</w><w n="70">na</w><w n="71">jñe</w><w n="72"></w><w n="73"></w><w n="74"></w><w n="75"></w><w n="76">yai</w><w n="77"></w><w n="78"></w><w n="79"></w><w n="80"></w><w n="81">vā</w><w n="82">vi</w><w n="83">dye</w><w n="84"></w><w n="85" lemma="ti">ti </w><w n="86">bra</w><w n="87">hma</w><w n="88">kāṃ</w><w n="89" lemma="ḍa">ḍa </w><w n="90">e</w><w n="91" lemma="va">va </w><w n="92"></w><w n="93">pra</w><w n="94">paṃ</w><w n="95">ce</w><w n="96">nā</w><w n="97" lemma="yaṃ">yam </w><w n="98">a</w><w n="99" lemma="rtho">rtho </w><w n="100">smā</w><w n="101" lemma="bhiḥ">bhir </w><w n="102">ni</w><w n="103">rṇā</w><w n="104" lemma="ta">ta </w><w n="105">i</w><w n="106" lemma="ti">ti </w><w n="107">ta</w><w n="108" lemma="ta">ta </w><w n="109">e</w><w n="110">vā</w><w n="111">va</w><w n="112">dhā</w><w n="113" lemma="ryaṃ">ryaṃ | </w>
</text></TEI>
<TEI n="D">
<text>
<w n="0" lemma="vā">|| vā</w><w n="1">cya</w><w n="2">vā</w><w n="3">ca</w><w n="4">ka</w><w n="5">saṃ</w><w n="6">baṃ</w><w n="7">dhā</w><w n="8" lemma="nā">nā </w><w n="9"></w><w n="10">bhā</w><w n="11">va</w><w n="12" lemma="taḥ">to </w><w n="13">dva</w><w n="14">ya</w><w n="15">rū</w><w n="16">pa</w><w n="17" lemma="tā">tā </w><w n="18">ta</w><w n="19" lemma="tra">tra </w><w n="20" lemma="hyāṃ">hy āṃ</w><w n="21">ta</w><w n="22" lemma="re">re </w><w n="23">ta</w><w n="24">tva</w><w n="25">śru</w><w n="26">tya</w><w n="27">rtha</w><w n="28">śa</w><w n="29" lemma="ktī">ktī </w><w n="30">saṃ</w><w n="31">sṛ</w><w n="32">jye</w><w n="33" lemma="te">te </w><w n="34">i</w><w n="35" lemma="ti">ti </w><w n="36">vi</w><w n="37">va</w><w n="38">rta</w><w n="39">da</w><w n="40">śā</w><w n="41" lemma="yāṃ">yāṃ </w><w n="42">śru</w><w n="43">tya</w><w n="44">rtha</w><w n="45">śā</w><w n="46">khā</w><w n="47">tma</w><w n="48" lemma="nā">nā </w><w n="49">ta</w><w n="50">syai</w><w n="51" lemma="va">va </w><w n="52">vi</w><w n="53">kā</w><w n="54">sā</w><w n="55" lemma="tvā">d vā</w><w n="56">cya</w><w n="57">vā</w><w n="58">ca</w><w n="59">ka</w><w n="60">rū</w><w n="61">pa</w><w n="62">ta</w><w n="63" lemma="yā">yā </w><w n="64">bhe</w><w n="65">dā</w><w n="66">va</w><w n="67">bhā</w><w n="68" lemma="sau">sau </w><w n="69">jñā</w><w n="70">na</w><w n="71">jñe</w><w n="72"></w><w n="73"></w><w n="74"></w><w n="75"></w><w n="76">yai</w><w n="77"></w><w n="78"></w><w n="79"></w><w n="80"></w><w n="81">vā</w><w n="82">vi</w><w n="83">dye</w><w n="84"></w><w n="85" lemma="ti">ti </w><w n="86">bra</w><w n="87">hma</w><w n="88">kāṃ</w><w n="89" lemma="ḍa">ḍa </w><w n="90">e</w><w n="91" lemma="va">va </w><w n="92"></w><w n="93">pra</w><w n="94">paṃ</w><w n="95">ce</w><w n="96">nā</w><w n="97" lemma="yaṃ">yam </w><w n="98">a</w><w n="99" lemma="rtho">rtho </w><w n="100">smā</w><w n="101" lemma="bhiḥ">bhir </w><w n="102">ni</w><w n="103">rṇī</w><w n="104" lemma="ta">ta </w><w n="105">i</w><w n="106" lemma="ti">ti </w><w n="107">ta</w><w n="108" lemma="ta">ta </w><w n="109">e</w><w n="110">vā</w><w n="111">va</w><w n="112">dhā</w><w n="113" lemma="ryaṃ">ryaṃ | </w>
</text></TEI>
</teiCorpus>
