<?xml version="1.0" encoding="UTF-8"?>
<teiCorpus xmlns="http://www.tei-c.org/ns/1.0">

<TEI n="GV">
<text>
<w n="0"></w><w n="1"></w><w n="2"></w><w n="3"></w><w n="4"></w><w n="5"></w><w n="6"></w><w n="7"></w><w n="8"></w><w n="9"></w><w n="10"></w><w n="11"></w><w n="12"></w><w n="13"></w><w n="14"></w><w n="15"></w><w n="16"></w><w n="17"></w><w n="18"></w><w n="19"></w><w n="20"></w><w n="21"></w><w n="22"></w><w n="23"></w><w n="24"></w><w n="25"></w><w n="26"></w><w n="27"></w><w n="28"></w><w n="29"></w><w n="30"></w><w n="31"></w><w n="32"></w><w n="33"></w><w n="34"></w><w n="35"></w><w n="36"></w><w n="37"></w><w n="38"></w><w n="39"></w><w n="40"></w><w n="41"></w><w n="42"></w><w n="43"></w><w n="44"></w><w n="45"></w><w n="46"></w><w n="47"></w><w n="48"></w><w n="49"></w><w n="50"></w><w n="51"></w><w n="52"></w><w n="53"></w><w n="54"></w><w n="55"></w><w n="56"></w><w n="57"></w><w n="58"></w><w n="59"></w><w n="60"></w><w n="61"></w><w n="62"></w><w n="63"></w><w n="64"></w><w n="65"></w><w n="66"></w><w n="67"></w><w n="68"></w><w n="69"></w><w n="70"></w><w n="71"></w><w n="72"></w><w n="73"></w>
</text></TEI>
<TEI n="CT">
<text>
<w n="0">ta</w><w n="1" lemma="tvaṃ">tvam </w><w n="2">i</w><w n="3" lemma="ti">ti </w><w n="4">ca</w><w n="5">tu</w><w n="6">rbhū</w><w n="7" lemma="ta">ta-</w><w n="8">ta</w><w n="9">tva</w><w n="10">vā</w><w n="11">di</w><w n="12" lemma="bhiḥ">bhiḥ </w><w n="13">śvā</w><w n="14">rvā</w><w n="15" lemma="kaiḥ">kair </w><w n="16">dra</w><w n="17" lemma="vyaṃ">vyam </w><w n="18">u</w><w n="19">cya</w><w n="20" lemma="te">te | </w><w n="21"></w><w n="22"></w><w n="23"></w><w n="24"></w><w n="25"></w><w n="26"></w><w n="27"></w><w n="28"></w><w n="29"></w><w n="30"></w><w n="31"></w><w n="32"></w><w n="33"></w><w n="34"></w><w n="35"></w><w n="36"></w><w n="37"></w><w n="38"></w><w n="39"></w><w n="40"></w><w n="41">śa</w><w n="42" lemma="kti">kti(</w><w n="43" lemma="riṃ">ri)n</w><w n="44">dri</w><w n="45">ya</w><w n="46">vi</w><w n="47">ṣa</w><w n="48">ya</w><w n="49">saṃ</w><w n="50" lemma="jñā">jñā </w><w n="51">i</w><w n="52" lemma="ti">ti </w><w n="53">va</w><w n="54">ca</w><w n="55">nā</w><w n="56" lemma="tta">t_ ta</w><w n="57">dai</w><w n="58"></w><w n="59"></w><w n="60" lemma="kaiḥ">kaiḥ </w><w n="61">pā</w><w n="62">ra</w><w n="63">mā</w><w n="64">rthi</w><w n="65" lemma="ka">ka </w><w n="66">e</w><w n="67" lemma="kaṃ">kam </w><w n="68">e</w><w n="69" lemma="va">va </w><w n="70">va</w><w n="71">stū</w><w n="72">cya</w><w n="73" lemma="te">te | </w>
</text></TEI>
<TEI n="T">
<text>
<w n="0">ta</w><w n="1" lemma="tvaṃ">tvam </w><w n="2">i</w><w n="3" lemma="ti">ti </w><w n="4">ca</w><w n="5">tu</w><w n="6">rbhū</w><w n="7">ta</w><w n="8"></w><w n="9"></w><w n="10">vā</w><w n="11">di</w><w n="12" lemma="bhiḥ">bhiś </w><w n="13">cā</w><w n="14" lemma="rvā">rvvā</w><w n="15" lemma="kaiḥ">kair </w><w n="16">dra</w><w n="17" lemma="vyaṃ">vyam </w><w n="18">u</w><w n="19">cya</w><w n="20" lemma="te">te </w><w n="21">pṛ</w><w n="22">thi</w><w n="23"></w><w n="24" lemma="vyā">vy ā</w><w n="25" lemma="paḥ">pas </w><w n="26">te</w><w n="27" lemma="jaḥ">jo </w><w n="28">vā</w><w n="29" lemma="yuḥ">yur </w><w n="30"></w><w n="31">i</w><w n="32" lemma="ti">ti </w><w n="33">ta</w><w n="34">tvā</w><w n="35" lemma="ni">ni </w><w n="36">ta</w><w n="37">tsa</w><w n="38">mu</w><w n="39">dā</w><w n="40" lemma="ye">ye </w><w n="41">śa</w><w n="42">rī</w><w n="43" lemma="reṃ">ren</w><w n="44">dri</w><w n="45">ya</w><w n="46">vi</w><w n="47">ṣa</w><w n="48">ya</w><w n="49">saṃ</w><w n="50" lemma="jñā">jñā </w><w n="51">i</w><w n="52" lemma="ti">ti </w><w n="53">va</w><w n="54">ca</w><w n="55">nā</w><w n="56" lemma="tta">t_ ta</w><w n="57" lemma="te">d e</w><w n="58"></w><w n="59"></w><w n="60" lemma="taiḥ">taiḥ </w><w n="61">pā</w><w n="62">ra</w><w n="63">mā</w><w n="64" lemma="rthi">rtthi</w><w n="65" lemma="ka">ka </w><w n="66">e</w><w n="67" lemma="kaṃ">kam </w><w n="68">e</w><w n="69" lemma="va">va </w><w n="70">va</w><w n="71">stū</w><w n="72">cya</w><w n="73" lemma="te">te </w>
</text></TEI>
<TEI n="H">
<text>
<w n="0">ta</w><w n="1" lemma="tvaṃ">ttvam </w><w n="2">i</w><w n="3" lemma="ti">ti </w><w n="4">ca</w><w n="5">tu</w><w n="6">rbhū</w><w n="7">ta</w><w n="8">ta</w><w n="9" lemma="tva">ttva</w><w n="10">vā</w><w n="11">di</w><w n="12" lemma="bhiḥ">bhiś </w><w n="13">cā</w><w n="14">rvā</w><w n="15" lemma="kaiḥ">kair </w><w n="16">dra</w><w n="17" lemma="vyaṃ">vyam </w><w n="18">u</w><w n="19">cya</w><w n="20" lemma="te">te | </w><w n="21">pṛ</w><w n="22">thi</w><w n="23"></w><w n="24" lemma="vyā">vy ā</w><w n="25" lemma="paḥ">pas </w><w n="26">te</w><w n="27" lemma="jaḥ">jo </w><w n="28">vā</w><w n="29" lemma="yuḥ">yur </w><w n="30"></w><w n="31">i</w><w n="32" lemma="ti">ti </w><w n="33">ta</w><w n="34" lemma="tvā">ttvā</w><w n="35" lemma="ni">ni </w><w n="36">ta</w><w n="37">tsa</w><w n="38">mu</w><w n="39">dā</w><w n="40" lemma="ye">ye </w><w n="41">śa</w><w n="42">rī</w><w n="43">reṃ</w><w n="44">dri</w><w n="45">ya</w><w n="46">vi</w><w n="47">ṣa</w><w n="48">ya</w><w n="49">saṃ</w><w n="50" lemma="jñā">jñā </w><w n="51">i</w><w n="52" lemma="ti">ti </w><w n="53">va</w><w n="54">ca</w><w n="55">nā</w><w n="56" lemma="tta">t | ta</w><w n="57" lemma="te">d e</w><w n="58" lemma="vaṃ">vam </w><w n="59">e</w><w n="60" lemma="taiḥ">taiḥ </w><w n="61">pa</w><w n="62">ra</w><w n="63">mā</w><w n="64">rtha</w><w n="65" lemma="ta">ta </w><w n="66">e</w><w n="67" lemma="kaṃ">kam </w><w n="68">e</w><w n="69" lemma="va">va </w><w n="70">va</w><w n="71">stū</w><w n="72">cya</w><w n="73" lemma="te">te | </w>
</text></TEI>
<TEI n="P">
<text>
<w n="0">ta</w><w n="1" lemma="tvaṃ">tvam </w><w n="2">i</w><w n="3" lemma="ti">ti </w><w n="4">ca</w><w n="5">tu</w><w n="6">bhū</w><w n="7">ta</w><w n="8">ta</w><w n="9">tva</w><w n="10">vā</w><w n="11">di</w><w n="12" lemma="bhiḥ">bhiḥ </w><w n="13">ā</w><w n="14">rvā</w><w n="15" lemma="kaiḥ">kais </w><w n="16">ta</w><w n="17" lemma="tvaṃ">tvam </w><w n="18">u</w><w n="19">cya</w><w n="20" lemma="te">te </w><w n="21">pṛ</w><w n="22">thi</w><w n="23">vī</w><w n="24">vya</w><w n="25"></w><w n="26">pte</w><w n="27">jo</w><w n="28">vā</w><w n="29" lemma="yuḥ">yur </w><w n="30"></w><w n="31">ī</w><w n="32" lemma="ti">ti </w><w n="33">ta</w><w n="34">tvā</w><w n="35" lemma="bhiḥ">bhiḥ </w><w n="36">ta</w><w n="37">tsa</w><w n="38">mu</w><w n="39">dā</w><w n="40" lemma="ye">ye </w><w n="41">śa</w><w n="42">rī</w><w n="43">re</w><w n="44">dri</w><w n="45">ya</w><w n="46">vi</w><w n="47">ṣa</w><w n="48">ya</w><w n="49">saṃ</w><w n="50" lemma="jñā">jñā </w><w n="51">i</w><w n="52" lemma="ti">ti </w><w n="53">va</w><w n="54">ca</w><w n="55">nā</w><w n="56" lemma="tta">t ta</w><w n="57" lemma="te">d e</w><w n="58" lemma="vaṃ">vam </w><w n="59">e</w><w n="60" lemma="taiḥ">taiḥ </w><w n="61">pa</w><w n="62">ra</w><w n="63">mā</w><w n="64">rtha</w><w n="65" lemma="ta">ta </w><w n="66">e</w><w n="67" lemma="kaṃ">kam </w><w n="68">e</w><w n="69" lemma="va">va </w><w n="70">va</w><w n="71">stū</w><w n="72">cya</w><w n="73" lemma="te">te </w>
</text></TEI>
<TEI n="M">
<text>
<w n="0">ta</w><w n="1" lemma="tvaṃ">tvam </w><w n="2">i</w><w n="3" lemma="ti">ti | </w><w n="4">ca</w><w n="5">tu</w><w n="6">bhū</w><w n="7">ta</w><w n="8">ta</w><w n="9">tva</w><w n="10">vā</w><w n="11">di</w><w n="12" lemma="bhiḥ">bhiś </w><w n="13">cā</w><w n="14">rvā</w><w n="15" lemma="kaiḥ">kai|s </w><w n="16">ta</w><w n="17" lemma="tvaṃ">tvam </w><w n="18">u</w><w n="19">cya</w><w n="20" lemma="te">te | </w><w n="21">pṛ</w><w n="22">thi</w><w n="23"></w><w n="24">vya</w><w n="25"></w><w n="26">pte</w><w n="27">jo</w><w n="28">vā</w><w n="29" lemma="yuḥ">yur </w><w n="30"></w><w n="31">i</w><w n="32" lemma="ti">ti </w><w n="33">ta</w><w n="34">tvā</w><w n="35" lemma="ni">ni | </w><w n="36">ta</w><w n="37">tsa</w><w n="38">mu</w><w n="39">dā</w><w n="40" lemma="ye">ye </w><w n="41">śa</w><w n="42">rī</w><w n="43">reṃ</w><w n="44">dri</w><w n="45">ya</w><w n="46">vi</w><w n="47">ṣa</w><w n="48">ya</w><w n="49">saṃ</w><w n="50" lemma="jñā">jñā </w><w n="51">i</w><w n="52" lemma="ti">ti </w><w n="53">va</w><w n="54">ca</w><w n="55">nā</w><w n="56" lemma="tta">t | ta</w><w n="57" lemma="te">d e</w><w n="58" lemma="vaṃ">vam </w><w n="59">e</w><w n="60" lemma="taiḥ">taiḥ </w><w n="61">pa</w><w n="62">ra</w><w n="63">mā</w><w n="64">rtha</w><w n="65" lemma="ta">ta </w><w n="66">e</w><w n="67" lemma="kaṃ">kam </w><w n="68">e</w><w n="69" lemma="va">va </w><w n="70">va</w><w n="71">stū</w><w n="72">cya</w><w n="73" lemma="te">te | </w>
</text></TEI>
<TEI n="G2">
<text>
<w n="0">ta</w><w n="1" lemma="tvaṃ">tvam </w><w n="2">i</w><w n="3" lemma="ti">ti </w><w n="4">ca</w><w n="5">tu</w><w n="6">rbhū</w><w n="7">ta</w><w n="8">ta</w><w n="9">tva</w><w n="10">vā</w><w n="11">di</w><w n="12" lemma="bhiḥ">bhiś </w><w n="13">cā</w><w n="14">rvā</w><w n="15" lemma="kai">kai </w><w n="16">dra</w><w n="17" lemma="vyaṃ">vyam </w><w n="18">u</w><w n="19">vya</w><w n="20" lemma="te">te </w><w n="21">pṛ</w><w n="22">thi</w><w n="23"></w><w n="24">vya</w><w n="25"></w><w n="26" lemma="ptai">p_tai</w><w n="27">jo</w><w n="28">vā</w><w n="29" lemma="yuḥ">yur </w><w n="30"></w><w n="31">i</w><w n="32" lemma="ti">ti </w><w n="33">ta</w><w n="34">tvā</w><w n="35" lemma="ni">ni </w><w n="36">ta</w><w n="37">tsa</w><w n="38">mu</w><w n="39">dā</w><w n="40" lemma="ye">ye </w><w n="41">śa</w><w n="42">rī</w><w n="43">reṃ</w><w n="44">dri</w><w n="45">ya</w><w n="46">vi</w><w n="47">ṣa</w><w n="48" lemma="yaṃ">yaṃ </w><w n="49">sa</w><w n="50" lemma="jñā">jñā </w><w n="51">i</w><w n="52" lemma="ti">ti </w><w n="53">va</w><w n="54">va</w><w n="55">nā</w><w n="56" lemma="tpta">t_ pta</w><w n="57" lemma="te">d e</w><w n="58" lemma="vaṃ">vam </w><w n="59">e</w><w n="60" lemma="taiḥ">taiḥ </w><w n="61">pa</w><w n="62">ra</w><w n="63">mā</w><w n="64" lemma="rtha">rtha </w><w n="65"></w><w n="66">e</w><w n="67" lemma="kaṃ">kam </w><w n="68">e</w><w n="69" lemma="va">va </w><w n="70">va</w><w n="71" lemma="stū">stū </w><w n="72"></w><w n="73"></w>
</text></TEI>
<TEI n="G1">
<text>
<w n="0">ta</w><w n="1" lemma="tvaṃ">tvam </w><w n="2">i</w><w n="3" lemma="ti">ti </w><w n="4">ca</w><w n="5">tu</w><w n="6">rbhū</w><w n="7">ta</w><w n="8">ta</w><w n="9">tva</w><w n="10">vā</w><w n="11">di</w><w n="12" lemma="bhiḥ">bhiś </w><w n="13">cā</w><w n="14">rvā</w><w n="15" lemma="kai">kai </w><w n="16">dra</w><w n="17" lemma="vyaṃ">vyam </w><w n="18">u</w><w n="19">vya</w><w n="20" lemma="te">te </w><w n="21">pṛ</w><w n="22">thi</w><w n="23"></w><w n="24">vya</w><w n="25"></w><w n="26" lemma="ptai">p_tai</w><w n="27">jo</w><w n="28">vā</w><w n="29" lemma="yuḥ">yur </w><w n="30"></w><w n="31">i</w><w n="32" lemma="ti">ti </w><w n="33">ta</w><w n="34">tvā</w><w n="35" lemma="ni">ni </w><w n="36">ta</w><w n="37">tsa</w><w n="38">mu</w><w n="39">dā</w><w n="40" lemma="ye">ye </w><w n="41">śa</w><w n="42">rī</w><w n="43">reṃ</w><w n="44">dri</w><w n="45">ya</w><w n="46">vi</w><w n="47">ṣa</w><w n="48" lemma="yaṃ">yaṃ </w><w n="49">sa</w><w n="50" lemma="jñā">jñā </w><w n="51">i</w><w n="52" lemma="ti">ti </w><w n="53">va</w><w n="54">va</w><w n="55">nā</w><w n="56" lemma="tpta">t_ pta</w><w n="57" lemma="te">d e</w><w n="58" lemma="vaṃ">vam </w><w n="59">e</w><w n="60" lemma="taiḥ">taiḥ </w><w n="61">pa</w><w n="62">ra</w><w n="63">mā</w><w n="64" lemma="rtha">rtha </w><w n="65"></w><w n="66">e</w><w n="67" lemma="kaṃ">kam </w><w n="68">e</w><w n="69" lemma="va">va </w><w n="70">va</w><w n="71" lemma="stū">stū </w><w n="72"></w><w n="73"></w>
</text></TEI>
<TEI n="L">
<text>
<w n="0" lemma="ta">ta&#166;</w><w n="1" lemma="tvaṃ">ttvam </w><w n="2">i</w><w n="3" lemma="ti">ti </w><w n="4">ca</w><w n="5">tu</w><w n="6">rbhū</w><w n="7">ta</w><w n="8">ta</w><w n="9">tvā</w><w n="10"></w><w n="11">di</w><w n="12" lemma="bhiḥ">bhiś </w><w n="13">cā</w><w n="14">rvā</w><w n="15" lemma="kaiḥ">kair </w><w n="16">dra</w><w n="17" lemma="vyaṃ">vyam </w><w n="18">u</w><w n="19">cya</w><w n="20" lemma="te">te </w><w n="21">pṛ</w><w n="22">thi</w><w n="23"></w><w n="24">vya</w><w n="25"></w><w n="26">pte</w><w n="27">jo</w><w n="28">vā</w><w n="29" lemma="yuḥ">yur </w><w n="30"></w><w n="31">i</w><w n="32" lemma="ti">ti </w><w n="33">ta</w><w n="34" lemma="tvā">ttvā</w><w n="35" lemma="ni">ni </w><w n="36">ta</w><w n="37">tsa</w><w n="38">mu</w><w n="39">dā</w><w n="40" lemma="ye">ye </w><w n="41">śa</w><w n="42">rī</w><w n="43">reṃ</w><w n="44">dri</w><w n="45">ya</w><w n="46">vi</w><w n="47">ṣa</w><w n="48">ya</w><w n="49">saṃ</w><w n="50" lemma="jñā">jñā </w><w n="51">i</w><w n="52" lemma="ti">ti </w><w n="53">va</w><w n="54">ca</w><w n="55">nā</w><w n="56" lemma="tta">t || ta</w><w n="57" lemma="te">d e</w><w n="58" lemma="vaṃ">vam </w><w n="59">e</w><w n="60" lemma="taiḥ">taiḥ </w><w n="61">pa</w><w n="62">ra</w><w n="63">mā</w><w n="64" lemma="rtha">rtha </w><w n="65"></w><w n="66">e</w><w n="67" lemma="kaṃ">kam </w><w n="68">e</w><w n="69" lemma="va">va </w><w n="70">va</w><w n="71">stū</w><w n="72">cya</w><w n="73">te</w>
</text></TEI>
<TEI n="O">
<text>
<w n="0">ta</w><w n="1" lemma="tvaṃ">tvam </w><w n="2">i</w><w n="3" lemma="ti">ti </w><w n="4">ca</w><w n="5">tu</w><w n="6">rbhū</w><w n="7">ta</w><w n="8">ta</w><w n="9">tva</w><w n="10">vā</w><w n="11">di</w><w n="12" lemma="bhiḥ">bhiś </w><w n="13">cā</w><w n="14">rvā</w><w n="15" lemma="kaiḥ">kair </w><w n="16">dra</w><w n="17" lemma="vyaṃ">vyam </w><w n="18">u</w><w n="19">cya</w><w n="20" lemma="te">te </w><w n="21">pṛ</w><w n="22">thi</w><w n="23"></w><w n="24">vya</w><w n="25"></w><w n="26">pte</w><w n="27">jo</w><w n="28">vā</w><w n="29">ya</w><w n="30" lemma="va">va </w><w n="31">i</w><w n="32" lemma="ti">ti </w><w n="33">ta</w><w n="34">tvā</w><w n="35" lemma="ni">ni </w><w n="36">ta</w><w n="37">tsa</w><w n="38">mu</w><w n="39">dā</w><w n="40" lemma="ye">ye </w><w n="41">śa</w><w n="42">rī</w><w n="43">reṃ</w><w n="44">dri</w><w n="45">ya</w><w n="46">vi</w><w n="47">ṣa</w><w n="48">ya</w><w n="49">saṃ</w><w n="50" lemma="jñā">jñā </w><w n="51">i</w><w n="52" lemma="ti">ti </w><w n="53">va</w><w n="54">ca</w><w n="55">nā</w><w n="56"></w><w n="57"></w><w n="58"></w><w n="59"></w><w n="60" lemma="ttaiḥ">t_ taiḥ </w><w n="61">pa</w><w n="62">ra</w><w n="63">mā</w><w n="64" lemma="rtha">rttha </w><w n="65"></w><w n="66">e</w><w n="67" lemma="kaṃ">kam </w><w n="68">e</w><w n="69" lemma="va">va </w><w n="70">va</w><w n="71">stū</w><w n="72">cya</w><w n="73" lemma="te">te </w>
</text></TEI>
<TEI n="A">
<text>
<w n="0">ta</w><w n="1" lemma="tvaṃ">tvam </w><w n="2">i</w><w n="3" lemma="ti">ti </w><w n="4">ca</w><w n="5">tu</w><w n="6">rbhū</w><w n="7">ta</w><w n="8">ta</w><w n="9">tva</w><w n="10">vā</w><w n="11">di</w><w n="12" lemma="bhiḥ">bhiś </w><w n="13">cā</w><w n="14">kai</w><w n="15" lemma="kaiḥ">kair </w><w n="16">dra</w><w n="17" lemma="vyaṃ">vyam </w><w n="18">u</w><w n="19">cya</w><w n="20" lemma="te">te </w><w n="21">pṛ</w><w n="22">thi</w><w n="23"></w><w n="24">vyā</w><w n="25"></w><w n="26">te</w><w n="27">jo</w><w n="28">vā</w><w n="29" lemma="yuḥ">yur </w><w n="30"></w><w n="31">i</w><w n="32" lemma="ti">ti </w><w n="33">ta</w><w n="34">tvā</w><w n="35" lemma="ni">ni </w><w n="36">ta</w><w n="37">tsa</w><w n="38">mu</w><w n="39">dā</w><w n="40" lemma="ye">ye </w><w n="41">śa</w><w n="42">rī</w><w n="43">re</w><w n="44">dri</w><w n="45">ya</w><w n="46">vi</w><w n="47">ṣa</w><w n="48">ya</w><w n="49">saṃ</w><w n="50" lemma="jñā">jñā </w><w n="51">i</w><w n="52" lemma="ti">ti </w><w n="53">va</w><w n="54">ca</w><w n="55">nā</w><w n="56" lemma="tta">t_ ta</w><w n="57" lemma="te">d e</w><w n="58" lemma="vaṃ">vam </w><w n="59">e</w><w n="60" lemma="taiḥ">taiḥ </w><w n="61">pa</w><w n="62">ra</w><w n="63">mā</w><w n="64" lemma="rtha">rtha </w><w n="65"></w><w n="66">e</w><w n="67" lemma="kaṃ">kam </w><w n="68">e</w><w n="69" lemma="va">va </w><w n="70">va</w><w n="71">stū</w><w n="72">cya</w><w n="73" lemma="te">te </w>
</text></TEI>
<TEI n="V">
<text>
<w n="0">ta</w><w n="1" lemma="tvaṃ">tvam </w><w n="2">i</w><w n="3" lemma="ti">ti </w><w n="4">ca</w><w n="5">tu</w><w n="6">rbhū</w><w n="7">ta</w><w n="8">ta</w><w n="9">tva</w><w n="10">vā</w><w n="11">di</w><w n="12" lemma="bhiḥ">bhiś </w><w n="13">cā</w><w n="14">rvā</w><w n="15" lemma="kaiḥ">kair </w><w n="16">dra</w><w n="17" lemma="vyaṃ">vyam </w><w n="18">u</w><w n="19">cya</w><w n="20" lemma="te">te </w><w n="21">pṛ</w><w n="22">thi</w><w n="23"></w><w n="24">vya</w><w n="25"></w><w n="26">pte</w><w n="27">jo</w><w n="28">vā</w><w n="29" lemma="yuḥ">yur </w><w n="30"></w><w n="31">i</w><w n="32" lemma="ti">ti </w><w n="33">ta</w><w n="34">tā</w><w n="35" lemma="ni">ni </w><w n="36">ta</w><w n="37">tsu</w><w n="38">mu</w><w n="39">dā</w><w n="40" lemma="ye">ye </w><w n="41">śa</w><w n="42">rau</w><w n="43">reṃ</w><w n="44">dri</w><w n="45">ya</w><w n="46">vi</w><w n="47">ṣa</w><w n="48">ya</w><w n="49">saṃ</w><w n="50" lemma="jñā">jñā </w><w n="51">i</w><w n="52" lemma="ti">ti </w><w n="53">va</w><w n="54" lemma="caṃ">can</w><w n="55">ta</w><w n="56" lemma="tta">t_ ta</w><w n="57" lemma="te">d e</w><w n="58" lemma="vaṃ">vam </w><w n="59">e</w><w n="60" lemma="taiḥ">taiḥ </w><w n="61">pa</w><w n="62">ra</w><w n="63">mā</w><w n="64" lemma="rtha">rtha </w><w n="65"></w><w n="66">e</w><w n="67" lemma="kaṃ">kam </w><w n="68">e</w><w n="69" lemma="va">va </w><w n="70">va</w><w n="71">stū</w><w n="72">cya</w><w n="73" lemma="te">te </w>
</text></TEI>
<TEI n="K">
<text>
<w n="0">ta</w><w n="1" lemma="tvaṃ">tvam </w><w n="2">i</w><w n="3" lemma="ti">ti | </w><w n="4">ca</w><w n="5">tu</w><w n="6">rbhū</w><w n="7">ta</w><w n="8">ta</w><w n="9">tva</w><w n="10">vā</w><w n="11">di</w><w n="12" lemma="bhiḥ">bhiś </w><w n="13">cā</w><w n="14">rvā</w><w n="15" lemma="kaiḥ">kair </w><w n="16">dra</w><w n="17" lemma="vyaṃ">vyam </w><w n="18">u</w><w n="19">cya</w><w n="20" lemma="te">te </w><w n="21">pṛ</w><w n="22">thi</w><w n="23"></w><w n="24">vya</w><w n="25"></w><w n="26">pte</w><w n="27">jo</w><w n="28">vā</w><w n="29" lemma="yuḥ">yur </w><w n="30"></w><w n="31">i</w><w n="32" lemma="ti">ti </w><w n="33">ta</w><w n="34">tā</w><w n="35" lemma="ni">ni </w><w n="36">ta</w><w n="37">tsu</w><w n="38">mu</w><w n="39">dā</w><w n="40" lemma="ye">ye </w><w n="41">śa</w><w n="42">rau</w><w n="43">reṃ</w><w n="44">dri</w><w n="45">ya</w><w n="46">vi</w><w n="47">ṣa</w><w n="48">ya</w><w n="49">saṃ</w><w n="50" lemma="jñā">jñā </w><w n="51">i</w><w n="52" lemma="ti">ti </w><w n="53">va</w><w n="54" lemma="caṃ">can</w><w n="55">ta</w><w n="56" lemma="tta">t_ ta</w><w n="57" lemma="te">d e</w><w n="58" lemma="vaṃ">vam </w><w n="59">e</w><w n="60" lemma="taiḥ">taiḥ </w><w n="61">pa</w><w n="62">ra</w><w n="63">mā</w><w n="64" lemma="rtha">rtha </w><w n="65"></w><w n="66">e</w><w n="67" lemma="kaṃ">kam </w><w n="68">e</w><w n="69" lemma="va">va </w><w n="70">va</w><w n="71">stū</w><w n="72">cya</w><w n="73" lemma="te">te | </w>
</text></TEI>
<TEI n="D">
<text>
<w n="0">ta</w><w n="1" lemma="tvaṃ">tvam </w><w n="2">i</w><w n="3" lemma="ti">ti </w><w n="4">ca</w><w n="5">tu</w><w n="6">rbhū</w><w n="7">ta</w><w n="8">ta</w><w n="9">tva</w><w n="10">vā</w><w n="11">di</w><w n="12" lemma="bhiḥ">bhiś </w><w n="13">cā</w><w n="14">rvā</w><w n="15" lemma="kaiḥ">kair </w><w n="16">dra</w><w n="17" lemma="vyaṃ">vyam </w><w n="18">u</w><w n="19">cya</w><w n="20" lemma="te">te </w><w n="21">pṛ</w><w n="22">thi</w><w n="23"></w><w n="24">vya</w><w n="25"></w><w n="26">pte</w><w n="27">jo</w><w n="28">vā</w><w n="29" lemma="yuḥ">yur </w><w n="30"></w><w n="31">i</w><w n="32" lemma="ti">ti </w><w n="33">ta</w><w n="34">tvā</w><w n="35" lemma="ni">ni </w><w n="36">ta</w><w n="37">tsa</w><w n="38">mu</w><w n="39">dā</w><w n="40" lemma="ye">ye </w><w n="41">śa</w><w n="42">rī</w><w n="43">reṃ</w><w n="44">dri</w><w n="45">ya</w><w n="46">vi</w><w n="47">ṣa</w><w n="48">ya</w><w n="49">saṃ</w><w n="50" lemma="jñā">jñā </w><w n="51">i</w><w n="52" lemma="ti">ti </w><w n="53">va</w><w n="54">ca</w><w n="55">nā</w><w n="56" lemma="tta">t_ ta</w><w n="57" lemma="te">d e</w><w n="58" lemma="vaṃ">vam </w><w n="59">e</w><w n="60" lemma="taiḥ">taiḥ </w><w n="61">pa</w><w n="62">ra</w><w n="63">mā</w><w n="64" lemma="rtha">rtha </w><w n="65"></w><w n="66">e</w><w n="67" lemma="kaṃ">kam </w><w n="68">e</w><w n="69" lemma="va">va </w><w n="70">va</w><w n="71">stū</w><w n="72">cya</w><w n="73" lemma="te">te || </w>
</text></TEI>
</teiCorpus>
