<?xml version="1.0" encoding="UTF-8"?>
<teiCorpus xmlns="http://www.tei-c.org/ns/1.0">

<TEI n="GV">
<text>
<w n="0" lemma="saṃ">|| saṃ</w><w n="1">khya</w><w n="2">syā</w><w n="3">vi</w><w n="4">kṛ</w><w n="5">ta</w><w n="6">pra</w><w n="7">dhā</w><w n="8">na</w><w n="9"></w><w n="10" lemma="tvaṃ">tvaṃ </w><w n="11">sa</w><w n="12">rva</w><w n="13">vi</w><w n="14">kā</w><w n="15">ra</w><w n="16"></w><w n="17"></w><w n="18">graṃ</w><w n="19" lemma="thi">thi </w><w n="20">bī</w><w n="21">jā</w><w n="22">va</w><w n="23" lemma="sthaṃ">stham </w><w n="24">a</w><w n="25" lemma="bhiṃ">bhin</w><w n="26" lemma="naṃ">nam </w><w n="27">a</w><w n="28">nu</w><w n="29"></w><w n="30">spṛ</w><w n="31" lemma="ṣṭhaṃ">ṣṭham </w><w n="32">e</w><w n="33" lemma="va">va </w><w n="34">ma</w><w n="35">ha</w><w n="36">dā</w><w n="37">di</w><w n="38"></w><w n="39"></w><w n="40"></w><w n="41">rū</w><w n="42" lemma="paiḥ">paiḥ </w><w n="43">pa</w><w n="44">ra</w><w n="45">mā</w><w n="46">rtha</w><w n="47" lemma="ta">ta </w><w n="48"></w><w n="49">ta</w><w n="50" lemma="tdhi">d dhi </w><w n="51">ma</w><w n="52">ha</w><w n="53">dā</w><w n="54">di</w><w n="55">vi</w><w n="56">kā</w><w n="57">ra</w><w n="58">śa</w><w n="59">kti</w><w n="60">ru</w><w n="61">yuṃ</w><w n="62" lemma="ktaṃ">ktaṃ </w><w n="63">gu</w><w n="64">ṇa</w><w n="65">sā</w><w n="66">myā</w><w n="67">va</w><w n="68">sthā</w><w n="69">tma</w><w n="70" lemma="kaṃ">kaṃ </w><w n="71">gu</w><w n="72">ṇa</w><w n="73">vai</w><w n="74">śa</w><w n="75">mya</w><w n="76"></w><w n="77"></w><w n="78"></w><w n="79">va</w><w n="80">śo</w><w n="81">pa</w><w n="82">jā</w><w n="83">ya</w><w n="84">mā</w><w n="85">na</w><w n="86">vi</w><w n="87">kā</w><w n="88">ra</w><w n="89">nā</w><w n="90">nā</w><w n="91">tvā</w><w n="92" lemma="tvi">d vi</w><w n="93">la</w><w n="94">kṣya</w><w n="95" lemma="ṇaṃ">ṇam </w><w n="96">e</w><w n="97" lemma="va">va | </w><w n="98">a</w><w n="99" lemma="tha">tha </w><w n="100" lemma="ca">ca </w><w n="101">vya</w><w n="102">va</w><w n="103">hā</w><w n="104" lemma="re">re </w><w n="105">ma</w><w n="106">ha</w><w n="107">dā</w><w n="108">di</w><w n="109">rū</w><w n="110">pa</w><w n="111">vi</w><w n="112">kā</w><w n="113">ra</w><w n="114">rū</w><w n="115">pā</w><w n="116">va</w><w n="117">dhā</w><w n="118">ra</w><w n="119">ṇe</w><w n="120" lemma="na">na </w><w n="121"></w><w n="122"></w><w n="123">ta</w><w n="124">du</w><w n="125">pa</w><w n="126">laṃ</w><w n="127">bhā</w><w n="128">saṃ</w><w n="129">bha</w><w n="130" lemma="va">va </w><w n="131">i</w><w n="132" lemma="ti">ti | </w><w n="133">sa</w><w n="134">rva</w><w n="135">da</w><w n="136">rśa</w><w n="137">ne</w><w n="138" lemma="ṣva">ṣv a</w><w n="139"></w><w n="140">vi</w><w n="141">dyā</w><w n="142">nva</w><w n="143">yi</w><w n="144" lemma="nī">nī | </w><w n="145">e</w><w n="146" lemma="vaṃ">vam </w><w n="147">a</w><w n="148">sa</w><w n="149">tyā</w><w n="150">kā</w><w n="151" lemma="ro">ro </w><w n="152">pra</w><w n="153">dhā</w><w n="154">ne</w><w n="155" lemma="na">na </w><w n="156" lemma="ca">ca </w><w n="157">ta</w><w n="158">tva</w><w n="159">pra</w><w n="160">ti</w><w n="161">bhā</w><w n="162" lemma="saḥ">saḥ </w><w n="163">si</w><w n="164" lemma="dha">ddha </w><w n="165">i</w><w n="166" lemma="ti">ti </w><w n="167">sā</w><w n="168">dhyā</w><w n="169">nva</w><w n="170" lemma="yaḥ">yo </w><w n="171"></w><w n="172">gṛ</w><w n="173">hī</w><w n="174" lemma="taḥ">taḥ </w>
</text></TEI>
<TEI n="CT">
<text>
<w n="0" lemma="sāṃ">sāṅ</w><w n="1">khya</w><w n="2">syā</w><w n="3" lemma="pi">pi </w><w n="4">kṛ</w><w n="5" lemma="taṃ">taṃ </w><w n="6">pra</w><w n="7">dhā</w><w n="8" lemma="naṃ">naṃ </w><w n="9" lemma="ta">ta-</w><w n="10" lemma="tvaṃ">tvaṃ </w><w n="11">sa</w><w n="12">rva</w><w n="13">vi</w><w n="14">kā</w><w n="15">ra</w><w n="16"></w><w n="17"></w><w n="18" lemma="graṃ">gran</w><w n="19" lemma="thi">thi </w><w n="20">bī</w><w n="21">jā</w><w n="22">va</w><w n="23" lemma="sthaṃ">stham </w><w n="24">a</w><w n="25" lemma="bhiṃ">bhin</w><w n="26" lemma="naṃ">nam </w><w n="27">a</w><w n="28">nu</w><w n="29">pa</w><w n="30" lemma="sṛ">sṛ-</w><w n="31" lemma="ṣṭaṃ">ṣṭam </w><w n="32">e</w><w n="33" lemma="va">va </w><w n="34">ma</w><w n="35">ha</w><w n="36">dā</w><w n="37">di</w><w n="38">vi</w><w n="39">kā</w><w n="40">ra</w><w n="41">rū</w><w n="42" lemma="paiḥ">paiḥ </w><w n="43">pa</w><w n="44">ra</w><w n="45">mā</w><w n="46">rtha</w><w n="47" lemma="taḥ">taḥ </w><w n="48"></w><w n="49">ta</w><w n="50" lemma="tdhi">d dhi </w><w n="51">ma</w><w n="52">ha</w><w n="53">dā</w><w n="54">di</w><w n="55">vi</w><w n="56">kā</w><w n="57">ra</w><w n="58">śa</w><w n="59">kti</w><w n="60"></w><w n="61">yu</w><w n="62" lemma="ktaṃ">ktaṃ </w><w n="63">gu</w><w n="64">ṇa</w><w n="65">sā</w><w n="66">myā</w><w n="67">va</w><w n="68">sthā</w><w n="69" lemma="tma">tma-</w><w n="70" lemma="kaṃ">kaṃ </w><w n="71">gu</w><w n="72">ṇa</w><w n="73">vai</w><w n="74">ṣa</w><w n="75">mya</w><w n="76">vi</w><w n="77">ma</w><w n="78">rda</w><w n="79">va</w><w n="80">śo</w><w n="81">pa</w><w n="82">jā</w><w n="83">ya</w><w n="84">mā</w><w n="85">na</w><w n="86">vi</w><w n="87">kā</w><w n="88" lemma="ra">ra-</w><w n="89">nā</w><w n="90">nā</w><w n="91">tvā</w><w n="92" lemma="tvi">t_ vi</w><w n="93">la</w><w n="94">kṣa</w><w n="95" lemma="ṇaṃ">ṇam </w><w n="96">e</w><w n="97" lemma="va">va&#183; </w><w n="98">a</w><w n="99" lemma="tha">tha </w><w n="100" lemma="ca">ca </w><w n="101">vya</w><w n="102">va</w><w n="103">hā</w><w n="104" lemma="re">re </w><w n="105" lemma="ma">ma-</w><w n="106">ha</w><w n="107">dā</w><w n="108">di</w><w n="109"></w><w n="110"></w><w n="111">vi</w><w n="112">kā</w><w n="113">ra</w><w n="114">rū</w><w n="115">pā</w><w n="116">va</w><w n="117">dhā</w><w n="118">ra</w><w n="119">ṇe</w><w n="120" lemma="na">na </w><w n="121">vi</w><w n="122" lemma="nā">nā </w><w n="123">ta</w><w n="124">du</w><w n="125">pa</w><w n="126" lemma="laṃ">la-m</w><w n="127">bhā</w><w n="128">saṃ</w><w n="129">bha</w><w n="130" lemma="va">va </w><w n="131">i</w><w n="132" lemma="ti">ti </w><w n="133">sa</w><w n="134">rva</w><w n="135">da</w><w n="136">rśa</w><w n="137">ne</w><w n="138" lemma="ṣva">ṣv a</w><w n="139"></w><w n="140">vi</w><w n="141">dyā</w><w n="142">nva</w><w n="143">yi</w><w n="144" lemma="ni">ni </w><w n="145">e</w><w n="146" lemma="vaṃ">vam </w><w n="147">a</w><w n="148">sa</w><w n="149">tyā</w><w n="150">kā</w><w n="151">ro</w><w n="152">pa</w><w n="153">dhā</w><w n="154">ne</w><w n="155" lemma="na">na </w><w n="156"></w><w n="157">ta</w><w n="158">tva</w><w n="159">pra</w><w n="160">ti</w><w n="161">bhā</w><w n="162" lemma="saḥ">saḥ </w><w n="163">si</w><w n="164" lemma="dha">ddha </w><w n="165">i</w><w n="166" lemma="ti">ti </w><w n="167">sā</w><w n="168">dhyā</w><w n="169">nva</w><w n="170" lemma="yaḥ">yo '</w><w n="171">rtha</w><w n="172">gṛ</w><w n="173">hī</w><w n="174" lemma="taḥ">taḥ </w>
</text></TEI>
<TEI n="T">
<text>
<w n="0">sāṃ</w><w n="1">khya</w><w n="2">syā</w><w n="3">vi</w><w n="4">kṛ</w><w n="5" lemma="taṃ">taṃ </w><w n="6">pra</w><w n="7">dhā</w><w n="8">na</w><w n="9">ta</w><w n="10" lemma="tvaṃ">tvaṃ </w><w n="11">sa</w><w n="12" lemma="rva">rvva</w><w n="13">vi</w><w n="14">kā</w><w n="15">ra</w><w n="16"></w><w n="17"></w><w n="18" lemma="graṃ">gran</w><w n="19" lemma="thi">thi </w><w n="20">ni</w><w n="21">jā</w><w n="22">va</w><w n="23" lemma="sthaṃ">stham </w><w n="24">a</w><w n="25" lemma="bhiṃ">bhin</w><w n="26" lemma="naṃ">naṃ </w><w n="27">a</w><w n="28">nu</w><w n="29">pa</w><w n="30">sṛ</w><w n="31" lemma="ṣṭaṃ">ṣṭam </w><w n="32">e</w><w n="33" lemma="va">va </w><w n="34">ma</w><w n="35">ha</w><w n="36">dā</w><w n="37">di</w><w n="38">vi</w><w n="39">kā</w><w n="40">ra</w><w n="41">rū</w><w n="42" lemma="paiḥ">paiḥ </w><w n="43">pa</w><w n="44">ra</w><w n="45">mā</w><w n="46" lemma="rtha">rttha</w><w n="47" lemma="taḥ">taḥ </w><w n="48"></w><w n="49">ta</w><w n="50" lemma="tdhi">d dhi </w><w n="51">ma</w><w n="52">ha</w><w n="53">dā</w><w n="54">di</w><w n="55">vi</w><w n="56">kā</w><w n="57">ra</w><w n="58">śa</w><w n="59">kti</w><w n="60"></w><w n="61">yu</w><w n="62" lemma="ktaṃ">ktaṃ </w><w n="63">gu</w><w n="64">ṇa</w><w n="65">sā</w><w n="66">myā</w><w n="67">va</w><w n="68">sthā</w><w n="69">tma</w><w n="70" lemma="kaṃ">kaṃ </w><w n="71">gu</w><w n="72">ṇa</w><w n="73">vai</w><w n="74">ṣa</w><w n="75">mya</w><w n="76">vi</w><w n="77">ma</w><w n="78" lemma="rda">rdda</w><w n="79">va</w><w n="80">śo</w><w n="81">pa</w><w n="82">jā</w><w n="83">ya</w><w n="84">mā</w><w n="85">na</w><w n="86">vi</w><w n="87">kā</w><w n="88">ra</w><w n="89">nā</w><w n="90">nā</w><w n="91">tvā</w><w n="92" lemma="tvi">t_ vi</w><w n="93">la</w><w n="94">kṣa</w><w n="95" lemma="ṇaṃ">ṇam </w><w n="96">e</w><w n="97" lemma="va">va </w><w n="98">a</w><w n="99" lemma="tha">tha </w><w n="100" lemma="ca">ca </w><w n="101">vya</w><w n="102">va</w><w n="103">hā</w><w n="104" lemma="re">re </w><w n="105">ma</w><w n="106">ha</w><w n="107">dā</w><w n="108">di</w><w n="109"></w><w n="110"></w><w n="111">vi</w><w n="112">kā</w><w n="113">ra</w><w n="114">rū</w><w n="115">pā</w><w n="116">va</w><w n="117">dhā</w><w n="118">ra</w><w n="119">ṇe</w><w n="120" lemma="na">na </w><w n="121">vi</w><w n="122" lemma="nā">nā </w><w n="123">ta</w><w n="124">du</w><w n="125">pa</w><w n="126">laṃ</w><w n="127">bhā</w><w n="128">saṃ</w><w n="129">bha</w><w n="130" lemma="va">va </w><w n="131">i</w><w n="132" lemma="ti">ti </w><w n="133">sa</w><w n="134" lemma="rva">rvva</w><w n="135">da</w><w n="136">rśa</w><w n="137">ne</w><w n="138" lemma="ṣva">ṣv a</w><w n="139"></w><w n="140">vi</w><w n="141">dyā</w><w n="142">nva</w><w n="143">yi</w><w n="144" lemma="nī">nī </w><w n="145">e</w><w n="146" lemma="vaṃ">vam </w><w n="147">a</w><w n="148">sa</w><w n="149">tyā</w><w n="150">kā</w><w n="151">ro</w><w n="152">pa</w><w n="153">dhā</w><w n="154">ne</w><w n="155" lemma="na">na </w><w n="156"></w><w n="157">ta</w><w n="158">tva</w><w n="159">pra</w><w n="160">ti</w><w n="161">bhā</w><w n="162" lemma="saḥ">sas </w><w n="163">si</w><w n="164" lemma="dha">ddha </w><w n="165">i</w><w n="166" lemma="ti">ti </w><w n="167">sa</w><w n="168" lemma="dhyā">ddhyā</w><w n="169">nva</w><w n="170" lemma="yaḥ">yo </w><w n="171" lemma="rtha">rttha</w><w n="172">gṛ</w><w n="173">hī</w><w n="174" lemma="taḥ">taḥ </w>
</text></TEI>
<TEI n="H">
<text>
<w n="0">sāṃ</w><w n="1">khya</w><w n="2">syā</w><w n="3">vi</w><w n="4">kṛ</w><w n="5" lemma="taṃ">taṃ </w><w n="6">pra</w><w n="7">dhā</w><w n="8">na</w><w n="9">ta</w><w n="10" lemma="tvaṃ">ttvaṃ </w><w n="11">sa</w><w n="12">rva</w><w n="13">vi</w><w n="14">kā</w><w n="15">ra</w><w n="16">śu</w><w n="17" lemma="dhi">ddhi</w><w n="18" lemma="graṃ">gran</w><w n="19" lemma="thi">thi </w><w n="20">bī</w><w n="21">jā</w><w n="22">va</w><w n="23" lemma="sthaṃ">stham </w><w n="24">a</w><w n="25" lemma="bhiṃ">bhin</w><w n="26" lemma="naṃ">nam </w><w n="27">a</w><w n="28">nu</w><w n="29">pa</w><w n="30">mṛ</w><w n="31" lemma="ṣṭaṃ">ṣṭam </w><w n="32">e</w><w n="33" lemma="va">va </w><w n="34">ma</w><w n="35">ha</w><w n="36">dā</w><w n="37">di</w><w n="38">vi</w><w n="39">kā</w><w n="40">ra</w><w n="41">rū</w><w n="42" lemma="paiḥ">paiḥ </w><w n="43">pa</w><w n="44">ra</w><w n="45">mā</w><w n="46">rtha</w><w n="47">ta</w><w n="48" lemma="tvaṃ">ttvaṃ </w><w n="49">ta</w><w n="50" lemma="tdhi">d dhi </w><w n="51">ma</w><w n="52">ha</w><w n="53">dā</w><w n="54">di</w><w n="55">vi</w><w n="56">kā</w><w n="57">ra</w><w n="58">śa</w><w n="59">kti</w><w n="60"></w><w n="61">yu</w><w n="62" lemma="ktaṃ">ktaṃ </w><w n="63">gu</w><w n="64">ṇa</w><w n="65">sā</w><w n="66">mā</w><w n="67">va</w><w n="68">sthā</w><w n="69">tma</w><w n="70" lemma="kaṃ">kaṃ </w><w n="71">gu</w><w n="72">ṇa</w><w n="73">vai</w><w n="74">ṣa</w><w n="75">mya</w><w n="76">vi</w><w n="77">ma</w><w n="78">rda</w><w n="79">va</w><w n="80">śo</w><w n="81">pa</w><w n="82">jā</w><w n="83">ya</w><w n="84">mā</w><w n="85">na</w><w n="86">vi</w><w n="87">kā</w><w n="88">ra</w><w n="89">nā</w><w n="90">nā</w><w n="91">tvā</w><w n="92" lemma="nvi">n_ vi</w><w n="93">la</w><w n="94">kṣa</w><w n="95" lemma="ṇaḥ">ṇar </w><w n="96">e</w><w n="97" lemma="va">va | </w><w n="98">a</w><w n="99" lemma="tha">tha </w><w n="100" lemma="ca">ca </w><w n="101">vya</w><w n="102">va</w><w n="103">hā</w><w n="104" lemma="re">re </w><w n="105">ma</w><w n="106">ha</w><w n="107">dā</w><w n="108">di</w><w n="109"></w><w n="110"></w><w n="111">vi</w><w n="112">kā</w><w n="113">ra</w><w n="114">rū</w><w n="115">pā</w><w n="116" lemma="ta">d a</w><w n="117">dhā</w><w n="118">ra</w><w n="119">ṇe</w><w n="120" lemma="na">na </w><w n="121"></w><w n="122"></w><w n="123">ta</w><w n="124">du</w><w n="125">pa</w><w n="126">la</w><w n="127">bhā</w><w n="128">saṃ</w><w n="129">bha</w><w n="130" lemma="va">va </w><w n="131">i</w><w n="132" lemma="ti">ti </w><w n="133">sa</w><w n="134">rva</w><w n="135">da</w><w n="136">rśa</w><w n="137">ne</w><w n="138" lemma="ṣva">ṣv a</w><w n="139"></w><w n="140">vi</w><w n="141">dyā</w><w n="142">nva</w><w n="143">yi</w><w n="144" lemma="nī">nī | </w><w n="145">e</w><w n="146" lemma="vaṃ">vam </w><w n="147">a</w><w n="148">sa</w><w n="149">tyā</w><w n="150">kā</w><w n="151">ro</w><w n="152">pa</w><w n="153">dhā</w><w n="154">ne</w><w n="155" lemma="na">na </w><w n="156"></w><w n="157">ta</w><w n="158" lemma="tva">ttva</w><w n="159">pra</w><w n="160">ti</w><w n="161">bhā</w><w n="162" lemma="saḥ">saḥ </w><w n="163">si</w><w n="164" lemma="dha">ddha </w><w n="165">i</w><w n="166" lemma="ti">ti </w><w n="167">sā</w><w n="168">dyā</w><w n="169">nva</w><w n="170" lemma="yaḥ">yo </w><w n="171" lemma="rthaṃ">rthaṃ </w><w n="172">gṛ</w><w n="173">hī</w><w n="174" lemma="taḥ">taḥ | </w>
</text></TEI>
<TEI n="P">
<text>
<w n="0" lemma="saṃ">| saṃ</w><w n="1">khya</w><w n="2">syā</w><w n="3">vi</w><w n="4">kṛ</w><w n="5">ta</w><w n="6">pra</w><w n="7">dhā</w><w n="8">na</w><w n="9"></w><w n="10" lemma="tvaṃ">tvaṃ </w><w n="11">sa</w><w n="12">rva</w><w n="13">vi</w><w n="14">kā</w><w n="15">ra</w><w n="16"></w><w n="17"></w><w n="18">graṃ</w><w n="19" lemma="thi">thi </w><w n="20">bī</w><w n="21">jā</w><w n="22">va</w><w n="23" lemma="sthaṃ">stham </w><w n="24">a</w><w n="25" lemma="bhiṃ">bhin</w><w n="26" lemma="naṃ">nam </w><w n="27">a</w><w n="28">nu</w><w n="29"></w><w n="30">spṛ</w><w n="31" lemma="ṣṭaṃ">ṣṭam </w><w n="32">e</w><w n="33" lemma="va">va </w><w n="34">ma</w><w n="35">ha</w><w n="36">dā</w><w n="37">di</w><w n="38"></w><w n="39"></w><w n="40"></w><w n="41">rū</w><w n="42" lemma="paiḥ">paiḥ </w><w n="43">pa</w><w n="44">ra</w><w n="45">mā</w><w n="46">rtha</w><w n="47" lemma="ta">ta </w><w n="48"></w><w n="49">ta</w><w n="50" lemma="tdhi">d dhi </w><w n="51">ma</w><w n="52">ha</w><w n="53">dā</w><w n="54">di</w><w n="55">vi</w><w n="56">kā</w><w n="57">ra</w><w n="58">śa</w><w n="59">kti</w><w n="60"></w><w n="61">yu</w><w n="62" lemma="ktuṃ">ktuṃ </w><w n="63">gu</w><w n="64">ṇa</w><w n="65">sā</w><w n="66">myā</w><w n="67">va</w><w n="68">sthā</w><w n="69">tma</w><w n="70" lemma="kaṃ">kaṃ </w><w n="71">gu</w><w n="72">ṇa</w><w n="73">vai</w><w n="74">śa</w><w n="75">mya</w><w n="76"></w><w n="77"></w><w n="78"></w><w n="79">va</w><w n="80">śo</w><w n="81">pa</w><w n="82">jā</w><w n="83">ya</w><w n="84">mā</w><w n="85">nā</w><w n="86">vi</w><w n="87">kā</w><w n="88">ra</w><w n="89">nā</w><w n="90">nā</w><w n="91"></w><w n="92" lemma="tvi">d vi</w><w n="93">la</w><w n="94">kṣya</w><w n="95" lemma="ṇaṃ">ṇam </w><w n="96">e</w><w n="97" lemma="va">va </w><w n="98">a</w><w n="99" lemma="tha">tha </w><w n="100" lemma="ca">ca </w><w n="101">vya</w><w n="102">va</w><w n="103">hā</w><w n="104" lemma="re">re </w><w n="105">ma</w><w n="106">ha</w><w n="107">dā</w><w n="108">di</w><w n="109">rū</w><w n="110">pa</w><w n="111">vi</w><w n="112">kā</w><w n="113">ra</w><w n="114">rū</w><w n="115">pā</w><w n="116">va</w><w n="117">dhā</w><w n="118">ra</w><w n="119">ṇe</w><w n="120" lemma="na">na </w><w n="121"></w><w n="122"></w><w n="123">ta</w><w n="124">du</w><w n="125">pa</w><w n="126">laṃ</w><w n="127">bhā</w><w n="128">saṃ</w><w n="129">bha</w><w n="130" lemma="va">va </w><w n="131">i</w><w n="132" lemma="ti">ti </w><w n="133">sa</w><w n="134">rva</w><w n="135">da</w><w n="136">rśa</w><w n="137">ne</w><w n="138" lemma="ṣva">ṣv a</w><w n="139"></w><w n="140">vi</w><w n="141">dyā</w><w n="142">nva</w><w n="143">yi</w><w n="144" lemma="nī">nī </w><w n="145">e</w><w n="146" lemma="vaṃ">vam </w><w n="147">a</w><w n="148">sa</w><w n="149">tyā</w><w n="150">kā</w><w n="151" lemma="ro">ro </w><w n="152">pra</w><w n="153">dhā</w><w n="154">ne</w><w n="155" lemma="na">na </w><w n="156" lemma="ca">ca </w><w n="157">ta</w><w n="158">tva</w><w n="159">pra</w><w n="160" lemma="ti">ti&#166;</w><w n="161">bhā</w><w n="162" lemma="saḥ">saḥ </w><w n="163">si</w><w n="164" lemma="dha">ddha </w><w n="165">i</w><w n="166" lemma="ti">ti </w><w n="167">sā</w><w n="168">dhyā</w><w n="169">nva</w><w n="170" lemma="yaḥ">yo </w><w n="171"></w><w n="172">gṛ</w><w n="173">hī</w><w n="174" lemma="taḥ">taḥ </w>
</text></TEI>
<TEI n="M">
<text>
<w n="0" lemma="sāṃ">|| sāṃ</w><w n="1">khyā</w><w n="2"></w><w n="3">vi</w><w n="4">kṛ</w><w n="5">ta</w><w n="6">pra</w><w n="7">dhā</w><w n="8">na</w><w n="9"></w><w n="10" lemma="tvaṃ">tvaṃ | </w><w n="11">sa</w><w n="12">rva</w><w n="13">vi</w><w n="14">kā</w><w n="15">ra</w><w n="16"></w><w n="17"></w><w n="18">graṃ</w><w n="19" lemma="thi">thi </w><w n="20">bī</w><w n="21">jā</w><w n="22">va</w><w n="23" lemma="sthaṃ">stham </w><w n="24">a</w><w n="25" lemma="bhiṃ">bhin</w><w n="26" lemma="naṃ">nam </w><w n="27">a</w><w n="28">nu</w><w n="29">pa</w><w n="30">sṛ</w><w n="31" lemma="ṣṭaṃ">ṣṭam </w><w n="32">e</w><w n="33" lemma="va">va </w><w n="34">ma</w><w n="35">ha</w><w n="36">dā</w><w n="37">di</w><w n="38"></w><w n="39"></w><w n="40"></w><w n="41">rū</w><w n="42" lemma="paiḥ">paiḥ </w><w n="43">pa</w><w n="44">ra</w><w n="45">mā</w><w n="46">rtha</w><w n="47" lemma="taḥ">taḥ </w><w n="48"></w><w n="49">ta</w><w n="50" lemma="tdhi">d dhi </w><w n="51">ma</w><w n="52">ha</w><w n="53">dā</w><w n="54">di</w><w n="55">vi</w><w n="56">kā</w><w n="57">ra</w><w n="58">śa</w><w n="59">kti</w><w n="60"></w><w n="61">yu</w><w n="62" lemma="ktaṃ">ktaṃ </w><w n="63">gu</w><w n="64">ṇa</w><w n="65">sā</w><w n="66">myā</w><w n="67">va</w><w n="68">sthā</w><w n="69">tma</w><w n="70" lemma="kaṃ">kaṃ | </w><w n="71">gu</w><w n="72">ṇa</w><w n="73">vai</w><w n="74">ṣa</w><w n="75">mya</w><w n="76"></w><w n="77"></w><w n="78"></w><w n="79">va</w><w n="80">śo</w><w n="81">pa</w><w n="82">jā</w><w n="83">ya</w><w n="84">mā</w><w n="85">na</w><w n="86">vi</w><w n="87">kā</w><w n="88">ra</w><w n="89">nā</w><w n="90">nā</w><w n="91">tvā</w><w n="92" lemma="tvi">d vi</w><w n="93">la</w><w n="94">kṣa</w><w n="95" lemma="ṇaṃ">ṇam </w><w n="96">e</w><w n="97" lemma="va">va | </w><w n="98">a</w><w n="99" lemma="tha">tha </w><w n="100" lemma="ca">ca </w><w n="101">vya</w><w n="102">va</w><w n="103">hā</w><w n="104" lemma="re">re </w><w n="105">ma</w><w n="106">ha</w><w n="107">dā</w><w n="108">di</w><w n="109">rū</w><w n="110"></w><w n="111">vi</w><w n="112">kā</w><w n="113">ra</w><w n="114">rū</w><w n="115">pā</w><w n="116">va</w><w n="117">dhā</w><w n="118">ra</w><w n="119">ṇe</w><w n="120" lemma="na">na </w><w n="121"></w><w n="122"></w><w n="123">ta</w><w n="124">du</w><w n="125">pa</w><w n="126">laṃ</w><w n="127">bhā</w><w n="128">saṃ</w><w n="129">bha</w><w n="130" lemma="va">va </w><w n="131">i</w><w n="132" lemma="ti">ti | </w><w n="133">sa</w><w n="134">rva</w><w n="135">da</w><w n="136">rśa</w><w n="137">ne</w><w n="138" lemma="ṣva">ṣv a</w><w n="139"></w><w n="140">vi</w><w n="141">dyā</w><w n="142">nva</w><w n="143">yi</w><w n="144" lemma="nī">nī | </w><w n="145">e</w><w n="146" lemma="vaṃ">vam </w><w n="147">a</w><w n="148">sa</w><w n="149">tyā</w><w n="150">kā</w><w n="151" lemma="ro">ro </w><w n="152">pra</w><w n="153">dhā</w><w n="154">ne</w><w n="155" lemma="na">na </w><w n="156" lemma="ca">ca </w><w n="157">ta</w><w n="158">tva</w><w n="159">pra</w><w n="160">ti</w><w n="161">bhā</w><w n="162" lemma="saḥ">saḥ </w><w n="163">si</w><w n="164" lemma="dha">ddha </w><w n="165">i</w><w n="166" lemma="ti">ti </w><w n="167">sā</w><w n="168">dhyā</w><w n="169">nva</w><w n="170" lemma="yaḥ">yo </w><w n="171"></w><w n="172">gṛ</w><w n="173">hī</w><w n="174" lemma="taḥ">taḥ | </w>
</text></TEI>
<TEI n="G2">
<text>
<w n="0">sāṃ</w><w n="1">khyā</w><w n="2"></w><w n="3">vi</w><w n="4">kṛ</w><w n="5" lemma="taṃ">taṃ </w><w n="6">pra</w><w n="7">dhā</w><w n="8">na</w><w n="9">ta</w><w n="10" lemma="tvaṃ">tvaṃ </w><w n="11">sa</w><w n="12">rva</w><w n="13">vi</w><w n="14">kā</w><w n="15">ra</w><w n="16"></w><w n="17"></w><w n="18">graṃ</w><w n="19">thi</w><w n="20">cī</w><w n="21">jā</w><w n="22">va</w><w n="23" lemma="sthaṃ">sthaṃm </w><w n="24">a</w><w n="25">bhi</w><w n="26">na</w><w n="27" lemma="maṃ">maṃ </w><w n="28">nu</w><w n="29">pa</w><w n="30">bhṛ</w><w n="31" lemma="ṣṭaṃ">ṣṭam </w><w n="32">e</w><w n="33" lemma="va">va </w><w n="34">ma</w><w n="35">ha</w><w n="36">dā</w><w n="37">di</w><w n="38">vi</w><w n="39">kā</w><w n="40">ra</w><w n="41">rū</w><w n="42" lemma="paiḥ">paiḥ || </w><w n="43">pa</w><w n="44">ra</w><w n="45">mā</w><w n="46">rtha</w><w n="47" lemma="taḥ">taḥ || </w><w n="48"></w><w n="49">ta</w><w n="50" lemma="tdhi">d dhi </w><w n="51">ma</w><w n="52">ha</w><w n="53">dā</w><w n="54">di</w><w n="55">vi</w><w n="56">kā</w><w n="57">ra</w><w n="58">śa</w><w n="59">kti</w><w n="60"></w><w n="61">yu</w><w n="62" lemma="ktaṃ">ktaṃ </w><w n="63">mu</w><w n="64">ṇa</w><w n="65">sā</w><w n="66">myā</w><w n="67">va</w><w n="68">sthā</w><w n="69">tma</w><w n="70" lemma="kaṃ">kaṃ </w><w n="71">gu</w><w n="72">ṇa</w><w n="73">vai</w><w n="74">ṣa</w><w n="75">mya</w><w n="76">vi</w><w n="77">ma</w><w n="78" lemma="rda">rdda</w><w n="79">va</w><w n="80">śo</w><w n="81">pa</w><w n="82">jā</w><w n="83">ya</w><w n="84">mā</w><w n="85">na</w><w n="86">vi</w><w n="87">kā</w><w n="88">ra</w><w n="89">nā</w><w n="90">nā</w><w n="91">tvā</w><w n="92" lemma="tvi">d vi</w><w n="93">la</w><w n="94">kṣa</w><w n="95" lemma="ṇaṃ">ṇam </w><w n="96">e</w><w n="97" lemma="va">va </w><w n="98">a</w><w n="99" lemma="dyaṃ">dyaṃ </w><w n="100" lemma="va">va </w><w n="101">sra</w><w n="102">va</w><w n="103">hā</w><w n="104" lemma="re">re </w><w n="105">ma</w><w n="106">ha</w><w n="107">dā</w><w n="108">di</w><w n="109"></w><w n="110"></w><w n="111">vi</w><w n="112">kā</w><w n="113">ra</w><w n="114">rū</w><w n="115">pā</w><w n="116">va</w><w n="117">dhā</w><w n="118" lemma="ṇaḥ">ṇo </w><w n="119"></w><w n="120" lemma="na">na </w><w n="121">vi</w><w n="122" lemma="nā">nā </w><w n="123">ta</w><w n="124">du</w><w n="125">pa</w><w n="126">laṃ</w><w n="127">bhā</w><w n="128">saṃ</w><w n="129">bha</w><w n="130" lemma="va">va </w><w n="131">i</w><w n="132" lemma="ti">ti </w><w n="133">sa</w><w n="134">rva</w><w n="135">de</w><w n="136"></w><w n="137" lemma="śe">śe </w><w n="138">vya</w><w n="139"></w><w n="140">dhi</w><w n="141">yā</w><w n="142">tra</w><w n="143">dhi</w><w n="144" lemma="nī">nī </w><w n="145">ya</w><w n="146" lemma="vaṃ">vam </w><w n="147">ā</w><w n="148"></w><w n="149" lemma="pyā">py ā</w><w n="150">kā</w><w n="151" lemma="ro">ro </w><w n="152">pra</w><w n="153">dhā</w><w n="154">ne</w><w n="155" lemma="na">na </w><w n="156"></w><w n="157">ta</w><w n="158">tva</w><w n="159">pra</w><w n="160">ti</w><w n="161">mā</w><w n="162" lemma="saḥ">saḥ </w><w n="163">si</w><w n="164" lemma="dha">ddha </w><w n="165">i</w><w n="166" lemma="ti">ti </w><w n="167">sā</w><w n="168">rthā</w><w n="169">nva</w><w n="170" lemma="yaḥ">yo </w><w n="171"></w><w n="172">gṛ</w><w n="173">hī</w><w n="174" lemma="taḥ">taḥ | </w>
</text></TEI>
<TEI n="G1">
<text>
<w n="0">sāṃ</w><w n="1">khyā</w><w n="2"></w><w n="3">vi</w><w n="4">kṛ</w><w n="5" lemma="taṃ">taṃ </w><w n="6">pra</w><w n="7">dhā</w><w n="8">na</w><w n="9">ta</w><w n="10" lemma="tvaṃ">tvaṃ </w><w n="11">sa</w><w n="12">rva</w><w n="13">vi</w><w n="14">kā</w><w n="15">ra</w><w n="16"></w><w n="17"></w><w n="18">graṃ</w><w n="19">thi</w><w n="20">cī</w><w n="21">jā</w><w n="22">va</w><w n="23" lemma="sthaṃ">sthaṃm </w><w n="24">a</w><w n="25">bhi</w><w n="26">na</w><w n="27" lemma="maṃ">maṃ </w><w n="28">nu</w><w n="29">pa</w><w n="30">bhṛ</w><w n="31" lemma="ṣṭaṃ">ṣṭam </w><w n="32">e</w><w n="33" lemma="va">va </w><w n="34">ma</w><w n="35">ha</w><w n="36">dā</w><w n="37">di</w><w n="38">vi</w><w n="39">kā</w><w n="40">ra</w><w n="41">rū</w><w n="42" lemma="paiḥ">paiḥ </w><w n="43">pa</w><w n="44">ra</w><w n="45">mā</w><w n="46">rtha</w><w n="47" lemma="taḥ">taḥ || </w><w n="48"></w><w n="49">ta</w><w n="50" lemma="tdhi">d dhi </w><w n="51">ma</w><w n="52">ha</w><w n="53">dā</w><w n="54">di</w><w n="55">vi</w><w n="56">kā</w><w n="57">ra</w><w n="58">śa</w><w n="59">kti</w><w n="60"></w><w n="61">yu</w><w n="62" lemma="kta">kta </w><w n="63">mu</w><w n="64">ṇa</w><w n="65">sā</w><w n="66">myā</w><w n="67">va</w><w n="68">sthā</w><w n="69">tma</w><w n="70" lemma="kaṃ">kaṃ </w><w n="71">gu</w><w n="72">ṇa</w><w n="73">vai</w><w n="74">ṣa</w><w n="75">mya</w><w n="76">vi</w><w n="77">ma</w><w n="78" lemma="rda">rdda</w><w n="79">va</w><w n="80">śo</w><w n="81">pa</w><w n="82">jā</w><w n="83">ya</w><w n="84">mā</w><w n="85">na</w><w n="86">vi</w><w n="87">kā</w><w n="88">ra</w><w n="89">nā</w><w n="90">nā</w><w n="91">tvā</w><w n="92" lemma="tvi">d vi</w><w n="93">la</w><w n="94">kṣa</w><w n="95" lemma="ṇaṃ">ṇam </w><w n="96">e</w><w n="97" lemma="va">va </w><w n="98">a</w><w n="99" lemma="dyaṃ">dyaṃ </w><w n="100" lemma="va">va </w><w n="101">sra</w><w n="102">va</w><w n="103">hā</w><w n="104" lemma="re">re </w><w n="105">ma</w><w n="106">ha</w><w n="107">dā</w><w n="108">di</w><w n="109"></w><w n="110"></w><w n="111">vi</w><w n="112">kā</w><w n="113">ra</w><w n="114">rū</w><w n="115">pā</w><w n="116">va</w><w n="117">dhā</w><w n="118"></w><w n="119" lemma="ṇo">ṇo | </w><w n="120" lemma="na">na </w><w n="121">vi</w><w n="122" lemma="nā">nā </w><w n="123">ta</w><w n="124">du</w><w n="125">pa</w><w n="126">laṃ</w><w n="127">bhā</w><w n="128">saṃ</w><w n="129">bha</w><w n="130" lemma="va">va </w><w n="131">i</w><w n="132" lemma="ti">ti </w><w n="133">sa</w><w n="134">rva</w><w n="135">de</w><w n="136"></w><w n="137" lemma="śe">śe </w><w n="138">vya</w><w n="139"></w><w n="140">dhi</w><w n="141">yā</w><w n="142">tra</w><w n="143">dhi</w><w n="144" lemma="nī">nī </w><w n="145">ya</w><w n="146" lemma="vaṃ">vam </w><w n="147">ā</w><w n="148"></w><w n="149" lemma="pyā">py ā</w><w n="150">kā</w><w n="151" lemma="ro">ro </w><w n="152">pra</w><w n="153">dhā</w><w n="154">ne</w><w n="155" lemma="na">na </w><w n="156"></w><w n="157">ta</w><w n="158">tva</w><w n="159">pra</w><w n="160">ti</w><w n="161">mā</w><w n="162" lemma="saḥ">saḥ || </w><w n="163">si</w><w n="164" lemma="dha">ddha </w><w n="165">i</w><w n="166" lemma="ti">ti </w><w n="167">sā</w><w n="168">rthā</w><w n="169">nva</w><w n="170" lemma="yaḥ">yo </w><w n="171"></w><w n="172">gṛ</w><w n="173">hī</w><w n="174" lemma="taḥ">taḥ | </w>
</text></TEI>
<TEI n="L">
<text>
<w n="0">sāṃ</w><w n="1">khyā</w><w n="2"></w><w n="3">vi</w><w n="4">kṛ</w><w n="5" lemma="taṃ">taṃ </w><w n="6">pra</w><w n="7">dhā</w><w n="8">na</w><w n="9">ta</w><w n="10" lemma="tvaṃ">tvaṃ </w><w n="11">sa</w><w n="12">rva</w><w n="13">vi</w><w n="14">kā</w><w n="15">ra</w><w n="16"></w><w n="17"></w><w n="18">graṃ</w><w n="19" lemma="thi">thi </w><w n="20">bī</w><w n="21">jā</w><w n="22">va</w><w n="23" lemma="sthaṃ">stham </w><w n="24">a</w><w n="25" lemma="bhiṃ">bhin</w><w n="26" lemma="naṃ">nam </w><w n="27">a</w><w n="28">nu</w><w n="29">pa</w><w n="30">sṛ</w><w n="31" lemma="ṣṭaṃ">ṣṭam </w><w n="32">e</w><w n="33" lemma="va">va </w><w n="34">ma</w><w n="35">ha</w><w n="36">dā</w><w n="37">di</w><w n="38">vi</w><w n="39">kā</w><w n="40">ra</w><w n="41">rū</w><w n="42" lemma="paiḥ">paiḥ </w><w n="43">pa</w><w n="44">ra</w><w n="45">mā</w><w n="46">rtha</w><w n="47" lemma="taḥ">taḥ | </w><w n="48"></w><w n="49">ta</w><w n="50" lemma="tdhi">d dhi </w><w n="51">ma</w><w n="52">ha</w><w n="53">dā</w><w n="54">di</w><w n="55">vi</w><w n="56">kā</w><w n="57">ra</w><w n="58">śa</w><w n="59">kti</w><w n="60"></w><w n="61">yu</w><w n="62" lemma="ktaṃ">ktaṃ </w><w n="63">gu</w><w n="64">ṇa</w><w n="65">sā</w><w n="66">mā</w><w n="67">va</w><w n="68">sthā</w><w n="69">tma</w><w n="70" lemma="kaṃ">kaṃ </w><w n="71">gu</w><w n="72">ṇa</w><w n="73">vai</w><w n="74">ṣa</w><w n="75">mya</w><w n="76">vi</w><w n="77">ma</w><w n="78">rda</w><w n="79">va</w><w n="80">śo</w><w n="81">pa</w><w n="82">jā</w><w n="83">ya</w><w n="84">mā</w><w n="85">na</w><w n="86">vi</w><w n="87">kā</w><w n="88">ra</w><w n="89">nā</w><w n="90">nā</w><w n="91">tvā</w><w n="92" lemma="tvi">d vi</w><w n="93">la</w><w n="94">kṣa</w><w n="95" lemma="ṇaṃ">ṇam </w><w n="96">e</w><w n="97" lemma="va">va || </w><w n="98">a</w><w n="99" lemma="yaṃ">yaṃ </w><w n="100" lemma="ca">ca </w><w n="101">vya</w><w n="102">va</w><w n="103">hā</w><w n="104" lemma="re">re </w><w n="105">ma</w><w n="106">ha</w><w n="107">dā</w><w n="108">di</w><w n="109"></w><w n="110"></w><w n="111">vi</w><w n="112">kā</w><w n="113">ra</w><w n="114">rū</w><w n="115">pā</w><w n="116">va</w><w n="117">dhā</w><w n="118">ra</w><w n="119">ṇe</w><w n="120" lemma="na">na </w><w n="121">vi</w><w n="122" lemma="nā">nā </w><w n="123">ta</w><w n="124">du</w><w n="125">pa</w><w n="126">laṃ</w><w n="127">bhā</w><w n="128">saṃ</w><w n="129">bha</w><w n="130" lemma="va">va </w><w n="131">i</w><w n="132" lemma="ti">ti </w><w n="133">sa</w><w n="134">rva</w><w n="135">de</w><w n="136"></w><w n="137">śe</w><w n="138" lemma="ṣu">ṣu </w><w n="139">a</w><w n="140">vi</w><w n="141">dyā</w><w n="142">tva</w><w n="143">vi</w><w n="144" lemma="nī">nī </w><w n="145">e</w><w n="146" lemma="vaṃ">vam </w><w n="147">a</w><w n="148"></w><w n="149" lemma="pyā">py ā</w><w n="150">kā</w><w n="151" lemma="ro">ro </w><w n="152">pra</w><w n="153">dhā</w><w n="154">ne</w><w n="155" lemma="na">na </w><w n="156"></w><w n="157">ta</w><w n="158" lemma="tva">ttva</w><w n="159">pra</w><w n="160">ti</w><w n="161">bhā</w><w n="162" lemma="saḥ">saḥ </w><w n="163">si</w><w n="164" lemma="dha">ddha </w><w n="165">i</w><w n="166" lemma="ti">ti </w><w n="167">sā</w><w n="168">rthā</w><w n="169">nva</w><w n="170" lemma="yaḥ">yo </w><w n="171"></w><w n="172">gṛ</w><w n="173">hī</w><w n="174" lemma="taḥ">taḥ || </w>
</text></TEI>
<TEI n="O">
<text>
<w n="0">sāṃ</w><w n="1">khyā</w><w n="2"></w><w n="3">vi</w><w n="4">kṛ</w><w n="5" lemma="taṃ">taṃ </w><w n="6">pra</w><w n="7">dhā</w><w n="8">na</w><w n="9">ta</w><w n="10" lemma="tvaṃ">tvaṃ </w><w n="11">sa</w><w n="12">rva</w><w n="13">vi</w><w n="14">kā</w><w n="15">ra</w><w n="16"></w><w n="17"></w><w n="18">graṃ</w><w n="19" lemma="thi">thi </w><w n="20">bī</w><w n="21">jā</w><w n="22">va</w><w n="23" lemma="sthaṃ">stham </w><w n="24">a</w><w n="25" lemma="bhiṃ">bhin</w><w n="26" lemma="naṃ">nam </w><w n="27">a</w><w n="28">nu</w><w n="29">pa</w><w n="30">sṛ</w><w n="31" lemma="ṣṭaṃ">ṣṭam </w><w n="32">e</w><w n="33" lemma="va">va </w><w n="34">ma</w><w n="35">ha</w><w n="36">dā</w><w n="37">di</w><w n="38">vi</w><w n="39">kā</w><w n="40">ra</w><w n="41">rū</w><w n="42" lemma="paiḥ">paiḥ </w><w n="43">pa</w><w n="44">ra</w><w n="45">mā</w><w n="46" lemma="rtha">rttha</w><w n="47" lemma="taḥ">taḥ </w><w n="48"></w><w n="49">ta</w><w n="50" lemma="tdhi">d dhi </w><w n="51">ma</w><w n="52">ha</w><w n="53">dā</w><w n="54">di</w><w n="55">vi</w><w n="56">kā</w><w n="57">ra</w><w n="58">śa</w><w n="59">kti</w><w n="60"></w><w n="61">yu</w><w n="62" lemma="ktaṃ">ktaṃ </w><w n="63">gu</w><w n="64">ṇa</w><w n="65">sā</w><w n="66">myā</w><w n="67">va</w><w n="68">sthā</w><w n="69">tma</w><w n="70" lemma="kaṃ">kaṃ </w><w n="71">gu</w><w n="72">ṇa</w><w n="73">vai</w><w n="74">ṣa</w><w n="75">mya</w><w n="76">vi</w><w n="77">ma</w><w n="78">rda</w><w n="79">va</w><w n="80">śo</w><w n="81">pa</w><w n="82">jā</w><w n="83">ya</w><w n="84">mā</w><w n="85">na</w><w n="86">vi</w><w n="87">kā</w><w n="88">ra</w><w n="89">nā</w><w n="90">nā</w><w n="91">tvā</w><w n="92" lemma="tvi">d vi</w><w n="93">la</w><w n="94">kṣa</w><w n="95" lemma="ṇaṃ">ṇam </w><w n="96">e</w><w n="97" lemma="va">va </w><w n="98">a</w><w n="99" lemma="yaṃ">yaṃ </w><w n="100" lemma="ca">ca </w><w n="101">vya</w><w n="102"></w><w n="103">hā</w><w n="104" lemma="re">re </w><w n="105">ma</w><w n="106">ha</w><w n="107">dā</w><w n="108">di</w><w n="109"></w><w n="110"></w><w n="111">vi</w><w n="112">kā</w><w n="113">ra</w><w n="114">rū</w><w n="115">pā</w><w n="116">va</w><w n="117">dhā</w><w n="118">ra</w><w n="119">ṇe</w><w n="120" lemma="na">na </w><w n="121">vi</w><w n="122" lemma="nā">nā </w><w n="123">ta</w><w n="124">du</w><w n="125">pa</w><w n="126">laṃ</w><w n="127">bhā</w><w n="128">saṃ</w><w n="129">bha</w><w n="130" lemma="va">va </w><w n="131">i</w><w n="132" lemma="ti">ti </w><w n="133">sa</w><w n="134">rva</w><w n="135">de</w><w n="136"></w><w n="137">śe</w><w n="138" lemma="ṣva">ṣv a</w><w n="139"></w><w n="140">vi</w><w n="141">dyā</w><w n="142">nva</w><w n="143">yi</w><w n="144" lemma="nī">nī </w><w n="145">e</w><w n="146" lemma="vaṃ">vam </w><w n="147">a</w><w n="148"></w><w n="149">syā</w><w n="150">kā</w><w n="151">ro</w><w n="152">pra</w><w n="153">dhā</w><w n="154">ne</w><w n="155" lemma="na">na </w><w n="156"></w><w n="157">ta</w><w n="158">tva</w><w n="159">pra</w><w n="160">ti</w><w n="161">bhā</w><w n="162" lemma="saḥ">saḥ </w><w n="163">si</w><w n="164" lemma="dha">ddha </w><w n="165">i</w><w n="166" lemma="ti">ti </w><w n="167">sā</w><w n="168" lemma="rthā">rtthā</w><w n="169">nva</w><w n="170" lemma="yaḥ">yo </w><w n="171"></w><w n="172">gṛ</w><w n="173">hī</w><w n="174" lemma="taḥ">taḥ | </w>
</text></TEI>
<TEI n="A">
<text>
<w n="0">sāṃ</w><w n="1">khyā</w><w n="2"></w><w n="3">vi</w><w n="4">kṛ</w><w n="5" lemma="taṃ">taṃ </w><w n="6">pra</w><w n="7">dhā</w><w n="8">na</w><w n="9">ta</w><w n="10" lemma="tvaṃ">tvaṃ </w><w n="11">sa</w><w n="12">rva</w><w n="13">vi</w><w n="14">kā</w><w n="15">ra</w><w n="16"></w><w n="17"></w><w n="18">graṃ</w><w n="19" lemma="thi">thi </w><w n="20">bī</w><w n="21">jā</w><w n="22">va</w><w n="23" lemma="sthaṃ">stham </w><w n="24">a</w><w n="25" lemma="bhiṃ">bhin</w><w n="26" lemma="naṃ">nam </w><w n="27">a</w><w n="28">nu</w><w n="29">pa</w><w n="30">sṛ</w><w n="31" lemma="ṣṭaṃ">ṣṭam </w><w n="32">e</w><w n="33" lemma="va">va </w><w n="34">ma</w><w n="35">ha</w><w n="36">dā</w><w n="37">di</w><w n="38">vi</w><w n="39">kā</w><w n="40">ra</w><w n="41">rū</w><w n="42" lemma="paiḥ">paiḥ </w><w n="43">pa</w><w n="44">ra</w><w n="45">mā</w><w n="46">rtha</w><w n="47" lemma="taḥ">taḥ </w><w n="48"></w><w n="49">ta</w><w n="50" lemma="tdhi">d dhi </w><w n="51">ma</w><w n="52">ha</w><w n="53">dā</w><w n="54">di</w><w n="55">vi</w><w n="56">kā</w><w n="57">ra</w><w n="58">śa</w><w n="59">kti</w><w n="60"></w><w n="61">yu</w><w n="62" lemma="ktaṃ">ktaṃ </w><w n="63">gu</w><w n="64">ṇa</w><w n="65">sā</w><w n="66">myā</w><w n="67">va</w><w n="68">sthā</w><w n="69">tma</w><w n="70" lemma="kaṃ">kaṃ </w><w n="71">gu</w><w n="72">ṇa</w><w n="73">vai</w><w n="74">ṣa</w><w n="75">mya</w><w n="76">vi</w><w n="77">ma</w><w n="78">rda</w><w n="79">va</w><w n="80">śo</w><w n="81">pa</w><w n="82">jā</w><w n="83">ya</w><w n="84">mā</w><w n="85">na</w><w n="86">vi</w><w n="87">kā</w><w n="88">ra</w><w n="89">nā</w><w n="90">nā</w><w n="91">tvā</w><w n="92" lemma="tvi">d vi</w><w n="93">la</w><w n="94">kṣa</w><w n="95" lemma="ṇaṃ">ṇam </w><w n="96">e</w><w n="97" lemma="va">va </w><w n="98">a</w><w n="99" lemma="yaṃ">yaṃ </w><w n="100" lemma="ca">ca </w><w n="101">vya</w><w n="102">va</w><w n="103">hā</w><w n="104" lemma="re">re </w><w n="105">ma</w><w n="106">ha</w><w n="107">dā</w><w n="108">di</w><w n="109"></w><w n="110"></w><w n="111">vi</w><w n="112">kā</w><w n="113">ra</w><w n="114">rū</w><w n="115">pā</w><w n="116">va</w><w n="117">dhā</w><w n="118">ra</w><w n="119">ṇe</w><w n="120" lemma="na">na </w><w n="121">pi</w><w n="122" lemma="nā">nā </w><w n="123">ta</w><w n="124">du</w><w n="125">pa</w><w n="126">laṃ</w><w n="127">bhā</w><w n="128">saṃ</w><w n="129">bha</w><w n="130" lemma="va">va </w><w n="131">i</w><w n="132" lemma="ti">ti </w><w n="133">sa</w><w n="134">rva</w><w n="135">de</w><w n="136"></w><w n="137">śe</w><w n="138" lemma="ṣva">ṣv a</w><w n="139"></w><w n="140">vi</w><w n="141" lemma="dyā">dyā </w><w n="142" lemma="ca">ca </w><w n="143">vi</w><w n="144" lemma="nā">nā </w><w n="145">e</w><w n="146" lemma="vaṃ">vam </w><w n="147">a</w><w n="148">sa</w><w n="149">tyā</w><w n="150">kā</w><w n="151" lemma="ro">ro </w><w n="152">pra</w><w n="153">dhā</w><w n="154">ne</w><w n="155" lemma="na">na </w><w n="156"></w><w n="157">ta</w><w n="158">tva</w><w n="159">pra</w><w n="160">ti</w><w n="161">bhā</w><w n="162" lemma="saḥ">saḥ </w><w n="163">si</w><w n="164" lemma="dha">ddha </w><w n="165">i</w><w n="166" lemma="ti">ti </w><w n="167">sā</w><w n="168">dhyā</w><w n="169">ca</w><w n="170" lemma="yaḥ">yo </w><w n="171"></w><w n="172">gṛ</w><w n="173">hī</w><w n="174" lemma="taḥ">taḥ </w>
</text></TEI>
<TEI n="V">
<text>
<w n="0">sāṃ</w><w n="1">khyā</w><w n="2"></w><w n="3">vi</w><w n="4">kṛ</w><w n="5" lemma="taṃ">taṃ </w><w n="6">pra</w><w n="7">dhā</w><w n="8">na</w><w n="9">ta</w><w n="10" lemma="tvaṃ">tvaṃ </w><w n="11">sa</w><w n="12">rva</w><w n="13">vi</w><w n="14">kā</w><w n="15">ra</w><w n="16"></w><w n="17"></w><w n="18">graṃ</w><w n="19" lemma="thi">thi </w><w n="20">bī</w><w n="21">jā</w><w n="22">va</w><w n="23" lemma="sthaṃ">stham </w><w n="24">a</w><w n="25" lemma="bhiṃ">bhin</w><w n="26" lemma="naṃ">nam </w><w n="27">a</w><w n="28">nu</w><w n="29">pa</w><w n="30">sṛ</w><w n="31" lemma="ṣṭaṃ">ṣṭam </w><w n="32">e</w><w n="33" lemma="va">va </w><w n="34">ma</w><w n="35">hā</w><w n="36">dā</w><w n="37">di</w><w n="38">vi</w><w n="39">kā</w><w n="40">ra</w><w n="41"></w><w n="42"></w><w n="43"></w><w n="44"></w><w n="45"></w><w n="46"></w><w n="47"></w><w n="48"></w><w n="49"></w><w n="50"></w><w n="51"></w><w n="52"></w><w n="53"></w><w n="54"></w><w n="55"></w><w n="56"></w><w n="57"></w><w n="58">śa</w><w n="59">kti</w><w n="60"></w><w n="61">yu</w><w n="62" lemma="ktaṃ">ktaṃ </w><w n="63">gu</w><w n="64">ṇa</w><w n="65">sā</w><w n="66">myā</w><w n="67">va</w><w n="68">śyā</w><w n="69">tma</w><w n="70" lemma="kaṃ">kaṃ </w><w n="71">gu</w><w n="72">ṇa</w><w n="73">vai</w><w n="74">ṣa</w><w n="75">mya</w><w n="76">vi</w><w n="77">ma</w><w n="78">rda</w><w n="79">va</w><w n="80">śo</w><w n="81">pa</w><w n="82">jā</w><w n="83">ya</w><w n="84">mā</w><w n="85">na</w><w n="86">vi</w><w n="87">kā</w><w n="88">ra</w><w n="89">nā</w><w n="90">nā</w><w n="91">tvā</w><w n="92" lemma="tvi">d vi</w><w n="93">la</w><w n="94">kṣa</w><w n="95" lemma="ṇaṃ">ṇam </w><w n="96">e</w><w n="97" lemma="va">va </w><w n="98">a</w><w n="99" lemma="yaṃ">yaṃ </w><w n="100" lemma="ca">ca </w><w n="101">vya</w><w n="102">va</w><w n="103">hā</w><w n="104" lemma="re">re </w><w n="105">ma</w><w n="106">hāṃ</w><w n="107">dā</w><w n="108">di</w><w n="109"></w><w n="110"></w><w n="111">vi</w><w n="112">kā</w><w n="113">ra</w><w n="114">rū</w><w n="115">pā</w><w n="116">va</w><w n="117">dhā</w><w n="118">ra</w><w n="119">ṇe</w><w n="120" lemma="na">na </w><w n="121">vi</w><w n="122" lemma="nā">nā </w><w n="123">ta</w><w n="124">du</w><w n="125">pa</w><w n="126">laṃ</w><w n="127">bhā</w><w n="128">saṃ</w><w n="129">bha</w><w n="130" lemma="va">va </w><w n="131">i</w><w n="132" lemma="ti">ti </w><w n="133">sa</w><w n="134">ve</w><w n="135">dde</w><w n="136"></w><w n="137" lemma="śe">śe </w><w n="138" lemma="tha">tha </w><w n="139"></w><w n="140">vi</w><w n="141">dyā</w><w n="142">tu</w><w n="143">vi</w><w n="144" lemma="nī">nī </w><w n="145">e</w><w n="146" lemma="vaṃ">vam </w><w n="147">a</w><w n="148">sa</w><w n="149">tyā</w><w n="150">kā</w><w n="151" lemma="ro">ro </w><w n="152">pra</w><w n="153">dhā</w><w n="154">ne</w><w n="155" lemma="na">na </w><w n="156"></w><w n="157">ta</w><w n="158">tva</w><w n="159">pra</w><w n="160">ti</w><w n="161">bhā</w><w n="162" lemma="saḥ">saḥ </w><w n="163">si</w><w n="164" lemma="dha">ddha </w><w n="165">i</w><w n="166" lemma="ti">ti </w><w n="167">sā</w><w n="168">dhyā</w><w n="169">nva</w><w n="170" lemma="yaḥ">yo </w><w n="171"></w><w n="172">gṛ</w><w n="173">hī</w><w n="174" lemma="taḥ">taḥ </w>
</text></TEI>
<TEI n="K">
<text>
<w n="0">sāṃ</w><w n="1">khyā</w><w n="2"></w><w n="3">vi</w><w n="4">kṛ</w><w n="5" lemma="taṃ">taṃ </w><w n="6">pra</w><w n="7">dhā</w><w n="8">na</w><w n="9">ta</w><w n="10" lemma="tvaṃ">tvaṃ </w><w n="11">sa</w><w n="12">rva</w><w n="13">vi</w><w n="14">kā</w><w n="15">ra</w><w n="16"></w><w n="17"></w><w n="18">graṃ</w><w n="19" lemma="thi">thi </w><w n="20">bī</w><w n="21">jā</w><w n="22">va</w><w n="23" lemma="sthaṃ">stham </w><w n="24">a</w><w n="25" lemma="bhiṃ">bhin</w><w n="26" lemma="naṃ">nam </w><w n="27">a</w><w n="28">nu</w><w n="29">pa</w><w n="30">sṛ</w><w n="31" lemma="ṣṭaṃ">ṣṭam </w><w n="32">e</w><w n="33" lemma="va">va </w><w n="34">ma</w><w n="35">hā</w><w n="36">dā</w><w n="37">di</w><w n="38">vi</w><w n="39">kā</w><w n="40">ra</w><w n="41">rū</w><w n="42" lemma="paiḥ">paiḥ </w><w n="43">pa</w><w n="44">ra</w><w n="45">mā</w><w n="46">rtha</w><w n="47" lemma="taḥ">taḥ </w><w n="48"></w><w n="49">ta</w><w n="50" lemma="tdhi">d dhi </w><w n="51">ma</w><w n="52">ha</w><w n="53">dā</w><w n="54">di</w><w n="55">vi</w><w n="56">kā</w><w n="57">ra</w><w n="58">śa</w><w n="59">kti</w><w n="60"></w><w n="61">yu</w><w n="62" lemma="ktaṃ">ktaṃ </w><w n="63">gu</w><w n="64">ṇa</w><w n="65">sā</w><w n="66">myā</w><w n="67">va</w><w n="68">sthā</w><w n="69">tma</w><w n="70" lemma="kaṃ">kaṃ </w><w n="71">gu</w><w n="72">ṇa</w><w n="73">vai</w><w n="74">ṣa</w><w n="75">mya</w><w n="76">vi</w><w n="77">ma</w><w n="78">rda</w><w n="79">va</w><w n="80">śo</w><w n="81">pa</w><w n="82">jā</w><w n="83">ya</w><w n="84">mā</w><w n="85">na</w><w n="86">vi</w><w n="87">kā</w><w n="88">ra</w><w n="89">nā</w><w n="90">nā</w><w n="91">tvā</w><w n="92" lemma="tvi">d vi</w><w n="93">la</w><w n="94">kṣa</w><w n="95" lemma="ṇaṃ">ṇam </w><w n="96">e</w><w n="97" lemma="va">va </w><w n="98">a</w><w n="99" lemma="yaṃ">yaṃ </w><w n="100" lemma="ca">ca </w><w n="101">vya</w><w n="102">va</w><w n="103">hā</w><w n="104" lemma="re">re </w><w n="105">ma</w><w n="106">ha</w><w n="107">dā</w><w n="108">di</w><w n="109"></w><w n="110"></w><w n="111">vi</w><w n="112">kā</w><w n="113">ra</w><w n="114">rū</w><w n="115">pā</w><w n="116">va</w><w n="117">dhā</w><w n="118">ra</w><w n="119">ṇe</w><w n="120" lemma="na">na </w><w n="121">vi</w><w n="122" lemma="nā">nā </w><w n="123">ta</w><w n="124">du</w><w n="125">pa</w><w n="126">laṃ</w><w n="127">bhā</w><w n="128">saṃ</w><w n="129">ma</w><w n="130" lemma="va">va </w><w n="131">i</w><w n="132" lemma="ti">ti </w><w n="133">sa</w><w n="134">ve</w><w n="135">dde</w><w n="136"></w><w n="137">śe</w><w n="138" lemma="ṣva">ṣv a</w><w n="139"></w><w n="140">vi</w><w n="141">dyā</w><w n="142">nva</w><w n="143">vi</w><w n="144" lemma="nī">nī </w><w n="145">e</w><w n="146" lemma="vaṃ">vam </w><w n="147">a</w><w n="148">sa</w><w n="149">tyā</w><w n="150">kā</w><w n="151" lemma="ro">ro </w><w n="152">pra</w><w n="153">dhā</w><w n="154">ne</w><w n="155" lemma="na">na </w><w n="156"></w><w n="157">ta</w><w n="158">tva</w><w n="159">pra</w><w n="160">ti</w><w n="161">bhā</w><w n="162" lemma="saḥ">saḥ </w><w n="163">si</w><w n="164" lemma="dha">ddha </w><w n="165">i</w><w n="166" lemma="ti">ti </w><w n="167">sā</w><w n="168">dhyā</w><w n="169">nva</w><w n="170" lemma="yaḥ">yo </w><w n="171"></w><w n="172">gṛ</w><w n="173">hī</w><w n="174" lemma="taḥ">taḥ </w>
</text></TEI>
<TEI n="D">
<text>
<w n="0" lemma="sāṃ">|| sāṃ</w><w n="1">khyā</w><w n="2"></w><w n="3">vi</w><w n="4">kṛ</w><w n="5" lemma="taṃ">taṃ </w><w n="6">pra</w><w n="7">dhā</w><w n="8">na</w><w n="9">ta</w><w n="10" lemma="tvaṃ">tvaṃ </w><w n="11">sa</w><w n="12">rva</w><w n="13">vi</w><w n="14">kā</w><w n="15">ra</w><w n="16"></w><w n="17"></w><w n="18">graṃ</w><w n="19" lemma="thi">thi </w><w n="20">bī</w><w n="21">jā</w><w n="22">va</w><w n="23" lemma="sthaṃ">stham </w><w n="24">a</w><w n="25" lemma="bhiṃ">bhin</w><w n="26" lemma="naṃ">nam </w><w n="27">a</w><w n="28">nu</w><w n="29">pa</w><w n="30">sṛ</w><w n="31" lemma="ṣṭaṃ">ṣṭam </w><w n="32">e</w><w n="33" lemma="va">va </w><w n="34">ma</w><w n="35">hā</w><w n="36">dā</w><w n="37">di</w><w n="38">vi</w><w n="39">kā</w><w n="40">ra</w><w n="41">rū</w><w n="42" lemma="paiḥ">paiḥ </w><w n="43">pa</w><w n="44">ra</w><w n="45">mā</w><w n="46">rtha</w><w n="47" lemma="taḥ">taḥ | </w><w n="48"></w><w n="49">ta</w><w n="50" lemma="tdhi">d dhi </w><w n="51">ma</w><w n="52">ha</w><w n="53">dā</w><w n="54">di</w><w n="55">vi</w><w n="56">kā</w><w n="57">ra</w><w n="58">śa</w><w n="59">kti</w><w n="60"></w><w n="61">yu</w><w n="62" lemma="ktaṃ">ktaṃ </w><w n="63">gu</w><w n="64">ṇa</w><w n="65">sā</w><w n="66">myā</w><w n="67">va</w><w n="68">sthā</w><w n="69">tma</w><w n="70" lemma="kaṃ">kaṃ </w><w n="71">gu</w><w n="72">ṇa</w><w n="73">vai</w><w n="74">ṣa</w><w n="75">mya</w><w n="76">vi</w><w n="77">ma</w><w n="78">rda</w><w n="79">va</w><w n="80">śo</w><w n="81">pa</w><w n="82">jā</w><w n="83">ya</w><w n="84">mā</w><w n="85">na</w><w n="86">vi</w><w n="87">kā</w><w n="88">ra</w><w n="89">nā</w><w n="90">nā</w><w n="91">tvā</w><w n="92" lemma="tvi">d vi</w><w n="93">la</w><w n="94">kṣa</w><w n="95" lemma="ṇaṃ">ṇam </w><w n="96">e</w><w n="97" lemma="va">va </w><w n="98">a</w><w n="99" lemma="tha">tha </w><w n="100" lemma="ca">ca </w><w n="101">vya</w><w n="102">va</w><w n="103">hā</w><w n="104" lemma="re">re </w><w n="105">ma</w><w n="106">ha</w><w n="107">dā</w><w n="108">di</w><w n="109"></w><w n="110"></w><w n="111">vi</w><w n="112">kā</w><w n="113">ra</w><w n="114">rū</w><w n="115">pā</w><w n="116">va</w><w n="117">dhā</w><w n="118">ra</w><w n="119">ṇe</w><w n="120" lemma="na">na </w><w n="121">vi</w><w n="122" lemma="nā">nā </w><w n="123">ta</w><w n="124">du</w><w n="125">pa</w><w n="126">laṃ</w><w n="127">bhā</w><w n="128">saṃ</w><w n="129">bha</w><w n="130" lemma="va">va </w><w n="131">i</w><w n="132" lemma="ti">ti </w><w n="133">sa</w><w n="134">rva</w><w n="135">dde</w><w n="136"></w><w n="137">śe</w><w n="138" lemma="ṣva">ṣv a</w><w n="139"></w><w n="140">vi</w><w n="141">dyā</w><w n="142">nva</w><w n="143">vi</w><w n="144" lemma="nī">nī </w><w n="145">e</w><w n="146" lemma="vaṃ">vam </w><w n="147">a</w><w n="148">sa</w><w n="149">tyā</w><w n="150">kā</w><w n="151" lemma="ro">ro </w><w n="152">pra</w><w n="153">dhā</w><w n="154">ne</w><w n="155" lemma="na">na </w><w n="156"></w><w n="157">ta</w><w n="158">tva</w><w n="159">pra</w><w n="160">ti</w><w n="161">bhā</w><w n="162" lemma="saḥ">saḥ </w><w n="163">si</w><w n="164" lemma="dha">ddha </w><w n="165">i</w><w n="166" lemma="ti">ti </w><w n="167">sā</w><w n="168">dhyā</w><w n="169">nva</w><w n="170" lemma="yaḥ">yo </w><w n="171"></w><w n="172">gṛ</w><w n="173">hī</w><w n="174" lemma="taḥ">taḥ | </w>
</text></TEI>
</teiCorpus>
