<?xml version="1.0" encoding="UTF-8"?>
<teiCorpus xmlns="http://www.tei-c.org/ns/1.0">

<TEI n="GV">
<text>
<w n="0"></w><w n="1"></w><w n="2"></w><w n="3"></w><w n="4"></w><w n="5"></w><w n="6"></w><w n="7"></w><w n="8"></w><w n="9"></w><w n="10"></w><w n="11"></w><w n="12"></w><w n="13"></w><w n="14"></w><w n="15"></w><w n="16"></w><w n="17"></w><w n="18"></w><w n="19"></w><w n="20"></w><w n="21"></w><w n="22"></w><w n="23"></w><w n="24"></w><w n="25"></w><w n="26"></w><w n="27"></w><w n="28"></w><w n="29"></w><w n="30"></w><w n="31"></w><w n="32"></w><w n="33"></w><w n="34"></w><w n="35"></w><w n="36"></w><w n="37"></w><w n="38"></w><w n="39"></w><w n="40"></w><w n="41"></w><w n="42"></w><w n="43"></w><w n="44"></w><w n="45"></w><w n="46"></w><w n="47"></w><w n="48"></w><w n="49"></w><w n="50"></w><w n="51"></w><w n="52"></w><w n="53"></w><w n="54"></w><w n="55"></w><w n="56"></w><w n="57"></w><w n="58"></w><w n="59"></w><w n="60"></w><w n="61"></w><w n="62"></w>
</text></TEI>
<TEI n="CT">
<text>
<w n="0">pra</w><w n="1">kṛ</w><w n="2" lemma="teḥ">ter </w><w n="3">e</w><w n="4">ka</w><w n="5">de</w><w n="6" lemma="śaḥ">śa-ś </w><w n="7" lemma="ce">ce(</w><w n="8" lemma="ta">ta)</w><w n="9" lemma="naḥ">naḥ </w><w n="10">pu</w><w n="11">ru</w><w n="12" lemma="ṣaḥ">ṣaḥ </w><w n="13">ta</w><w n="14">ddvā</w><w n="15">re</w><w n="16" lemma="ṇa">ṇa </w><w n="17">śa</w><w n="18">rī</w><w n="19">ra</w><w n="20">śa</w><w n="21" lemma="rī">rī-</w><w n="22">ri</w><w n="23" lemma="ṇoḥ">ṇor </w><w n="24">a</w><w n="25">vya</w><w n="26">ti</w><w n="27">re</w><w n="28" lemma="kāḥ">kāḥ </w><w n="29">śa</w><w n="30">rī</w><w n="31" lemma="raṃ">raṃ </w><w n="32">dra</w><w n="33" lemma="vyaṃ">vyaṃ </w><w n="34">pra</w><w n="35">dhā</w><w n="36" lemma="naṃ">nam </w><w n="37" lemma="e">e-</w><w n="38">ve</w><w n="39" lemma="ti">ti </w><w n="40">prā</w><w n="41">kṛ</w><w n="42">ti</w><w n="43" lemma="kaiḥ">kaiḥ </w><w n="44">śa</w><w n="45">rī</w><w n="46">ra</w><w n="47">de</w><w n="48">vai</w><w n="49" lemma="ka">ka </w><w n="50">ā</w><w n="51" lemma="tmā">tmā </w><w n="52">ye</w><w n="53" lemma="ṣāṃ">ṣāṃ </w><w n="54" lemma="taiḥ">taiḥ </w><w n="55">śa</w><w n="56">rī</w><w n="57">ra</w><w n="58">ki</w><w n="59" lemma="bhiḥ">bhir </w><w n="60">u</w><w n="61">cya</w><w n="62" lemma="te">te | </w>
</text></TEI>
<TEI n="T">
<text>
<w n="0">pra</w><w n="1">kṛ</w><w n="2" lemma="teḥ">ter </w><w n="3">e</w><w n="4">ka</w><w n="5">de</w><w n="6" lemma="śaḥ">śaś </w><w n="7">ce</w><w n="8">ta</w><w n="9" lemma="naḥ">naḥ </w><w n="10">pu</w><w n="11">ru</w><w n="12" lemma="ṣaḥ">ṣas </w><w n="13">ta</w><w n="14">dvā</w><w n="15">re</w><w n="16" lemma="ṇa">ṇa </w><w n="17">śa</w><w n="18">rī</w><w n="19">ra</w><w n="20">śa</w><w n="21">rī</w><w n="22">ri</w><w n="23" lemma="ṇoḥ">ṇor </w><w n="24">a</w><w n="25">vya</w><w n="26">ti</w><w n="27">re</w><w n="28">kā</w><w n="29" lemma="cha">c śa</w><w n="30">rī</w><w n="31">ra</w><w n="32" lemma="ndra">n dra</w><w n="33" lemma="vyaṃ">vyaṃ </w><w n="34">pra</w><w n="35">dhā</w><w n="36" lemma="naṃ">nam </w><w n="37">e</w><w n="38">ve</w><w n="39" lemma="ti">ti </w><w n="40">prā</w><w n="41">kṛ</w><w n="42">ti</w><w n="43" lemma="kaiḥ">kaiś </w><w n="44">śa</w><w n="45">rī</w><w n="46" lemma="raṃ">ram </w><w n="47">e</w><w n="48">vai</w><w n="49" lemma="ka">ka </w><w n="50">ā</w><w n="51" lemma="tmā">tmā </w><w n="52">ye</w><w n="53">ṣā</w><w n="54" lemma="ntaiḥ">n taiś </w><w n="55">śa</w><w n="56">rī</w><w n="57">rā</w><w n="58">tmi</w><w n="59" lemma="bhiḥ">bhir </w><w n="60">u</w><w n="61">cya</w><w n="62" lemma="te">te </w>
</text></TEI>
<TEI n="H">
<text>
<w n="0">pra</w><w n="1">kṛ</w><w n="2" lemma="teḥ">ter </w><w n="3">e</w><w n="4">ka</w><w n="5">de</w><w n="6" lemma="śaḥ">śaś </w><w n="7">ce</w><w n="8">ta</w><w n="9" lemma="naḥ">naḥ </w><w n="10">pu</w><w n="11">ru</w><w n="12" lemma="ṣaḥ">ṣas </w><w n="13">ta</w><w n="14">dvā</w><w n="15">re</w><w n="16" lemma="ṇa">ṇa </w><w n="17">śa</w><w n="18">rī</w><w n="19">ra</w><w n="20">śa</w><w n="21">rī</w><w n="22">ri</w><w n="23" lemma="ṇoḥ">ṇor </w><w n="24">a</w><w n="25">vya</w><w n="26">ti</w><w n="27">re</w><w n="28">kā</w><w n="29">cha</w><w n="30">rī</w><w n="31" lemma="raṃ">raṃ </w><w n="32">dra</w><w n="33" lemma="vyaṃ">vyaṃ </w><w n="34">pra</w><w n="35">dhā</w><w n="36" lemma="naṃ">nam </w><w n="37">e</w><w n="38">ve</w><w n="39" lemma="ti">ti </w><w n="40">prā</w><w n="41">kṛ</w><w n="42">ti</w><w n="43" lemma="kaiḥ">kaiḥ </w><w n="44">śa</w><w n="45">rī</w><w n="46" lemma="raṃ">ram </w><w n="47">e</w><w n="48">vā</w><w n="49"></w><w n="50"></w><w n="51" lemma="tmā">tmā </w><w n="52">ye</w><w n="53" lemma="ṣāṃ">ṣāṃ </w><w n="54" lemma="taiḥ">taiḥ </w><w n="55">śa</w><w n="56">rī</w><w n="57">rā</w><w n="58">tma</w><w n="59" lemma="bhiḥ">bhir </w><w n="60">u</w><w n="61">cya</w><w n="62" lemma="te">te </w>
</text></TEI>
<TEI n="P">
<text>
<w n="0">pra</w><w n="1">kṛ</w><w n="2" lemma="teḥ">ter </w><w n="3">e</w><w n="4">ka</w><w n="5">de</w><w n="6" lemma="śaḥ">śaś </w><w n="7">ce</w><w n="8">ta</w><w n="9" lemma="naḥ">naḥ </w><w n="10">pu</w><w n="11">ru</w><w n="12" lemma="ṣaḥ">ṣaḥ </w><w n="13">ta</w><w n="14">dvā</w><w n="15">re</w><w n="16" lemma="ṇa">ṇa </w><w n="17">śa</w><w n="18">rī</w><w n="19">ra</w><w n="20">śa</w><w n="21">rī</w><w n="22">ri</w><w n="23" lemma="ṇoḥ">ṇor </w><w n="24">a</w><w n="25">vya</w><w n="26">ti</w><w n="27">re</w><w n="28">kā</w><w n="29" lemma="cha">c cha</w><w n="30">rī</w><w n="31" lemma="raṃ">raṃ </w><w n="32">dra</w><w n="33">vya</w><w n="34">pra</w><w n="35">dhā</w><w n="36" lemma="naṃ">nam </w><w n="37">e</w><w n="38">ve</w><w n="39" lemma="ti">ti </w><w n="40">prā</w><w n="41">kṛ</w><w n="42">ti</w><w n="43" lemma="kaiḥ">kaiḥ </w><w n="44">śa</w><w n="45">rī</w><w n="46" lemma="raṃ">ram </w><w n="47">e</w><w n="48" lemma="va">va </w><w n="49"></w><w n="50">ā</w><w n="51" lemma="tmā">tmā </w><w n="52">ye</w><w n="53" lemma="ṣāṃ">ṣāṃ </w><w n="54" lemma="taiḥ">taiḥ </w><w n="55">śa</w><w n="56">rī</w><w n="57"></w><w n="58">tma</w><w n="59" lemma="bhiḥ">bhir </w><w n="60">u</w><w n="61">cye</w><w n="62" lemma="te">te </w>
</text></TEI>
<TEI n="M">
<text>
<w n="0">pra</w><w n="1">kṛ</w><w n="2" lemma="teḥ">ter </w><w n="3">e</w><w n="4">ka</w><w n="5">de</w><w n="6" lemma="śaḥ">śaś </w><w n="7">ce</w><w n="8">ta</w><w n="9" lemma="naḥ">naḥ </w><w n="10">pu</w><w n="11">ru</w><w n="12" lemma="ṣaḥ">ṣaḥ | </w><w n="13">ta</w><w n="14">dvā</w><w n="15">re</w><w n="16" lemma="ṇa">ṇa </w><w n="17">śa</w><w n="18">rī</w><w n="19">ra</w><w n="20">śa</w><w n="21">rī</w><w n="22">ri</w><w n="23" lemma="ṇoḥ">ṇor </w><w n="24">a</w><w n="25">vya</w><w n="26">ti</w><w n="27">re</w><w n="28">kā</w><w n="29" lemma="cha">c cha</w><w n="30">rī</w><w n="31" lemma="raṃ">raṃ </w><w n="32">dra</w><w n="33" lemma="vyaṃ">vyaṃ </w><w n="34">pra</w><w n="35">dhā</w><w n="36" lemma="naṃ">nam </w><w n="37">e</w><w n="38">ve</w><w n="39" lemma="ti">ti | </w><w n="40">prā</w><w n="41">kṛ</w><w n="42">ti</w><w n="43" lemma="kaiḥ">kaiḥ </w><w n="44">śa</w><w n="45">rī</w><w n="46" lemma="raṃ">ram </w><w n="47">e</w><w n="48" lemma="va">va </w><w n="49"></w><w n="50">ā</w><w n="51" lemma="tmā">tmā </w><w n="52">ye</w><w n="53" lemma="ṣāṃ">ṣāṃ </w><w n="54" lemma="taiḥ">taiḥ </w><w n="55">śa</w><w n="56">rī</w><w n="57">rā</w><w n="58">tma</w><w n="59" lemma="bhiḥ">bhir </w><w n="60">u</w><w n="61" lemma="cye">cye | </w><w n="62" lemma="te">te </w>
</text></TEI>
<TEI n="G2">
<text>
<w n="0">pra</w><w n="1">kṛ</w><w n="2" lemma="teḥ">ter </w><w n="3">e</w><w n="4">ka</w><w n="5">de</w><w n="6" lemma="śaḥ">śaḥ </w><w n="7">ce</w><w n="8">ta</w><w n="9" lemma="naḥ">naḥ </w><w n="10">pu</w><w n="11">nu</w><w n="12" lemma="ṣaḥ">ṣas </w><w n="13">ta</w><w n="14">dvā</w><w n="15">re</w><w n="16" lemma="ṇa">ṇa </w><w n="17">śa</w><w n="18">rī</w><w n="19">ra</w><w n="20">śa</w><w n="21">rī</w><w n="22">ri</w><w n="23" lemma="ṇaḥ">ṇo </w><w n="24"></w><w n="25">vya</w><w n="26">ti</w><w n="27">re</w><w n="28" lemma="kā">kā </w><w n="29">śa</w><w n="30">rī</w><w n="31" lemma="raṃ">raṃ </w><w n="32">dra</w><w n="33" lemma="dhyaṃ">dhyaṃ </w><w n="34">pra</w><w n="35">dhā</w><w n="36" lemma="naṃ">nam </w><w n="37">e</w><w n="38">ve</w><w n="39" lemma="ti">ti </w><w n="40">prā</w><w n="41">kṛ</w><w n="42">ti</w><w n="43" lemma="kaiḥ">kaiḥ || </w><w n="44">śa</w><w n="45">rī</w><w n="46" lemma="raṃ">ram </w><w n="47">e</w><w n="48" lemma="vai">vai </w><w n="49"></w><w n="50">ā</w><w n="51" lemma="tmā">tmā </w><w n="52">ye</w><w n="53" lemma="ṣāṃ">ṣāṃ </w><w n="54" lemma="tai">tai </w><w n="55">śa</w><w n="56">rī</w><w n="57">rā</w><w n="58">tma</w><w n="59" lemma="bhiḥ">bhir </w><w n="60">u</w><w n="61">vya</w><w n="62" lemma="te">te </w>
</text></TEI>
<TEI n="G1">
<text>
<w n="0">pra</w><w n="1">kṛ</w><w n="2" lemma="teḥ">ter </w><w n="3">e</w><w n="4">ka</w><w n="5">de</w><w n="6" lemma="śaḥ">śaḥ || </w><w n="7">ce</w><w n="8">ta</w><w n="9" lemma="naḥ">naḥ || </w><w n="10">pu</w><w n="11">na</w><w n="12" lemma="ṣaḥ">ṣas </w><w n="13">ta</w><w n="14">dvā</w><w n="15">re</w><w n="16" lemma="ṇa">ṇa </w><w n="17">śa</w><w n="18">rī</w><w n="19">ra</w><w n="20">śa</w><w n="21">rī</w><w n="22">ri</w><w n="23" lemma="ṇaḥ">ṇo </w><w n="24"></w><w n="25">vya</w><w n="26">ti</w><w n="27">re</w><w n="28" lemma="kā">kā </w><w n="29">śa</w><w n="30">rī</w><w n="31" lemma="raṃ">raṃ </w><w n="32">dra</w><w n="33" lemma="dhyaṃ">dhyaṃ </w><w n="34">pra</w><w n="35">dhā</w><w n="36" lemma="naṃ">nam </w><w n="37">e</w><w n="38">ve</w><w n="39" lemma="ti">ti </w><w n="40">prā</w><w n="41">kṛ</w><w n="42">ti</w><w n="43" lemma="kaiḥ">kaiḥ || </w><w n="44">śa</w><w n="45">rī</w><w n="46" lemma="raṃ">ram </w><w n="47">e</w><w n="48" lemma="vai">vai </w><w n="49"></w><w n="50">ā</w><w n="51" lemma="tmā">tmā </w><w n="52">ye</w><w n="53" lemma="ṣāṃ">ṣāṃ </w><w n="54" lemma="tai">tai </w><w n="55">śa</w><w n="56">rī</w><w n="57">rā</w><w n="58">tma</w><w n="59" lemma="bhiḥ">bhir </w><w n="60">u</w><w n="61">vya</w><w n="62" lemma="te">te </w>
</text></TEI>
<TEI n="L">
<text>
<w n="0">pra</w><w n="1">kṛ</w><w n="2" lemma="teḥ">ter </w><w n="3">e</w><w n="4">ka</w><w n="5">de</w><w n="6" lemma="śaḥ">śaḥ </w><w n="7">ce</w><w n="8">ta</w><w n="9" lemma="naḥ">naḥ </w><w n="10">pu</w><w n="11">ru</w><w n="12" lemma="ṣaḥ">ṣas </w><w n="13">ta</w><w n="14">ddvā</w><w n="15">re</w><w n="16" lemma="ṇa">ṇa </w><w n="17">śa</w><w n="18">rī</w><w n="19">ra</w><w n="20">śa</w><w n="21">rī</w><w n="22">ri</w><w n="23" lemma="ṇoḥ">ṇor </w><w n="24">a</w><w n="25">vya</w><w n="26">ti</w><w n="27">re</w><w n="28" lemma="kā">kā </w><w n="29">śa</w><w n="30">rī</w><w n="31" lemma="raṃ">raṃ </w><w n="32">dra</w><w n="33" lemma="vyaṃ">vyaṃ </w><w n="34">pra</w><w n="35">dhā</w><w n="36" lemma="naṃ">nam </w><w n="37">e</w><w n="38">ve</w><w n="39" lemma="ti">ti </w><w n="40">prā</w><w n="41">kṛ</w><w n="42">ti</w><w n="43" lemma="kaiḥ">kaiḥ | </w><w n="44">śa</w><w n="45">rī</w><w n="46" lemma="raṃ">ram </w><w n="47">e</w><w n="48">vai</w><w n="49" lemma="ka">ka </w><w n="50">ā</w><w n="51" lemma="tmā">tmā </w><w n="52">ye</w><w n="53" lemma="ṣāṃ">ṣāṃ </w><w n="54" lemma="taiḥ">taiḥ </w><w n="55">śa</w><w n="56">rī</w><w n="57">rā</w><w n="58">tma</w><w n="59" lemma="bhiḥ">bhir </w><w n="60">u</w><w n="61">cya</w><w n="62">te</w>
</text></TEI>
<TEI n="O">
<text>
<w n="0">pra</w><w n="1">kṛ</w><w n="2" lemma="teḥ">ter </w><w n="3">e</w><w n="4">ka</w><w n="5">de</w><w n="6" lemma="śaḥ">śaḥ </w><w n="7">ce</w><w n="8">ta</w><w n="9" lemma="naḥ">naḥ </w><w n="10">pu</w><w n="11">ru</w><w n="12" lemma="ṣaḥ">ṣaḥ </w><w n="13">ta</w><w n="14">dvā</w><w n="15">re</w><w n="16" lemma="ṇa">ṇa </w><w n="17">śa</w><w n="18">rī</w><w n="19">ra</w><w n="20">śa</w><w n="21">rī</w><w n="22">ri</w><w n="23" lemma="ṇoḥ">ṇor </w><w n="24">a</w><w n="25">vya</w><w n="26">ti</w><w n="27">re</w><w n="28" lemma="kaḥ">kaḥ </w><w n="29">śa</w><w n="30">rī</w><w n="31" lemma="raṃ">raṃ </w><w n="32">dra</w><w n="33" lemma="vyaṃ">vyaṃ </w><w n="34">pra</w><w n="35">dhā</w><w n="36" lemma="naṃ">nam </w><w n="37">e</w><w n="38">ve</w><w n="39" lemma="ti">ti </w><w n="40">prā</w><w n="41">kṛ</w><w n="42">ti</w><w n="43" lemma="kaiḥ">kaiḥ </w><w n="44">śa</w><w n="45">rī</w><w n="46" lemma="raṃ">ram </w><w n="47">e</w><w n="48" lemma="va">va </w><w n="49"></w><w n="50">ā</w><w n="51" lemma="tmā">tmā </w><w n="52">ye</w><w n="53" lemma="ṣāṃ">ṣāṃ </w><w n="54" lemma="taiḥ">taiḥ </w><w n="55">śa</w><w n="56">rī</w><w n="57">rā</w><w n="58">tma</w><w n="59" lemma="bhiḥ">bhir </w><w n="60">u</w><w n="61">cya</w><w n="62" lemma="te">te | </w>
</text></TEI>
<TEI n="A">
<text>
<w n="0">pra</w><w n="1">kṛ</w><w n="2" lemma="teḥ">ter </w><w n="3">e</w><w n="4">ka</w><w n="5">de</w><w n="6" lemma="śaḥ">śaḥ </w><w n="7">ce</w><w n="8">ta</w><w n="9" lemma="naḥ">naḥ </w><w n="10">pu</w><w n="11">ru</w><w n="12" lemma="ṣaḥ">ṣas </w><w n="13">ta</w><w n="14">dvā</w><w n="15">re</w><w n="16" lemma="ṇa">ṇa </w><w n="17">śa</w><w n="18">rī</w><w n="19">ra</w><w n="20">śa</w><w n="21">rī</w><w n="22">ri</w><w n="23" lemma="ṇoḥ">ṇor </w><w n="24">a</w><w n="25">vya</w><w n="26">ti</w><w n="27">re</w><w n="28">kā</w><w n="29" lemma="cha">t_ śa</w><w n="30">rī</w><w n="31" lemma="raṃ">raṃ </w><w n="32">dra</w><w n="33" lemma="vyaṃ">vyaṃ </w><w n="34">pa</w><w n="35">dhā</w><w n="36" lemma="naṃ">nam </w><w n="37">e</w><w n="38">ve</w><w n="39" lemma="ti">ti </w><w n="40">prā</w><w n="41">kṛ</w><w n="42">ti</w><w n="43" lemma="kai">kai </w><w n="44">śa</w><w n="45">rī</w><w n="46" lemma="raṃ">ram </w><w n="47">e</w><w n="48">vai</w><w n="49" lemma="ka">ka </w><w n="50">ā</w><w n="51" lemma="tmā">tmā </w><w n="52">ye</w><w n="53" lemma="ṣāṃ">ṣāṃ </w><w n="54" lemma="taiḥ">taiḥ </w><w n="55">śa</w><w n="56">rī</w><w n="57">rā</w><w n="58">tma</w><w n="59" lemma="bhiḥ">bhir </w><w n="60">u</w><w n="61">cyaṃ</w><w n="62" lemma="te">te </w>
</text></TEI>
<TEI n="V">
<text>
<w n="0">pra</w><w n="1">kṛ</w><w n="2" lemma="teḥ">ter </w><w n="3">e</w><w n="4">ka</w><w n="5">de</w><w n="6" lemma="śa">śa </w><w n="7">ce</w><w n="8">ta</w><w n="9" lemma="naḥ">naḥ </w><w n="10">pu</w><w n="11">ru</w><w n="12" lemma="ṣaḥ">ṣas </w><w n="13">ta</w><w n="14">dvā</w><w n="15">re</w><w n="16" lemma="ṇa">ṇa </w><w n="17">śa</w><w n="18">rī</w><w n="19">ra</w><w n="20">śa</w><w n="21">rī</w><w n="22">rī</w><w n="23" lemma="ṇoḥ">ṇor </w><w n="24">a</w><w n="25">vya</w><w n="26">ti</w><w n="27">re</w><w n="28">kā</w><w n="29" lemma="cha">t_ śa</w><w n="30">rī</w><w n="31" lemma="raṃ">raṃ </w><w n="32">dra</w><w n="33" lemma="vyaṃ">vyaṃ </w><w n="34">pra</w><w n="35">dhā</w><w n="36" lemma="naṃ">nam </w><w n="37">e</w><w n="38">ve</w><w n="39" lemma="ti">ti </w><w n="40">prā</w><w n="41">kṛ</w><w n="42">ti</w><w n="43" lemma="kaiḥ">kaiḥ </w><w n="44">śa</w><w n="45">rī</w><w n="46" lemma="raṃ">ram </w><w n="47">e</w><w n="48">vai</w><w n="49" lemma="ka">ka </w><w n="50">ā</w><w n="51" lemma="tmā">tmā </w><w n="52">ye</w><w n="53" lemma="ṣāṃ">ṣāṃ </w><w n="54" lemma="taiḥ">taiḥ </w><w n="55">śa</w><w n="56">rī</w><w n="57">rā</w><w n="58">tma</w><w n="59" lemma="bhiḥ">bhir </w><w n="60">u</w><w n="61">cya</w><w n="62" lemma="te">te </w>
</text></TEI>
<TEI n="K">
<text>
<w n="0">pra</w><w n="1">kṛ</w><w n="2" lemma="teḥ">ter </w><w n="3">e</w><w n="4">ka</w><w n="5">de</w><w n="6" lemma="śa">śa </w><w n="7">ce</w><w n="8">ta</w><w n="9" lemma="naḥ">naḥ </w><w n="10">pu</w><w n="11">ru</w><w n="12" lemma="ṣaḥ">ṣas </w><w n="13">ta</w><w n="14">dvā</w><w n="15">re</w><w n="16" lemma="ṇa">ṇa </w><w n="17">śa</w><w n="18">rī</w><w n="19">ra</w><w n="20">śa</w><w n="21">rī</w><w n="22">rī</w><w n="23" lemma="ṇoḥ">ṇor </w><w n="24">a</w><w n="25">vya</w><w n="26">ti</w><w n="27">re</w><w n="28">kā</w><w n="29" lemma="cha">t_ śa</w><w n="30">rī</w><w n="31" lemma="raṃ">raṃ </w><w n="32">dra</w><w n="33" lemma="vyaṃ">vyaṃ </w><w n="34">pra</w><w n="35">dhā</w><w n="36" lemma="naṃ">nam </w><w n="37">e</w><w n="38">ve</w><w n="39" lemma="ti">ti </w><w n="40">prā</w><w n="41">kṛ</w><w n="42">ti</w><w n="43" lemma="kaiḥ">kaiḥ </w><w n="44">śa</w><w n="45">rī</w><w n="46" lemma="raṃ">ram </w><w n="47">e</w><w n="48">vai</w><w n="49" lemma="ka">ka </w><w n="50">ā</w><w n="51" lemma="tmā">tmā </w><w n="52">ye</w><w n="53" lemma="ṣāṃ">ṣāṃ </w><w n="54" lemma="taiḥ">taiḥ </w><w n="55">śa</w><w n="56">rī</w><w n="57">rā</w><w n="58">tma</w><w n="59" lemma="bhiḥ">bhir </w><w n="60">u</w><w n="61">cya</w><w n="62" lemma="te">te </w>
</text></TEI>
<TEI n="D">
<text>
<w n="0">pra</w><w n="1">kṛ</w><w n="2" lemma="teḥ">ter </w><w n="3">e</w><w n="4">ka</w><w n="5">de</w><w n="6" lemma="śaḥ">śaḥ </w><w n="7">ce</w><w n="8">ta</w><w n="9" lemma="naḥ">naḥ </w><w n="10">pu</w><w n="11">ru</w><w n="12" lemma="ṣaḥ">ṣas </w><w n="13">ta</w><w n="14">dvā</w><w n="15">re</w><w n="16" lemma="ṇa">ṇa </w><w n="17">śa</w><w n="18">rī</w><w n="19">ra</w><w n="20">śa</w><w n="21">rī</w><w n="22">ri</w><w n="23" lemma="ṇoḥ">ṇor </w><w n="24">a</w><w n="25">vya</w><w n="26">ti</w><w n="27">re</w><w n="28">kā</w><w n="29" lemma="cha">t śa</w><w n="30">rī</w><w n="31" lemma="raṃ">raṃ </w><w n="32">dra</w><w n="33" lemma="vyaṃ">vyaṃ </w><w n="34">pra</w><w n="35">dhā</w><w n="36" lemma="naṃ">nam </w><w n="37">e</w><w n="38">ve</w><w n="39" lemma="ti">ti </w><w n="40">prā</w><w n="41">kṛ</w><w n="42">ti</w><w n="43" lemma="kaiḥ">kaiḥ </w><w n="44">śa</w><w n="45">rī</w><w n="46" lemma="raṃ">ram </w><w n="47">e</w><w n="48">vai</w><w n="49" lemma="ka">ka </w><w n="50">ā</w><w n="51" lemma="tmā">tmā </w><w n="52">ye</w><w n="53" lemma="ṣāṃ">ṣāṃ </w><w n="54" lemma="taiḥ">taiḥ </w><w n="55">śa</w><w n="56">rī</w><w n="57">rā</w><w n="58">tma</w><w n="59" lemma="bhiḥ">bhir </w><w n="60">u</w><w n="61">cya</w><w n="62" lemma="te">te </w>
</text></TEI>
</teiCorpus>
