<?xml version="1.0" encoding="UTF-8"?>
<teiCorpus xmlns="http://www.tei-c.org/ns/1.0">

<TEI n="GV">
<text>
<w n="0"></w><w n="1"></w><w n="2"></w><w n="3"></w><w n="4"></w><w n="5"></w><w n="6"></w><w n="7"></w><w n="8"></w><w n="9"></w><w n="10"></w><w n="11"></w><w n="12"></w><w n="13"></w><w n="14"></w><w n="15"></w><w n="16"></w><w n="17"></w><w n="18"></w><w n="19"></w><w n="20"></w><w n="21"></w><w n="22"></w><w n="23"></w><w n="24"></w><w n="25"></w><w n="26"></w><w n="27"></w><w n="28"></w><w n="29"></w><w n="30"></w><w n="31"></w><w n="32"></w><w n="33"></w><w n="34"></w><w n="35"></w><w n="36"></w><w n="37"></w><w n="38"></w><w n="39"></w><w n="40"></w><w n="41"></w><w n="42"></w><w n="43"></w><w n="44"></w><w n="45"></w><w n="46"></w><w n="47"></w><w n="48"></w><w n="49"></w><w n="50"></w><w n="51"></w><w n="52"></w><w n="53"></w><w n="54"></w><w n="55"></w><w n="56"></w><w n="57"></w><w n="58"></w><w n="59"></w><w n="60"></w><w n="61"></w><w n="62"></w><w n="63"></w><w n="64"></w>
</text></TEI>
<TEI n="CT">
<text>
<w n="0">sva</w><w n="1">bhā</w><w n="2" lemma="va">va </w><w n="3">i</w><w n="4" lemma="ti">ti </w><w n="5">sa</w><w n="6">ttā</w><w n="7">dvai</w><w n="8">ta</w><w n="9">vā</w><w n="10">di</w><w n="11" lemma="bhiḥ">bhiḥ </w><w n="12">svo</w><w n="13">bhā</w><w n="14" lemma="va">va </w><w n="15">ā</w><w n="16">tma</w><w n="17">bhū</w><w n="18" lemma="tā">tā </w><w n="19" lemma="sa">sa-</w><w n="20">tte</w><w n="21" lemma="ti">ti </w><w n="22">kṛ</w><w n="23" lemma="tvā">tvā </w><w n="24">ta</w><w n="25" lemma="thā">thā </w><w n="26" lemma="hi">hi </w><w n="27">kra</w><w n="28">ma</w><w n="29">rū</w><w n="30">po</w><w n="31">pa</w><w n="32">saṃ</w><w n="33">hā</w><w n="34" lemma="re">re </w><w n="35">sa</w><w n="36" lemma="ttai">ttai-</w><w n="37" lemma="va">va </w><w n="38">sva</w><w n="39" lemma="tvaṃ">tvam </w><w n="40">i</w><w n="41" lemma="ti">ti </w><w n="42"></w><w n="43"></w><w n="44"></w><w n="45"></w><w n="46"></w><w n="47"></w><w n="48"></w><w n="49"></w><w n="50"></w><w n="51"></w><w n="52"></w><w n="53"></w><w n="54"></w><w n="55"></w><w n="56"></w><w n="57"></w><w n="58"></w><w n="59"></w><w n="60"></w><w n="61"></w><w n="62"></w><w n="63">dra</w><w n="64" lemma="vyaṃ">vyaṃ </w>
</text></TEI>
<TEI n="T">
<text>
<w n="0">sva</w><w n="1">bhā</w><w n="2" lemma="va">va </w><w n="3">i</w><w n="4" lemma="ti">ti </w><w n="5">sa</w><w n="6">ttā</w><w n="7">dvai</w><w n="8">ta</w><w n="9">vā</w><w n="10">di</w><w n="11" lemma="bhiḥ">bhis </w><w n="12">svo</w><w n="13">bhā</w><w n="14" lemma="va">va </w><w n="15">ā</w><w n="16">tma</w><w n="17">bhū</w><w n="18" lemma="tā">tā </w><w n="19">sa</w><w n="20">tte</w><w n="21" lemma="ti">ti </w><w n="22">kṛ</w><w n="23" lemma="tvā">tvā </w><w n="24">ta</w><w n="25" lemma="thā">thā </w><w n="26" lemma="hi">hi </w><w n="27">kra</w><w n="28">ma</w><w n="29">rū</w><w n="30">po</w><w n="31">pa</w><w n="32">saṃ</w><w n="33">hā</w><w n="34" lemma="re">re </w><w n="35">sa</w><w n="36">ttai</w><w n="37" lemma="va">va </w><w n="38">sva</w><w n="39" lemma="tvaṃ">tvam </w><w n="40">i</w><w n="41" lemma="ti">ti </w><w n="42">sva</w><w n="43">saṃ</w><w n="44" lemma="baṃ">ban</w><w n="45">dhi</w><w n="46" lemma="bhiḥ">bhir </w><w n="47">u</w><w n="48">pā</w><w n="49">dhi</w><w n="50" lemma="bhiḥ">bhir </w><w n="51">u</w><w n="52">pa</w><w n="53">hi</w><w n="54">ta</w><w n="55"></w><w n="56"></w><w n="57">bhe</w><w n="58" lemma="dā">dā </w><w n="59"></w><w n="60">sai</w><w n="61"></w><w n="62" lemma="va">va </w><w n="63">dra</w><w n="64" lemma="vyaṃ">vyaṃ </w>
</text></TEI>
<TEI n="H">
<text>
<w n="0">sva</w><w n="1">bhā</w><w n="2" lemma="va">va </w><w n="3">i</w><w n="4" lemma="ti">ti </w><w n="5" lemma="sa">sa </w><w n="6">cā</w><w n="7">dvai</w><w n="8">ta</w><w n="9">vā</w><w n="10">di</w><w n="11" lemma="bhiḥ">bhiḥ </w><w n="12">sva</w><w n="13">bhā</w><w n="14" lemma="va">va </w><w n="15">ā</w><w n="16">tma</w><w n="17">bhū</w><w n="18" lemma="tā">tā </w><w n="19">sa</w><w n="20" lemma="tte">tte </w><w n="21">vi</w><w n="22">kṛ</w><w n="23" lemma="tvā">tvā | </w><w n="24">ta</w><w n="25" lemma="thā">thā </w><w n="26" lemma="hi">hi </w><w n="27">kra</w><w n="28">ma</w><w n="29">sta</w><w n="30">po</w><w n="31">pa</w><w n="32">saṃ</w><w n="33">hā</w><w n="34" lemma="re">re </w><w n="35">sa</w><w n="36">ttai</w><w n="37" lemma="va">va </w><w n="38">sa</w><w n="39" lemma="tvaṃ">ttvam </w><w n="40">i</w><w n="41" lemma="ti">ti </w><w n="42">sva</w><w n="43">saṃ</w><w n="44">baṃ</w><w n="45">dhi</w><w n="46" lemma="bhiḥ">bhir </w><w n="47">u</w><w n="48">pā</w><w n="49"></w><w n="50"></w><w n="51"></w><w n="52"></w><w n="53">hi</w><w n="54">ta</w><w n="55"></w><w n="56"></w><w n="57">bhe</w><w n="58">dā</w><w n="59" lemma="tsa">t sa</w><w n="60">ttai</w><w n="61"></w><w n="62" lemma="va">va </w><w n="63">dra</w><w n="64" lemma="vyaṃ">vyaṃ | </w>
</text></TEI>
<TEI n="P">
<text>
<w n="0">sva</w><w n="1">bhā</w><w n="2" lemma="va">va </w><w n="3">i</w><w n="4" lemma="ti">ti </w><w n="5">sa</w><w n="6">tā</w><w n="7">dvai</w><w n="8">ta</w><w n="9">vā</w><w n="10">di</w><w n="11" lemma="bhiḥ">bhiḥ </w><w n="12">sva</w><w n="13">bhā</w><w n="14" lemma="va">va </w><w n="15">ā</w><w n="16">tma</w><w n="17">bhū</w><w n="18" lemma="tā">tā </w><w n="19">sa</w><w n="20">te</w><w n="21" lemma="ti">ti </w><w n="22">kṛ</w><w n="23" lemma="tvā">tvā </w><w n="24">ta</w><w n="25" lemma="thā">thā </w><w n="26" lemma="hi">hi </w><w n="27">kra</w><w n="28">ma</w><w n="29">rū</w><w n="30">po</w><w n="31">pa</w><w n="32">saṃ</w><w n="33">hā</w><w n="34" lemma="re">re </w><w n="35">sa</w><w n="36">ttai</w><w n="37" lemma="va">va </w><w n="38">sa</w><w n="39" lemma="tvaṃ">tvam </w><w n="40">i</w><w n="41" lemma="ti">ti </w><w n="42">sva</w><w n="43">saṃ</w><w n="44">baṃ</w><w n="45">dhi</w><w n="46" lemma="bhiḥ">bhir </w><w n="47">u</w><w n="48">pā</w><w n="49" lemma="dhiḥ">dhir </w><w n="50"></w><w n="51"></w><w n="52">a</w><w n="53">hi</w><w n="54" lemma="tā">tā </w><w n="55"></w><w n="56"></w><w n="57">bhe</w><w n="58" lemma="dā">dā </w><w n="59"></w><w n="60">sa</w><w n="61">tai</w><w n="62" lemma="va">va </w><w n="63">dra</w><w n="64" lemma="vyaṃ">vyaṃ </w>
</text></TEI>
<TEI n="M">
<text>
<w n="0">sva</w><w n="1">bhā</w><w n="2" lemma="va">va </w><w n="3">i</w><w n="4" lemma="ti">ti | </w><w n="5">sa</w><w n="6">ttā</w><w n="7">dvai</w><w n="8">ta</w><w n="9">vā</w><w n="10">di</w><w n="11" lemma="bhiḥ">bhiḥ </w><w n="12">sva</w><w n="13">bhā</w><w n="14" lemma="va">va </w><w n="15">ā</w><w n="16">tma</w><w n="17">bhū</w><w n="18" lemma="tā">tā </w><w n="19">sa</w><w n="20">tte</w><w n="21" lemma="ti">ti </w><w n="22">kṛ</w><w n="23" lemma="tvā">tvā | </w><w n="24">ta</w><w n="25" lemma="thā">thā </w><w n="26" lemma="hi">hi | </w><w n="27">kra</w><w n="28">ma</w><w n="29">rū</w><w n="30">po</w><w n="31">pa</w><w n="32">saṃ</w><w n="33">hā</w><w n="34" lemma="re">re </w><w n="35">sa</w><w n="36">ttai</w><w n="37" lemma="va">va </w><w n="38">sa</w><w n="39" lemma="tvaṃ">tvam </w><w n="40">i</w><w n="41" lemma="ti">ti | </w><w n="42">sva</w><w n="43">saṃ</w><w n="44" lemma="baṃ">baṃ&#166;</w><w n="45">dhi</w><w n="46" lemma="bhiḥ">bhir </w><w n="47">u</w><w n="48">pā</w><w n="49" lemma="dhiḥ">dhir </w><w n="50"></w><w n="51"></w><w n="52">a</w><w n="53">hi</w><w n="54" lemma="tā">tā </w><w n="55">sa</w><w n="56">ttā</w><w n="57">bhe</w><w n="58" lemma="dā">dā </w><w n="59"></w><w n="60">sa</w><w n="61">ttai</w><w n="62" lemma="va">va </w><w n="63">dra</w><w n="64" lemma="vyaṃ">vyaṃ | </w>
</text></TEI>
<TEI n="G2">
<text>
<w n="0">sva</w><w n="1">bhā</w><w n="2" lemma="vaṃ">vam </w><w n="3">i</w><w n="4" lemma="ti">ti </w><w n="5">sa</w><w n="6">ttā</w><w n="7">dvai</w><w n="8">ta</w><w n="9">vā</w><w n="10">di</w><w n="11" lemma="bhiḥ">bhiḥ || </w><w n="12">sva</w><w n="13">bhā</w><w n="14" lemma="va">va </w><w n="15">ā</w><w n="16">tma</w><w n="17">bhū</w><w n="18" lemma="tā">tā </w><w n="19">saṃ</w><w n="20">te</w><w n="21" lemma="ni">ni </w><w n="22">kṛ</w><w n="23" lemma="tvā">tvā </w><w n="24">ta</w><w n="25" lemma="thā">thā </w><w n="26" lemma="hi">hi </w><w n="27">kra</w><w n="28">ma</w><w n="29">rū</w><w n="30">po</w><w n="31">paṃ</w><w n="32">sa</w><w n="33">hā</w><w n="34" lemma="re">re </w><w n="35">sa</w><w n="36">ttai</w><w n="37" lemma="va">va </w><w n="38">sa</w><w n="39">tva</w><w n="40"></w><w n="41" lemma="bhi">bhi </w><w n="42" lemma="svaṃ">svaṃ </w><w n="43">saṃ</w><w n="44">baṃ</w><w n="45">dhi</w><w n="46" lemma="bhiḥ">bhir </w><w n="47">u</w><w n="48">pā</w><w n="49">dhi</w><w n="50" lemma="bhiḥ">bhir </w><w n="51">u</w><w n="52">pa</w><w n="53">hi</w><w n="54">ta</w><w n="55"></w><w n="56"></w><w n="57">bhe</w><w n="58" lemma="dā">dā </w><w n="59"></w><w n="60">sai</w><w n="61"></w><w n="62" lemma="va">va </w><w n="63">dra</w><w n="64" lemma="vyaṃ">vyaṃ </w>
</text></TEI>
<TEI n="G1">
<text>
<w n="0">sva</w><w n="1">bhā</w><w n="2" lemma="vaṃ">vam </w><w n="3">i</w><w n="4" lemma="ti">ti </w><w n="5">sa</w><w n="6">ttā</w><w n="7">dvai</w><w n="8">ta</w><w n="9">vā</w><w n="10">di</w><w n="11" lemma="bhiḥ">bhiḥ || </w><w n="12">sva</w><w n="13">bhā</w><w n="14" lemma="va">va </w><w n="15">ā</w><w n="16">tma</w><w n="17">bhū</w><w n="18" lemma="tā">tā </w><w n="19">saṃ</w><w n="20">te</w><w n="21" lemma="ni">ni </w><w n="22">kṛ</w><w n="23" lemma="tvā">tvā </w><w n="24">ta</w><w n="25" lemma="thā">thā </w><w n="26" lemma="hi">hi </w><w n="27">kra</w><w n="28">ma</w><w n="29">rū</w><w n="30">po</w><w n="31">paṃ</w><w n="32">sa</w><w n="33">hā</w><w n="34" lemma="re">re </w><w n="35">sa</w><w n="36">ttai</w><w n="37" lemma="va">va </w><w n="38">sa</w><w n="39">tva</w><w n="40"></w><w n="41" lemma="bhi">bhi </w><w n="42" lemma="svaṃ">svaṃ </w><w n="43">saṃ</w><w n="44">baṃ</w><w n="45">dhi</w><w n="46" lemma="bhiḥ">bhir </w><w n="47">u</w><w n="48">pā</w><w n="49">dhi</w><w n="50" lemma="bhiḥ">bhir </w><w n="51">u</w><w n="52">pa</w><w n="53">hi</w><w n="54">ta</w><w n="55"></w><w n="56"></w><w n="57">bhe</w><w n="58" lemma="dā">dā </w><w n="59"></w><w n="60">sai</w><w n="61"></w><w n="62" lemma="va">va </w><w n="63">dra</w><w n="64" lemma="vyaṃ">vyaṃ </w>
</text></TEI>
<TEI n="L">
<text>
<w n="0">sva</w><w n="1">bhā</w><w n="2" lemma="vaṃ">vam </w><w n="3">i</w><w n="4" lemma="ti">ti </w><w n="5">sa</w><w n="6">ttā</w><w n="7">dvai</w><w n="8">ta</w><w n="9">vā</w><w n="10">di</w><w n="11" lemma="bhiḥ">bhiḥ </w><w n="12">sva</w><w n="13">bhā</w><w n="14" lemma="va">va </w><w n="15">ā</w><w n="16">tma</w><w n="17">bhū</w><w n="18" lemma="tā">tā </w><w n="19">sa</w><w n="20">tte</w><w n="21" lemma="ti">ti </w><w n="22">kṛ</w><w n="23" lemma="tvā">tvā || </w><w n="24">ta</w><w n="25" lemma="thā">thā </w><w n="26" lemma="hi">hi | </w><w n="27">kra</w><w n="28">ma</w><w n="29">rū</w><w n="30">po</w><w n="31">pa</w><w n="32">saṃ</w><w n="33">hā</w><w n="34" lemma="re">re </w><w n="35">sa</w><w n="36">ttai</w><w n="37" lemma="va">va </w><w n="38">sa</w><w n="39" lemma="tvaṃ">ttvam </w><w n="40">i</w><w n="41" lemma="ti">ti </w><w n="42">sva</w><w n="43">saṃ</w><w n="44">baṃ</w><w n="45">dhi</w><w n="46" lemma="bhiḥ">bhir </w><w n="47">u</w><w n="48">pā</w><w n="49">dhi</w><w n="50" lemma="bhiḥ">bhir </w><w n="51">u</w><w n="52">pa</w><w n="53">hi</w><w n="54">ta</w><w n="55"></w><w n="56"></w><w n="57">bhe</w><w n="58" lemma="dā">dā </w><w n="59"></w><w n="60">sa</w><w n="61">ttai</w><w n="62" lemma="va">va </w><w n="63">dra</w><w n="64">vyaṃ</w>
</text></TEI>
<TEI n="O">
<text>
<w n="0">sva</w><w n="1">bhā</w><w n="2" lemma="vaṃ">vam </w><w n="3">i</w><w n="4" lemma="ti">ti </w><w n="5">sa</w><w n="6">ttā</w><w n="7">dvai</w><w n="8">ta</w><w n="9">vā</w><w n="10">di</w><w n="11" lemma="bhiḥ">bhiḥ | </w><w n="12">sva</w><w n="13">bhā</w><w n="14" lemma="va">va </w><w n="15">ā</w><w n="16">tma</w><w n="17">bhū</w><w n="18" lemma="tā">tā </w><w n="19">sa</w><w n="20">tte</w><w n="21" lemma="ti">ti </w><w n="22">kṛ</w><w n="23" lemma="tvā">tvā | </w><w n="24">ta</w><w n="25" lemma="thā">thā </w><w n="26" lemma="hi">hi </w><w n="27">kra</w><w n="28">ma</w><w n="29">rū</w><w n="30">po</w><w n="31">pa</w><w n="32">saṃ</w><w n="33">hā</w><w n="34" lemma="re">re </w><w n="35">sa</w><w n="36">ttai</w><w n="37" lemma="va">va </w><w n="38">sa</w><w n="39" lemma="tvaṃ">tvam </w><w n="40">i</w><w n="41" lemma="ti">ti </w><w n="42">sva</w><w n="43">saṃ</w><w n="44">baṃ</w><w n="45">dhi</w><w n="46" lemma="bhiḥ">bhir </w><w n="47">u</w><w n="48">pā</w><w n="49">dhi</w><w n="50" lemma="bhiḥ">bhir </w><w n="51">u</w><w n="52">pa</w><w n="53">hi</w><w n="54">ta</w><w n="55"></w><w n="56"></w><w n="57">bhe</w><w n="58" lemma="dā">dā </w><w n="59"></w><w n="60">sai</w><w n="61"></w><w n="62" lemma="va">va </w><w n="63">dra</w><w n="64" lemma="vyaṃ">vyaṃ </w>
</text></TEI>
<TEI n="A">
<text>
<w n="0">sva</w><w n="1">bhā</w><w n="2" lemma="vaṃ">vam </w><w n="3">i</w><w n="4" lemma="ti">ti </w><w n="5">sa</w><w n="6">ttā</w><w n="7">dvai</w><w n="8">ta</w><w n="9">vā</w><w n="10">di</w><w n="11" lemma="bhiḥ">bhiḥ </w><w n="12">sva</w><w n="13">bhā</w><w n="14" lemma="va">va </w><w n="15">ā</w><w n="16">tma</w><w n="17">bhū</w><w n="18" lemma="tā">tā </w><w n="19">sa</w><w n="20">tte</w><w n="21" lemma="ti">ti </w><w n="22">kṛ</w><w n="23" lemma="tvā">tvā </w><w n="24">ta</w><w n="25" lemma="thā">thā </w><w n="26" lemma="hi">hi </w><w n="27">kra</w><w n="28">ma</w><w n="29">rū</w><w n="30">po</w><w n="31">pa</w><w n="32">saṃ</w><w n="33">hā</w><w n="34" lemma="re">re </w><w n="35">sa</w><w n="36">ttai</w><w n="37" lemma="va">va </w><w n="38">sa</w><w n="39" lemma="tvaṃ">tvam </w><w n="40">i</w><w n="41" lemma="ti">ti </w><w n="42">sva</w><w n="43">saṃ</w><w n="44">baṃ</w><w n="45">dhi</w><w n="46" lemma="bhiḥ">bhir </w><w n="47">u</w><w n="48">pā</w><w n="49">dhi</w><w n="50" lemma="bhiḥ">bhir </w><w n="51">u</w><w n="52">pa</w><w n="53">hi</w><w n="54">ta</w><w n="55"></w><w n="56"></w><w n="57">bhe</w><w n="58" lemma="dā">dā </w><w n="59"></w><w n="60">sai</w><w n="61"></w><w n="62" lemma="va">va </w><w n="63">dra</w><w n="64" lemma="vyaṃ">vyaṃ </w>
</text></TEI>
<TEI n="V">
<text>
<w n="0">sva</w><w n="1">bhā</w><w n="2" lemma="vaṃ">vam </w><w n="3">i</w><w n="4" lemma="ti">ti </w><w n="5">sa</w><w n="6">ttā</w><w n="7">dvai</w><w n="8">ta</w><w n="9">vā</w><w n="10">di</w><w n="11" lemma="bhiḥ">bhiḥ </w><w n="12">sva</w><w n="13">bhā</w><w n="14" lemma="va">va </w><w n="15">ā</w><w n="16">tma</w><w n="17">bhū</w><w n="18" lemma="tā">tā </w><w n="19">sa</w><w n="20">taṃ</w><w n="21" lemma="ti">ti </w><w n="22">ka</w><w n="23" lemma="tvā">tvā </w><w n="24">ta</w><w n="25" lemma="thā">thā </w><w n="26" lemma="hi">hi </w><w n="27">kra</w><w n="28">ma</w><w n="29">rū</w><w n="30">po</w><w n="31">pa</w><w n="32">saṃ</w><w n="33">hā</w><w n="34" lemma="re">re </w><w n="35">sa</w><w n="36">sai</w><w n="37" lemma="va">va </w><w n="38">sa</w><w n="39" lemma="tvaṃ">tvam </w><w n="40">i</w><w n="41" lemma="ti">ti </w><w n="42">sva</w><w n="43">saṃ</w><w n="44">baṃ</w><w n="45">dhi</w><w n="46" lemma="bhiḥ">bhir </w><w n="47">u</w><w n="48">pā</w><w n="49">dhi</w><w n="50" lemma="bhiḥ">bhir </w><w n="51">u</w><w n="52">pa</w><w n="53">hi</w><w n="54">ta</w><w n="55"></w><w n="56"></w><w n="57">bhe</w><w n="58" lemma="dā">dā </w><w n="59"></w><w n="60">sai</w><w n="61"></w><w n="62" lemma="va">va </w><w n="63">dra</w><w n="64" lemma="vya">vya </w>
</text></TEI>
<TEI n="K">
<text>
<w n="0">sva</w><w n="1">bhā</w><w n="2" lemma="vaṃ">vam </w><w n="3">i</w><w n="4" lemma="ti">ti </w><w n="5">sa</w><w n="6">ttā</w><w n="7">dvai</w><w n="8">ta</w><w n="9">vā</w><w n="10">di</w><w n="11" lemma="bhiḥ">bhiḥ </w><w n="12">sva</w><w n="13">bhā</w><w n="14" lemma="va">va </w><w n="15">ā</w><w n="16">tma</w><w n="17">bhū</w><w n="18" lemma="tā">tā </w><w n="19">sa</w><w n="20">ttaṃ</w><w n="21" lemma="ti">ti </w><w n="22">ka</w><w n="23" lemma="tvā">tvā | </w><w n="24">ta</w><w n="25" lemma="thā">thā </w><w n="26" lemma="hi">hi </w><w n="27">kra</w><w n="28">ma</w><w n="29">rū</w><w n="30">po</w><w n="31">pa</w><w n="32">saṃ</w><w n="33">hā</w><w n="34" lemma="re">re </w><w n="35">sa</w><w n="36">ttai</w><w n="37" lemma="va">va </w><w n="38">sa</w><w n="39" lemma="tvaṃ">tvam </w><w n="40">i</w><w n="41" lemma="ti">ti </w><w n="42">sva</w><w n="43">saṃ</w><w n="44">baṃ</w><w n="45">dhi</w><w n="46" lemma="bhiḥ">bhir </w><w n="47">u</w><w n="48">pā</w><w n="49">dhi</w><w n="50" lemma="bhiḥ">bhir </w><w n="51">u</w><w n="52">pa</w><w n="53">hi</w><w n="54">ta</w><w n="55"></w><w n="56"></w><w n="57">bhe</w><w n="58" lemma="dā">dā </w><w n="59"></w><w n="60">sai</w><w n="61"></w><w n="62" lemma="va">va </w><w n="63">dra</w><w n="64" lemma="vya">vya </w>
</text></TEI>
<TEI n="D">
<text>
<w n="0">sva</w><w n="1">bhā</w><w n="2" lemma="vaṃ">vam </w><w n="3">i</w><w n="4" lemma="ti">ti </w><w n="5">sa</w><w n="6">ttā</w><w n="7">dvai</w><w n="8">ta</w><w n="9">vā</w><w n="10">di</w><w n="11" lemma="bhiḥ">bhiḥ </w><w n="12">sva</w><w n="13">bhā</w><w n="14" lemma="va">va </w><w n="15">ā</w><w n="16">tma</w><w n="17">bhū</w><w n="18" lemma="tā">tā </w><w n="19">sa</w><w n="20">tte</w><w n="21" lemma="ti">ti </w><w n="22">kṛ</w><w n="23" lemma="tvā">tvā | </w><w n="24">ta</w><w n="25" lemma="thā">thā </w><w n="26" lemma="hi">hi </w><w n="27">kra</w><w n="28">ma</w><w n="29">rū</w><w n="30">po</w><w n="31">pa</w><w n="32">saṃ</w><w n="33">hā</w><w n="34" lemma="re">re </w><w n="35">sa</w><w n="36">ttai</w><w n="37" lemma="va">va </w><w n="38">sa</w><w n="39" lemma="tvaṃ">tvam </w><w n="40">i</w><w n="41" lemma="ti">ti </w><w n="42">sva</w><w n="43">saṃ</w><w n="44">baṃ</w><w n="45">dhi</w><w n="46" lemma="bhiḥ">bhir </w><w n="47">u</w><w n="48">pā</w><w n="49">dhi</w><w n="50" lemma="bhiḥ">bhir </w><w n="51">u</w><w n="52">pa</w><w n="53">hi</w><w n="54">ta</w><w n="55"></w><w n="56"></w><w n="57">bhe</w><w n="58" lemma="dā">dā </w><w n="59"></w><w n="60">sai</w><w n="61"></w><w n="62" lemma="va">va </w><w n="63">dra</w><w n="64" lemma="vyaṃ">vyaṃ </w>
</text></TEI>
</teiCorpus>
