<?xml version="1.0" encoding="UTF-8"?>
<teiCorpus xmlns="http://www.tei-c.org/ns/1.0">

<TEI n="GV">
<text>
<w n="0" lemma="da">da </w><w n="1"></w><w n="2"></w><w n="3"></w><w n="4"></w><w n="5"></w><w n="6"></w><w n="7"></w><w n="8">i</w><w n="9" lemma="ti">ti </w><w n="10">vṛ</w><w n="11" lemma="dhe">ddhe</w><w n="12" lemma="bhya">bhya </w><w n="13">ā</w><w n="14">ga</w><w n="15" lemma="maḥ">maḥ || </w><w n="16">a</w><w n="17">ta</w><w n="18" lemma="tvaṃ">tvam </w><w n="19">i</w><w n="20" lemma="ti">ti </w><w n="21">ma</w><w n="22">nya</w><w n="23" lemma="te">te </w><w n="24">ta</w><w n="25" lemma="tvaṃ">tvam </w><w n="26">e</w><w n="27">vā</w><w n="28">vi</w><w n="29">cā</w><w n="30"></w><w n="31"></w><w n="32">ri</w><w n="33" lemma="taṃ">taṃ || 7 || </w>
</text></TEI>
<TEI n="CT">
<text>
<w n="0" lemma="na">na </w><w n="1">ta</w><w n="2">tvā</w><w n="3">ta</w><w n="4">tva</w><w n="5" lemma="yoḥ">yor </w><w n="6">bhe</w><w n="7" lemma="da">da </w><w n="8">i</w><w n="9" lemma="ti">ti </w><w n="10">vṛ</w><w n="11" lemma="dhe">ddhe</w><w n="12" lemma="bhya">bhya </w><w n="13">ā</w><w n="14">ga</w><w n="15" lemma="maḥ">maḥ | </w><w n="16">a</w><w n="17">ta</w><w n="18" lemma="tvaṃ">tvam </w><w n="19">i</w><w n="20" lemma="ti">ti </w><w n="21">ma</w><w n="22" lemma="nyaṃ">nyan</w><w n="23" lemma="te">te </w><w n="24">ta</w><w n="25" lemma="tvaṃ">tvam </w><w n="26">e</w><w n="27">vā</w><w n="28">vi</w><w n="29">cā</w><w n="30"></w><w n="31"></w><w n="32">ri</w><w n="33" lemma="taṃ">tam || </w>
</text></TEI>
<TEI n="T">
<text>
<w n="0" lemma="na">na </w><w n="1">ta</w><w n="2">tvā</w><w n="3">ta</w><w n="4">tva</w><w n="5" lemma="yoḥ">yor </w><w n="6">bhe</w><w n="7" lemma="da">da </w><w n="8">i</w><w n="9" lemma="ti">ti </w><w n="10">vṛ</w><w n="11" lemma="dhe">ddhe</w><w n="12" lemma="bhya">bhya </w><w n="13">ā</w><w n="14">ga</w><w n="15" lemma="maḥ">maḥ </w><w n="16">a</w><w n="17">ta</w><w n="18" lemma="tvaṃ">tvam </w><w n="19">i</w><w n="20" lemma="ti">ti </w><w n="21">ma</w><w n="22" lemma="nyaṃ">nyan</w><w n="23" lemma="te">te </w><w n="24">ta</w><w n="25" lemma="tvaṃ">tvam </w><w n="26">e</w><w n="27">vā</w><w n="28">vi</w><w n="29">cā</w><w n="30"></w><w n="31"></w><w n="32">ri</w><w n="33" lemma="taṃ">taṃ | </w>
</text></TEI>
<TEI n="H">
<text>
<w n="0" lemma="na">na </w><w n="1">ta</w><w n="2">tvā</w><w n="3">ta</w><w n="4">tva</w><w n="5" lemma="yāḥ">yār </w><w n="6">bhe</w><w n="7" lemma="da">da </w><w n="8">i</w><w n="9" lemma="ti">ti </w><w n="10">vṛ</w><w n="11" lemma="dhe">ddhe</w><w n="12" lemma="bhya">bhya </w><w n="13">ā</w><w n="14">ga</w><w n="15" lemma="maḥ">maḥ | </w><w n="16">a</w><w n="17">ta</w><w n="18" lemma="tvaṃ">tvam </w><w n="19">i</w><w n="20" lemma="ti">ti </w><w n="21">ma</w><w n="22" lemma="nyaṃ">nyan</w><w n="23" lemma="te">te </w><w n="24">ta</w><w n="25" lemma="tvaṃ">tvam </w><w n="26">e</w><w n="27">vā</w><w n="28">vi</w><w n="29">cā</w><w n="30"></w><w n="31"></w><w n="32">ri</w><w n="33" lemma="taṃ">taṃ || &#43256; || </w>
</text></TEI>
<TEI n="P">
<text>
<w n="0" lemma="na">| na </w><w n="1">ta</w><w n="2">tvā</w><w n="3">ta</w><w n="4">tva</w><w n="5" lemma="yoḥ">yor </w><w n="6">bhe</w><w n="7" lemma="da">da </w><w n="8">i</w><w n="9" lemma="ti">ti </w><w n="10">vṛ</w><w n="11" lemma="dhe">ddhe</w><w n="12" lemma="bhya">bhya </w><w n="13">ā</w><w n="14">ga</w><w n="15" lemma="taḥ">taḥ </w><w n="16">a</w><w n="17">ta</w><w n="18" lemma="tvaṃ">tvam </w><w n="19">i</w><w n="20" lemma="ti">ti </w><w n="21">ma</w><w n="22">nyaṃ</w><w n="23" lemma="te">te </w><w n="24">ta</w><w n="25" lemma="tvaṃ">tvam </w><w n="26">e</w><w n="27">vā</w><w n="28">vi</w><w n="29">cā</w><w n="30"></w><w n="31"></w><w n="32">ri</w><w n="33" lemma="taṃ">tam 7 | </w>
</text></TEI>
<TEI n="M">
<text>
<w n="0" lemma="na">|| na </w><w n="1">ta</w><w n="2">tvā</w><w n="3">ta</w><w n="4">tva</w><w n="5" lemma="yoḥ">yor </w><w n="6">bhe</w><w n="7" lemma="da">da </w><w n="8">i</w><w n="9" lemma="ti">ti </w><w n="10">vṛ</w><w n="11" lemma="dhe">ddhe</w><w n="12" lemma="bhya">bhya </w><w n="13">ā</w><w n="14">ga</w><w n="15" lemma="maḥ">maḥ || </w><w n="16">a</w><w n="17">ta</w><w n="18" lemma="tvaṃ">tvam </w><w n="19">i</w><w n="20" lemma="ti">ti </w><w n="21">ma</w><w n="22">nyaṃ</w><w n="23" lemma="te">te </w><w n="24">ta</w><w n="25" lemma="tvaṃ">tvam </w><w n="26">e</w><w n="27">vā</w><w n="28">vi</w><w n="29">cā</w><w n="30"></w><w n="31"></w><w n="32">ri</w><w n="33" lemma="taṃ">tam || 7 || </w>
</text></TEI>
<TEI n="G2">
<text>
<w n="0" lemma="na">na </w><w n="1" lemma="ca">ca </w><w n="2"></w><w n="3">ta</w><w n="4">sya</w><w n="5">yā</w><w n="6" lemma="rte">rte </w><w n="7">da</w><w n="8">ra</w><w n="9" lemma="ti">ti </w><w n="10">dhru</w><w n="11">ve</w><w n="12" lemma="bhya">bhya </w><w n="13">ā</w><w n="14">ga</w><w n="15" lemma="maḥ">maḥ || </w><w n="16">a</w><w n="17">ta</w><w n="18" lemma="tvaṃ">tvam </w><w n="19">i</w><w n="20" lemma="ti">ti </w><w n="21">ma</w><w n="22">nyaṃ</w><w n="23" lemma="te">te </w><w n="24">ta</w><w n="25" lemma="tvaṃ">tvam </w><w n="26">e</w><w n="27">vā</w><w n="28">vi</w><w n="29">vā</w><w n="30">vi</w><w n="31">vā</w><w n="32">ri</w><w n="33" lemma="taṃ">taṃ || </w>
</text></TEI>
<TEI n="G1">
<text>
<w n="0" lemma="na">na </w><w n="1" lemma="ca">ca </w><w n="2"></w><w n="3">ta</w><w n="4">sya</w><w n="5">yā</w><w n="6" lemma="rte">rte </w><w n="7">da</w><w n="8">ra</w><w n="9" lemma="ti">ti </w><w n="10">dhru</w><w n="11">ve</w><w n="12" lemma="bhya">bhya </w><w n="13">ā</w><w n="14">ga</w><w n="15" lemma="maḥ">maḥ || </w><w n="16">a</w><w n="17">ta</w><w n="18" lemma="tvaṃ">tvam </w><w n="19">i</w><w n="20" lemma="ti">ti </w><w n="21">ma</w><w n="22">nyaṃ</w><w n="23" lemma="te">te </w><w n="24">ta</w><w n="25" lemma="tvaṃ">tvam </w><w n="26">e</w><w n="27">vā</w><w n="28">vi</w><w n="29">vā</w><w n="30">vi</w><w n="31">vā</w><w n="32">ri</w><w n="33" lemma="taṃ">taṃ || </w>
</text></TEI>
<TEI n="L">
<text>
<w n="0">na</w><w n="1"></w><w n="2" lemma="nva">nv a</w><w n="3">ta</w><w n="4" lemma="sya">sya </w><w n="5" lemma="yaḥ">yo </w><w n="6">bhe</w><w n="7" lemma="da">da </w><w n="8">i</w><w n="9" lemma="ti">ti </w><w n="10">dhra</w><w n="11">ve</w><w n="12" lemma="bhya">bhya </w><w n="13">ā</w><w n="14">ga</w><w n="15" lemma="maḥ">maḥ || </w><w n="16">a</w><w n="17">ta</w><w n="18" lemma="tvaṃ">tvam </w><w n="19">i</w><w n="20" lemma="ti">ti </w><w n="21">maṃ</w><w n="22">nya</w><w n="23" lemma="te">te </w><w n="24">ta</w><w n="25" lemma="tvaṃ">tvam </w><w n="26">i</w><w n="27">vā</w><w n="28">vi</w><w n="29">cā</w><w n="30"></w><w n="31"></w><w n="32">ri</w><w n="33" lemma="taṃ">taṃ || </w>
</text></TEI>
<TEI n="O">
<text>
<w n="0"></w><w n="1" lemma="ta">|| ta</w><w n="2">tva</w><w n="3">ta</w><w n="4">sya</w><w n="5" lemma="yoḥ">yor </w><w n="6">bhe</w><w n="7" lemma="da">da </w><w n="8">i</w><w n="9" lemma="ti">ti </w><w n="10">dra</w><w n="11">vye</w><w n="12" lemma="bhya">bhya </w><w n="13">ā</w><w n="14">ga</w><w n="15" lemma="maḥ">maḥ | </w><w n="16">a</w><w n="17">ta</w><w n="18" lemma="tvaṃ">tvam </w><w n="19">i</w><w n="20" lemma="ti">ti </w><w n="21">ma</w><w n="22">nyaṃ</w><w n="23" lemma="te">te </w><w n="24">ta</w><w n="25" lemma="tvaṃ">tvam </w><w n="26">e</w><w n="27">vā</w><w n="28">vi</w><w n="29">cā</w><w n="30"></w><w n="31"></w><w n="32">ri</w><w n="33" lemma="taṃ">taṃ || 7 || </w>
</text></TEI>
<TEI n="A">
<text>
<w n="0" lemma="na">|| na </w><w n="1">ta</w><w n="2">tvā</w><w n="3">ta</w><w n="4">tva</w><w n="5" lemma="yoḥ">yor </w><w n="6">bhe</w><w n="7" lemma="da">da </w><w n="8">i</w><w n="9" lemma="ti">ti </w><w n="10">vṛ</w><w n="11" lemma="dhe">ddhe</w><w n="12" lemma="bhya">bhya </w><w n="13">ā</w><w n="14">ga</w><w n="15" lemma="maḥ">maḥ </w><w n="16">a</w><w n="17">ta</w><w n="18" lemma="tvaṃ">tvam </w><w n="19">i</w><w n="20" lemma="ti">ti </w><w n="21">ma</w><w n="22">nyaṃ</w><w n="23" lemma="te">te </w><w n="24">ta</w><w n="25" lemma="tvaṃ">tvam </w><w n="26">e</w><w n="27" lemma="vā">vā'</w><w n="28">vi</w><w n="29">cā</w><w n="30"></w><w n="31"></w><w n="32">ri</w><w n="33" lemma="taṃ">taṃ </w>
</text></TEI>
<TEI n="V">
<text>
<w n="0" lemma="na">na </w><w n="1">ta</w><w n="2">tvā</w><w n="3">ta</w><w n="4">tva</w><w n="5" lemma="yoḥ">yor </w><w n="6">bhe</w><w n="7" lemma="da">da </w><w n="8">i</w><w n="9" lemma="ti">ti </w><w n="10">vṛ</w><w n="11" lemma="dhe">ddhe</w><w n="12" lemma="bhya">bhya </w><w n="13">ā</w><w n="14">ga</w><w n="15" lemma="maḥ">maḥ </w><w n="16">a</w><w n="17">ta</w><w n="18" lemma="tvaṃ">tvam </w><w n="19">i</w><w n="20" lemma="ti">ti </w><w n="21">ma</w><w n="22">nyaṃ</w><w n="23" lemma="tve">tve </w><w n="24">ta</w><w n="25" lemma="tvaṃ">tvam </w><w n="26">e</w><w n="27" lemma="vā">vā'</w><w n="28">vi</w><w n="29">vā</w><w n="30"></w><w n="31"></w><w n="32">ri</w><w n="33" lemma="taṃ">taṃ </w>
</text></TEI>
<TEI n="K">
<text>
<w n="0" lemma="na">na </w><w n="1">ta</w><w n="2">tvā</w><w n="3">ta</w><w n="4">tva</w><w n="5" lemma="yoḥ">yor </w><w n="6">bhe</w><w n="7" lemma="da">da </w><w n="8">i</w><w n="9" lemma="ti">ti </w><w n="10">vṛ</w><w n="11" lemma="dhe">ddhe</w><w n="12" lemma="bhya">bhya </w><w n="13">ā</w><w n="14">ga</w><w n="15" lemma="maḥ">maḥ </w><w n="16">a</w><w n="17">ta</w><w n="18" lemma="tvaṃ">tvam </w><w n="19">i</w><w n="20" lemma="ti">ti </w><w n="21">ma</w><w n="22">nyaṃ</w><w n="23" lemma="tve">tve </w><w n="24">ta</w><w n="25" lemma="tvaṃ">tvam </w><w n="26">e</w><w n="27" lemma="vā">vā'</w><w n="28">vi</w><w n="29">vā</w><w n="30"></w><w n="31"></w><w n="32">ri</w><w n="33" lemma="taṃ">taṃ || </w>
</text></TEI>
<TEI n="D">
<text>
<w n="0" lemma="na">|| na </w><w n="1">ta</w><w n="2">tvā</w><w n="3">ta</w><w n="4">tva</w><w n="5" lemma="yoḥ">yor </w><w n="6">bhe</w><w n="7" lemma="da">da </w><w n="8">i</w><w n="9" lemma="ti">ti </w><w n="10">vṛ</w><w n="11" lemma="dhe">ddhe</w><w n="12" lemma="bhya">bhya </w><w n="13">ā</w><w n="14">ga</w><w n="15" lemma="maḥ">maḥ | </w><w n="16">a</w><w n="17">ta</w><w n="18" lemma="tvaṃ">tvam </w><w n="19">i</w><w n="20" lemma="ti">ti </w><w n="21">ma</w><w n="22">nyaṃ</w><w n="23" lemma="te">te </w><w n="24">ta</w><w n="25" lemma="tvaṃ">tvam </w><w n="26">e</w><w n="27" lemma="vā">vā'</w><w n="28">vi</w><w n="29">cā</w><w n="30"></w><w n="31"></w><w n="32">ri</w><w n="33" lemma="taṃ">taṃ || </w>
</text></TEI>
</teiCorpus>
