<?xml version="1.0" encoding="UTF-8"?>
<teiCorpus xmlns="http://www.tei-c.org/ns/1.0">

<TEI n="GV">
<text>
<w n="0"></w><w n="1"></w><w n="2"></w><w n="3"></w><w n="4"></w><w n="5"></w><w n="6"></w><w n="7"></w><w n="8"></w><w n="9"></w><w n="10"></w><w n="11"></w><w n="12"></w><w n="13"></w><w n="14"></w><w n="15"></w><w n="16"></w><w n="17"></w><w n="18"></w><w n="19"></w><w n="20"></w><w n="21"></w><w n="22"></w><w n="23"></w><w n="24"></w><w n="25"></w><w n="26"></w><w n="27"></w><w n="28"></w><w n="29"></w><w n="30"></w><w n="31"></w><w n="32"></w>
</text></TEI>
<TEI n="CT">
<text>
<w n="0">su</w><w n="1">va</w><w n="2">rṇā</w><w n="3" lemma="di">di </w><w n="4">ya</w><w n="5" lemma="thā">thā </w><w n="6">yu</w><w n="7" lemma="ktaṃ">ktaṃ </w><w n="8" lemma="svaiḥ">svair </w><w n="9">ā</w><w n="10">kā</w><w n="11" lemma="raiḥ">rair </w><w n="12">a</w><w n="13">pā</w><w n="14">yi</w><w n="15" lemma="bhiḥ">bhiḥ | </w><w n="16">ru</w><w n="17">ca</w><w n="18">kā</w><w n="19">dya</w><w n="20">bhi</w><w n="21">dhā</w><w n="22">nā</w><w n="23" lemma="nāṃ">nāṃ </w><w n="24">śu</w><w n="25" lemma="dhaṃ">ddham </w><w n="26">e</w><w n="27">ve</w><w n="28" lemma="ti">ti </w><w n="29">vā</w><w n="30">cya</w><w n="31" lemma="tāṃ">tām || </w><w n="32"></w>
</text></TEI>
<TEI n="T">
<text>
<w n="0">su</w><w n="1">va</w><w n="2" lemma="rṇā">rṇṇā</w><w n="3" lemma="di">di </w><w n="4">ya</w><w n="5" lemma="thā">thā </w><w n="6">yu</w><w n="7" lemma="ktaṃ">ktaṃ </w><w n="8" lemma="svaiḥ">svair </w><w n="9">ā</w><w n="10">kā</w><w n="11" lemma="raiḥ">rair </w><w n="12">a</w><w n="13">pā</w><w n="14">yi</w><w n="15" lemma="bhiḥ">bhiḥ </w><w n="16">ru</w><w n="17">ca</w><w n="18">kā</w><w n="19">dya</w><w n="20">bhi</w><w n="21">dhā</w><w n="22">nā</w><w n="23" lemma="nāṃ">nāṃ </w><w n="24">śu</w><w n="25" lemma="dhaṃ">ddham </w><w n="26">e</w><w n="27">vai</w><w n="28" lemma="ti">ti </w><w n="29">vā</w><w n="30">cya</w><w n="31" lemma="tāṃ">tāṃ | </w><w n="32"></w>
</text></TEI>
<TEI n="H">
<text>
<w n="0">su</w><w n="1">va</w><w n="2">rṇā</w><w n="3" lemma="di">di </w><w n="4">ya</w><w n="5" lemma="thā">thā </w><w n="6">yu</w><w n="7" lemma="ktaṃ">ktaṃ </w><w n="8" lemma="svaiḥ">svair </w><w n="9">ā</w><w n="10">kā</w><w n="11" lemma="raiḥ">rair </w><w n="12">a</w><w n="13">ṇa</w><w n="14">yi</w><w n="15" lemma="bhiḥ">bhiḥ | </w><w n="16">ru</w><w n="17">ca</w><w n="18">kā</w><w n="19">dya</w><w n="20">bhi</w><w n="21">dhā</w><w n="22">nā</w><w n="23" lemma="nāṃ">nāṃ </w><w n="24">śu</w><w n="25" lemma="dhaṃ">ddham </w><w n="26">e</w><w n="27">vai</w><w n="28" lemma="ti">ti </w><w n="29">vā</w><w n="30">cya</w><w n="31">tā</w><w n="32" lemma="t">t_ || &#43256; || </w>
</text></TEI>
<TEI n="P">
<text>
<w n="0">su</w><w n="1">va</w><w n="2">rṇā</w><w n="3" lemma="di">di </w><w n="4">ya</w><w n="5" lemma="thā">thā </w><w n="6">yu</w><w n="7" lemma="ktaṃ">ktaṃ </w><w n="8" lemma="svaiḥ">svair </w><w n="9">ā</w><w n="10">kā</w><w n="11" lemma="raiḥ">rair </w><w n="12">u</w><w n="13">pā</w><w n="14">di</w><w n="15" lemma="bhiḥ">bhiḥ </w><w n="16">ru</w><w n="17">ca</w><w n="18">kā</w><w n="19">dhya</w><w n="20">bhi</w><w n="21">dhā</w><w n="22">nā</w><w n="23" lemma="nā">nā </w><w n="24">śu</w><w n="25" lemma="dhaṃ">ddhaṃ </w><w n="26">ma</w><w n="27">vai</w><w n="28" lemma="ti">ti </w><w n="29">vā</w><w n="30">cya</w><w n="31" lemma="tāṃ">tām4 </w><w n="32"></w>
</text></TEI>
<TEI n="M">
<text>
<w n="0" lemma="su">|| su</w><w n="1">va</w><w n="2">rṇā</w><w n="3" lemma="di">di </w><w n="4">ya</w><w n="5" lemma="thā">thā </w><w n="6">yu</w><w n="7" lemma="ktaṃ">ktaṃ </w><w n="8" lemma="svaiḥ">svair </w><w n="9">ā</w><w n="10">kā</w><w n="11" lemma="raiḥ">rair </w><w n="12">u</w><w n="13">pā</w><w n="14">dhi</w><w n="15" lemma="bhiḥ">bhiḥ || </w><w n="16">ru</w><w n="17">ca</w><w n="18">kā</w><w n="19">dya</w><w n="20">bhi</w><w n="21">dhā</w><w n="22">nā</w><w n="23" lemma="nāṃ">nāṃ </w><w n="24">śu</w><w n="25" lemma="dhaṃ">ddham </w><w n="26">e</w><w n="27">vai</w><w n="28" lemma="ti">ti </w><w n="29">vā</w><w n="30">cya</w><w n="31" lemma="tāṃ">tām || 4 || </w><w n="32"></w>
</text></TEI>
<TEI n="G2">
<text>
<w n="0">su</w><w n="1">va</w><w n="2">rṇā</w><w n="3" lemma="di">di </w><w n="4">ya</w><w n="5" lemma="thā">thā </w><w n="6">yu</w><w n="7" lemma="ktaṃ">ktaṃ </w><w n="8" lemma="syaiḥ">syair </w><w n="9">ā</w><w n="10">kā</w><w n="11" lemma="raiḥ">rair </w><w n="12">a</w><w n="13">pā</w><w n="14" lemma="yi">yi </w><w n="15">sa</w><w n="16"></w><w n="17">va</w><w n="18">kā</w><w n="19">dya</w><w n="20">bhi</w><w n="21">dhā</w><w n="22">nā</w><w n="23" lemma="nāṃ">nāṃ </w><w n="24">śu</w><w n="25" lemma="dhaṃ">ddham </w><w n="26">e</w><w n="27">ve</w><w n="28" lemma="ti">ti </w><w n="29">vā</w><w n="30">vya</w><w n="31" lemma="tāṃ">tāṃ </w><w n="32"></w>
</text></TEI>
<TEI n="G1">
<text>
<w n="0"></w><w n="1"></w><w n="2"></w><w n="3"></w><w n="4"></w><w n="5"></w><w n="6"></w><w n="7"></w><w n="8"></w><w n="9"></w><w n="10"></w><w n="11"></w><w n="12"></w><w n="13"></w><w n="14"></w><w n="15"></w><w n="16"></w><w n="17"></w><w n="18"></w><w n="19"></w><w n="20"></w><w n="21"></w><w n="22"></w><w n="23"></w><w n="24"></w><w n="25"></w><w n="26"></w><w n="27"></w><w n="28"></w><w n="29"></w><w n="30"></w><w n="31"></w><w n="32"></w>
</text></TEI>
<TEI n="L">
<text>
<w n="0">su</w><w n="1">va</w><w n="2">rṇā</w><w n="3" lemma="di">di </w><w n="4">ya</w><w n="5" lemma="thā">thā </w><w n="6">yu</w><w n="7" lemma="ktaṃ">ktaṃ </w><w n="8" lemma="svaiḥ">svair </w><w n="9">ā</w><w n="10">kā</w><w n="11" lemma="raiḥ">rair </w><w n="12">a</w><w n="13">pā</w><w n="14">yi</w><w n="15" lemma="bhiḥ">bhiḥ || </w><w n="16">ru</w><w n="17">ca</w><w n="18">kā</w><w n="19">dya</w><w n="20">bhi</w><w n="21">dhā</w><w n="22">nā</w><w n="23" lemma="nāṃ">nāṃ </w><w n="24">śu</w><w n="25" lemma="dhaṃ">ddham </w><w n="26">e</w><w n="27">ve</w><w n="28" lemma="ti">ti </w><w n="29">vā</w><w n="30">cya</w><w n="31" lemma="tāṃ">tāṃ || </w><w n="32"></w>
</text></TEI>
<TEI n="O">
<text>
<w n="0" lemma="su">|| su</w><w n="1">va</w><w n="2">rṇā</w><w n="3" lemma="di">di </w><w n="4">ya</w><w n="5" lemma="thā">thā </w><w n="6">yu</w><w n="7" lemma="ktaṃ">ktaṃ </w><w n="8" lemma="svaiḥ">svair </w><w n="9">ā</w><w n="10">kā</w><w n="11" lemma="raiḥ">rair </w><w n="12">a</w><w n="13">pā</w><w n="14">yi</w><w n="15" lemma="bhiḥ">bhiḥ | </w><w n="16">ru</w><w n="17">ca</w><w n="18">kā</w><w n="19">dya</w><w n="20">bhi</w><w n="21">dhā</w><w n="22">nā</w><w n="23" lemma="nāṃ">nāṃ </w><w n="24">śu</w><w n="25" lemma="dhaṃ">ddham </w><w n="26">e</w><w n="27">ve</w><w n="28" lemma="ti">ti </w><w n="29">vā</w><w n="30">cya</w><w n="31" lemma="tāṃ">tāṃ || 4 || </w><w n="32"></w>
</text></TEI>
<TEI n="A">
<text>
<w n="0">su</w><w n="1">va</w><w n="2">rṇā</w><w n="3" lemma="di">di </w><w n="4">ya</w><w n="5" lemma="thā">thā </w><w n="6">yu</w><w n="7" lemma="ktaṃ">ktaṃ </w><w n="8" lemma="svaiḥ">svair </w><w n="9">ā</w><w n="10">kā</w><w n="11" lemma="raiḥ">rair </w><w n="12">a</w><w n="13">pā</w><w n="14">yi</w><w n="15" lemma="bhiḥ">bhiḥ </w><w n="16">ru</w><w n="17">ca</w><w n="18">kā</w><w n="19">dya</w><w n="20">bhi</w><w n="21">dhā</w><w n="22">nā</w><w n="23" lemma="nāṃ">nāṃ </w><w n="24">śu</w><w n="25" lemma="dhaṃ">ddham </w><w n="26">e</w><w n="27">vai</w><w n="28" lemma="ti">ti </w><w n="29">vā</w><w n="30">cyaṃ</w><w n="31" lemma="tāṃ">tāṃ </w><w n="32"></w>
</text></TEI>
<TEI n="V">
<text>
<w n="0">su</w><w n="1">va</w><w n="2">rṇā</w><w n="3" lemma="di">di </w><w n="4">ya</w><w n="5" lemma="thā">thā </w><w n="6">yu</w><w n="7" lemma="ktaṃ">ktaṃ </w><w n="8" lemma="svaiḥ">svair </w><w n="9">ā</w><w n="10">kā</w><w n="11" lemma="raiḥ">rair </w><w n="12">a</w><w n="13">pā</w><w n="14">yi</w><w n="15" lemma="bhiḥ">bhiḥ </w><w n="16">ha</w><w n="17">ca</w><w n="18">kā</w><w n="19">dya</w><w n="20">bhi</w><w n="21">dhā</w><w n="22">nā</w><w n="23" lemma="nāṃ">nāṃ </w><w n="24">śu</w><w n="25" lemma="dhaṃ">ddham </w><w n="26">e</w><w n="27">vai</w><w n="28" lemma="ti">ti </w><w n="29">vā</w><w n="30">cya</w><w n="31" lemma="tāṃ">tāṃ </w><w n="32"></w>
</text></TEI>
<TEI n="K">
<text>
<w n="0">su</w><w n="1">va</w><w n="2">rṇā</w><w n="3" lemma="di">di </w><w n="4">ya</w><w n="5" lemma="thā">thā </w><w n="6">yu</w><w n="7" lemma="ktaṃ">ktaṃ </w><w n="8" lemma="svaiḥ">svair </w><w n="9">ā</w><w n="10">kā</w><w n="11" lemma="raiḥ">rair </w><w n="12">a</w><w n="13">pā</w><w n="14">yi</w><w n="15" lemma="bhiḥ">bhiḥ | </w><w n="16">ha</w><w n="17">ca</w><w n="18">kā</w><w n="19">dya</w><w n="20">bhi</w><w n="21">dhā</w><w n="22">nā</w><w n="23" lemma="nāṃ">nāṃ </w><w n="24">śu</w><w n="25" lemma="dhaṃ">ddham </w><w n="26">e</w><w n="27">vai</w><w n="28" lemma="ti">ti </w><w n="29">vā</w><w n="30">cya</w><w n="31" lemma="tāṃ">tāṃ | </w><w n="32"></w>
</text></TEI>
<TEI n="D">
<text>
<w n="0" lemma="su">|| su</w><w n="1">va</w><w n="2">rṇā</w><w n="3" lemma="di">di </w><w n="4">ya</w><w n="5" lemma="thā">thā </w><w n="6">yu</w><w n="7" lemma="ktaṃ">ktaṃ </w><w n="8" lemma="svaiḥ">svair </w><w n="9">ā</w><w n="10">kā</w><w n="11" lemma="raiḥ">rair </w><w n="12">a</w><w n="13">pā</w><w n="14">yi</w><w n="15" lemma="bhiḥ">bhiḥ | </w><w n="16">ru</w><w n="17">ca</w><w n="18">kā</w><w n="19">dya</w><w n="20">bhi</w><w n="21">dhā</w><w n="22">nā</w><w n="23" lemma="nāṃ">nāṃ </w><w n="24">śu</w><w n="25" lemma="dhaṃ">ddham </w><w n="26">e</w><w n="27">vai</w><w n="28" lemma="ti">ti </w><w n="29">vā</w><w n="30">cya</w><w n="31" lemma="tāṃ">tāṃ || </w><w n="32"></w>
</text></TEI>
</teiCorpus>
