<?xml version="1.0" encoding="UTF-8"?>
<teiCorpus xmlns="http://www.tei-c.org/ns/1.0">

<TEI n="GV">
<text>
<w n="0">ta</w><w n="1" lemma="sya">sya </w><w n="2">śa</w><w n="3">bdā</w><w n="4">rtha</w><w n="5">saṃ</w><w n="6">baṃ</w><w n="7">dha</w><w n="8">rū</w><w n="9" lemma="paṃ">pam </w><w n="10">e</w><w n="11" lemma="kaṃ">kaṃ </w><w n="12" lemma="hi">hi </w><w n="13">dṛ</w><w n="14">śya</w><w n="15" lemma="te">te | </w><w n="16">ta</w><w n="17" lemma="tdṛ">d dṛ</w><w n="18">śya</w><w n="19">da</w><w n="20">rśa</w><w n="21" lemma="naṃ">naṃ </w><w n="22">dṛ</w><w n="23" lemma="ṣṭā">ṣṭā </w><w n="24">da</w><w n="25">rśa</w><w n="26" lemma="ne">ne </w><w n="27" lemma="ca">ca </w><w n="28">pra</w><w n="29">yo</w><w n="30">ja</w><w n="31" lemma="naṃ">nam || 14 || </w>
</text></TEI>
<TEI n="CT">
<text>
<w n="0">ta</w><w n="1" lemma="sya">sya </w><w n="2">śa</w><w n="3">bdā</w><w n="4">rtha</w><w n="5" lemma="saṃ">sam</w><w n="6" lemma="baṃ">ban</w><w n="7">dha</w><w n="8">rū</w><w n="9" lemma="paṃ">pam </w><w n="10">e</w><w n="11">ka</w><w n="12" lemma="sya">sya </w><w n="13">dṛ</w><w n="14">śya</w><w n="15" lemma="te">te | </w><w n="16">ta</w><w n="17" lemma="tdṛ">t_ dṛ</w><w n="18" lemma="śyaṃ">śyaṃ </w><w n="19">da</w><w n="20">rśa</w><w n="21" lemma="naṃ">naṃ </w><w n="22">dra</w><w n="23" lemma="ṣṭā">ṣṭā </w><w n="24">da</w><w n="25">rśa</w><w n="26" lemma="ne">ne </w><w n="27" lemma="ca">ca </w><w n="28">pra</w><w n="29">yo</w><w n="30">ja</w><w n="31" lemma="naṃ">nam || </w>
</text></TEI>
<TEI n="T">
<text>
<w n="0">ta</w><w n="1" lemma="sya">sya </w><w n="2">śa</w><w n="3">bdā</w><w n="4" lemma="rtha">rttha</w><w n="5">saṃ</w><w n="6" lemma="baṃ">ban</w><w n="7">dha</w><w n="8">rū</w><w n="9" lemma="paṃ">pam </w><w n="10">e</w><w n="11">ka</w><w n="12" lemma="sya">sya </w><w n="13">dṛ</w><w n="14">śya</w><w n="15" lemma="te">te </w><w n="16" lemma="ta">ta </w><w n="17">dṛ</w><w n="18">śya</w><w n="19" lemma="nda">n da</w><w n="20">rśa</w><w n="21">na</w><w n="22" lemma="ndra">n dra</w><w n="23" lemma="ṣṭā">ṣṭā </w><w n="24">da</w><w n="25">rśa</w><w n="26" lemma="ne">ne </w><w n="27" lemma="ca">ca </w><w n="28">pra</w><w n="29">yo</w><w n="30">ja</w><w n="31" lemma="naṃ">naṃ | </w>
</text></TEI>
<TEI n="H">
<text>
<w n="0">ta</w><w n="1" lemma="sya">sya </w><w n="2">śa</w><w n="3">bdā</w><w n="4">rtha</w><w n="5">saṃ</w><w n="6">baṃ</w><w n="7">dha</w><w n="8">rū</w><w n="9" lemma="paṃ">pam </w><w n="10">e</w><w n="11">ka</w><w n="12" lemma="sya">sya </w><w n="13">vi</w><w n="14">dya</w><w n="15" lemma="te">te | </w><w n="16">ta</w><w n="17" lemma="tdṛ">d dṛ</w><w n="18" lemma="śyaṃ">śyaṃ </w><w n="19">da</w><w n="20">rśa</w><w n="21" lemma="naṃ">naṃ </w><w n="22">dra</w><w n="23" lemma="ṣṭā">ṣṭā </w><w n="24">da</w><w n="25">rśa</w><w n="26" lemma="ne">ne </w><w n="27" lemma="ca">ca </w><w n="28">pra</w><w n="29">yo</w><w n="30">ja</w><w n="31" lemma="naṃ">naṃ || &#43256; || </w>
</text></TEI>
<TEI n="P">
<text>
<w n="0">ta</w><w n="1" lemma="sya">sya </w><w n="2">śa</w><w n="3">bdā</w><w n="4">rtha</w><w n="5">saṃ</w><w n="6">baṃ</w><w n="7">dha</w><w n="8">rū</w><w n="9" lemma="paṃ">pam </w><w n="10">e</w><w n="11" lemma="kaṃ">kaṃ </w><w n="12" lemma="hi">hi </w><w n="13">dṛ</w><w n="14">śya</w><w n="15" lemma="te">te </w><w n="16">ta</w><w n="17" lemma="tdṛ">d dṛ</w><w n="18">śya</w><w n="19">da</w><w n="20">rśa</w><w n="21" lemma="naṃ">naṃ </w><w n="22">dṛ</w><w n="23" lemma="ṣṭā">ṣṭā </w><w n="24">da</w><w n="25">rśa</w><w n="26" lemma="ne">ne </w><w n="27" lemma="ca">ca </w><w n="28">pra</w><w n="29">yo</w><w n="30">ja</w><w n="31" lemma="naṃ">nam 14 | </w>
</text></TEI>
<TEI n="M">
<text>
<w n="0" lemma="ta">|| ta</w><w n="1" lemma="sya">sya </w><w n="2">śa</w><w n="3">bdā</w><w n="4">rtha</w><w n="5">saṃ</w><w n="6">baṃ</w><w n="7">dha</w><w n="8">rū</w><w n="9" lemma="paṃ">pam </w><w n="10">e</w><w n="11" lemma="kaṃ">kaṃ </w><w n="12" lemma="hi">hi </w><w n="13">dṛ</w><w n="14">śya</w><w n="15" lemma="te">te || </w><w n="16">ta</w><w n="17" lemma="tdṛ">d dṛ</w><w n="18" lemma="śye">śye </w><w n="19">da</w><w n="20">rśa</w><w n="21" lemma="naṃ">naṃ </w><w n="22">dra</w><w n="23" lemma="ṣṭā">ṣṭā </w><w n="24">da</w><w n="25">rśa</w><w n="26" lemma="ne">ne </w><w n="27" lemma="ca">ca </w><w n="28">pra</w><w n="29">yo</w><w n="30">ja</w><w n="31" lemma="naṃ">nam || 14 || </w>
</text></TEI>
<TEI n="G2">
<text>
<w n="0">ta</w><w n="1" lemma="sya">sya </w><w n="2">śa</w><w n="3">bdā</w><w n="4">rtha</w><w n="5">saṃ</w><w n="6">ba</w><w n="7">dha</w><w n="8">rū</w><w n="9" lemma="paṃ">pam </w><w n="10">e</w><w n="11">ka</w><w n="12" lemma="sya">sya </w><w n="13">dṛ</w><w n="14">śya</w><w n="15" lemma="te">te </w><w n="16" lemma="ta">ta </w><w n="17">dṛ</w><w n="18">śya</w><w n="19">da</w><w n="20">rśa</w><w n="21" lemma="naṃ">naṃ </w><w n="22">dra</w><w n="23" lemma="ṣṭā">ṣṭā </w><w n="24">da</w><w n="25">rśa</w><w n="26" lemma="ne">ne </w><w n="27" lemma="ca">ca </w><w n="28">pra</w><w n="29">yo</w><w n="30">ja</w><w n="31" lemma="naṃ">naṃ | </w>
</text></TEI>
<TEI n="G1">
<text>
<w n="0">ta</w><w n="1" lemma="sya">sya </w><w n="2">śa</w><w n="3">bdā</w><w n="4">rtha</w><w n="5">saṃ</w><w n="6">ba</w><w n="7">dha</w><w n="8">rū</w><w n="9" lemma="paṃ">pam </w><w n="10">e</w><w n="11">ka</w><w n="12" lemma="sya">sya </w><w n="13">dṛ</w><w n="14">śya</w><w n="15" lemma="te">te </w><w n="16" lemma="ta">ta </w><w n="17">dṛ</w><w n="18">śya</w><w n="19">da</w><w n="20">rśa</w><w n="21" lemma="naṃ">naṃ </w><w n="22">dra</w><w n="23" lemma="ṣṭā">ṣṭā </w><w n="24">da</w><w n="25">rśa</w><w n="26" lemma="ne">ne </w><w n="27" lemma="ca">ca </w><w n="28">pra</w><w n="29">yo</w><w n="30">ja</w><w n="31" lemma="naṃ">naṃ | </w>
</text></TEI>
<TEI n="L">
<text>
<w n="0">ta</w><w n="1" lemma="sya">sya </w><w n="2">śa</w><w n="3">bdā</w><w n="4">rtha</w><w n="5">saṃ</w><w n="6">baṃ</w><w n="7" lemma="dhaṃ">dhaṃ </w><w n="8">rū</w><w n="9" lemma="paṃ">pam </w><w n="10">e</w><w n="11">ka</w><w n="12" lemma="sya">sya </w><w n="13">dṛ</w><w n="14">śya</w><w n="15" lemma="te">te || </w><w n="16">ta</w><w n="17" lemma="tdṛ">d dṛ</w><w n="18">śya</w><w n="19">da</w><w n="20">rśa</w><w n="21" lemma="naṃ">naṃ </w><w n="22">dra</w><w n="23" lemma="ṣṭā">ṣṭā </w><w n="24">da</w><w n="25">rśa</w><w n="26" lemma="ne">ne </w><w n="27" lemma="ca">ca </w><w n="28">pra</w><w n="29">yo</w><w n="30">ja</w><w n="31" lemma="naṃ">naṃ || </w>
</text></TEI>
<TEI n="O">
<text>
<w n="0" lemma="ta">|| ta</w><w n="1" lemma="sya">sya </w><w n="2">śa</w><w n="3">bdā</w><w n="4" lemma="rtha">rttha</w><w n="5">saṃ</w><w n="6">baṃ</w><w n="7">dha</w><w n="8">rū</w><w n="9" lemma="paṃ">pam </w><w n="10">e</w><w n="11">ka</w><w n="12" lemma="sya">sya </w><w n="13">dṛ</w><w n="14">śya</w><w n="15" lemma="te">te | </w><w n="16">ta</w><w n="17" lemma="tdṛ">d dṛ</w><w n="18">śya</w><w n="19">da</w><w n="20">rśa</w><w n="21" lemma="naṃ">naṃ </w><w n="22">dra</w><w n="23" lemma="ṣṭā">ṣṭā </w><w n="24">da</w><w n="25">rśa</w><w n="26" lemma="ne">ne </w><w n="27" lemma="ca">ca </w><w n="28">pra</w><w n="29">yo</w><w n="30">ja</w><w n="31" lemma="naṃ">naṃ || 14 || </w>
</text></TEI>
<TEI n="A">
<text>
<w n="0">ta</w><w n="1" lemma="sya">sya </w><w n="2">śa</w><w n="3">bdā</w><w n="4">rtha</w><w n="5">saṃ</w><w n="6">baṃ</w><w n="7">dha</w><w n="8">rū</w><w n="9" lemma="paṃ">pam </w><w n="10">e</w><w n="11">ka</w><w n="12" lemma="sya">sya </w><w n="13">dṛ</w><w n="14">śya</w><w n="15" lemma="te">te </w><w n="16">ta</w><w n="17" lemma="tdṛ">d dṛ</w><w n="18" lemma="śyaṃ">śyaṃ </w><w n="19">da</w><w n="20">rśa</w><w n="21" lemma="naṃ">naṃ </w><w n="22">dra</w><w n="23" lemma="ṣṭā">ṣṭā </w><w n="24">da</w><w n="25">rśa</w><w n="26" lemma="ne">ne </w><w n="27" lemma="ca">ca </w><w n="28">pra</w><w n="29">yo</w><w n="30">ja</w><w n="31" lemma="naṃ">naṃ </w>
</text></TEI>
<TEI n="V">
<text>
<w n="0">ta</w><w n="1" lemma="sya">sya </w><w n="2">śa</w><w n="3">bdā</w><w n="4">rtha</w><w n="5">saṃ</w><w n="6">baṃ</w><w n="7">dha</w><w n="8">rū</w><w n="9" lemma="paṃ">pam </w><w n="10">e</w><w n="11">ka</w><w n="12" lemma="sya">sya </w><w n="13">dṛ</w><w n="14">śya</w><w n="15" lemma="te">te </w><w n="16">ta</w><w n="17" lemma="tdṛ">d dṛ</w><w n="18" lemma="śyaṃ">śyaṃ </w><w n="19">da</w><w n="20">rśa</w><w n="21" lemma="naṃ">naṃ </w><w n="22">dra</w><w n="23" lemma="ṣṭā">ṣṭā </w><w n="24">da</w><w n="25">rśa</w><w n="26" lemma="ne">ne </w><w n="27" lemma="va">va </w><w n="28">pra</w><w n="29">yo</w><w n="30">ja</w><w n="31" lemma="naṃ">naṃ </w>
</text></TEI>
<TEI n="K">
<text>
<w n="0" lemma="ta">|| ta</w><w n="1" lemma="sya">sya </w><w n="2">śa</w><w n="3">bdā</w><w n="4">rtha</w><w n="5">saṃ</w><w n="6">baṃ</w><w n="7">dha</w><w n="8">rū</w><w n="9" lemma="paṃ">pam </w><w n="10">e</w><w n="11">ka</w><w n="12" lemma="sya">sya </w><w n="13">dṛ</w><w n="14">śya</w><w n="15" lemma="te">te </w><w n="16">ta</w><w n="17" lemma="tdṛ">d dṛ</w><w n="18" lemma="śyaṃ">śyaṃ </w><w n="19">da</w><w n="20">rśa</w><w n="21" lemma="naṃ">naṃ </w><w n="22">dra</w><w n="23" lemma="ṣṭā">ṣṭā </w><w n="24">da</w><w n="25">rśa</w><w n="26" lemma="ne">ne </w><w n="27" lemma="va">va </w><w n="28">pra</w><w n="29">yo</w><w n="30">ja</w><w n="31" lemma="naṃ">naṃ || </w>
</text></TEI>
<TEI n="D">
<text>
<w n="0" lemma="ta">|| ta</w><w n="1" lemma="sya">sya </w><w n="2">śa</w><w n="3">bdā</w><w n="4">rtha</w><w n="5">saṃ</w><w n="6">baṃ</w><w n="7">dha</w><w n="8">rū</w><w n="9" lemma="paṃ">pam </w><w n="10">e</w><w n="11">ka</w><w n="12" lemma="sya">sya </w><w n="13">dṛ</w><w n="14">śya</w><w n="15" lemma="te">te </w><w n="16">ta</w><w n="17" lemma="tdṛ">d dṛ</w><w n="18" lemma="śyaṃ">śyaṃ </w><w n="19">da</w><w n="20">rśa</w><w n="21" lemma="naṃ">naṃ </w><w n="22">dra</w><w n="23" lemma="ṣṭā">ṣṭā </w><w n="24">da</w><w n="25">rśa</w><w n="26" lemma="ne">ne </w><w n="27" lemma="ca">ca </w><w n="28">pra</w><w n="29">yo</w><w n="30">ja</w><w n="31" lemma="naṃ">naṃ || </w>
</text></TEI>
</teiCorpus>
