<?xml version="1.0" encoding="UTF-8"?>
<teiCorpus xmlns="http://www.tei-c.org/ns/1.0">

<TEI n="GV">
<text>
<w n="0" lemma="na">|| na </w><w n="1">ta</w><w n="2" lemma="ta">d a</w><w n="3" lemma="sti">sti </w><w n="4" lemma="na">na </w><w n="5">ta</w><w n="6" lemma="nnā">n nā</w><w n="7" lemma="sti">sti </w><w n="8" lemma="na">na </w><w n="9">ta</w><w n="10" lemma="te">d e</w><w n="11" lemma="kaṃ">kaṃ </w><w n="12" lemma="na">na </w><w n="13"></w><w n="14">ta</w><w n="15" lemma="tpṛ">t pṛ</w><w n="16">tha</w><w n="17" lemma="kna">k | na </w><w n="18">saṃ</w><w n="19">sṛ</w><w n="20" lemma="ṣṭaṃ">ṣṭaṃ </w><w n="21">vi</w><w n="22">bha</w><w n="23" lemma="ktaṃ">ktaṃ </w><w n="24"></w><w n="25"></w><w n="26"></w><w n="27">vi</w><w n="28">vā</w><w n="29">kṛ</w><w n="30" lemma="taṃ">taṃ </w><w n="31" lemma="na">na </w><w n="32" lemma="ca">ca </w><w n="33">nā</w><w n="34">nya</w><w n="35" lemma="thā">thā || 12 || </w>
</text></TEI>
<TEI n="CT">
<text>
<w n="0" lemma="na">na </w><w n="1">ta</w><w n="2" lemma="ta">d a</w><w n="3" lemma="sti">sti </w><w n="4" lemma="na">na </w><w n="5">ta</w><w n="6" lemma="nnā">n nā</w><w n="7" lemma="sti">sti </w><w n="8" lemma="na">na </w><w n="9">ta</w><w n="10" lemma="te">d e</w><w n="11" lemma="kaṃ">kaṃ </w><w n="12" lemma="na">na </w><w n="13"></w><w n="14">ta</w><w n="15" lemma="tpṛ">t pṛ</w><w n="16">tha</w><w n="17" lemma="kna">k | na </w><w n="18">saṃ</w><w n="19">sṛ</w><w n="20" lemma="ṣṭaṃ">ṣṭaṃ </w><w n="21">vi</w><w n="22">bha</w><w n="23" lemma="ktaṃ">ktaṃ </w><w n="24"></w><w n="25" lemma="na">na </w><w n="26"></w><w n="27">vi</w><w n="28"></w><w n="29">kṛ</w><w n="30" lemma="taṃ">taṃ </w><w n="31" lemma="na">na </w><w n="32" lemma="na">na </w><w n="33">cā</w><w n="34">nya</w><w n="35" lemma="thā">thā || </w>
</text></TEI>
<TEI n="T">
<text>
<w n="0" lemma="na">na </w><w n="1">ta</w><w n="2" lemma="ta">d a</w><w n="3" lemma="sti">sti </w><w n="4" lemma="na">na </w><w n="5">ta</w><w n="6" lemma="nnā">n nā</w><w n="7" lemma="sti">sti </w><w n="8" lemma="na">na </w><w n="9">ta</w><w n="10" lemma="te">d e</w><w n="11">ka</w><w n="12" lemma="nna">n na </w><w n="13"></w><w n="14">ta</w><w n="15" lemma="tpṛ">t_ pṛ</w><w n="16">tha</w><w n="17" lemma="kna">k_ na </w><w n="18">saṃ</w><w n="19">sṛ</w><w n="20" lemma="ṣṭaṃ">ṣṭaṃ </w><w n="21">vi</w><w n="22">bha</w><w n="23">kta</w><w n="24"></w><w n="25" lemma="nna">n na </w><w n="26"></w><w n="27">vi</w><w n="28"></w><w n="29">kṛ</w><w n="30">ta</w><w n="31" lemma="nna">n na </w><w n="32" lemma="na">na </w><w n="33">cā</w><w n="34">nya</w><w n="35" lemma="thā">thā | </w>
</text></TEI>
<TEI n="H">
<text>
<w n="0" lemma="na">na </w><w n="1">ta</w><w n="2" lemma="ta">d a</w><w n="3" lemma="sti">sti </w><w n="4" lemma="na">na </w><w n="5">ta</w><w n="6" lemma="nnā">n nā</w><w n="7" lemma="sti">sti </w><w n="8" lemma="na">na </w><w n="9">ta</w><w n="10" lemma="te">d e</w><w n="11" lemma="kaṃ">kaṃ </w><w n="12" lemma="na">na </w><w n="13"></w><w n="14">ta</w><w n="15" lemma="tpṛ">t pṛ</w><w n="16">tha</w><w n="17" lemma="kna">k | na </w><w n="18">saṃ</w><w n="19">sṛ</w><w n="20" lemma="ṣṭaṃ">ṣṭaṃ </w><w n="21">vi</w><w n="22">bha</w><w n="23" lemma="ktaṃ">ktaṃ </w><w n="24"></w><w n="25" lemma="na">na </w><w n="26"></w><w n="27">vi</w><w n="28"></w><w n="29">kṛ</w><w n="30" lemma="taṃ">taṃ </w><w n="31" lemma="na">na </w><w n="32" lemma="ca">ca </w><w n="33">nā</w><w n="34">nya</w><w n="35" lemma="thā">thā || &#43256; || </w>
</text></TEI>
<TEI n="P">
<text>
<w n="0" lemma="na">| na </w><w n="1">ta</w><w n="2" lemma="ta">d a</w><w n="3" lemma="sti">sti </w><w n="4" lemma="na">na </w><w n="5">ta</w><w n="6" lemma="nnā">n nā</w><w n="7" lemma="sti">sti </w><w n="8" lemma="na">na </w><w n="9">ta</w><w n="10" lemma="te">d e</w><w n="11" lemma="kaṃ">kaṃ </w><w n="12" lemma="na">na </w><w n="13"></w><w n="14">ta</w><w n="15" lemma="tpṛ">t_ pṛ</w><w n="16">tha</w><w n="17" lemma="kna">k na </w><w n="18">saṃ</w><w n="19">sṛ</w><w n="20" lemma="ṣṭaṃ">ṣṭaṃ </w><w n="21">vi</w><w n="22">bha</w><w n="23" lemma="ktaṃ">ktaṃ </w><w n="24"></w><w n="25"></w><w n="26"></w><w n="27">vi</w><w n="28">vā</w><w n="29">kṛ</w><w n="30" lemma="taṃ">taṃ </w><w n="31" lemma="na">na </w><w n="32" lemma="ca">ca </w><w n="33">nā</w><w n="34">nya</w><w n="35" lemma="thā">thā 12 | </w>
</text></TEI>
<TEI n="M">
<text>
<w n="0" lemma="na">|| na </w><w n="1">ta</w><w n="2" lemma="ta">d a</w><w n="3" lemma="sti">sti </w><w n="4" lemma="na">na </w><w n="5">ta</w><w n="6" lemma="nnā">n nā</w><w n="7" lemma="sti">sti </w><w n="8" lemma="na">na </w><w n="9">ta</w><w n="10" lemma="te">d e</w><w n="11" lemma="kaṃ">kaṃ </w><w n="12">na</w><w n="13">tpṛ</w><w n="14">ta</w><w n="15" lemma="tpṛ">t pṛ</w><w n="16">tha</w><w n="17" lemma="kna">k || na </w><w n="18">saṃ</w><w n="19">sṛ</w><w n="20" lemma="ṣṭaṃ">ṣṭaṃ </w><w n="21">vi</w><w n="22">bha</w><w n="23" lemma="ktaṃ">ktaṃ </w><w n="24"></w><w n="25" lemma="vā">vā </w><w n="26"></w><w n="27">vi</w><w n="28"></w><w n="29">kṛ</w><w n="30" lemma="taṃ">taṃ </w><w n="31" lemma="na">na </w><w n="32" lemma="ca">ca </w><w n="33">nā</w><w n="34">nya</w><w n="35" lemma="thā">thā || 12 || </w>
</text></TEI>
<TEI n="G2">
<text>
<w n="0" lemma="na">na </w><w n="1">ta</w><w n="2" lemma="ta">d a</w><w n="3" lemma="sti">sti </w><w n="4" lemma="na">na </w><w n="5" lemma="ta">ta </w><w n="6">nā</w><w n="7" lemma="sti">sti </w><w n="8" lemma="na">na </w><w n="9">ta</w><w n="10" lemma="te">d e</w><w n="11" lemma="kaṃ">kaṃ </w><w n="12" lemma="na">na </w><w n="13"></w><w n="14">ta</w><w n="15" lemma="tpṛ">t pṛ</w><w n="16">tha</w><w n="17" lemma="kna">k | na </w><w n="18">maṃ</w><w n="19">sṛ</w><w n="20" lemma="ṣṭaṃ">ṣṭaṃ </w><w n="21">vi</w><w n="22">bha</w><w n="23" lemma="ktaṃ">ktaṃ </w><w n="24"></w><w n="25" lemma="na">na </w><w n="26"></w><w n="27">vi</w><w n="28"></w><w n="29">kṛ</w><w n="30" lemma="taṃ">taṃ </w><w n="31" lemma="na">na </w><w n="32" lemma="va">va </w><w n="33">nā</w><w n="34">nya</w><w n="35" lemma="thā">thā | </w>
</text></TEI>
<TEI n="G1">
<text>
<w n="0" lemma="na">na </w><w n="1">ta</w><w n="2" lemma="ta">d a</w><w n="3" lemma="sti">sti </w><w n="4" lemma="na">na </w><w n="5" lemma="ta">ta </w><w n="6">nā</w><w n="7" lemma="sti">sti </w><w n="8" lemma="na">na </w><w n="9">ta</w><w n="10" lemma="te">d e</w><w n="11" lemma="kaṃ">kaṃ </w><w n="12" lemma="na">na </w><w n="13"></w><w n="14">ta</w><w n="15" lemma="tpṛ">t pṛ</w><w n="16">tha</w><w n="17" lemma="kna">k | na </w><w n="18">maṃ</w><w n="19">sṛ</w><w n="20" lemma="ṣṭaṃ">ṣṭaṃ </w><w n="21">vi</w><w n="22">bha</w><w n="23" lemma="ktaṃ">ktaṃ </w><w n="24"></w><w n="25" lemma="na">na </w><w n="26"></w><w n="27">vi</w><w n="28"></w><w n="29">kṛ</w><w n="30" lemma="taṃ">taṃ </w><w n="31" lemma="na">na </w><w n="32" lemma="va">va </w><w n="33">nā</w><w n="34">nya</w><w n="35" lemma="thā">thā | </w>
</text></TEI>
<TEI n="L">
<text>
<w n="0" lemma="na">na </w><w n="1">ta</w><w n="2" lemma="ta">d a&#166;</w><w n="3" lemma="sti">sti </w><w n="4" lemma="na">na </w><w n="5">ta</w><w n="6" lemma="nnā">n nā</w><w n="7" lemma="sti">sti </w><w n="8" lemma="na">na </w><w n="9">ta</w><w n="10" lemma="te">d e</w><w n="11" lemma="kaṃ">kaṃ </w><w n="12" lemma="na">na </w><w n="13"></w><w n="14">ta</w><w n="15" lemma="tpṛ">t pṛ</w><w n="16">tha</w><w n="17" lemma="kna">k || na </w><w n="18">saṃ</w><w n="19">sṛ</w><w n="20" lemma="ṣṭaṃ">ṣṭaṃ </w><w n="21">vi</w><w n="22">bha</w><w n="23" lemma="ktaṃ">ktaṃ </w><w n="24"></w><w n="25" lemma="na">na </w><w n="26"></w><w n="27">vi</w><w n="28"></w><w n="29">kṛ</w><w n="30" lemma="taṃ">taṃ </w><w n="31" lemma="na">na </w><w n="32" lemma="ca">ca </w><w n="33">nā</w><w n="34">nya</w><w n="35" lemma="thā">thā || </w>
</text></TEI>
<TEI n="O">
<text>
<w n="0" lemma="na">|| na </w><w n="1">ta</w><w n="2" lemma="ta">d a</w><w n="3" lemma="sti">sti </w><w n="4" lemma="na">na </w><w n="5">ta</w><w n="6" lemma="nnā">n nā</w><w n="7" lemma="sti">sti </w><w n="8" lemma="na">na </w><w n="9">ta</w><w n="10" lemma="te">d e</w><w n="11" lemma="kaṃ">kaṃ </w><w n="12" lemma="na">na </w><w n="13"></w><w n="14">ta</w><w n="15" lemma="tpṛ">t pṛ</w><w n="16">tha</w><w n="17" lemma="kna">k | na </w><w n="18">saṃ</w><w n="19">sṛ</w><w n="20" lemma="ṣṭaṃ">ṣṭaṃ </w><w n="21">vi</w><w n="22">bha</w><w n="23" lemma="ktaṃ">ktaṃ </w><w n="24"></w><w n="25" lemma="na">na </w><w n="26"></w><w n="27">vi</w><w n="28"></w><w n="29">kṛ</w><w n="30" lemma="taṃ">taṃ </w><w n="31" lemma="na">na </w><w n="32" lemma="ca">ca </w><w n="33">nā</w><w n="34">nya</w><w n="35" lemma="thā">thā || 12 || </w>
</text></TEI>
<TEI n="A">
<text>
<w n="0" lemma="na">na </w><w n="1">ta</w><w n="2" lemma="ta">d a</w><w n="3" lemma="sti">sti </w><w n="4" lemma="na">na </w><w n="5">ta</w><w n="6" lemma="nnā">n nā</w><w n="7" lemma="sti">sti </w><w n="8" lemma="na">na </w><w n="9">ta</w><w n="10" lemma="te">d e</w><w n="11" lemma="kaṃ">kaṃ </w><w n="12" lemma="na">na </w><w n="13"></w><w n="14">ta</w><w n="15" lemma="tpṛ">t pṛ</w><w n="16">tha</w><w n="17" lemma="kna">k_ na </w><w n="18">saṃ</w><w n="19">sṛ</w><w n="20" lemma="ṣṭaṃ">ṣṭaṃ </w><w n="21">vi</w><w n="22">bha</w><w n="23" lemma="ktaṃ">ktaṃ </w><w n="24"></w><w n="25" lemma="na">na </w><w n="26" lemma="vā">vā </w><w n="27">vi</w><w n="28"></w><w n="29">kṛ</w><w n="30" lemma="taṃ">taṃ </w><w n="31" lemma="na">na </w><w n="32" lemma="ca">ca </w><w n="33">nā</w><w n="34">nya</w><w n="35" lemma="thā">thā </w>
</text></TEI>
<TEI n="V">
<text>
<w n="0" lemma="na">na </w><w n="1">ta</w><w n="2" lemma="ta">d a</w><w n="3" lemma="sti">sti </w><w n="4" lemma="na">na </w><w n="5">ta</w><w n="6" lemma="nnā">n nā</w><w n="7" lemma="sti">sti </w><w n="8" lemma="na">na </w><w n="9">ta</w><w n="10" lemma="te">d e</w><w n="11">ka</w><w n="12" lemma="naṃ">naṃ </w><w n="13"></w><w n="14">ta</w><w n="15" lemma="tpṛ">t pṛ</w><w n="16">tha</w><w n="17" lemma="kna">k_ na </w><w n="18">saṃ</w><w n="19">sṛ</w><w n="20" lemma="ṣṭaṃ">ṣṭaṃ </w><w n="21">vi</w><w n="22">bha</w><w n="23" lemma="ktaṃ">ktaṃ </w><w n="24" lemma="vā">vā </w><w n="25" lemma="na">na </w><w n="26"></w><w n="27">vi</w><w n="28"></w><w n="29">kṛ</w><w n="30" lemma="taṃ">taṃ </w><w n="31" lemma="na">na </w><w n="32" lemma="va">va </w><w n="33">nā</w><w n="34">nya</w><w n="35" lemma="thā">thā </w>
</text></TEI>
<TEI n="K">
<text>
<w n="0" lemma="na">|| na </w><w n="1">ta</w><w n="2" lemma="ta">d a</w><w n="3" lemma="sti">sti </w><w n="4" lemma="na">na </w><w n="5">ta</w><w n="6" lemma="nnā">n nā</w><w n="7" lemma="sti">sti </w><w n="8" lemma="na">na </w><w n="9">ta</w><w n="10" lemma="te">d e</w><w n="11">ka</w><w n="12" lemma="naṃ">naṃ </w><w n="13"></w><w n="14">ta</w><w n="15" lemma="tpṛ">t pṛ</w><w n="16">tha</w><w n="17" lemma="kna">k | na </w><w n="18">saṃ</w><w n="19">sṛ</w><w n="20" lemma="ṣṭaṃ">ṣṭaṃ </w><w n="21">vi</w><w n="22">bha</w><w n="23" lemma="ktaṃ">ktaṃ </w><w n="24" lemma="vā">vā </w><w n="25" lemma="na">na </w><w n="26"></w><w n="27">vi</w><w n="28"></w><w n="29">kṛ</w><w n="30" lemma="taṃ">taṃ </w><w n="31" lemma="na">na </w><w n="32" lemma="va">va </w><w n="33">nā</w><w n="34">nya</w><w n="35" lemma="thā">thā || </w>
</text></TEI>
<TEI n="D">
<text>
<w n="0" lemma="na">|| na </w><w n="1">ta</w><w n="2" lemma="ta">d a</w><w n="3" lemma="sti">sti </w><w n="4" lemma="na">na </w><w n="5">ta</w><w n="6" lemma="nnā">n nā</w><w n="7" lemma="sti">sti </w><w n="8" lemma="na">na </w><w n="9">ta</w><w n="10" lemma="te">d e</w><w n="11" lemma="kaṃ">kaṃ </w><w n="12" lemma="na">na </w><w n="13"></w><w n="14">ta</w><w n="15" lemma="tpṛ">t pṛ</w><w n="16">tha</w><w n="17" lemma="kna">k | na </w><w n="18">saṃ</w><w n="19">sṛ</w><w n="20" lemma="ṣṭaṃ">ṣṭaṃ </w><w n="21">vi</w><w n="22">bha</w><w n="23" lemma="ktaṃ">ktaṃ </w><w n="24"></w><w n="25" lemma="vā">vā </w><w n="26"></w><w n="27">vi</w><w n="28"></w><w n="29">kṛ</w><w n="30" lemma="taṃ">taṃ </w><w n="31" lemma="na">na </w><w n="32" lemma="ca">ca </w><w n="33">nā</w><w n="34">nya</w><w n="35" lemma="thā">thā || </w>
</text></TEI>
</teiCorpus>
