<?xml version="1.0" encoding="UTF-8"?>
<teiCorpus xmlns="http://www.tei-c.org/ns/1.0">

<TEI n="GV">
<text>
<w n="0"></w><w n="1"></w><w n="2"></w><w n="3"></w><w n="4"></w><w n="5"></w><w n="6"></w><w n="7"></w><w n="8"></w><w n="9"></w><w n="10"></w><w n="11"></w><w n="12"></w><w n="13"></w><w n="14"></w><w n="15"></w><w n="16"></w><w n="17"></w><w n="18"></w><w n="19"></w><w n="20"></w><w n="21"></w><w n="22"></w><w n="23"></w><w n="24"></w><w n="25"></w><w n="26"></w><w n="27"></w><w n="28"></w><w n="29"></w><w n="30"></w><w n="31"></w>
</text></TEI>
<TEI n="CT">
<text>
<w n="0">sa</w><w n="1" lemma="tyaṃ">tyaṃ </w><w n="2">va</w><w n="3" lemma="stu">stu </w><w n="4">ta</w><w n="5">dā</w><w n="6">kā</w><w n="7" lemma="raiḥ">rair </w><w n="8">a</w><w n="9">sa</w><w n="10" lemma="tyaiḥ">tyair </w><w n="11">a</w><w n="12">va</w><w n="13">dhā</w><w n="14">rya</w><w n="15" lemma="te">te || </w><w n="16">a</w><w n="17">sa</w><w n="18">tyo</w><w n="19">pā</w><w n="20">dhi</w><w n="21" lemma="bhiḥ">bhiḥ </w><w n="22" lemma="śaṃ">śaṇ</w><w n="23" lemma="ḍaiḥ">ḍaiḥ </w><w n="24">sa</w><w n="25" lemma="tyaṃ">tyam </w><w n="26">e</w><w n="27">vā</w><w n="28">bhi</w><w n="29">dhī</w><w n="30">ya</w><w n="31" lemma="te">te || </w>
</text></TEI>
<TEI n="T">
<text>
<w n="0">sa</w><w n="1" lemma="tyaṃ">tyaṃ </w><w n="2">va</w><w n="3" lemma="stu">stu </w><w n="4">ta</w><w n="5">dā</w><w n="6">kā</w><w n="7" lemma="raiḥ">rair </w><w n="8">a</w><w n="9">sa</w><w n="10" lemma="tyaiḥ">tyair </w><w n="11">a</w><w n="12">va</w><w n="13">dhā</w><w n="14" lemma="rya">ryya</w><w n="15" lemma="te">te </w><w n="16">a</w><w n="17">sa</w><w n="18">tyo</w><w n="19">pā</w><w n="20">dhi</w><w n="21" lemma="bhiḥ">bhiś </w><w n="22">śa</w><w n="23" lemma="bdaiḥ">bdais </w><w n="24">sa</w><w n="25" lemma="tyaṃ">tyam </w><w n="26">e</w><w n="27">vā</w><w n="28">bhi</w><w n="29">dhī</w><w n="30">ya</w><w n="31" lemma="te">te | </w>
</text></TEI>
<TEI n="H">
<text>
<w n="0">sa</w><w n="1" lemma="tyaṃ">tyaṃ </w><w n="2">va</w><w n="3" lemma="stu">stu </w><w n="4">ta</w><w n="5">dā</w><w n="6">kā</w><w n="7" lemma="raiḥ">rair </w><w n="8">a</w><w n="9">sa</w><w n="10" lemma="tyaiḥ">tyair </w><w n="11">a</w><w n="12">va</w><w n="13">dhī</w><w n="14">rya</w><w n="15" lemma="te">te | </w><w n="16">a</w><w n="17">sa</w><w n="18">tyo</w><w n="19">pā</w><w n="20">dhi</w><w n="21" lemma="bhiḥ">bhiḥ </w><w n="22">śa</w><w n="23" lemma="bdaiḥ">bdaiḥ </w><w n="24">sa</w><w n="25" lemma="tyaṃ">tyam </w><w n="26">e</w><w n="27">vā</w><w n="28">bhi</w><w n="29">dhī</w><w n="30">ya</w><w n="31" lemma="te">te || &#43256; || </w>
</text></TEI>
<TEI n="P">
<text>
<w n="0" lemma="sa">| sa</w><w n="1" lemma="tyaṃ">tyaṃ </w><w n="2">va</w><w n="3" lemma="stu">stu </w><w n="4">ta</w><w n="5">dā</w><w n="6">kā</w><w n="7" lemma="raiḥ">rair </w><w n="8">a</w><w n="9">sa</w><w n="10" lemma="tyaiḥ">tyair </w><w n="11">a</w><w n="12">va</w><w n="13">dhā</w><w n="14">rya</w><w n="15" lemma="te">te </w><w n="16">a</w><w n="17">sa</w><w n="18">tyo</w><w n="19">pā</w><w n="20">dhi</w><w n="21" lemma="bhiḥ">bhiḥ </w><w n="22">śa</w><w n="23" lemma="bdaiḥ">bdaiḥ </w><w n="24">sa</w><w n="25" lemma="tyaṃ">tyam </w><w n="26">e</w><w n="27">va</w><w n="28">bhi</w><w n="29">dhī</w><w n="30">ya</w><w n="31" lemma="te">te 2 </w>
</text></TEI>
<TEI n="M">
<text>
<w n="0" lemma="sa">|| sa</w><w n="1" lemma="tyaṃ">tyaṃ </w><w n="2">va</w><w n="3" lemma="stu">stu </w><w n="4">ta</w><w n="5">dā</w><w n="6">kā</w><w n="7" lemma="raiḥ">rair </w><w n="8">a</w><w n="9">sa</w><w n="10" lemma="tyaiḥ">tyair </w><w n="11">a</w><w n="12">va</w><w n="13">dhā</w><w n="14">rya</w><w n="15" lemma="te">te || </w><w n="16">a</w><w n="17">sa</w><w n="18">tyo</w><w n="19">pā</w><w n="20">dhi</w><w n="21" lemma="bhiḥ">bhiḥ </w><w n="22">śa</w><w n="23" lemma="bdaiḥ">bdaiḥ </w><w n="24">sa</w><w n="25" lemma="tyaṃ">tyam </w><w n="26">e</w><w n="27">vā</w><w n="28">bhi</w><w n="29">dhī</w><w n="30">ya</w><w n="31" lemma="te">te || 2 || </w>
</text></TEI>
<TEI n="G2">
<text>
<w n="0">sa</w><w n="1" lemma="tvaṃ">tvaṃ </w><w n="2">va</w><w n="3" lemma="kra">kra </w><w n="4">ta</w><w n="5">dā</w><w n="6">kā</w><w n="7" lemma="raiḥ">rair </w><w n="8">a</w><w n="9">sa</w><w n="10" lemma="tyaiḥ">tyair </w><w n="11">a</w><w n="12">va</w><w n="13">dhā</w><w n="14">rya</w><w n="15" lemma="te">te || </w><w n="16">a</w><w n="17">sa</w><w n="18">tyo</w><w n="19">pā</w><w n="20">dhi</w><w n="21" lemma="bhiḥ">bhiḥ </w><w n="22">śa</w><w n="23" lemma="bdaiḥ">bdaiḥ || </w><w n="24">sa</w><w n="25" lemma="tyaṃ">ttyam </w><w n="26">e</w><w n="27">vā</w><w n="28">bhi</w><w n="29">dhī</w><w n="30">ya</w><w n="31" lemma="te">te | </w>
</text></TEI>
<TEI n="G1">
<text>
<w n="0">sa</w><w n="1" lemma="tvaṃ">tvaṃ </w><w n="2">va</w><w n="3" lemma="kra">kra </w><w n="4">ta</w><w n="5">dā</w><w n="6">kā</w><w n="7" lemma="raiḥ">rair </w><w n="8">a</w><w n="9">sa</w><w n="10" lemma="tyaiḥ">tyair </w><w n="11">a</w><w n="12">va</w><w n="13">dhā</w><w n="14">rya</w><w n="15" lemma="te">te | </w><w n="16">a</w><w n="17">sa</w><w n="18">tyo</w><w n="19">pā</w><w n="20">dhi</w><w n="21" lemma="bhiḥ">bhiḥ </w><w n="22">śa</w><w n="23" lemma="bdaiḥ">bdaiḥ || </w><w n="24">sa</w><w n="25" lemma="tyaṃ">ttyam </w><w n="26">e</w><w n="27">vā</w><w n="28">bhi</w><w n="29">dhī</w><w n="30">ya</w><w n="31" lemma="te">te | || </w>
</text></TEI>
<TEI n="L">
<text>
<w n="0">sa</w><w n="1" lemma="tyaṃ">tyaṃ </w><w n="2">va</w><w n="3" lemma="stu">stu </w><w n="4">ta</w><w n="5">dā</w><w n="6">kā</w><w n="7" lemma="raiḥ">rair </w><w n="8">a</w><w n="9">sa</w><w n="10" lemma="tyaiḥ">tyair </w><w n="11">a</w><w n="12">va</w><w n="13">dhā</w><w n="14">rya</w><w n="15" lemma="te">te || </w><w n="16">a</w><w n="17">sa</w><w n="18">tyo</w><w n="19">pā</w><w n="20">dhi</w><w n="21" lemma="bhiḥ">bhiḥ </w><w n="22">śa</w><w n="23" lemma="bdaiḥ">bdaiḥ </w><w n="24">sa</w><w n="25" lemma="tyaṃ">tyam </w><w n="26">e</w><w n="27">vā</w><w n="28">bhi</w><w n="29">dhī</w><w n="30">ya</w><w n="31" lemma="te">te || </w>
</text></TEI>
<TEI n="O">
<text>
<w n="0" lemma="sa">|| sa</w><w n="1" lemma="tyaṃ">tyaṃ </w><w n="2">va</w><w n="3" lemma="stu">stu </w><w n="4">ta</w><w n="5">dā</w><w n="6">kā</w><w n="7" lemma="raiḥ">rair </w><w n="8">a</w><w n="9">sa</w><w n="10" lemma="tyaiḥ">tyair </w><w n="11">a</w><w n="12">va</w><w n="13">dhā</w><w n="14">rya</w><w n="15" lemma="te">te | </w><w n="16">a</w><w n="17">sa</w><w n="18">tyo</w><w n="19">pā</w><w n="20">dhi</w><w n="21" lemma="bhiḥ">bhiḥ </w><w n="22">śa</w><w n="23" lemma="bdaiḥ">bdaiḥ </w><w n="24">sa</w><w n="25" lemma="tyaṃ">tyam </w><w n="26">e</w><w n="27">vā</w><w n="28">bhi</w><w n="29">dhī</w><w n="30">ya</w><w n="31" lemma="te">te || 2 || </w>
</text></TEI>
<TEI n="A">
<text>
<w n="0" lemma="sa">|| sa</w><w n="1" lemma="tyaṃ">tyaṃ </w><w n="2">va</w><w n="3" lemma="stu">stu </w><w n="4">ta</w><w n="5">dā</w><w n="6">kā</w><w n="7" lemma="raiḥ">rair </w><w n="8">a</w><w n="9">sa</w><w n="10" lemma="tyeḥ">tyer </w><w n="11">e</w><w n="12">va</w><w n="13">dhā</w><w n="14">rya</w><w n="15" lemma="te">te </w><w n="16">a</w><w n="17">sa</w><w n="18">tyo</w><w n="19">pā</w><w n="20">dhi</w><w n="21" lemma="bhiḥ">bhiḥ </w><w n="22">śa</w><w n="23" lemma="bdaiḥ">bdaiḥ </w><w n="24">sa</w><w n="25" lemma="tyaṃ">tyam </w><w n="26">e</w><w n="27">vā</w><w n="28">bhi</w><w n="29">dhā</w><w n="30">ya</w><w n="31" lemma="le">le </w>
</text></TEI>
<TEI n="V">
<text>
<w n="0">sa</w><w n="1" lemma="tyaṃ">tyaṃ </w><w n="2">va</w><w n="3" lemma="stu">stu </w><w n="4">ta</w><w n="5">dā</w><w n="6">kā</w><w n="7" lemma="raiḥ">rair </w><w n="8">a</w><w n="9">sa</w><w n="10" lemma="tyaiḥ">tyair </w><w n="11">a</w><w n="12">va</w><w n="13">dhā</w><w n="14">rya</w><w n="15" lemma="te">te </w><w n="16">a</w><w n="17">sa</w><w n="18">tyo</w><w n="19">pā</w><w n="20">dhi</w><w n="21" lemma="bhiḥ">bhiḥ </w><w n="22">śa</w><w n="23" lemma="bdaiḥ">bdaiḥ </w><w n="24">sa</w><w n="25" lemma="tyaṃ">tyam </w><w n="26">e</w><w n="27">vā</w><w n="28">bhi</w><w n="29">dhā</w><w n="30">ya</w><w n="31" lemma="te">te </w>
</text></TEI>
<TEI n="K">
<text>
<w n="0">sa</w><w n="1" lemma="tyaṃ">tyaṃ </w><w n="2">va</w><w n="3" lemma="stu">stu </w><w n="4">ta</w><w n="5">dā</w><w n="6">kā</w><w n="7" lemma="raiḥ">rair </w><w n="8">a</w><w n="9">sa</w><w n="10" lemma="tyaiḥ">tyair </w><w n="11">a</w><w n="12">va</w><w n="13">dhā</w><w n="14">rya</w><w n="15" lemma="te">te | </w><w n="16">a</w><w n="17">sa</w><w n="18">tyo</w><w n="19">pā</w><w n="20">dhi</w><w n="21" lemma="bhiḥ">bhiḥ </w><w n="22">śa</w><w n="23" lemma="bdaiḥ">bdaiḥ </w><w n="24">sa</w><w n="25" lemma="tyaṃ">tyam </w><w n="26">e</w><w n="27">vā</w><w n="28">bhi</w><w n="29">dhā</w><w n="30">ya</w><w n="31" lemma="te">te </w>
</text></TEI>
<TEI n="D">
<text>
<w n="0" lemma="sa">|| sa</w><w n="1" lemma="tyaṃ">tyaṃ </w><w n="2">va</w><w n="3" lemma="stu">stu </w><w n="4">ta</w><w n="5">dā</w><w n="6">kā</w><w n="7" lemma="raiḥ">rair </w><w n="8">a</w><w n="9">sa</w><w n="10" lemma="tyaiḥ">tyair </w><w n="11">a</w><w n="12">va</w><w n="13">dhā</w><w n="14">rya</w><w n="15" lemma="te">te | </w><w n="16">a</w><w n="17">sa</w><w n="18">tyo</w><w n="19">pā</w><w n="20">dhi</w><w n="21" lemma="bhiḥ">bhiḥ </w><w n="22">śa</w><w n="23" lemma="bdaiḥ">bdaiḥ </w><w n="24">sa</w><w n="25" lemma="tyaṃ">tyam </w><w n="26">e</w><w n="27">vā</w><w n="28">bhi</w><w n="29">dhī</w><w n="30">ya</w><w n="31" lemma="te">te || </w>
</text></TEI>
</teiCorpus>
