<?xml version="1.0" encoding="UTF-8"?>
<teiCorpus xmlns="http://www.tei-c.org/ns/1.0">

<TEI n="GV">
<text>
<w n="0"></w><w n="1"></w><w n="2"></w><w n="3"></w><w n="4"></w><w n="5"></w><w n="6"></w><w n="7"></w><w n="8"></w><w n="9"></w><w n="10"></w><w n="11"></w><w n="12"></w><w n="13"></w><w n="14"></w><w n="15"></w><w n="16"></w><w n="17"></w><w n="18"></w><w n="19"></w><w n="20"></w><w n="21"></w><w n="22"></w><w n="23"></w><w n="24"></w><w n="25"></w><w n="26"></w><w n="27"></w><w n="28"></w><w n="29"></w><w n="30"></w><w n="31"></w>
</text></TEI>
<TEI n="CT">
<text>
<w n="0"></w><w n="1"></w><w n="2">ja</w><w n="3"></w><w n="4"></w><w n="5"></w><w n="6"></w><w n="7"></w><w n="8"></w><w n="9"></w><w n="10"></w><w n="11"></w><w n="12"></w><w n="13"></w><w n="14"></w><w n="15" lemma="naṃ">nam | </w><w n="16">vi</w><w n="17">ru</w><w n="18" lemma="dhā">ddhā</w><w n="19" lemma="ni">ni </w><w n="20">ya</w><w n="21">thai</w><w n="22">ka</w><w n="23" lemma="sya">sya </w><w n="24">sva</w><w n="25" lemma="pne">pne </w><w n="26">rū</w><w n="27">pā</w><w n="28" lemma="ṇi">ṇi </w><w n="29">ce</w><w n="30">ta</w><w n="31" lemma="saḥ">saḥ || </w>
</text></TEI>
<TEI n="T">
<text>
<w n="0">ā</w><w n="1" lemma="tmā">tmā </w><w n="2">pā</w><w n="3" lemma="raḥ">raḥ </w><w n="4">pri</w><w n="5" lemma="yaḥ">yo </w><w n="6">dve</w><w n="7" lemma="ṣyaḥ">ṣyo </w><w n="8">va</w><w n="9" lemma="ktā">ktā </w><w n="10">vā</w><w n="11" lemma="cyaṃ">cyaṃ </w><w n="12">pra</w><w n="13">yo</w><w n="14">ja</w><w n="15" lemma="naṃ">naṃ </w><w n="16">vi</w><w n="17">ru</w><w n="18" lemma="dhā">ddhā</w><w n="19" lemma="ni">ni </w><w n="20">ya</w><w n="21">thai</w><w n="22">ka</w><w n="23" lemma="sya">sya </w><w n="24">sva</w><w n="25" lemma="pne">pne </w><w n="26">rū</w><w n="27">pā</w><w n="28" lemma="ṇi">ṇi </w><w n="29">ce</w><w n="30">ta</w><w n="31" lemma="saḥ">saḥ </w>
</text></TEI>
<TEI n="H">
<text>
<w n="0">ā</w><w n="1" lemma="tmā">tmā </w><w n="2">pa</w><w n="3" lemma="raḥ">raḥ </w><w n="4">pri</w><w n="5" lemma="yaḥ">yo </w><w n="6">dve</w><w n="7" lemma="ṣyaḥ">ṣyo </w><w n="8">va</w><w n="9" lemma="ktā">ktā </w><w n="10">vā</w><w n="11" lemma="cyaṃ">cyaṃ </w><w n="12">pra</w><w n="13">yo</w><w n="14">ja</w><w n="15" lemma="naṃ">naṃ | </w><w n="16">vi</w><w n="17">ru</w><w n="18" lemma="dhā">ddhā</w><w n="19" lemma="ni">ni </w><w n="20">ya</w><w n="21">the</w><w n="22">ka</w><w n="23" lemma="sya">sya </w><w n="24">sva</w><w n="25" lemma="pne">pne </w><w n="26">rū</w><w n="27">pā</w><w n="28" lemma="ṇi">ṇi </w><w n="29">ce</w><w n="30">ta</w><w n="31" lemma="sa">sa || &#43256; || </w>
</text></TEI>
<TEI n="P">
<text>
<w n="0" lemma="ā">| ā</w><w n="1" lemma="tmā">tmā </w><w n="2">pa</w><w n="3" lemma="raḥ">raḥ </w><w n="4">pri</w><w n="5" lemma="yaḥ">yo </w><w n="6">dve</w><w n="7" lemma="ṣyaḥ">ṣyo </w><w n="8">va</w><w n="9" lemma="ktā">ktā </w><w n="10">vā</w><w n="11" lemma="cyaṃ">cyaṃ </w><w n="12">pra</w><w n="13">yo</w><w n="14">ja</w><w n="15" lemma="nā">nā </w><w n="16">vi</w><w n="17">ru</w><w n="18" lemma="dhā">ddhā</w><w n="19" lemma="ni">ni </w><w n="20">ya</w><w n="21">thai</w><w n="22">ka</w><w n="23" lemma="sya">sya </w><w n="24">sva</w><w n="25" lemma="pne">pne </w><w n="26">rū</w><w n="27">pā</w><w n="28" lemma="ṇi">ṇi </w><w n="29">ce</w><w n="30">ta</w><w n="31" lemma="saḥ">saḥ 17 </w>
</text></TEI>
<TEI n="M">
<text>
<w n="0">ā</w><w n="1" lemma="tmā">tmā </w><w n="2">pa</w><w n="3" lemma="raḥ">raḥ </w><w n="4">pri</w><w n="5" lemma="yaḥ">yo </w><w n="6">dve</w><w n="7" lemma="ṣyaḥ">ṣyo </w><w n="8">va</w><w n="9" lemma="ktā">ktā </w><w n="10">vā</w><w n="11" lemma="cyaṃ">cyaṃ </w><w n="12">pra</w><w n="13">yo</w><w n="14">ja</w><w n="15" lemma="naṃ">naṃ || </w><w n="16">vi</w><w n="17">ru</w><w n="18" lemma="dhā">ddhā</w><w n="19" lemma="ni">ni </w><w n="20">ya</w><w n="21">thai</w><w n="22">ka</w><w n="23" lemma="sya">sya </w><w n="24">sva</w><w n="25" lemma="pne">pne </w><w n="26">rū</w><w n="27">pā</w><w n="28" lemma="ṇi">ṇi </w><w n="29">ce</w><w n="30">ta</w><w n="31" lemma="saḥ">saḥ || 17 || </w>
</text></TEI>
<TEI n="G2">
<text>
<w n="0"></w><w n="1"></w><w n="2"></w><w n="3"></w><w n="4"></w><w n="5"></w><w n="6"></w><w n="7"></w><w n="8"></w><w n="9"></w><w n="10"></w><w n="11"></w><w n="12"></w><w n="13"></w><w n="14"></w><w n="15"></w><w n="16"></w><w n="17"></w><w n="18"></w><w n="19"></w><w n="20"></w><w n="21"></w><w n="22"></w><w n="23"></w><w n="24"></w><w n="25"></w><w n="26"></w><w n="27"></w><w n="28"></w><w n="29"></w><w n="30"></w><w n="31"></w>
</text></TEI>
<TEI n="G1">
<text>
<w n="0"></w><w n="1"></w><w n="2"></w><w n="3"></w><w n="4"></w><w n="5"></w><w n="6"></w><w n="7"></w><w n="8"></w><w n="9"></w><w n="10"></w><w n="11"></w><w n="12"></w><w n="13"></w><w n="14"></w><w n="15"></w><w n="16"></w><w n="17"></w><w n="18"></w><w n="19"></w><w n="20"></w><w n="21"></w><w n="22"></w><w n="23"></w><w n="24"></w><w n="25"></w><w n="26"></w><w n="27"></w><w n="28"></w><w n="29"></w><w n="30"></w><w n="31"></w>
</text></TEI>
<TEI n="L">
<text>
<w n="0">ā</w><w n="1" lemma="tmā">tmā </w><w n="2">ya</w><w n="3" lemma="di">di </w><w n="4">pri</w><w n="5" lemma="yaḥ">yo </w><w n="6">dve</w><w n="7" lemma="ṣyaḥ">ṣyo </w><w n="8">va</w><w n="9">kā</w><w n="10">vā</w><w n="11" lemma="cyaṃ">cyaṃ </w><w n="12">pra</w><w n="13">yo</w><w n="14">ja</w><w n="15" lemma="naṃ">naṃ | </w><w n="16">vi</w><w n="17">ru</w><w n="18" lemma="dhā">ddhā</w><w n="19" lemma="ni">ni </w><w n="20">ya</w><w n="21">thai</w><w n="22">ka</w><w n="23" lemma="sya">sya </w><w n="24">sva</w><w n="25" lemma="pne">pne </w><w n="26">rū</w><w n="27">pā</w><w n="28" lemma="ṇi">ṇi </w><w n="29">ce</w><w n="30">ta</w><w n="31" lemma="saḥ">saḥ || </w>
</text></TEI>
<TEI n="O">
<text>
<w n="0" lemma="ā">|| ā</w><w n="1" lemma="tmā">tmā </w><w n="2">pa</w><w n="3" lemma="ri">ri </w><w n="4">pri</w><w n="5" lemma="yaḥ">yo </w><w n="6">dve</w><w n="7" lemma="ṣyaḥ">ṣyo </w><w n="8">va</w><w n="9" lemma="kā">kā </w><w n="10">vā</w><w n="11" lemma="cyaṃ">cyaṃ </w><w n="12">pra</w><w n="13">yo</w><w n="14">ja</w><w n="15" lemma="naṃ">naṃ || </w><w n="16">vi</w><w n="17">ru</w><w n="18" lemma="dhā">ddhā</w><w n="19" lemma="ni">ni </w><w n="20">ya</w><w n="21">thai</w><w n="22">ka</w><w n="23" lemma="sya">sya </w><w n="24">sva</w><w n="25" lemma="pne">pne </w><w n="26">rū</w><w n="27">pā</w><w n="28" lemma="ṇi">ṇi </w><w n="29">ce</w><w n="30">ta</w><w n="31" lemma="saḥ">saḥ || </w>
</text></TEI>
<TEI n="A">
<text>
<w n="0">ā</w><w n="1" lemma="tmā">tmā </w><w n="2">pa</w><w n="3" lemma="raḥ">raḥ </w><w n="4">pri</w><w n="5" lemma="yau">yau </w><w n="6">dve</w><w n="7" lemma="ṣyaḥ">ṣyo </w><w n="8">va</w><w n="9" lemma="ktā">ktā </w><w n="10">vā</w><w n="11" lemma="cyaṃ">cyaṃ </w><w n="12">pra</w><w n="13">yo</w><w n="14">ja</w><w n="15" lemma="naṃ">naṃ </w><w n="16">vi</w><w n="17">ru</w><w n="18" lemma="dhā">ddhā</w><w n="19" lemma="ni">ni </w><w n="20">ya</w><w n="21">thai</w><w n="22">ka</w><w n="23" lemma="sya">sya </w><w n="24">sva</w><w n="25" lemma="pne">pne </w><w n="26">rū</w><w n="27">pā</w><w n="28" lemma="ṇi">ṇi </w><w n="29">ve</w><w n="30">ta</w><w n="31" lemma="saḥ">saḥ </w>
</text></TEI>
<TEI n="V">
<text>
<w n="0">ā</w><w n="1" lemma="tmā">tmā </w><w n="2">pa</w><w n="3" lemma="ra">ra </w><w n="4">pri</w><w n="5" lemma="yaḥ">yo </w><w n="6">dve</w><w n="7" lemma="ṣyaḥ">ṣyo </w><w n="8">va</w><w n="9" lemma="ktā">ktā </w><w n="10">vā</w><w n="11" lemma="cyaṃ">cyaṃ </w><w n="12">pra</w><w n="13">yo</w><w n="14">ja</w><w n="15" lemma="naṃ">naṃ </w><w n="16"></w><w n="17"></w><w n="18"></w><w n="19"></w><w n="20"></w><w n="21"></w><w n="22"></w><w n="23"></w><w n="24"></w><w n="25"></w><w n="26"></w><w n="27"></w><w n="28"></w><w n="29"></w><w n="30"></w><w n="31"></w>
</text></TEI>
<TEI n="K">
<text>
<w n="0">ā</w><w n="1" lemma="tmā">tmā </w><w n="2">pa</w><w n="3" lemma="ra">ra </w><w n="4">pri</w><w n="5" lemma="yaḥ">yo </w><w n="6">dve</w><w n="7" lemma="ṣyaḥ">ṣyo </w><w n="8">va</w><w n="9" lemma="ktā">ktā </w><w n="10">vā</w><w n="11" lemma="cyaṃ">cyaṃ </w><w n="12">pra</w><w n="13">yo</w><w n="14">ja</w><w n="15" lemma="naṃ">naṃ | </w><w n="16">vi</w><w n="17">ru</w><w n="18" lemma="dhā">ddhā</w><w n="19" lemma="ni">ni </w><w n="20">ya</w><w n="21">thai</w><w n="22">ka</w><w n="23" lemma="sya">sya </w><w n="24">sa</w><w n="25" lemma="pne">pne </w><w n="26">rū</w><w n="27">pā</w><w n="28" lemma="ṇi">ṇi </w><w n="29">ve</w><w n="30">ta</w><w n="31" lemma="saḥ">saḥ </w>
</text></TEI>
<TEI n="D">
<text>
<w n="0">ā</w><w n="1" lemma="tmā">tmā </w><w n="2">pa</w><w n="3" lemma="raḥ">raḥ </w><w n="4">pri</w><w n="5" lemma="yaḥ">yo </w><w n="6">dve</w><w n="7" lemma="ṣyaḥ">ṣyo </w><w n="8">va</w><w n="9" lemma="ktā">ktā </w><w n="10">vā</w><w n="11" lemma="cyaṃ">cyaṃ </w><w n="12">pra</w><w n="13">yo</w><w n="14">ja</w><w n="15" lemma="naṃ">naṃ | </w><w n="16">vi</w><w n="17">ru</w><w n="18" lemma="dhā">ddhā</w><w n="19" lemma="ni">ni </w><w n="20">ya</w><w n="21">thai</w><w n="22">ka</w><w n="23" lemma="sya">sya </w><w n="24">sva</w><w n="25" lemma="pne">pne </w><w n="26">rū</w><w n="27">pā</w><w n="28" lemma="ṇi">ṇi </w><w n="29">ce</w><w n="30">ta</w><w n="31" lemma="saḥ">saḥ | </w>
</text></TEI>
</teiCorpus>
