<?xml version="1.0" encoding="UTF-8"?>
<teiCorpus xmlns="http://www.tei-c.org/ns/1.0">

<TEI n="GV">
<text>
<w n="0" lemma="vi">|| vi</w><w n="1">kā</w><w n="2">rā</w><w n="3">pa</w><w n="4">ga</w><w n="5" lemma="me">me </w><w n="6">sa</w><w n="7">tya</w><w n="8"></w><w n="9"></w><w n="10">su</w><w n="11">va</w><w n="12" lemma="rṇaṃ">rṇaṃ </w><w n="13">kuṃ</w><w n="14">ḍa</w><w n="15" lemma="laiḥ">lair </w><w n="16">ya</w><w n="17" lemma="thā">thā || </w><w n="18">vi</w><w n="19">kā</w><w n="20">rā</w><w n="21">pa</w><w n="22">ga</w><w n="23" lemma="me">me </w><w n="24"></w><w n="25"></w><w n="26"></w><w n="27"></w><w n="28"></w><w n="29"></w><w n="30"></w><w n="31"></w><w n="32"></w><w n="33"></w>
</text></TEI>
<TEI n="CT">
<text>
<w n="0">vi</w><w n="1">hā</w><w n="2">rā</w><w n="3">va</w><w n="4">ga</w><w n="5" lemma="me">me </w><w n="6">sa</w><w n="7" lemma="tyaṃ">tyaṃ </w><w n="8"></w><w n="9"></w><w n="10">su</w><w n="11">va</w><w n="12" lemma="rṇaṃ">rṇaṃ </w><w n="13" lemma="kuṃ">kuṇ</w><w n="14">ḍa</w><w n="15" lemma="le">le </w><w n="16">ya</w><w n="17" lemma="thā">thā | </w><w n="18">vi</w><w n="19">kā</w><w n="20">rā</w><w n="21">pa</w><w n="22">ga</w><w n="23" lemma="me">me </w><w n="24">sa</w><w n="25">tyā</w><w n="26" lemma="tta">t_ ta</w><w n="27">thā</w><w n="28" lemma="huḥ">huḥ </w><w n="29">pra</w><w n="30">kṛ</w><w n="31" lemma="tiṃ">tiṃ </w><w n="32">pa</w><w n="33" lemma="rāṃ">rām || </w>
</text></TEI>
<TEI n="T">
<text>
<w n="0">vi</w><w n="1">kā</w><w n="2">rā</w><w n="3">pa</w><w n="4">ga</w><w n="5" lemma="me">me </w><w n="6">sa</w><w n="7" lemma="tyaṃ">tyaṃ </w><w n="8"></w><w n="9"></w><w n="10">su</w><w n="11">va</w><w n="12" lemma="rṇaṃ">rṇṇaṃ </w><w n="13" lemma="kuṃ">kuṇ</w><w n="14">ḍa</w><w n="15" lemma="le">le </w><w n="16">ya</w><w n="17" lemma="thā">thā </w><w n="18">vi</w><w n="19">kā</w><w n="20">rā</w><w n="21">pa</w><w n="22">ga</w><w n="23" lemma="me">me </w><w n="24">sa</w><w n="25">tyā</w><w n="26" lemma="nta">n ta</w><w n="27">thā</w><w n="28" lemma="huḥ">huḥ </w><w n="29">pra</w><w n="30">kṛ</w><w n="31" lemma="tiṃ">tiṃ </w><w n="32">pa</w><w n="33" lemma="rāṃ">rāṃ | </w>
</text></TEI>
<TEI n="H">
<text>
<w n="0">vi</w><w n="1">kā</w><w n="2">rā</w><w n="3">pa</w><w n="4">ga</w><w n="5" lemma="me">me </w><w n="6">sa</w><w n="7" lemma="tyaṃ">tyaṃ </w><w n="8"></w><w n="9"></w><w n="10">su</w><w n="11">va</w><w n="12" lemma="rṇaṃ">rṇaṃ </w><w n="13">kuṃ</w><w n="14">ḍa</w><w n="15" lemma="le">le </w><w n="16">ya</w><w n="17" lemma="thā">thā </w><w n="18">vi</w><w n="19">kā</w><w n="20">rā</w><w n="21">pa</w><w n="22">ga</w><w n="23" lemma="me">me </w><w n="24">sa</w><w n="25" lemma="tya">tya </w><w n="26">ta</w><w n="27">thā</w><w n="28" lemma="huḥ">huḥ </w><w n="29">pra</w><w n="30">kṛ</w><w n="31" lemma="tiṃ">tiṃ </w><w n="32">pa</w><w n="33" lemma="rāṃ">rāṃ || &#43256; || </w>
</text></TEI>
<TEI n="P">
<text>
<w n="0">vi</w><w n="1">kā</w><w n="2">rā</w><w n="3">pa</w><w n="4">ga</w><w n="5" lemma="me">me </w><w n="6">sa</w><w n="7">tya</w><w n="8"></w><w n="9"></w><w n="10">su</w><w n="11">va</w><w n="12" lemma="rṇaiḥ">rṇair </w><w n="13">kuṃ</w><w n="14">ḍa</w><w n="15" lemma="laiḥ">lair </w><w n="16">ya</w><w n="17" lemma="thā">thā </w><w n="18">vi</w><w n="19">kā</w><w n="20">rā</w><w n="21">pa</w><w n="22">ga</w><w n="23" lemma="me">me </w><w n="24">sa</w><w n="25" lemma="tyāṃ">tyāṃ </w><w n="26">ta</w><w n="27">thā</w><w n="28" lemma="huḥ">huḥ </w><w n="29">pra</w><w n="30">kṛ</w><w n="31">ti</w><w n="32">pa</w><w n="33" lemma="rāṃ">rāṃ&#166; 15 | </w>
</text></TEI>
<TEI n="M">
<text>
<w n="0" lemma="vi">|| vi</w><w n="1">kā</w><w n="2">rā</w><w n="3">pa</w><w n="4">ga</w><w n="5" lemma="me">me </w><w n="6">sa</w><w n="7" lemma="tyaṃ">tyaṃ </w><w n="8"></w><w n="9"></w><w n="10">su</w><w n="11">va</w><w n="12" lemma="rṇaṃ">rṇaṃ </w><w n="13">kuṃ</w><w n="14">ḍa</w><w n="15" lemma="laiḥ">lair </w><w n="16">ya</w><w n="17" lemma="thā">thā || </w><w n="18">vi</w><w n="19">kā</w><w n="20">rā</w><w n="21">pa</w><w n="22">ga</w><w n="23" lemma="me">me </w><w n="24">sa</w><w n="25" lemma="tyāṃ">tyāṃ </w><w n="26">ta</w><w n="27">thā</w><w n="28" lemma="huḥ">huḥ </w><w n="29">pra</w><w n="30">kṛ</w><w n="31" lemma="tiṃ">tiṃ </w><w n="32">pa</w><w n="33" lemma="rāṃ">rāṃ || 15 || </w>
</text></TEI>
<TEI n="G2">
<text>
<w n="0">vi</w><w n="1">kā</w><w n="2">rā</w><w n="3">pa</w><w n="4">ga</w><w n="5" lemma="me">me </w><w n="6" lemma="sa">sa </w><w n="7"></w><w n="8"></w><w n="9"></w><w n="10">suṃ</w><w n="11">va</w><w n="12" lemma="rṇaṃ">rṇaṃ </w><w n="13">kuṃ</w><w n="14">ḍa</w><w n="15" lemma="le">le </w><w n="16">ya</w><w n="17" lemma="thā">thā </w><w n="18">vi</w><w n="19">kā</w><w n="20">rā</w><w n="21">pa</w><w n="22">ga</w><w n="23" lemma="me">me </w><w n="24">sa</w><w n="25" lemma="tyāṃ">tyāṃ </w><w n="26">ta</w><w n="27">thā</w><w n="28" lemma="huḥ">huḥ || </w><w n="29">pra</w><w n="30">kṛ</w><w n="31" lemma="viṃ">viṃ </w><w n="32">pa</w><w n="33" lemma="ṇāṃ">ṇāṃ </w>
</text></TEI>
<TEI n="G1">
<text>
<w n="0">vi</w><w n="1">kā</w><w n="2">rā</w><w n="3">pa</w><w n="4">ga</w><w n="5" lemma="me">me </w><w n="6" lemma="sa">sa </w><w n="7"></w><w n="8"></w><w n="9"></w><w n="10">suṃ</w><w n="11">va</w><w n="12" lemma="rṇaṃ">rṇaṃ </w><w n="13">kuṃ</w><w n="14">ḍa</w><w n="15" lemma="le">le </w><w n="16">ya</w><w n="17" lemma="thā">thā </w><w n="18">vi</w><w n="19">kā</w><w n="20">rā</w><w n="21">pa</w><w n="22">ga</w><w n="23" lemma="me">me </w><w n="24">sa</w><w n="25" lemma="tyāṃ">tyāṃ </w><w n="26">ta</w><w n="27">thā</w><w n="28" lemma="huḥ">huḥ || </w><w n="29">pra</w><w n="30">kṛ</w><w n="31" lemma="viṃ">viṃ </w><w n="32">pa</w><w n="33" lemma="ṇāṃ">ṇāṃ </w>
</text></TEI>
<TEI n="L">
<text>
<w n="0">vi</w><w n="1">kā</w><w n="2">rā</w><w n="3">pa</w><w n="4">ga</w><w n="5" lemma="me">me </w><w n="6">sa</w><w n="7" lemma="tyaṃ">tyaṃ </w><w n="8"></w><w n="9"></w><w n="10">su</w><w n="11">va</w><w n="12" lemma="rṇaṃ">rṇaṃ </w><w n="13">kuṃ</w><w n="14">ḍa</w><w n="15" lemma="le">le </w><w n="16">ya</w><w n="17" lemma="thā">thā || </w><w n="18">vi</w><w n="19">kā</w><w n="20">rā</w><w n="21">pa</w><w n="22">ga</w><w n="23" lemma="me">me </w><w n="24">sa</w><w n="25" lemma="tyāṃ">tyāṃ </w><w n="26">ta</w><w n="27">thā</w><w n="28" lemma="huḥ">huḥ </w><w n="29">pra</w><w n="30">kṛ</w><w n="31" lemma="tiṃ">tiṃ </w><w n="32">pa</w><w n="33" lemma="rāṃ">rām || </w>
</text></TEI>
<TEI n="O">
<text>
<w n="0" lemma="vi">|| vi</w><w n="1">kā</w><w n="2">rā</w><w n="3">pa</w><w n="4">ga</w><w n="5" lemma="me">me </w><w n="6">sa</w><w n="7" lemma="tyaṃ">tyaṃ </w><w n="8"></w><w n="9"></w><w n="10">su</w><w n="11">va</w><w n="12" lemma="rṇaṃ">rṇaṃ </w><w n="13">kuṃ</w><w n="14">ḍa</w><w n="15" lemma="le">le </w><w n="16">ya</w><w n="17" lemma="thā">thā | </w><w n="18">vi</w><w n="19">kā</w><w n="20">rā</w><w n="21">pa</w><w n="22">ga</w><w n="23" lemma="me">me </w><w n="24">sa</w><w n="25" lemma="tyāṃ">tyāṃ </w><w n="26">ta</w><w n="27">thā</w><w n="28" lemma="huḥ">huḥ </w><w n="29">pra</w><w n="30">kṛ</w><w n="31" lemma="tiṃ">tiṃ </w><w n="32">pa</w><w n="33" lemma="rāṃ">rām || 15 || </w>
</text></TEI>
<TEI n="A">
<text>
<w n="0">vi</w><w n="1">kā</w><w n="2">rā</w><w n="3">pa</w><w n="4">ga</w><w n="5" lemma="me">me </w><w n="6">sa</w><w n="7" lemma="tyaṃ">tyaṃ </w><w n="8"></w><w n="9"></w><w n="10">kṣu</w><w n="11">va</w><w n="12" lemma="rṇaṃ">rṇaṃ </w><w n="13">kuṃ</w><w n="14">ḍa</w><w n="15" lemma="le">le </w><w n="16">ya</w><w n="17" lemma="thā">thā </w><w n="18">vi</w><w n="19">kā</w><w n="20">rā</w><w n="21">pa</w><w n="22">ga</w><w n="23" lemma="me">me </w><w n="24">saṃ</w><w n="25" lemma="tyāṃ">tyāṃ </w><w n="26">ta</w><w n="27">thā</w><w n="28" lemma="huḥ">huḥ </w><w n="29">pra</w><w n="30">kṛ</w><w n="31" lemma="tiṃ">tiṃ </w><w n="32">pa</w><w n="33" lemma="rāṃ">rāṃ </w>
</text></TEI>
<TEI n="V">
<text>
<w n="0">vi</w><w n="1">kā</w><w n="2">rā</w><w n="3">pa</w><w n="4">ga</w><w n="5" lemma="me">me </w><w n="6">sa</w><w n="7" lemma="tyaṃ">tyaṃ </w><w n="8">sa</w><w n="9" lemma="tyaṃ">tyaṃ </w><w n="10">su</w><w n="11">va</w><w n="12" lemma="rṇaṃ">rṇaṃ </w><w n="13">kuṃ</w><w n="14">ḍa</w><w n="15" lemma="le">le </w><w n="16">ya</w><w n="17" lemma="thā">thā </w><w n="18">vi</w><w n="19">kā</w><w n="20">rā</w><w n="21">pa</w><w n="22">ga</w><w n="23" lemma="me">me </w><w n="24">sa</w><w n="25" lemma="tyāṃ">tyāṃ </w><w n="26">ta</w><w n="27">thā</w><w n="28" lemma="huḥ">huḥ </w><w n="29">pra</w><w n="30">kṛ</w><w n="31">ti</w><w n="32">pa</w><w n="33" lemma="rāṃ">rāṃ </w>
</text></TEI>
<TEI n="K">
<text>
<w n="0" lemma="vi">| vi</w><w n="1">kā</w><w n="2">rā</w><w n="3">pa</w><w n="4">ga</w><w n="5" lemma="me">me </w><w n="6">sa</w><w n="7" lemma="tyaṃ">tyaṃ </w><w n="8">sa</w><w n="9" lemma="tyaṃ">tyaṃ </w><w n="10">su</w><w n="11">va</w><w n="12" lemma="rṇaṃ">rṇaṃ </w><w n="13">kuṃ</w><w n="14">ḍa</w><w n="15" lemma="le">le </w><w n="16">ya</w><w n="17" lemma="thā">thā </w><w n="18">vi</w><w n="19">kā</w><w n="20">rā</w><w n="21">pa</w><w n="22">ga</w><w n="23" lemma="me">me </w><w n="24">saṃ</w><w n="25" lemma="tyāṃ">tyāṃ </w><w n="26">ta</w><w n="27">thā</w><w n="28" lemma="huḥ">huḥ </w><w n="29">pra</w><w n="30">kṛ</w><w n="31">ti</w><w n="32">paṃ</w><w n="33" lemma="rāṃ">rāṃ || </w>
</text></TEI>
<TEI n="D">
<text>
<w n="0" lemma="vi">|| vi</w><w n="1">kā</w><w n="2">rā</w><w n="3">pa</w><w n="4">ga</w><w n="5" lemma="maṃ">maṃ </w><w n="6">sa</w><w n="7" lemma="tyaṃ">tyaṃ </w><w n="8"></w><w n="9"></w><w n="10">su</w><w n="11">va</w><w n="12" lemma="rṇaṃ">rṇaṃ </w><w n="13">kuṃ</w><w n="14">ḍa</w><w n="15" lemma="le">le </w><w n="16">ya</w><w n="17" lemma="thā">thā | </w><w n="18">vi</w><w n="19">kā</w><w n="20">rā</w><w n="21">pa</w><w n="22">ga</w><w n="23" lemma="me">me </w><w n="24">sa</w><w n="25" lemma="tyāṃ">tyāṃ </w><w n="26">ta</w><w n="27">thā</w><w n="28" lemma="huḥ">huḥ </w><w n="29">pra</w><w n="30">kṛ</w><w n="31" lemma="tiṃ">tiṃ </w><w n="32">pa</w><w n="33" lemma="rāṃ">rāṃ || </w>
</text></TEI>
</teiCorpus>
