<?xml version="1.0" encoding="UTF-8"?>
<teiCorpus xmlns="http://www.tei-c.org/ns/1.0">

<TEI n="GV">
<text>
<w n="0" lemma="ya">|| ya</w><w n="1" lemma="thā">thā </w><w n="2">vi</w><w n="3">kā</w><w n="4">ra</w><w n="5">rū</w><w n="6">pā</w><w n="7" lemma="ṇāṃ">ṇāṃ </w><w n="8">ta</w><w n="9" lemma="tve">tve </w><w n="10">tyaṃ</w><w n="11" lemma="tyaṃ">tyam </w><w n="12">a</w><w n="13">saṃ</w><w n="14">bha</w><w n="15" lemma="vaḥ">vaḥ | </w><w n="16">ta</w><w n="17">dā</w><w n="18">tmai</w><w n="19" lemma="va">va </w><w n="20" lemma="ca">ca </w><w n="21">ta</w><w n="22" lemma="tra">tra </w><w n="23" lemma="tvaṃ">tvam </w><w n="24">a</w><w n="25">tyaṃ</w><w n="26" lemma="taṃ">tam </w><w n="27">a</w><w n="28"></w><w n="29"></w><w n="30">dā</w><w n="31">tma</w><w n="32" lemma="kaṃ">kam || 10 || </w>
</text></TEI>
<TEI n="CT">
<text>
<w n="0">ya</w><w n="1" lemma="thā">thā </w><w n="2">vi</w><w n="3">kā</w><w n="4">ra</w><w n="5">rū</w><w n="6">pā</w><w n="7" lemma="ṇāṃ">ṇāṃ </w><w n="8">ta</w><w n="9" lemma="tve">tve '</w><w n="10" lemma="tyaṃ">tyan</w><w n="11" lemma="taṃ">tam </w><w n="12">a</w><w n="13" lemma="saṃ">sam</w><w n="14">bha</w><w n="15" lemma="vaḥ">vaḥ | </w><w n="16">ta</w><w n="17">dā</w><w n="18">tme</w><w n="19" lemma="va">va </w><w n="20" lemma="ca">ca </w><w n="21">ta</w><w n="22" lemma="tta">t ta</w><w n="23" lemma="tvaṃ">tvam </w><w n="24">a</w><w n="25" lemma="tyaṃ">tyan</w><w n="26" lemma="taṃ">tam </w><w n="27">a</w><w n="28">ta</w><w n="29"></w><w n="30">dā</w><w n="31">tma</w><w n="32" lemma="kaṃ">kam || </w>
</text></TEI>
<TEI n="T">
<text>
<w n="0">ya</w><w n="1" lemma="thā">thā </w><w n="2">vi</w><w n="3">kā</w><w n="4">ra</w><w n="5">rū</w><w n="6">pā</w><w n="7">ṇā</w><w n="8" lemma="nta">n ta</w><w n="9" lemma="tve">tve </w><w n="10" lemma="tyaṃ">tyan</w><w n="11" lemma="taṃ">tam </w><w n="12">a</w><w n="13">saṃ</w><w n="14">bha</w><w n="15" lemma="vaḥ">vaḥ </w><w n="16">ta</w><w n="17">dā</w><w n="18">tme</w><w n="19" lemma="va">va </w><w n="20" lemma="ca">ca </w><w n="21">ta</w><w n="22" lemma="tta">t ta</w><w n="23" lemma="tvaṃ">tvam </w><w n="24">a</w><w n="25" lemma="tyaṃ">tyan</w><w n="26" lemma="taṃ">tam </w><w n="27">a</w><w n="28">ta</w><w n="29"></w><w n="30">dā</w><w n="31">tma</w><w n="32" lemma="kaṃ">kaṃ | </w>
</text></TEI>
<TEI n="H">
<text>
<w n="0">ya</w><w n="1" lemma="thā">thā </w><w n="2">vi</w><w n="3">kā</w><w n="4">ra</w><w n="5">rū</w><w n="6">pā</w><w n="7" lemma="ṇāṃ">ṇāṃ </w><w n="8">ta</w><w n="9" lemma="tve">ttve </w><w n="10" lemma="tyaṃ">tyan</w><w n="11" lemma="taṃ">tam </w><w n="12">a</w><w n="13" lemma="saṃ">sam</w><w n="14">bha</w><w n="15" lemma="vaḥ">vaḥ | </w><w n="16">ta</w><w n="17">dā</w><w n="18">tmai</w><w n="19" lemma="va">va </w><w n="20" lemma="ca">ca </w><w n="21">ta</w><w n="22"></w><w n="23" lemma="tvaṃ">ttvam </w><w n="24">a</w><w n="25" lemma="tyaṃ">tyan</w><w n="26" lemma="taṃ">tam </w><w n="27">a</w><w n="28">ta</w><w n="29"></w><w n="30">dā</w><w n="31">tma</w><w n="32" lemma="kaṃ">kam || &#43256; || </w>
</text></TEI>
<TEI n="P">
<text>
<w n="0" lemma="ya">| ya</w><w n="1" lemma="thā">thā </w><w n="2">vi</w><w n="3">kā</w><w n="4">ra</w><w n="5">rū</w><w n="6">pā</w><w n="7" lemma="ṇāṃ">ṇāṃ </w><w n="8">ya</w><w n="9" lemma="tve">tve </w><w n="10">tyaṃ</w><w n="11" lemma="tyaṃ">tyam </w><w n="12">a</w><w n="13">saṃ</w><w n="14">bha</w><w n="15" lemma="vaḥ">vaḥ </w><w n="16">ta</w><w n="17">dā</w><w n="18">tmai</w><w n="19" lemma="va">va </w><w n="20" lemma="ca">ca </w><w n="21">ta</w><w n="22" lemma="tra">tra </w><w n="23" lemma="tvaṃ">tvam </w><w n="24">a</w><w n="25">tyaṃ</w><w n="26" lemma="taṃ">tam </w><w n="27">a</w><w n="28"></w><w n="29"></w><w n="30">dā</w><w n="31">tma</w><w n="32" lemma="kaṃ">kam 10 | </w>
</text></TEI>
<TEI n="M">
<text>
<w n="0" lemma="ya">|| ya</w><w n="1" lemma="thā">thā </w><w n="2">vi</w><w n="3">kā</w><w n="4">ra</w><w n="5">rū</w><w n="6">pā</w><w n="7" lemma="ṇāṃ">ṇāṃ </w><w n="8">ta</w><w n="9" lemma="tve">tve </w><w n="10">tyaṃ</w><w n="11" lemma="taṃ">tam </w><w n="12">a</w><w n="13">saṃ</w><w n="14">bha</w><w n="15" lemma="vaḥ">vaḥ || </w><w n="16">ta</w><w n="17">dā</w><w n="18">tmai</w><w n="19" lemma="va">va </w><w n="20" lemma="ca">ca </w><w n="21">ta</w><w n="22" lemma="tta">t ta</w><w n="23" lemma="tvaṃ">tvam </w><w n="24">a</w><w n="25">tyaṃ</w><w n="26" lemma="taṃ">tam </w><w n="27">a</w><w n="28">ta</w><w n="29"></w><w n="30">dā</w><w n="31">tma</w><w n="32" lemma="kaṃ">kam || 10 || </w>
</text></TEI>
<TEI n="G2">
<text>
<w n="0">ta</w><w n="1" lemma="thā">thā </w><w n="2">vi</w><w n="3">kā</w><w n="4">ra</w><w n="5">rū</w><w n="6">pā</w><w n="7" lemma="ṇāṃ">ṇāṃ </w><w n="8">ta</w><w n="9" lemma="tte">t te </w><w n="10">tyaṃ</w><w n="11" lemma="taṃ">tam </w><w n="12">a</w><w n="13">saṃ</w><w n="14">bha</w><w n="15" lemma="vaḥ">vaḥ </w><w n="16">ta</w><w n="17">dā</w><w n="18">tme</w><w n="19" lemma="va">va </w><w n="20" lemma="ca">ca </w><w n="21">ta</w><w n="22" lemma="tta">t ta</w><w n="23" lemma="caṃ">cam </w><w n="24">a</w><w n="25">tyaṃ</w><w n="26" lemma="taṃ">tam </w><w n="27">a</w><w n="28">ta</w><w n="29"></w><w n="30">dā</w><w n="31">tma</w><w n="32" lemma="kaṃ">kaṃ | </w>
</text></TEI>
<TEI n="G1">
<text>
<w n="0">ta</w><w n="1" lemma="yā">yā </w><w n="2">vi</w><w n="3">kā</w><w n="4">ra</w><w n="5">rū</w><w n="6">pā</w><w n="7" lemma="ṇāṃ">ṇāṃ </w><w n="8">ta</w><w n="9" lemma="tte">t te </w><w n="10">tyaṃ</w><w n="11" lemma="taṃ">tam </w><w n="12">a</w><w n="13">saṃ</w><w n="14">bha</w><w n="15" lemma="vaḥ">vaḥ || </w><w n="16">ta</w><w n="17">dā</w><w n="18">tme</w><w n="19" lemma="va">va </w><w n="20" lemma="ca">ca </w><w n="21">ta</w><w n="22" lemma="tta">t ta</w><w n="23" lemma="caṃ">cam </w><w n="24">a</w><w n="25">tyaṃ</w><w n="26" lemma="taṃ">tam </w><w n="27">a</w><w n="28">ta</w><w n="29"></w><w n="30">dā</w><w n="31">tma</w><w n="32" lemma="kaṃ">kaṃ | </w>
</text></TEI>
<TEI n="L">
<text>
<w n="0">ta</w><w n="1" lemma="thā">thā </w><w n="2">vi</w><w n="3">kā</w><w n="4">ra</w><w n="5">rū</w><w n="6">pā</w><w n="7" lemma="ṇāṃ">ṇāṃ </w><w n="8">ta</w><w n="9" lemma="tve">ttve </w><w n="10">tyaṃ</w><w n="11" lemma="taṃ">tam </w><w n="12">a</w><w n="13">saṃ</w><w n="14">bha</w><w n="15" lemma="vaḥ">vaḥ || </w><w n="16">ta</w><w n="17">dā</w><w n="18">tme</w><w n="19" lemma="va">va </w><w n="20" lemma="ca">ca </w><w n="21">ta</w><w n="22" lemma="tta">t ta</w><w n="23" lemma="tvaṃ">tvam </w><w n="24">a</w><w n="25" lemma="nyaṃ">nyaṃ </w><w n="26" lemma="taṃ">tam </w><w n="27">a</w><w n="28">ta</w><w n="29"></w><w n="30">dā</w><w n="31">tma</w><w n="32" lemma="kaṃ">kam || </w>
</text></TEI>
<TEI n="O">
<text>
<w n="0" lemma="ta">|| ta</w><w n="1" lemma="thā">thā </w><w n="2">vi</w><w n="3">kā</w><w n="4">ra</w><w n="5">rū</w><w n="6">pā</w><w n="7" lemma="ṇāṃ">ṇāṃ </w><w n="8">ta</w><w n="9" lemma="tve">tve </w><w n="10">tyaṃ</w><w n="11" lemma="taṃ">tam </w><w n="12">a</w><w n="13">saṃ</w><w n="14">bha</w><w n="15" lemma="vaḥ">vaḥ | </w><w n="16">ta</w><w n="17">dā</w><w n="18">tme</w><w n="19" lemma="va">va </w><w n="20" lemma="ca">ca </w><w n="21">ta</w><w n="22" lemma="tta">t ta</w><w n="23" lemma="tvaṃ">tvam </w><w n="24">a</w><w n="25">tyaṃ</w><w n="26" lemma="taṃ">tam </w><w n="27">a</w><w n="28">ta</w><w n="29"></w><w n="30">dā</w><w n="31">tma</w><w n="32" lemma="kaṃ">kaṃ || 10 || </w>
</text></TEI>
<TEI n="A">
<text>
<w n="0">ta</w><w n="1">thā</w><w n="2" lemma="pi">pi </w><w n="3">kā</w><w n="4">ra</w><w n="5">rū</w><w n="6">pā</w><w n="7" lemma="ṇāṃ">ṇāṃ </w><w n="8">ta</w><w n="9" lemma="tve">tve </w><w n="10">tyaṃ</w><w n="11" lemma="taṃ">tam </w><w n="12">a</w><w n="13">saṃ</w><w n="14">bha</w><w n="15" lemma="vaḥ">vaḥ </w><w n="16">ta</w><w n="17">dā</w><w n="18">tme</w><w n="19" lemma="va">va </w><w n="20" lemma="ca">ca </w><w n="21">tta</w><w n="22" lemma="tta">t ta</w><w n="23" lemma="tvaṃ">tvam </w><w n="24">a</w><w n="25">tyaṃ</w><w n="26" lemma="taṃ">tam </w><w n="27">a</w><w n="28">ta</w><w n="29">ta</w><w n="30">dā</w><w n="31">tma</w><w n="32" lemma="kaṃ">kaṃ </w>
</text></TEI>
<TEI n="V">
<text>
<w n="0">ta</w><w n="1" lemma="thā">thā </w><w n="2">vi</w><w n="3">kā</w><w n="4">ra</w><w n="5">rū</w><w n="6">pā</w><w n="7" lemma="ṇāṃ">ṇāṃ </w><w n="8">ta</w><w n="9" lemma="tve">tve </w><w n="10">tyaṃ</w><w n="11" lemma="taṃ">tam </w><w n="12">a</w><w n="13">saṃ</w><w n="14">bha</w><w n="15" lemma="vaḥ">vaḥ </w><w n="16">ta</w><w n="17">dā</w><w n="18">tme</w><w n="19" lemma="va">va </w><w n="20" lemma="ca">ca </w><w n="21">ta</w><w n="22" lemma="tta">t ta</w><w n="23" lemma="tvaṃ">tvam </w><w n="24">a</w><w n="25">tyaṃ</w><w n="26" lemma="taṃ">tam </w><w n="27">a</w><w n="28">ta</w><w n="29"></w><w n="30">dā</w><w n="31">tma</w><w n="32" lemma="kaṃ">kaṃ </w>
</text></TEI>
<TEI n="K">
<text>
<w n="0" lemma="ta">|| ta</w><w n="1" lemma="thā">thā </w><w n="2">vi</w><w n="3">kā</w><w n="4">ra</w><w n="5">rū</w><w n="6">pā</w><w n="7" lemma="ṇāṃ">ṇāṃ </w><w n="8">ta</w><w n="9" lemma="tve">tve </w><w n="10">tyaṃ</w><w n="11" lemma="taṃ">tam </w><w n="12">a</w><w n="13">saṃ</w><w n="14">bha</w><w n="15" lemma="vaḥ">vaḥ </w><w n="16">ta</w><w n="17">dā</w><w n="18">tme</w><w n="19" lemma="va">va </w><w n="20" lemma="ca">ca </w><w n="21">ta</w><w n="22" lemma="tta">t ta</w><w n="23" lemma="tvaṃ">tvam </w><w n="24">a</w><w n="25">tyaṃ</w><w n="26" lemma="taṃ">tam </w><w n="27">a</w><w n="28">ta</w><w n="29"></w><w n="30">dā</w><w n="31">tma</w><w n="32" lemma="kaṃ">kaṃ || </w>
</text></TEI>
<TEI n="D">
<text>
<w n="0" lemma="ta">|| ta</w><w n="1" lemma="thā">thā </w><w n="2">vi</w><w n="3">kā</w><w n="4">ra</w><w n="5">rū</w><w n="6">pā</w><w n="7" lemma="ṇāṃ">ṇāṃ </w><w n="8">ta</w><w n="9" lemma="tve">tve </w><w n="10">tyaṃ</w><w n="11" lemma="taṃ">tam </w><w n="12">a</w><w n="13">saṃ</w><w n="14">bha</w><w n="15" lemma="vaḥ">vaḥ | </w><w n="16">ta</w><w n="17">dā</w><w n="18">tme</w><w n="19" lemma="va">va </w><w n="20" lemma="ca">ca </w><w n="21">ta</w><w n="22" lemma="tta">t ta</w><w n="23" lemma="tvaṃ">tvam </w><w n="24">a</w><w n="25">tyaṃ</w><w n="26" lemma="taṃ">tam </w><w n="27">a</w><w n="28">ta</w><w n="29"></w><w n="30">dā</w><w n="31">tma</w><w n="32" lemma="kaṃ">kaṃ || </w>
</text></TEI>
</teiCorpus>
